Time [s],Channel 0,Channel 1,Channel 2,Channel 3,Channel 4,Channel 5
0.000000000,0,0,1,0,0,0
0.000188792,0,0,1,1,1,1
0.000217833,0,0,1,0,0,0
0.000387000,0,0,1,1,1,1
0.000416042,0,0,1,0,0,0
0.000585208,0,0,1,1,1,1
0.000614250,0,0,1,0,0,0
0.000783375,0,0,1,0,1,1
0.000783417,0,0,1,1,1,1
0.000812417,0,0,1,0,0,0
0.000981583,0,0,1,1,1,1
0.001010583,0,0,1,0,0,0
0.001179750,0,0,1,1,1,1
0.001208792,0,0,1,0,0,0
0.001377958,0,0,1,1,1,1
0.001406958,0,0,1,1,0,1
0.001407000,0,0,1,0,0,0
0.001576125,0,0,1,1,1,1
0.001605125,0,0,1,0,0,0
0.001774292,0,0,1,1,1,1
0.001803333,0,0,1,0,0,0
0.001972458,0,0,1,1,1,1
0.002001500,0,0,1,0,0,0
0.002170667,0,0,1,1,1,1
0.002199667,0,0,1,0,0,0
0.002368833,0,0,1,1,1,1
0.002397875,0,0,1,0,0,0
0.002567042,0,0,1,1,1,1
0.002596083,0,0,1,0,0,0
0.002765250,0,0,1,1,1,1
0.002794292,0,0,1,0,0,0
0.002963458,0,0,1,1,1,1
0.002992500,0,0,1,0,0,0
0.003161625,0,0,1,1,1,1
0.003190667,0,0,1,0,0,0
0.003359833,0,0,1,1,1,1
0.003388875,0,0,1,0,0,0
0.003558042,0,0,1,1,1,1
0.003587083,0,0,1,0,0,0
0.003756292,0,0,1,1,1,1
0.003785333,0,0,1,0,0,0
0.003954542,0,0,1,1,1,1
0.003983583,0,0,1,0,0,0
0.004152750,0,0,1,1,1,1
0.004181792,0,0,1,0,0,0
0.004351000,0,0,1,1,1,1
0.004380000,0,0,1,0,0,0
0.004549208,0,0,1,1,1,1
0.004578250,0,0,1,0,0,0
0.004747417,0,0,1,1,1,1
0.004776458,0,0,1,0,0,0
0.004945625,0,0,1,1,1,1
0.004974667,0,0,1,0,0,0
0.005143833,0,0,1,1,1,1
0.005172875,0,0,1,0,0,0
0.005342083,0,0,1,1,1,1
0.005371125,0,0,1,0,0,0
0.005540333,0,0,1,1,1,1
0.005569333,0,0,1,0,0,0
0.005738542,0,0,1,0,1,1
0.005738583,0,0,1,1,1,1
0.005767583,0,0,1,0,0,0
0.005936792,0,0,1,1,1,1
0.005965833,0,0,1,0,0,0
0.006135000,0,0,1,1,1,1
0.006164042,0,0,1,0,0,0
0.006333208,0,0,1,1,1,1
0.006362250,0,0,1,0,0,0
0.006531458,0,0,1,1,1,1
0.006560500,0,0,1,0,0,0
0.006729667,0,0,1,1,1,1
0.006758708,0,0,1,0,0,0
0.006927875,0,0,1,1,1,1
0.006956917,0,0,1,0,0,0
0.007126125,0,0,1,0,1,1
0.007126167,0,0,1,1,1,1
0.007155167,0,0,1,0,0,0
0.007324333,0,0,1,1,1,1
0.007353375,0,0,1,0,0,0
0.007522583,0,0,1,1,1,1
0.007551625,0,0,1,0,0,0
0.007720833,0,0,1,1,1,1
0.007749875,0,0,1,0,0,0
0.007919042,0,0,1,1,1,1
0.007948083,0,0,1,0,0,0
0.008117333,0,0,1,1,1,1
0.008146333,0,0,1,0,0,0
0.008315583,0,0,1,1,1,1
0.008344625,0,0,1,0,0,0
0.008513833,0,0,1,1,1,1
0.008542875,0,0,1,0,0,0
0.008712083,0,0,1,1,1,1
0.008741083,0,0,1,0,0,0
0.008910292,0,0,1,1,1,1
0.008939333,0,0,1,0,0,0
0.009108500,0,0,1,1,1,1
0.009137542,0,0,1,0,0,0
0.009306708,0,0,1,1,1,1
0.009335708,0,0,1,0,0,0
0.009504875,0,0,1,1,1,1
0.009533917,0,0,1,0,0,0
0.009703125,0,0,1,1,1,1
0.009732167,0,0,1,0,0,0
0.009901375,0,0,1,1,1,1
0.009930417,0,0,1,0,0,0
0.010099625,0,0,1,1,1,1
0.010128667,0,0,1,0,0,0
0.010297833,0,0,1,1,1,1
0.010326875,0,0,1,0,0,0
0.010496083,0,0,1,1,1,1
0.010525125,0,0,1,0,0,0
0.010694333,0,0,1,0,1,1
0.010694375,0,0,1,1,1,1
0.010723375,0,0,1,1,0,0
0.010723417,0,0,1,0,0,0
0.010892625,0,0,1,1,1,1
0.010921667,0,0,1,0,0,0
0.011090833,0,0,1,1,1,1
0.011119875,0,0,1,0,0,0
0.011289083,0,0,1,1,1,1
0.011318125,0,0,1,0,0,0
0.011487292,0,0,1,1,1,1
0.011516333,0,0,1,0,0,0
0.011685542,0,0,1,1,1,1
0.011714583,0,0,1,0,0,0
0.011883792,0,0,1,1,1,1
0.011912833,0,0,1,0,0,0
0.012082000,0,0,1,1,1,1
0.012111042,0,0,1,0,0,0
0.012280250,0,0,1,1,1,1
0.012309292,0,0,1,0,0,0
0.012478458,0,0,1,1,1,1
0.012507500,0,0,1,0,0,0
0.012676667,0,0,1,1,1,1
0.012705708,0,0,1,0,0,0
0.012874833,0,0,1,1,1,1
0.012903875,0,0,1,0,0,0
0.013073042,0,0,1,1,1,1
0.013102083,0,0,1,0,0,0
0.013271208,0,0,1,0,1,0
0.013271250,0,0,1,1,1,1
0.013300250,0,0,1,0,0,0
0.013469417,0,0,1,1,1,1
0.013498458,0,0,1,0,0,0
0.013667583,0,0,1,1,1,1
0.013696625,0,0,1,0,0,0
0.013865792,0,0,1,1,1,1
0.013894792,0,0,1,0,0,0
0.014063958,0,0,1,0,1,0
0.014064000,0,0,1,1,1,1
0.014093000,0,0,1,0,0,0
0.014262208,0,0,1,1,1,1
0.014291208,0,0,1,0,0,0
0.014460375,0,0,1,1,1,1
0.014489417,0,0,1,0,0,0
0.014658583,0,0,1,0,1,1
0.014658625,0,0,1,1,1,1
0.014687625,0,0,1,0,0,0
0.014856792,0,0,1,1,1,1
0.014885833,0,0,1,0,0,0
0.015055042,0,0,1,1,1,1
0.015084083,0,0,1,0,0,0
0.015253292,0,0,1,1,1,1
0.015282333,0,0,1,0,0,0
0.015451542,0,0,1,1,1,1
0.015480583,0,0,1,0,0,0
0.015649792,0,0,1,1,1,1
0.015678792,0,0,1,0,0,0
0.015848000,0,0,1,1,1,1
0.015877000,0,0,1,0,0,0
0.016046208,0,0,1,1,1,1
0.016075250,0,0,1,0,0,0
0.016244458,0,0,1,1,1,1
0.016273500,0,0,1,0,0,0
0.016442708,0,0,1,1,1,1
0.016471750,0,0,1,0,0,0
0.016640917,0,0,1,1,1,1
0.016669958,0,0,1,0,0,0
0.016839125,0,0,1,1,1,1
0.016868167,0,0,1,0,0,0
0.017037333,0,0,1,1,1,1
0.017066375,0,0,1,0,0,0
0.017235583,0,0,1,1,1,1
0.017264625,0,0,1,0,0,0
0.017433792,0,0,1,1,1,1
0.017462833,0,0,1,0,0,0
0.017632042,0,0,1,1,1,1
0.017661083,0,0,1,0,0,0
0.017830292,0,0,1,1,1,1
0.017859292,0,0,1,0,0,0
0.018028458,0,0,1,1,1,1
0.018057500,0,0,1,0,0,0
0.018226625,0,0,1,1,1,1
0.018255667,0,0,1,0,0,0
0.018424833,0,0,1,1,1,1
0.018453833,0,0,1,0,0,0
0.018623000,0,0,1,1,1,1
0.018652000,0,0,1,1,0,0
0.018652042,0,0,1,0,0,0
0.018821167,0,0,1,1,1,1
0.018850167,0,0,1,1,0,0
0.018850208,0,0,1,0,0,0
0.019019375,0,0,1,1,1,1
0.019048375,0,0,1,0,0,0
0.019217583,0,0,1,1,1,1
0.019246583,0,0,1,0,0,0
0.019415750,0,0,1,1,1,1
0.019444792,0,0,1,0,0,0
0.019613958,0,0,1,1,1,1
0.019643000,0,0,1,0,0,0
0.019812167,0,0,1,1,1,1
0.019841167,0,0,1,0,0,0
0.020010333,0,0,1,1,1,1
0.020039375,0,0,1,0,0,0
0.020208583,0,0,1,1,1,1
0.020237625,0,0,1,0,0,0
0.020406833,0,0,1,1,1,1
0.020435875,0,0,1,0,0,0
0.020605042,0,0,1,1,1,1
0.020634083,0,0,1,0,0,0
0.020803250,0,0,1,1,1,1
0.020832292,0,0,1,0,0,0
0.021001458,0,0,1,1,1,1
0.021030500,0,0,1,0,0,0
0.021199625,0,0,1,1,1,1
0.021228667,0,0,1,0,0,0
0.021397875,0,0,1,1,1,1
0.021426875,0,0,1,1,0,1
0.021426917,0,0,1,0,0,0
0.021596083,0,0,1,1,1,1
0.021625125,0,0,1,0,0,0
0.021794292,0,0,1,1,1,1
0.021823333,0,0,1,0,0,0
0.021992500,0,0,1,1,1,1
0.022021542,0,0,1,0,0,0
0.022190708,0,0,1,1,1,1
0.022219708,0,0,1,0,0,0
0.022388917,0,0,1,1,1,1
0.022417917,0,0,1,0,0,0
0.022587167,0,0,1,1,1,1
0.022616167,0,0,1,0,0,0
0.022785333,0,0,1,1,1,1
0.022814375,0,0,1,0,0,0
0.022983542,0,0,1,1,1,1
0.023012583,0,0,1,0,0,0
0.023181750,0,0,1,1,1,1
0.023210792,0,0,1,0,0,0
0.023379958,0,0,1,1,1,1
0.023409000,0,0,1,0,0,0
0.023578208,0,0,1,1,1,1
0.023607250,0,0,1,0,0,0
0.023776417,0,0,1,1,1,1
0.023805458,0,0,1,0,0,0
0.023974625,0,0,1,1,1,1
0.024003667,0,0,1,0,0,0
0.024172875,0,0,1,1,1,1
0.024201917,0,0,1,0,0,0
0.024371083,0,0,1,1,1,1
0.024400125,0,0,1,0,0,0
0.024569292,0,0,1,1,1,1
0.024598333,0,0,1,0,0,0
0.024767500,0,0,1,1,1,1
0.024796542,0,0,1,0,0,0
0.024965667,0,0,1,1,1,1
0.024994708,0,0,1,0,0,0
0.025163917,0,0,1,1,1,1
0.025192958,0,0,1,0,0,0
0.025362125,0,0,1,1,1,1
0.025391167,0,0,1,0,0,0
0.025560333,0,0,1,1,1,1
0.025589375,0,0,1,0,0,0
0.025758542,0,0,1,1,1,1
0.025787583,0,0,1,0,0,0
0.025956792,0,0,1,1,1,1
0.025985833,0,0,1,0,0,0
0.026155000,0,0,1,0,1,1
0.026155042,0,0,1,1,1,1
0.026184042,0,0,1,0,0,0
0.026353292,0,0,1,1,1,1
0.026382333,0,0,1,0,0,0
0.026551542,0,0,1,1,1,1
0.026580583,0,0,1,0,0,0
0.026749833,0,0,1,1,1,1
0.026778875,0,0,1,0,0,0
0.026948125,0,0,1,1,1,1
0.026977167,0,0,1,0,0,0
0.027146417,0,0,1,1,1,1
0.027175458,0,0,1,0,0,0
0.027344708,0,0,1,1,1,1
0.027373750,0,0,1,0,0,0
0.027543000,0,0,1,1,1,1
0.027572042,0,0,1,0,0,0
0.027741250,0,0,1,1,1,1
0.027770292,0,0,1,0,0,0
0.027939542,0,0,1,1,1,1
0.027968542,0,0,1,0,0,0
0.028137750,0,0,1,1,1,1
0.028166833,0,0,1,0,0,0
0.028336083,0,0,1,1,1,1
0.028365125,0,0,1,0,0,0
0.028534375,0,0,1,1,1,1
0.028563417,0,0,1,0,0,0
0.028732667,0,0,1,1,1,1
0.028761708,0,0,1,0,0,0
0.028930917,0,0,1,1,1,1
0.028959958,0,0,1,0,0,0
0.029129208,0,0,1,1,1,1
0.029158250,0,0,1,0,0,0
0.029327417,0,0,1,1,1,1
0.029356458,0,0,1,0,0,0
0.029525667,0,0,1,1,1,1
0.029554708,0,0,1,0,0,0
0.029723917,0,0,1,1,1,1
0.029752958,0,0,1,0,0,0
0.029922125,0,0,1,1,1,1
0.029951167,0,0,1,0,0,0
0.030120375,0,0,1,1,1,1
0.030149417,0,0,1,0,0,0
0.030318625,0,0,1,1,1,1
0.030347667,0,0,1,0,0,0
0.030516917,0,0,1,1,1,1
0.030545958,0,0,1,0,0,0
0.030715167,0,0,1,1,1,1
0.030744208,0,0,1,0,0,0
0.030913375,0,0,1,1,1,1
0.030942417,0,0,1,0,0,0
0.031111625,0,0,1,1,1,1
0.031140667,0,0,1,0,0,0
0.031309875,0,0,1,1,1,1
0.031338917,0,0,1,0,0,0
0.031508125,0,0,1,1,1,1
0.031537125,0,0,1,0,0,0
0.031706333,0,0,1,1,1,1
0.031735333,0,0,1,0,0,0
0.031904542,0,0,1,1,1,1
0.031933583,0,0,1,0,0,0
0.032102792,0,0,1,1,1,1
0.032131833,0,0,1,0,0,0
0.032301042,0,0,1,0,1,1
0.032301083,0,0,1,1,1,1
0.032330083,0,0,1,0,0,0
0.032499333,0,0,1,1,1,1
0.032528375,0,0,1,0,0,0
0.032697583,0,0,1,1,1,1
0.032726625,0,0,1,0,0,0
0.032895833,0,0,1,1,1,1
0.032924875,0,0,1,0,0,0
0.033094083,0,0,1,1,1,1
0.033123125,0,0,1,0,0,0
0.033292375,0,0,1,1,1,1
0.033321417,0,0,1,0,0,0
0.033490625,0,0,1,1,1,1
0.033519667,0,0,1,0,0,0
0.033688875,0,0,1,1,1,1
0.033717917,0,0,1,0,0,0
0.033887125,0,0,1,1,1,1
0.033916167,0,0,1,0,0,0
0.034085417,0,0,1,1,1,1
0.034114458,0,0,1,0,0,0
0.034283708,0,0,1,1,1,1
0.034312750,0,0,1,0,0,0
0.034481958,0,0,1,1,1,1
0.034511000,0,0,1,0,0,0
0.034680208,0,0,1,1,1,1
0.034709208,0,0,1,0,0,0
0.034878458,0,0,1,1,1,1
0.034907500,0,0,1,0,0,0
0.035076708,0,0,1,1,1,1
0.035105750,0,0,1,0,0,0
0.035274958,0,0,1,1,1,1
0.035304000,0,0,1,0,0,0
0.035473250,0,0,1,1,1,1
0.035502250,0,0,1,0,0,0
0.035671500,0,0,1,1,1,1
0.035700500,0,0,1,1,0,0
0.035700542,0,0,1,0,0,0
0.035869750,0,0,1,1,1,1
0.035898792,0,0,1,0,0,0
0.036068000,0,0,1,1,1,1
0.036097042,0,0,1,0,0,0
0.036266250,0,0,1,1,1,1
0.036295292,0,0,1,0,0,0
0.036464500,0,0,1,1,1,1
0.036493542,0,0,1,0,0,0
0.036662750,0,0,1,1,1,1
0.036691792,0,0,1,0,0,0
0.036861000,0,0,1,1,1,1
0.036890042,0,0,1,0,0,0
0.037059250,0,0,1,1,1,1
0.037088292,0,0,1,0,0,0
0.037257500,0,0,1,1,1,1
0.037286542,0,0,1,0,0,0
0.037455750,0,0,1,1,1,1
0.037484792,0,0,1,0,0,0
0.037654042,0,0,1,1,1,1
0.037683125,0,0,1,0,0,0
0.037852333,0,0,1,1,1,1
0.037881375,0,0,1,0,0,0
0.038050542,0,0,1,1,1,1
0.038079583,0,0,1,0,0,0
0.038248833,0,0,1,1,1,1
0.038277875,0,0,1,0,0,0
0.038447083,0,0,1,1,1,1
0.038476125,0,0,1,0,0,0
0.038645333,0,0,1,1,1,1
0.038674417,0,0,1,0,0,0
0.038843625,0,0,1,1,1,1
0.038872667,0,0,1,0,0,0
0.039041875,0,0,1,1,1,1
0.039070917,0,0,1,0,0,0
0.039240167,0,0,1,1,1,1
0.039269208,0,0,1,0,0,0
0.039438417,0,0,1,1,1,1
0.039467458,0,0,1,0,0,0
0.039636667,0,0,1,1,1,1
0.039665708,0,0,1,0,0,0
0.039834917,0,0,1,1,1,1
0.039863958,0,0,1,0,0,0
0.040033167,0,0,1,1,1,1
0.040062208,0,0,1,0,0,0
0.040231417,0,0,1,1,1,1
0.040260458,0,0,1,0,0,0
0.040429667,0,0,1,1,1,1
0.040458708,0,0,1,0,0,0
0.040627875,0,0,1,1,1,1
0.040656875,0,0,1,0,0,0
0.040826083,0,0,1,1,1,1
0.040855125,0,0,1,0,0,0
0.041024292,0,0,1,1,1,1
0.041053333,0,0,1,0,0,0
0.041222500,0,0,1,1,1,1
0.041251542,0,0,1,0,0,0
0.041420708,0,0,1,1,1,1
0.041449750,0,0,1,0,0,0
0.041618958,0,0,1,1,1,1
0.041648000,0,0,1,0,0,0
0.041817167,0,0,1,1,1,1
0.041846208,0,0,1,0,0,0
0.042015417,0,0,1,1,1,1
0.042044458,0,0,1,0,0,0
0.042213667,0,0,1,1,1,1
0.042242708,0,0,1,0,0,0
0.042411917,0,0,1,1,1,1
0.042440917,0,0,1,0,0,0
0.042610125,0,0,1,1,1,1
0.042639167,0,0,1,0,0,0
0.042808417,0,0,1,1,1,1
0.042837417,0,0,1,0,0,0
0.043006625,0,0,1,1,1,1
0.043035667,0,0,1,0,0,0
0.043204875,0,0,1,1,1,1
0.043233917,0,0,1,0,0,0
0.043403125,0,0,1,1,1,1
0.043432167,0,0,1,0,0,0
0.043601417,0,0,1,1,1,1
0.043630458,0,0,1,0,0,0
0.043799667,0,0,1,1,1,1
0.043828708,0,0,1,0,0,0
0.043997875,0,0,1,1,1,1
0.044026917,0,0,1,0,0,0
0.044196083,0,0,1,1,1,1
0.044225125,0,0,1,0,0,0
0.044394333,0,0,1,1,1,1
0.044423375,0,0,1,0,0,0
0.044592625,0,0,1,1,1,1
0.044621667,0,0,1,0,0,0
0.044790917,0,0,1,1,1,1
0.044819958,0,0,1,0,0,0
0.044989167,0,0,1,1,1,1
0.045018208,0,0,1,0,0,0
0.045187458,0,0,1,1,1,1
0.045216500,0,0,1,0,0,0
0.045385708,0,0,1,0,1,1
0.045385750,0,0,1,1,1,1
0.045414792,0,0,1,0,0,0
0.045584000,0,0,1,1,1,1
0.045613042,0,0,1,0,0,0
0.045782250,0,0,1,1,1,1
0.045811292,0,0,1,0,0,0
0.045980458,0,0,1,1,1,1
0.046009500,0,0,1,0,0,0
0.046178667,0,0,1,1,1,1
0.046207708,0,0,1,0,0,0
0.046376875,0,0,1,1,1,1
0.046405875,0,0,1,0,0,0
0.046575042,0,0,1,1,1,1
0.046604083,0,0,1,0,0,0
0.046773250,0,0,1,1,1,1
0.046802292,0,0,1,0,0,0
0.046971458,0,0,1,1,1,1
0.047000500,0,0,1,0,0,0
0.047169667,0,0,1,1,1,1
0.047198708,0,0,1,0,0,0
0.047367875,0,0,1,1,1,1
0.047396917,0,0,1,0,0,0
0.047566083,0,0,1,1,1,1
0.047595125,0,0,1,0,0,0
0.047764292,0,0,1,1,1,1
0.047793292,0,0,1,1,0,0
0.047793333,0,0,1,0,0,0
0.047962500,0,0,1,1,1,1
0.047991542,0,0,1,0,0,0
0.048160750,0,0,1,1,1,1
0.048189750,0,0,1,0,0,0
0.048358917,0,0,1,1,1,1
0.048387958,0,0,1,0,0,0
0.048557125,0,0,1,1,1,1
0.048586167,0,0,1,0,0,0
0.048755333,0,0,1,1,1,1
0.048784375,0,0,1,0,0,0
0.048953583,0,0,1,1,1,1
0.048982583,0,0,1,0,0,0
0.049151750,0,0,1,1,1,1
0.049180792,0,0,1,0,0,0
0.049349958,0,0,1,1,1,1
0.049379000,0,0,1,0,0,0
0.049548125,0,0,1,1,1,1
0.049577167,0,0,1,0,0,0
0.049746292,0,0,1,1,1,1
0.049775292,0,0,1,0,0,0
0.049944458,0,0,1,1,1,1
0.049973500,0,0,1,0,0,0
0.050142667,0,0,1,1,1,1
0.050171708,0,0,1,0,0,0
0.050340833,0,0,1,1,1,1
0.050369875,0,0,1,0,0,0
0.050539000,0,0,1,1,1,1
0.050568042,0,0,1,0,0,0
0.050737208,0,0,1,1,1,1
0.050766250,0,0,1,0,0,0
0.050935375,0,0,1,1,1,1
0.050964417,0,0,1,0,0,0
0.051133583,0,0,1,1,1,1
0.051162583,0,0,1,0,0,0
0.051331750,0,0,1,1,1,1
0.051360792,0,0,1,0,0,0
0.051530000,0,0,1,1,1,1
0.051559042,0,0,1,0,0,0
0.051728208,0,0,1,1,1,1
0.051757250,0,0,1,0,0,0
0.051926458,0,0,1,1,1,1
0.051955458,0,0,1,0,0,0
0.052124667,0,0,1,1,1,1
0.052153667,0,0,1,0,0,0
0.052322833,0,0,1,1,1,1
0.052351875,0,0,1,0,0,0
0.052521000,0,0,1,1,1,1
0.052550042,0,0,1,0,0,0
0.052719208,0,0,1,1,1,1
0.052748250,0,0,1,0,0,0
0.052917375,0,0,1,1,1,1
0.052946417,0,0,1,0,0,0
0.053115583,0,0,1,1,1,1
0.053144625,0,0,1,0,0,0
0.053313792,0,0,1,1,1,1
0.053342833,0,0,1,0,0,0
0.053512000,0,0,1,1,1,1
0.053541000,0,0,1,0,0,0
0.053710167,0,0,1,1,1,1
0.053739167,0,0,1,1,0,0
0.053739208,0,0,1,0,0,0
0.053908333,0,0,1,1,1,1
0.053937375,0,0,1,0,0,0
0.054106500,0,0,1,1,1,1
0.054135542,0,0,1,0,0,0
0.054304708,0,0,1,1,1,1
0.054333750,0,0,1,0,0,0
0.054502917,0,0,1,1,1,1
0.054531958,0,0,1,0,0,0
0.054701125,0,0,1,1,1,1
0.054730167,0,0,1,0,0,0
0.054899333,0,0,1,1,1,1
0.054928375,0,0,1,0,0,0
0.055097542,0,0,1,1,1,1
0.055126583,0,0,1,0,0,0
0.055295750,0,0,1,1,1,1
0.055324750,0,0,1,0,0,0
0.055493958,0,0,1,1,1,1
0.055522958,0,0,1,0,0,0
0.055692125,0,0,1,1,1,1
0.055721167,0,0,1,0,0,0
0.055890375,0,0,1,1,1,1
0.055919375,0,0,1,0,0,0
0.056088542,0,0,1,1,1,1
0.056117583,0,0,1,0,0,0
0.056286708,0,0,1,1,1,1
0.056315750,0,0,1,0,0,0
0.056484917,0,0,1,1,1,1
0.056513958,0,0,1,0,0,0
0.056683125,0,0,1,1,1,1
0.056712167,0,0,1,0,0,0
0.056881333,0,0,1,1,1,1
0.056910375,0,0,1,0,0,0
0.057079542,0,0,1,1,1,1
0.057108583,0,0,1,0,0,0
0.057277750,0,0,1,1,1,1
0.057306750,0,0,1,1,0,0
0.057306792,0,0,1,0,0,0
0.057475958,0,0,1,1,1,1
0.057505000,0,0,1,0,0,0
0.057674208,0,0,1,1,1,1
0.057703250,0,0,1,0,0,0
0.057872417,0,0,1,1,1,1
0.057901458,0,0,1,0,0,0
0.058070625,0,0,1,1,1,1
0.058099667,0,0,1,0,0,0
0.058268875,0,0,1,1,1,1
0.058297917,0,0,1,0,0,0
0.058467125,0,0,1,1,1,1
0.058496125,0,0,1,0,0,0
0.058665333,0,0,1,1,1,1
0.058694333,0,0,1,0,0,0
0.058863542,0,0,1,1,1,1
0.058892583,0,0,1,0,0,0
0.059061833,0,0,1,1,1,1
0.059090875,0,0,1,0,0,0
0.059260125,0,0,1,1,1,1
0.059289167,0,0,1,0,0,0
0.059458375,0,0,1,1,1,1
0.059487375,0,0,1,0,0,0
0.059656542,0,0,1,1,1,1
0.059685583,0,0,1,0,0,0
0.059854750,0,0,1,1,1,1
0.059883792,0,0,1,0,0,0
0.060052958,0,0,1,1,1,1
0.060082000,0,0,1,0,0,0
0.060251167,0,0,1,1,1,1
0.060280208,0,0,1,0,0,0
0.060449375,0,0,1,1,1,1
0.060478417,0,0,1,0,0,0
0.060647625,0,0,1,1,1,1
0.060676667,0,0,1,0,0,0
0.060845875,0,0,1,1,1,1
0.060874875,0,0,1,1,0,1
0.060874917,0,0,1,0,0,0
0.061044083,0,0,1,1,1,1
0.061073125,0,0,1,0,0,0
0.061242292,0,0,1,1,1,1
0.061271333,0,0,1,0,0,0
0.061440542,0,0,1,1,1,1
0.061469583,0,0,1,0,0,0
0.061638792,0,0,1,1,1,1
0.061667833,0,0,1,0,0,0
0.061837000,0,0,1,1,1,1
0.061866042,0,0,1,0,0,0
0.062035167,0,0,1,1,1,1
0.062064208,0,0,1,0,0,0
0.062233333,0,0,1,1,1,1
0.062262375,0,0,1,0,0,0
0.062431500,0,0,1,1,1,1
0.062460542,0,0,1,0,0,0
0.062629708,0,0,1,1,1,1
0.062658750,0,0,1,0,0,0
0.062827917,0,0,1,1,1,1
0.062856958,0,0,1,0,0,0
0.063026125,0,0,1,1,1,1
0.063055167,0,0,1,0,0,0
0.063224375,0,0,1,1,1,1
0.063253375,0,0,1,1,0,0
0.063253417,0,0,1,0,0,0
0.063422583,0,0,1,1,1,1
0.063451583,0,0,1,0,0,0
0.063620750,0,0,1,1,1,1
0.063649792,0,0,1,0,0,0
0.063818958,0,0,1,1,1,1
0.063847958,0,0,1,0,0,0
0.064017125,0,0,1,1,1,1
0.064046167,0,0,1,0,0,0
0.064215292,0,0,1,1,1,1
0.064244333,0,0,1,0,0,0
0.064413500,0,0,1,1,1,1
0.064442500,0,0,1,0,0,0
0.064611667,0,0,1,1,1,1
0.064640667,0,0,1,0,0,0
0.064809833,0,0,1,1,1,1
0.064838833,0,0,1,0,0,0
0.065008000,0,0,1,1,1,1
0.065037042,0,0,1,0,0,0
0.065206167,0,0,1,1,1,1
0.065235208,0,0,1,0,0,0
0.065404333,0,0,1,1,1,1
0.065433333,0,0,1,0,0,0
0.065602458,0,0,1,1,1,1
0.065631500,0,0,1,0,0,0
0.065800625,0,0,1,1,1,1
0.065829625,0,0,1,0,0,0
0.065998750,0,0,1,1,1,1
0.066027792,0,0,1,0,0,0
0.066196917,0,0,1,1,1,1
0.066225958,0,0,1,0,0,0
0.066395083,0,0,1,1,1,1
0.066424125,0,0,1,0,0,0
0.066593250,0,0,1,1,1,1
0.066622250,0,0,1,0,0,0
0.066791417,0,0,1,1,1,1
0.066820417,0,0,1,0,0,0
0.066989583,0,0,1,1,1,1
0.067018625,0,0,1,0,0,0
0.067187750,0,0,1,1,1,1
0.067216750,0,0,1,0,0,0
0.067385917,0,0,1,1,1,1
0.067414917,0,0,1,0,0,0
0.067584042,0,0,1,1,1,1
0.067613083,0,0,1,0,0,0
0.067782208,0,0,1,1,1,1
0.067811208,0,0,1,0,0,0
0.067980333,0,0,1,1,1,1
0.068009333,0,0,1,0,0,0
0.068178500,0,0,1,1,1,1
0.068207500,0,0,1,0,0,0
0.068376667,0,0,1,1,1,1
0.068405667,0,0,1,0,0,0
0.068574833,0,0,1,1,1,1
0.068603833,0,0,1,0,0,0
0.068773000,0,0,1,1,1,1
0.068802042,0,0,1,0,0,0
0.068971167,0,0,1,1,1,1
0.069000208,0,0,1,0,0,0
0.069169333,0,0,1,1,1,1
0.069198375,0,0,1,0,0,0
0.069367542,0,0,1,1,1,1
0.069396542,0,0,1,0,0,0
0.069565667,0,0,1,1,1,1
0.069594708,0,0,1,0,0,0
0.069763875,0,0,1,1,1,1
0.069792875,0,0,1,0,0,0
0.069962042,0,0,1,1,1,1
0.069991042,0,0,1,0,0,0
0.070160208,0,0,1,1,1,1
0.070189208,0,0,1,1,0,0
0.070189250,0,0,1,0,0,0
0.070358375,0,0,1,1,1,1
0.070387417,0,0,1,0,0,0
0.070556583,0,0,1,1,1,1
0.070585625,0,0,1,0,0,0
0.070754792,0,0,1,1,1,1
0.070783833,0,0,1,0,0,0
0.070953000,0,0,1,1,1,1
0.070982000,0,0,1,1,0,0
0.070982042,0,0,1,0,0,0
0.071151167,0,0,1,1,1,1
0.071180208,0,0,1,0,0,0
0.071349375,0,0,1,1,1,1
0.071378375,0,0,1,0,0,0
0.071547500,0,0,1,1,1,1
0.071576542,0,0,1,0,0,0
0.071745667,0,0,1,1,1,1
0.071774708,0,0,1,0,0,0
0.071943875,0,0,1,1,1,1
0.071972875,0,0,1,0,0,0
0.072142042,0,0,1,1,1,1
0.072171083,0,0,1,0,0,0
0.072340250,0,0,1,1,1,1
0.072369292,0,0,1,0,0,0
0.072538500,0,0,1,1,1,1
0.072567500,0,0,1,0,0,0
0.072736708,0,0,1,1,1,1
0.072765750,0,0,1,0,0,0
0.072934917,0,0,1,1,1,1
0.072963917,0,0,1,0,0,0
0.073133125,0,0,1,1,1,1
0.073162125,0,0,1,0,0,0
0.073331292,0,0,1,1,1,1
0.073360333,0,0,1,0,0,0
0.073529500,0,0,1,1,1,1
0.073558500,0,0,1,0,0,0
0.073727667,0,0,1,1,1,1
0.073756708,0,0,1,0,0,0
0.073925875,0,0,1,1,1,1
0.073954875,0,0,1,0,0,0
0.074124042,0,0,1,1,1,1
0.074153083,0,0,1,0,0,0
0.074322208,0,0,1,1,1,1
0.074351250,0,0,1,0,0,0
0.074520375,0,0,1,0,1,1
0.074520417,0,0,1,1,1,1
0.074549417,0,0,1,0,0,0
0.074718583,0,0,1,1,1,1
0.074747625,0,0,1,0,0,0
0.074916750,0,0,1,1,1,1
0.074945792,0,0,1,0,0,0
0.075114917,0,0,1,1,1,1
0.075143958,0,0,1,0,0,0
0.075313083,0,0,1,1,1,1
0.075342125,0,0,1,0,0,0
0.075511250,0,0,1,1,1,1
0.075540292,0,0,1,0,0,0
0.075709458,0,0,1,1,1,1
0.075738458,0,0,1,0,0,0
0.075907667,0,0,1,1,1,1
0.075936708,0,0,1,0,0,0
0.076105833,0,0,1,1,1,1
0.076134875,0,0,1,0,0,0
0.076304000,0,0,1,1,1,1
0.076333000,0,0,1,0,0,0
0.076502167,0,0,1,1,1,1
0.076531167,0,0,1,0,0,0
0.076700333,0,0,1,1,1,1
0.076729333,0,0,1,0,0,0
0.076898542,0,0,1,1,1,1
0.076927542,0,0,1,0,0,0
0.077096708,0,0,1,1,1,1
0.077125708,0,0,1,1,0,0
0.077125750,0,0,1,0,0,0
0.077294875,0,0,1,1,1,1
0.077323875,0,0,1,0,0,0
0.077493042,0,0,1,1,1,1
0.077522083,0,0,1,0,0,0
0.077691208,0,0,1,1,1,1
0.077720208,0,0,1,0,0,0
0.077889333,0,0,1,1,1,1
0.077918333,0,0,1,0,0,0
0.078087458,0,0,1,1,1,1
0.078116500,0,0,1,0,0,0
0.078285625,0,0,1,1,1,1
0.078314667,0,0,1,0,0,0
0.078483833,0,0,1,1,1,1
0.078512875,0,0,1,0,0,0
0.078682042,0,0,1,1,1,1
0.078711083,0,0,1,0,0,0
0.078880250,0,0,1,1,1,1
0.078909292,0,0,1,0,0,0
0.079078458,0,0,1,1,1,1
0.079107458,0,0,1,0,0,0
0.079276667,0,0,1,1,1,1
0.079305667,0,0,1,0,0,0
0.079474833,0,0,1,1,1,1
0.079503833,0,0,1,0,0,0
0.079673000,0,0,1,1,1,1
0.079702042,0,0,1,0,0,0
0.079871208,0,0,1,1,1,1
0.079900250,0,0,1,0,0,0
0.080069375,0,0,1,1,1,1
0.080098417,0,0,1,0,0,0
0.080267583,0,0,1,1,1,1
0.080296625,0,0,1,0,0,0
0.080465833,0,0,1,1,1,1
0.080494875,0,0,1,0,0,0
0.080664083,0,0,1,1,1,1
0.080693125,0,0,1,0,0,0
0.080862292,0,0,1,1,1,1
0.080891292,0,0,1,0,0,0
0.081060458,0,0,1,1,1,1
0.081089500,0,0,1,0,0,0
0.081258667,0,0,1,1,1,1
0.081287708,0,0,1,0,0,0
0.081456875,0,0,1,1,1,1
0.081485917,0,0,1,0,0,0
0.081655125,0,0,1,1,1,1
0.081684125,0,0,1,0,0,0
0.081853333,0,0,1,1,1,1
0.081882333,0,0,1,0,0,0
0.082051542,0,0,1,1,1,1
0.082080583,0,0,1,0,0,0
0.082249708,0,0,1,1,1,1
0.082278750,0,0,1,0,0,0
0.082447958,0,0,1,1,1,1
0.082476958,0,0,1,0,0,0
0.082646125,0,0,1,0,1,0
0.082646167,0,0,1,1,1,1
0.082675167,0,0,1,0,0,0
0.082844333,0,0,1,1,1,1
0.082873375,0,0,1,0,0,0
0.083042542,0,0,1,1,1,1
0.083071583,0,0,1,0,0,0
0.083240750,0,0,1,1,1,1
0.083269792,0,0,1,0,0,0
0.083439000,0,0,1,1,1,1
0.083468042,0,0,1,0,0,0
0.083637250,0,0,1,1,1,1
0.083666250,0,0,1,0,0,0
0.083835417,0,0,1,1,1,1
0.083864458,0,0,1,0,0,0
0.084033625,0,0,1,1,1,1
0.084062625,0,0,1,1,0,1
0.084062667,0,0,1,0,0,0
0.084231833,0,0,1,1,1,1
0.084260833,0,0,1,0,0,0
0.084430042,0,0,1,1,1,1
0.084459083,0,0,1,0,0,0
0.084628250,0,0,1,1,1,1
0.084657292,0,0,1,0,0,0
0.084826458,0,0,1,1,1,1
0.084855458,0,0,1,1,0,1
0.084855500,0,0,1,0,0,0
0.085024667,0,0,1,1,1,1
0.085053708,0,0,1,0,0,0
0.085222875,0,0,1,1,1,1
0.085251917,0,0,1,0,0,0
0.085421042,0,0,1,1,1,1
0.085450083,0,0,1,0,0,0
0.085619250,0,0,1,1,1,1
0.085648250,0,0,1,0,0,0
0.085817417,0,0,1,1,1,1
0.085846458,0,0,1,0,0,0
0.086015583,0,0,1,1,1,1
0.086044583,0,0,1,0,0,0
0.086213750,0,0,1,1,1,1
0.086242750,0,0,1,0,0,0
0.086411875,0,0,1,1,1,1
0.086440917,0,0,1,0,0,0
0.086610083,0,0,1,1,1,1
0.086639125,0,0,1,0,0,0
0.086808292,0,0,1,1,1,1
0.086837292,0,0,1,0,0,0
0.087006458,0,0,1,1,1,1
0.087035500,0,0,1,0,0,0
0.087204667,0,0,1,1,1,1
0.087233667,0,0,1,0,0,0
0.087402833,0,0,1,1,1,1
0.087431833,0,0,1,0,0,0
0.087600958,0,0,1,1,1,1
0.087630000,0,0,1,0,0,0
0.087799125,0,0,1,1,1,1
0.087828125,0,0,1,0,0,0
0.087997250,0,0,1,1,1,1
0.088026292,0,0,1,0,0,0
0.088195417,0,0,1,1,1,1
0.088224417,0,0,1,0,0,0
0.088393542,0,0,1,1,1,1
0.088422583,0,0,1,0,0,0
0.088591708,0,0,1,1,1,1
0.088620708,0,0,1,0,0,0
0.088789875,0,0,1,1,1,1
0.088818917,0,0,1,0,0,0
0.088988083,0,0,1,1,1,1
0.089017125,0,0,1,0,0,0
0.089186292,0,0,1,1,1,1
0.089215333,0,0,1,0,0,0
0.089384500,0,0,1,1,1,1
0.089413542,0,0,1,0,0,0
0.089582708,0,0,1,1,1,1
0.089611750,0,0,1,0,0,0
0.089780917,0,0,1,1,1,1
0.089809958,0,0,1,0,0,0
0.089979125,0,0,1,1,1,1
0.090008167,0,0,1,0,0,0
0.090177333,0,0,1,1,1,1
0.090206375,0,0,1,0,0,0
0.090375542,0,0,1,1,1,1
0.090404583,0,0,1,0,0,0
0.090573750,0,0,1,1,1,1
0.090602792,0,0,1,0,0,0
0.090771958,0,0,1,1,1,1
0.090801000,0,0,1,0,0,0
0.090970167,0,0,1,1,1,1
0.090999208,0,0,1,0,0,0
0.091168375,0,0,1,1,1,1
0.091197417,0,0,1,0,0,0
0.091366583,0,0,1,1,1,1
0.091395625,0,0,1,0,0,0
0.091564792,0,0,1,1,1,1
0.091593833,0,0,1,0,0,0
0.091763000,0,0,1,1,1,1
0.091792000,0,0,1,1,1,0
0.091792042,0,0,1,0,0,0
0.091961208,0,0,1,1,1,1
0.091990208,0,0,1,1,0,0
0.091990250,0,0,1,0,0,0
0.092159417,0,0,1,1,1,1
0.092188417,0,0,1,0,0,0
0.092357583,0,0,1,1,1,1
0.092386625,0,0,1,0,0,0
0.092555792,0,0,1,1,1,1
0.092584833,0,0,1,0,0,0
0.092753958,0,0,1,1,1,1
0.092783000,0,0,1,0,0,0
0.092952125,0,0,1,1,1,1
0.092981167,0,0,1,0,0,0
0.093150333,0,0,1,1,1,1
0.093179375,0,0,1,0,0,0
0.093348542,0,0,1,1,1,1
0.093377583,0,0,1,0,0,0
0.093546792,0,0,1,1,1,1
0.093575833,0,0,1,0,0,0
0.093745042,0,0,1,1,1,1
0.093774042,0,0,1,1,0,1
0.093774083,0,0,1,0,0,0
0.093943250,0,0,1,1,1,1
0.093972292,0,0,1,0,0,0
0.094141458,0,0,1,1,1,1
0.094170500,0,0,1,0,0,0
0.094339667,0,0,1,1,1,1
0.094368708,0,0,1,0,0,0
0.094537875,0,0,1,1,1,1
0.094566917,0,0,1,0,0,0
0.094736042,0,0,1,0,1,1
0.094736083,0,0,1,1,1,1
0.094765083,0,0,1,0,0,0
0.094934250,0,0,1,1,1,1
0.094963292,0,0,1,0,0,0
0.095132458,0,0,1,1,1,1
0.095161458,0,0,1,0,0,0
0.095330625,0,0,1,1,1,1
0.095359667,0,0,1,0,0,0
0.095528833,0,0,1,1,1,1
0.095557875,0,0,1,0,0,0
0.095727000,0,0,1,1,1,1
0.095756042,0,0,1,0,0,0
0.095925167,0,0,1,1,1,1
0.095954208,0,0,1,0,0,0
0.096123333,0,0,1,1,1,1
0.096152375,0,0,1,0,0,0
0.096321500,0,0,1,1,1,1
0.096350542,0,0,1,0,0,0
0.096519708,0,0,1,1,1,1
0.096548750,0,0,1,0,0,0
0.096717875,0,0,1,1,1,1
0.096746875,0,0,1,0,0,0
0.096916000,0,0,1,1,1,1
0.096945042,0,0,1,0,0,0
0.097114167,0,0,1,1,1,1
0.097143208,0,0,1,0,0,0
0.097312333,0,0,1,1,1,1
0.097341375,0,0,1,0,0,0
0.097510542,0,0,1,1,1,1
0.097539583,0,0,1,0,0,0
0.097708708,0,0,1,1,1,1
0.097737750,0,0,1,0,0,0
0.097906917,0,0,1,1,1,1
0.097935958,0,0,1,0,0,0
0.098105125,0,0,1,1,1,1
0.098134167,0,0,1,0,0,0
0.098303333,0,0,1,1,1,1
0.098332375,0,0,1,0,0,0
0.098501542,0,0,1,1,1,1
0.098530542,0,0,1,0,0,0
0.098699750,0,0,1,1,1,1
0.098728750,0,0,1,0,0,0
0.098897917,0,0,1,1,1,1
0.098926958,0,0,1,0,0,0
0.099096125,0,0,1,1,1,1
0.099125125,0,0,1,0,0,0
0.099294292,0,0,1,1,1,1
0.099323292,0,0,1,0,0,0
0.099492458,0,0,1,1,1,1
0.099521500,0,0,1,0,0,0
0.099690667,0,0,1,1,1,1
0.099719708,0,0,1,0,0,0
0.099888875,0,0,1,1,1,1
0.099917917,0,0,1,0,0,0
0.100087083,0,0,1,1,1,1
0.100116125,0,0,1,0,0,0
0.100285333,0,0,1,1,1,1
0.100314333,0,0,1,0,0,0
0.100483500,0,0,1,1,1,1
0.100512542,0,0,1,0,0,0
0.100681667,0,0,1,1,1,1
0.100710667,0,0,1,0,0,0
0.100879833,0,0,1,1,1,1
0.100908875,0,0,1,0,0,0
0.101078000,0,0,1,1,1,1
0.101107000,0,0,1,0,0,0
0.101276167,0,0,1,1,1,1
0.101305167,0,0,1,0,0,0
0.101474292,0,0,1,1,1,1
0.101503292,0,0,1,0,0,0
0.101672417,0,0,1,1,1,1
0.101701417,0,0,1,0,0,0
0.101870542,0,0,1,1,1,1
0.101899583,0,0,1,0,0,0
0.102068667,0,0,1,1,1,1
0.102097708,0,0,1,0,0,0
0.102266833,0,0,1,1,1,1
0.102295875,0,0,1,0,0,0
0.102465042,0,0,1,1,1,1
0.102494042,0,0,1,0,0,0
0.102663208,0,0,1,1,1,1
0.102692250,0,0,1,0,0,0
0.102861375,0,0,1,1,1,1
0.102890375,0,0,1,0,0,0
0.103059500,0,0,1,1,1,1
0.103088542,0,0,1,0,0,0
0.103257667,0,0,1,1,1,1
0.103286708,0,0,1,0,0,0
0.103455833,0,0,1,1,1,1
0.103484875,0,0,1,0,0,0
0.103654000,0,0,1,1,1,1
0.103683042,0,0,1,0,0,0
0.103852167,0,0,1,1,1,1
0.103881167,0,0,1,0,0,0
0.104050375,0,0,1,1,1,1
0.104079375,0,0,1,0,0,0
0.104248583,0,0,1,1,1,1
0.104277625,0,0,1,0,0,0
0.104446750,0,0,1,1,1,1
0.104475792,0,0,1,0,0,0
0.104644917,0,0,1,1,1,1
0.104673958,0,0,1,0,0,0
0.104843083,0,0,1,1,1,1
0.104872125,0,0,1,0,0,0
0.105041292,0,0,1,1,1,1
0.105070292,0,0,1,0,0,0
0.105239458,0,0,1,1,1,1
0.105268500,0,0,1,0,0,0
0.105437667,0,0,1,1,1,1
0.105466667,0,0,1,0,0,0
0.105635833,0,0,1,1,1,1
0.105664875,0,0,1,0,0,0
0.105834000,0,0,1,1,1,1
0.105863042,0,0,1,0,0,0
0.106032167,0,0,1,1,1,1
0.106061167,0,0,1,0,0,0
0.106230292,0,0,1,1,1,1
0.106259333,0,0,1,0,0,0
0.106428458,0,0,1,1,1,1
0.106457500,0,0,1,0,0,0
0.106626625,0,0,1,1,1,1
0.106655667,0,0,1,0,0,0
0.106824792,0,0,1,1,1,1
0.106853792,0,0,1,0,0,0
0.107022917,0,0,1,1,1,1
0.107051958,0,0,1,0,0,0
0.107221083,0,0,1,1,1,1
0.107250125,0,0,1,0,0,0
0.107419250,0,0,1,1,1,1
0.107448292,0,0,1,0,0,0
0.107617417,0,0,1,1,1,1
0.107646417,0,0,1,0,0,0
0.107815542,0,0,1,1,1,1
0.107844542,0,0,1,0,0,0
0.108013667,0,0,1,1,1,1
0.108042708,0,0,1,0,0,0
0.108211833,0,0,1,1,1,1
0.108240833,0,0,1,0,0,0
0.108409917,0,0,1,1,1,1
0.108438958,0,0,1,0,0,0
0.108608083,0,0,1,1,1,1
0.108637083,0,0,1,0,0,0
0.108806208,0,0,1,1,1,1
0.108835208,0,0,1,0,0,0
0.109004333,0,0,1,1,1,1
0.109033375,0,0,1,0,0,0
0.109202542,0,0,1,1,1,1
0.109231542,0,0,1,0,0,0
0.109400667,0,0,1,1,1,1
0.109429667,0,0,1,0,0,0
0.109598833,0,0,1,1,1,1
0.109627833,0,0,1,0,0,0
0.109796958,0,0,1,1,1,1
0.109825958,0,0,1,0,0,0
0.109995083,0,0,1,1,1,1
0.110024083,0,0,1,0,0,0
0.110193167,0,0,1,0,1,1
0.110193208,0,0,1,1,1,1
0.110222208,0,0,1,0,0,0
0.110391292,0,0,1,1,1,1
0.110420333,0,0,1,0,0,0
0.110589458,0,0,1,1,1,1
0.110618458,0,0,1,0,0,0
0.110787625,0,0,1,1,1,1
0.110816667,0,0,1,0,0,0
0.110985750,0,0,1,1,1,1
0.111014792,0,0,1,0,0,0
0.111183875,0,0,1,1,1,1
0.111212917,0,0,1,0,0,0
0.111382000,0,0,1,1,1,1
0.111411000,0,0,1,0,0,0
0.111580083,0,0,1,1,1,1
0.111609083,0,0,1,0,0,0
0.111778167,0,0,1,1,1,1
0.111807167,0,0,1,0,0,0
0.111976292,0,0,1,1,1,1
0.112005292,0,0,1,0,0,0
0.112174417,0,0,1,1,1,1
0.112203417,0,0,1,0,0,0
0.112372542,0,0,1,1,1,1
0.112401542,0,0,1,0,0,0
0.112570667,0,0,1,1,1,1
0.112599667,0,0,1,0,0,0
0.112768750,0,0,1,1,1,1
0.112797792,0,0,1,0,0,0
0.112966875,0,0,1,1,1,1
0.112995875,0,0,1,0,0,0
0.113165000,0,0,1,1,1,1
0.113194000,0,0,1,0,0,0
0.113363125,0,0,1,1,1,1
0.113392125,0,0,1,0,0,0
0.113561250,0,0,1,1,1,1
0.113590250,0,0,1,0,0,0
0.113759417,0,0,1,1,1,1
0.113788417,0,0,1,0,0,0
0.113957542,0,0,1,1,1,1
0.113986542,0,0,1,1,0,0
0.113986583,0,0,1,0,0,0
0.114155708,0,0,1,1,1,1
0.114184708,0,0,1,0,0,0
0.114353875,0,0,1,1,1,1
0.114382875,0,0,1,0,0,0
0.114552000,0,0,1,1,1,1
0.114581042,0,0,1,0,0,0
0.114750167,0,0,1,1,1,1
0.114779208,0,0,1,0,0,0
0.114948333,0,0,1,1,1,1
0.114977375,0,0,1,0,0,0
0.115146458,0,0,1,0,1,0
0.115146500,0,0,1,1,1,1
0.115175500,0,0,1,0,0,0
0.115344583,0,0,1,1,1,1
0.115373625,0,0,1,0,0,0
0.115542708,0,0,1,1,1,1
0.115571750,0,0,1,0,0,0
0.115740833,0,0,1,1,1,1
0.115769875,0,0,1,0,0,0
0.115938958,0,0,1,1,1,1
0.115968000,0,0,1,0,0,0
0.116137125,0,0,1,1,1,1
0.116166125,0,0,1,0,0,0
0.116335250,0,0,1,1,1,1
0.116364292,0,0,1,0,0,0
0.116533417,0,0,1,1,1,1
0.116562458,0,0,1,0,0,0
0.116731542,0,0,1,1,1,1
0.116760542,0,0,1,0,0,0
0.116929667,0,0,1,1,1,1
0.116958708,0,0,1,0,0,0
0.117127833,0,0,1,1,1,1
0.117156875,0,0,1,0,0,0
0.117326042,0,0,1,1,1,1
0.117355083,0,0,1,0,0,0
0.117524208,0,0,1,1,1,1
0.117553250,0,0,1,0,0,0
0.117722375,0,0,1,1,1,1
0.117751417,0,0,1,0,0,0
0.117920542,0,0,1,1,1,1
0.117949583,0,0,1,0,0,0
0.118118708,0,0,1,1,1,1
0.118147750,0,0,1,0,0,0
0.118316875,0,0,1,1,1,1
0.118345917,0,0,1,0,0,0
0.118515000,0,0,1,0,1,1
0.118515042,0,0,1,1,1,1
0.118544042,0,0,1,0,0,0
0.118713125,0,0,1,1,1,1
0.118742167,0,0,1,0,0,0
0.118911292,0,0,1,1,1,1
0.118940292,0,0,1,0,0,0
0.119109417,0,0,1,1,1,1
0.119138458,0,0,1,0,0,0
0.119307625,0,0,1,1,1,1
0.119336625,0,0,1,1,0,0
0.119336667,0,0,1,0,0,0
0.119505792,0,0,1,1,1,1
0.119534792,0,0,1,0,0,0
0.119703917,0,0,1,1,1,1
0.119732958,0,0,1,0,0,0
0.119902083,0,0,1,1,1,1
0.119931125,0,0,1,0,0,0
0.120100250,0,0,1,1,1,1
0.120129250,0,0,1,0,0,0
0.120298417,0,0,1,1,1,1
0.120327458,0,0,1,0,0,0
0.120496583,0,0,1,1,1,1
0.120525583,0,0,1,0,0,0
0.120694792,0,0,1,1,1,1
0.120723792,0,0,1,0,0,0
0.120892958,0,0,1,1,1,1
0.120922000,0,0,1,0,0,0
0.121091125,0,0,1,1,1,1
0.121120125,0,0,1,0,0,0
0.121289292,0,0,1,1,1,1
0.121318292,0,0,1,0,0,0
0.121487458,0,0,1,1,1,1
0.121516458,0,0,1,0,0,0
0.121685625,0,0,1,1,1,1
0.121714625,0,0,1,0,0,0
0.121883792,0,0,1,1,1,1
0.121912792,0,0,1,0,0,0
0.122081917,0,0,1,1,1,1
0.122110958,0,0,1,0,0,0
0.122280125,0,0,1,1,1,1
0.122309167,0,0,1,0,0,0
0.122478333,0,0,1,1,1,1
0.122507333,0,0,1,0,0,0
0.122676500,0,0,1,1,1,1
0.122705542,0,0,1,0,0,0
0.122874667,0,0,1,1,1,1
0.122903667,0,0,1,0,0,0
0.123072792,0,0,1,1,1,1
0.123101833,0,0,1,0,0,0
0.123270958,0,0,1,1,1,1
0.123299958,0,0,1,0,0,0
0.123469083,0,0,1,1,1,1
0.123498083,0,0,1,0,0,0
0.123667167,0,0,1,1,1,1
0.123696208,0,0,1,0,0,0
0.123865292,0,0,1,1,1,1
0.123894333,0,0,1,0,0,0
0.124063458,0,0,1,1,1,1
0.124092458,0,0,1,0,0,0
0.124261583,0,0,1,1,1,1
0.124290583,0,0,1,0,0,0
0.124459667,0,0,1,1,1,1
0.124488708,0,0,1,0,0,0
0.124657792,0,0,1,1,1,1
0.124686792,0,0,1,1,0,1
0.124686833,0,0,1,0,0,0
0.124855917,0,0,1,1,1,1
0.124884958,0,0,1,0,0,0
0.125054083,0,0,1,1,1,1
0.125083125,0,0,1,0,0,0
0.125252292,0,0,1,1,1,1
0.125281292,0,0,1,0,0,0
0.125450458,0,0,1,1,1,1
0.125479458,0,0,1,0,0,0
0.125648625,0,0,1,1,1,1
0.125677625,0,0,1,1,0,1
0.125677667,0,0,1,0,0,0
0.125846833,0,0,1,1,1,1
0.125875833,0,0,1,0,0,0
0.126044958,0,0,1,1,1,1
0.126073958,0,0,1,1,0,0
0.126074000,0,0,1,0,0,0
0.126243083,0,0,1,1,1,1
0.126272125,0,0,1,0,0,0
0.126441250,0,0,1,1,1,1
0.126470292,0,0,1,0,0,0
0.126639417,0,0,1,1,1,1
0.126668417,0,0,1,0,0,0
0.126837583,0,0,1,1,1,1
0.126866583,0,0,1,0,0,0
0.127035750,0,0,1,1,1,1
0.127064792,0,0,1,0,0,0
0.127233917,0,0,1,1,1,1
0.127262958,0,0,1,0,0,0
0.127432083,0,0,1,1,1,1
0.127461125,0,0,1,0,0,0
0.127630250,0,0,1,1,1,1
0.127659292,0,0,1,0,0,0
0.127828417,0,0,1,1,1,1
0.127857458,0,0,1,0,0,0
0.128026583,0,0,1,1,1,1
0.128055625,0,0,1,0,0,0
0.128224792,0,0,1,1,1,1
0.128253792,0,0,1,0,0,0
0.128422917,0,0,1,1,1,1
0.128451958,0,0,1,0,0,0
0.128621083,0,0,1,1,1,1
0.128650125,0,0,1,0,0,0
0.128819250,0,0,1,1,1,1
0.128848292,0,0,1,0,0,0
0.129017375,0,0,1,1,1,1
0.129046417,0,0,1,0,0,0
0.129215500,0,0,1,1,1,1
0.129244542,0,0,1,0,0,0
0.129413667,0,0,1,1,1,1
0.129442708,0,0,1,0,0,0
0.129611833,0,0,1,1,1,1
0.129640833,0,0,1,0,0,0
0.129809958,0,0,1,1,1,1
0.129839000,0,0,1,0,0,0
0.130008083,0,0,1,1,1,1
0.130037125,0,0,1,0,0,0
0.130206250,0,0,1,1,1,1
0.130235250,0,0,1,0,0,0
0.130404375,0,0,1,1,1,1
0.130433417,0,0,1,0,0,0
0.130602500,0,0,1,1,1,1
0.130631500,0,0,1,0,0,0
0.130800583,0,0,1,1,1,1
0.130829583,0,0,1,0,0,0
0.130998708,0,0,1,1,1,1
0.131027708,0,0,1,0,0,0
0.131196792,0,0,1,1,1,1
0.131225833,0,0,1,0,0,0
0.131394917,0,0,1,1,1,1
0.131423958,0,0,1,0,0,0
0.131593042,0,0,1,1,1,1
0.131622042,0,0,1,0,0,0
0.131791125,0,0,1,0,1,1
0.131791167,0,0,1,1,1,1
0.131820167,0,0,1,0,0,0
0.131989208,0,0,1,1,1,1
0.132018250,0,0,1,0,0,0
0.132187333,0,0,1,1,1,1
0.132216333,0,0,1,0,0,0
0.132385458,0,0,1,1,1,1
0.132414500,0,0,1,0,0,0
0.132583583,0,0,1,1,1,1
0.132612625,0,0,1,0,0,0
0.132781708,0,0,1,1,1,1
0.132810750,0,0,1,0,0,0
0.132979833,0,0,1,1,1,1
0.133008875,0,0,1,0,0,0
0.133177958,0,0,1,1,1,1
0.133207000,0,0,1,0,0,0
0.133376125,0,0,1,1,1,1
0.133405125,0,0,1,0,0,0
0.133574208,0,0,1,0,1,0
0.133574250,0,0,1,1,1,1
0.133603250,0,0,1,0,0,0
0.133772375,0,0,1,1,1,1
0.133801417,0,0,1,0,0,0
0.133970542,0,0,1,1,1,1
0.133999542,0,0,1,0,0,0
0.134168667,0,0,1,1,1,1
0.134197708,0,0,1,0,0,0
0.134366875,0,0,1,1,1,1
0.134395875,0,0,1,0,0,0
0.134565042,0,0,1,1,1,1
0.134594042,0,0,1,0,0,0
0.134763208,0,0,1,1,1,1
0.134792250,0,0,1,0,0,0
0.134961375,0,0,1,1,1,1
0.134990417,0,0,1,0,0,0
0.135159542,0,0,1,1,1,1
0.135188583,0,0,1,0,0,0
0.135357750,0,0,1,1,1,1
0.135386750,0,0,1,0,0,0
0.135555917,0,0,1,1,1,1
0.135584917,0,0,1,0,0,0
0.135754083,0,0,1,1,1,1
0.135783125,0,0,1,0,0,0
0.135952250,0,0,1,1,1,1
0.135981292,0,0,1,0,0,0
0.136150458,0,0,1,1,1,1
0.136179500,0,0,1,0,0,0
0.136348625,0,0,1,1,1,1
0.136377625,0,0,1,0,0,0
0.136546750,0,0,1,1,1,1
0.136575750,0,0,1,0,0,0
0.136744875,0,0,1,0,1,1
0.136744917,0,0,1,1,1,1
0.136773917,0,0,1,0,0,0
0.136943083,0,0,1,1,1,1
0.136972083,0,0,1,0,0,0
0.137141250,0,0,1,1,1,1
0.137170250,0,0,1,0,0,0
0.137339375,0,0,1,1,1,1
0.137368375,0,0,1,1,0,1
0.137368417,0,0,1,0,0,0
0.137537458,0,0,1,1,1,1
0.137566500,0,0,1,0,0,0
0.137735583,0,0,1,1,1,1
0.137764625,0,0,1,0,0,0
0.137933708,0,0,1,1,1,1
0.137962708,0,0,1,0,0,0
0.138131833,0,0,1,1,1,1
0.138160875,0,0,1,0,0,0
0.138330000,0,0,1,1,1,1
0.138359000,0,0,1,0,0,0
0.138528083,0,0,1,1,1,1
0.138557125,0,0,1,0,0,0
0.138726208,0,0,1,1,1,1
0.138755250,0,0,1,0,0,0
0.138924375,0,0,1,1,1,1
0.138953375,0,0,1,0,0,0
0.139122500,0,0,1,1,1,1
0.139151500,0,0,1,0,0,0
0.139320667,0,0,1,1,1,1
0.139349667,0,0,1,0,0,0
0.139518833,0,0,1,1,1,1
0.139547833,0,0,1,0,0,0
0.139716958,0,0,1,1,1,1
0.139745958,0,0,1,0,0,0
0.139915125,0,0,1,1,1,1
0.139944125,0,0,1,0,0,0
0.140113250,0,0,1,1,1,1
0.140142292,0,0,1,0,0,0
0.140311375,0,0,1,1,1,1
0.140340417,0,0,1,0,0,0
0.140509542,0,0,1,1,1,1
0.140538542,0,0,1,0,0,0
0.140707708,0,0,1,1,1,1
0.140736708,0,0,1,0,0,0
0.140905875,0,0,1,1,1,1
0.140934917,0,0,1,0,0,0
0.141104042,0,0,1,1,1,1
0.141133083,0,0,1,0,0,0
0.141302250,0,0,1,1,1,1
0.141331292,0,0,1,0,0,0
0.141500417,0,0,1,1,1,1
0.141529458,0,0,1,0,0,0
0.141698583,0,0,1,1,1,1
0.141727625,0,0,1,0,0,0
0.141896750,0,0,1,1,1,1
0.141925792,0,0,1,0,0,0
0.142094917,0,0,1,1,1,1
0.142123958,0,0,1,0,0,0
0.142293083,0,0,1,1,1,1
0.142322083,0,0,1,0,0,0
0.142491250,0,0,1,1,1,1
0.142520250,0,0,1,0,0,0
0.142689417,0,0,1,1,1,1
0.142718417,0,0,1,0,0,0
0.142887583,0,0,1,1,1,1
0.142916583,0,0,1,0,0,0
0.143085750,0,0,1,1,1,1
0.143114750,0,0,1,1,0,0
0.143114792,0,0,1,0,0,0
0.143283875,0,0,1,1,1,1
0.143312917,0,0,1,0,0,0
0.143482042,0,0,1,1,1,1
0.143511083,0,0,1,0,0,0
0.143680250,0,0,1,1,1,1
0.143709250,0,0,1,0,0,0
0.143878417,0,0,1,1,1,1
0.143907458,0,0,1,0,0,0
0.144076625,0,0,1,1,1,1
0.144105667,0,0,1,0,0,0
0.144274792,0,0,1,1,1,1
0.144303792,0,0,1,1,0,0
0.144303833,0,0,1,0,0,0
0.144472958,0,0,1,1,1,1
0.144502000,0,0,1,0,0,0
0.144671125,0,0,1,1,1,1
0.144700167,0,0,1,0,0,0
0.144869333,0,0,1,1,1,1
0.144898375,0,0,1,0,0,0
0.145067500,0,0,1,1,1,1
0.145096542,0,0,1,0,0,0
0.145265667,0,0,1,1,1,1
0.145294708,0,0,1,0,0,0
0.145463875,0,0,1,1,1,1
0.145492875,0,0,1,0,0,0
0.145662000,0,0,1,1,1,1
0.145691000,0,0,1,0,0,0
0.145860125,0,0,1,1,1,1
0.145889125,0,0,1,1,0,0
0.145889167,0,0,1,0,0,0
0.146058292,0,0,1,0,1,1
0.146058333,0,0,1,1,1,1
0.146087333,0,0,1,0,0,0
0.146256500,0,0,1,1,1,1
0.146285500,0,0,1,0,0,0
0.146454667,0,0,1,1,1,1
0.146483667,0,0,1,0,0,0
0.146652833,0,0,1,1,1,1
0.146681833,0,0,1,0,0,0
0.146850958,0,0,1,1,1,1
0.146880000,0,0,1,0,0,0
0.147049125,0,0,1,1,1,1
0.147078167,0,0,1,0,0,0
0.147247292,0,0,1,1,1,1
0.147276333,0,0,1,0,0,0
0.147445417,0,0,1,0,1,1
0.147445458,0,0,1,1,1,1
0.147474458,0,0,1,0,0,0
0.147643583,0,0,1,1,1,1
0.147672625,0,0,1,0,0,0
0.147841750,0,0,1,1,1,1
0.147870792,0,0,1,0,0,0
0.148039958,0,0,1,1,1,1
0.148068958,0,0,1,0,0,0
0.148238125,0,0,1,1,1,1
0.148267167,0,0,1,0,0,0
0.148436333,0,0,1,1,1,1
0.148465333,0,0,1,0,0,0
0.148634542,0,0,1,1,1,1
0.148663583,0,0,1,0,0,0
0.148832750,0,0,1,1,1,1
0.148861792,0,0,1,0,0,0
0.149031000,0,0,1,1,1,1
0.149060042,0,0,1,0,0,0
0.149229208,0,0,1,1,1,1
0.149258208,0,0,1,1,0,1
0.149258250,0,0,1,0,0,0
0.149427375,0,0,1,1,1,1
0.149456417,0,0,1,0,0,0
0.149625583,0,0,1,1,1,1
0.149654583,0,0,1,0,0,0
0.149823750,0,0,1,1,1,1
0.149852792,0,0,1,0,0,0
0.150022000,0,0,1,1,1,1
0.150051000,0,0,1,0,0,0
0.150220167,0,0,1,1,1,1
0.150249208,0,0,1,0,0,0
0.150418417,0,0,1,1,1,1
0.150447458,0,0,1,0,0,0
0.150616625,0,0,1,1,1,1
0.150645625,0,0,1,0,0,0
0.150814792,0,0,1,1,1,1
0.150843792,0,0,1,0,0,0
0.151012958,0,0,1,1,1,1
0.151041958,0,0,1,0,0,0
0.151211083,0,0,1,1,1,1
0.151240125,0,0,1,0,0,0
0.151409250,0,0,1,1,1,1
0.151438250,0,0,1,0,0,0
0.151607417,0,0,1,1,1,1
0.151636417,0,0,1,0,0,0
0.151805583,0,0,1,1,1,1
0.151834625,0,0,1,0,0,0
0.152003750,0,0,1,1,1,1
0.152032792,0,0,1,0,0,0
0.152201958,0,0,1,1,1,1
0.152230958,0,0,1,0,0,0
0.152400125,0,0,1,1,1,1
0.152429125,0,0,1,0,0,0
0.152598292,0,0,1,1,1,1
0.152627292,0,0,1,0,0,0
0.152796417,0,0,1,1,1,1
0.152825458,0,0,1,0,0,0
0.152994625,0,0,1,1,1,1
0.153023667,0,0,1,0,0,0
0.153192833,0,0,1,1,1,1
0.153221833,0,0,1,0,0,0
0.153391000,0,0,1,1,1,1
0.153420042,0,0,1,0,0,0
0.153589167,0,0,1,1,1,1
0.153618208,0,0,1,0,0,0
0.153787333,0,0,1,1,1,1
0.153816375,0,0,1,0,0,0
0.153985500,0,0,1,1,1,1
0.154014500,0,0,1,0,0,0
0.154183667,0,0,1,1,1,1
0.154212667,0,0,1,0,0,0
0.154381833,0,0,1,1,1,1
0.154410833,0,0,1,0,0,0
0.154580000,0,0,1,1,1,1
0.154609042,0,0,1,0,0,0
0.154778167,0,0,1,1,1,1
0.154807208,0,0,1,0,0,0
0.154976375,0,0,1,1,1,1
0.155005375,0,0,1,0,0,0
0.155174542,0,0,1,1,1,1
0.155203583,0,0,1,0,0,0
0.155372708,0,0,1,1,1,1
0.155401750,0,0,1,0,0,0
0.155570875,0,0,1,1,1,1
0.155599917,0,0,1,0,0,0
0.155769042,0,0,1,1,1,1
0.155798083,0,0,1,0,0,0
0.155967250,0,0,1,1,1,1
0.155996292,0,0,1,0,0,0
0.156165417,0,0,1,1,1,1
0.156194417,0,0,1,0,0,0
0.156363583,0,0,1,1,1,1
0.156392625,0,0,1,0,0,0
0.156561792,0,0,1,1,1,1
0.156590792,0,0,1,0,0,0
0.156759958,0,0,1,1,1,1
0.156788958,0,0,1,0,0,0
0.156958125,0,0,1,1,1,1
0.156987125,0,0,1,0,0,0
0.157156292,0,0,1,1,1,1
0.157185333,0,0,1,0,0,0
0.157354500,0,0,1,1,1,1
0.157383542,0,0,1,0,0,0
0.157552708,0,0,1,1,1,1
0.157581750,0,0,1,0,0,0
0.157750875,0,0,1,1,1,1
0.157779917,0,0,1,0,0,0
0.157949083,0,0,1,1,1,1
0.157978083,0,0,1,0,0,0
0.158147292,0,0,1,1,1,1
0.158176333,0,0,1,0,0,0
0.158345500,0,0,1,1,1,1
0.158374542,0,0,1,0,0,0
0.158543667,0,0,1,1,1,1
0.158572708,0,0,1,0,0,0
0.158741833,0,0,1,1,1,1
0.158770875,0,0,1,0,0,0
0.158940000,0,0,1,1,1,1
0.158969042,0,0,1,0,0,0
0.159138208,0,0,1,1,1,1
0.159167250,0,0,1,0,0,0
0.159336375,0,0,1,1,1,1
0.159365375,0,0,1,0,0,0
0.159534583,0,0,1,1,1,1
0.159563583,0,0,1,0,0,0
0.159732792,0,0,1,1,1,1
0.159761792,0,0,1,0,0,0
0.159930958,0,0,1,1,1,1
0.159960000,0,0,1,0,0,0
0.160129125,0,0,1,1,1,1
0.160158125,0,0,1,0,0,0
0.160327250,0,0,1,1,1,1
0.160356292,0,0,1,0,0,0
0.160525417,0,0,1,1,1,1
0.160554417,0,0,1,0,0,0
0.160723583,0,0,1,1,1,1
0.160752583,0,0,1,0,0,0
0.160921750,0,0,1,1,1,1
0.160950792,0,0,1,0,0,0
0.161119958,0,0,1,0,1,0
0.161120000,0,0,1,1,1,1
0.161149000,0,0,1,0,0,0
0.161318167,0,0,1,1,1,1
0.161347208,0,0,1,0,0,0
0.161516375,0,0,1,1,1,1
0.161545375,0,0,1,0,0,0
0.161714583,0,0,1,1,1,1
0.161743625,0,0,1,0,0,0
0.161912792,0,0,1,1,1,1
0.161941833,0,0,1,0,0,0
0.162111000,0,0,1,1,1,1
0.162140042,0,0,1,0,0,0
0.162309208,0,0,1,1,1,1
0.162338250,0,0,1,0,0,0
0.162507417,0,0,1,1,1,1
0.162536458,0,0,1,0,0,0
0.162705625,0,0,1,1,1,1
0.162734667,0,0,1,0,0,0
0.162903792,0,0,1,0,1,1
0.162903833,0,0,1,1,1,1
0.162932833,0,0,1,0,0,0
0.163101958,0,0,1,1,1,1
0.163131000,0,0,1,0,0,0
0.163300125,0,0,1,1,1,1
0.163329167,0,0,1,0,0,0
0.163498292,0,0,1,1,1,1
0.163527292,0,0,1,1,0,1
0.163527333,0,0,1,0,0,0
0.163696458,0,0,1,1,1,1
0.163725500,0,0,1,0,0,0
0.163894667,0,0,1,1,1,1
0.163923708,0,0,1,0,0,0
0.164092917,0,0,1,1,1,1
0.164121917,0,0,1,0,0,0
0.164291083,0,0,1,1,1,1
0.164320083,0,0,1,0,0,0
0.164489208,0,0,1,1,1,1
0.164518250,0,0,1,0,0,0
0.164687375,0,0,1,1,1,1
0.164716417,0,0,1,0,0,0
0.164885583,0,0,1,1,1,1
0.164914625,0,0,1,0,0,0
0.165083792,0,0,1,1,1,1
0.165112792,0,0,1,1,0,1
0.165112833,0,0,1,0,0,0
0.165281958,0,0,1,1,1,1
0.165311000,0,0,1,0,0,0
0.165480125,0,0,1,1,1,1
0.165509167,0,0,1,0,0,0
0.165678292,0,0,1,1,1,1
0.165707333,0,0,1,0,0,0
0.165876458,0,0,1,0,1,0
0.165876500,0,0,1,1,1,1
0.165905500,0,0,1,0,0,0
0.166074625,0,0,1,1,1,1
0.166103667,0,0,1,0,0,0
0.166272792,0,0,1,1,1,1
0.166301833,0,0,1,0,0,0
0.166470958,0,0,1,1,1,1
0.166500000,0,0,1,0,0,0
0.166669125,0,0,1,1,1,1
0.166698125,0,0,1,0,0,0
0.166867250,0,0,1,1,1,1
0.166896292,0,0,1,0,0,0
0.167065375,0,0,1,1,1,1
0.167094375,0,0,1,0,0,0
0.167263500,0,0,1,1,1,1
0.167292542,0,0,1,0,0,0
0.167461625,0,0,1,1,1,1
0.167490625,0,0,1,0,0,0
0.167659792,0,0,1,1,1,1
0.167688792,0,0,1,0,0,0
0.167857917,0,0,1,1,1,1
0.167886917,0,0,1,0,0,0
0.168056042,0,0,1,1,1,1
0.168085083,0,0,1,0,0,0
0.168254208,0,0,1,1,1,1
0.168283208,0,0,1,0,0,0
0.168452333,0,0,1,1,1,1
0.168481333,0,0,1,0,0,0
0.168650500,0,0,1,1,1,1
0.168679500,0,0,1,0,0,0
0.168848667,0,0,1,1,1,1
0.168877708,0,0,1,0,0,0
0.169046833,0,0,1,1,1,1
0.169075875,0,0,1,0,0,0
0.169245083,0,0,1,1,1,1
0.169274083,0,0,1,0,0,0
0.169443250,0,0,1,1,1,1
0.169472292,0,0,1,0,0,0
0.169641458,0,0,1,1,1,1
0.169670500,0,0,1,0,0,0
0.169839667,0,0,1,1,1,1
0.169868667,0,0,1,0,0,0
0.170037833,0,0,1,1,1,1
0.170066833,0,0,1,1,0,0
0.170066875,0,0,1,0,0,0
0.170236000,0,0,1,1,1,1
0.170265042,0,0,1,0,0,0
0.170434208,0,0,1,1,1,1
0.170463208,0,0,1,0,0,0
0.170632375,0,0,1,1,1,1
0.170661417,0,0,1,0,0,0
0.170830542,0,0,1,1,1,1
0.170859583,0,0,1,0,0,0
0.171028708,0,0,1,1,1,1
0.171057750,0,0,1,0,0,0
0.171226917,0,0,1,1,1,1
0.171255958,0,0,1,0,0,0
0.171425125,0,0,1,1,1,1
0.171454167,0,0,1,0,0,0
0.171623292,0,0,1,1,1,1
0.171652292,0,0,1,0,0,0
0.171821417,0,0,1,1,1,1
0.171850458,0,0,1,0,0,0
0.172019583,0,0,1,1,1,1
0.172048583,0,0,1,0,0,0
0.172217708,0,0,1,1,1,1
0.172246708,0,0,1,0,0,0
0.172415875,0,0,1,1,1,1
0.172444875,0,0,1,0,0,0
0.172614042,0,0,1,1,1,1
0.172643042,0,0,1,0,0,0
0.172812208,0,0,1,1,1,1
0.172841250,0,0,1,0,0,0
0.173010375,0,0,1,1,1,1
0.173039417,0,0,1,0,0,0
0.173208583,0,0,1,1,1,1
0.173237625,0,0,1,0,0,0
0.173406750,0,0,1,1,1,1
0.173435792,0,0,1,0,0,0
0.173604958,0,0,1,1,1,1
0.173633958,0,0,1,0,0,0
0.173803125,0,0,1,1,1,1
0.173832167,0,0,1,0,0,0
0.174001292,0,0,1,1,1,1
0.174030333,0,0,1,0,0,0
0.174199500,0,0,1,1,1,1
0.174228542,0,0,1,0,0,0
0.174397708,0,0,1,1,1,1
0.174426708,0,0,1,0,0,0
0.174595833,0,0,1,1,1,1
0.174624875,0,0,1,0,0,0
0.174794000,0,0,1,1,1,1
0.174823042,0,0,1,0,0,0
0.174992208,0,0,1,1,1,1
0.175021208,0,0,1,0,0,0
0.175190375,0,0,1,1,1,1
0.175219417,0,0,1,0,0,0
0.175388500,0,0,1,1,1,1
0.175417542,0,0,1,0,0,0
0.175586708,0,0,1,1,1,1
0.175615708,0,0,1,0,0,0
0.175784833,0,0,1,1,1,1
0.175813875,0,0,1,0,0,0
0.175983000,0,0,1,1,1,1
0.176012000,0,0,1,0,0,0
0.176181125,0,0,1,1,1,1
0.176210125,0,0,1,1,0,0
0.176210167,0,0,1,0,0,0
0.176379250,0,0,1,1,1,1
0.176408292,0,0,1,0,0,0
0.176577458,0,0,1,1,1,1
0.176606458,0,0,1,0,0,0
0.176775625,0,0,1,1,1,1
0.176804625,0,0,1,0,0,0
0.176973708,0,0,1,1,1,1
0.177002750,0,0,1,0,0,0
0.177171875,0,0,1,1,1,1
0.177200875,0,0,1,0,0,0
0.177370000,0,0,1,1,1,1
0.177399042,0,0,1,0,0,0
0.177568167,0,0,1,1,1,1
0.177597208,0,0,1,0,0,0
0.177766333,0,0,1,1,1,1
0.177795333,0,0,1,0,0,0
0.177964458,0,0,1,1,1,1
0.177993500,0,0,1,0,0,0
0.178162667,0,0,1,1,1,1
0.178191667,0,0,1,0,0,0
0.178360833,0,0,1,1,1,1
0.178389833,0,0,1,0,0,0
0.178559000,0,0,1,1,1,1
0.178588000,0,0,1,0,0,0
0.178757125,0,0,1,1,1,1
0.178786167,0,0,1,0,0,0
0.178955292,0,0,1,1,1,1
0.178984292,0,0,1,0,0,0
0.179153417,0,0,1,1,1,1
0.179182458,0,0,1,0,0,0
0.179351542,0,0,1,1,1,1
0.179380583,0,0,1,0,0,0
0.179549708,0,0,1,1,1,1
0.179578708,0,0,1,0,0,0
0.179747833,0,0,1,1,1,1
0.179776875,0,0,1,0,0,0
0.179946000,0,0,1,1,1,1
0.179975000,0,0,1,0,0,0
0.180144125,0,0,1,1,1,1
0.180173125,0,0,1,0,0,0
0.180342292,0,0,1,1,1,1
0.180371292,0,0,1,0,0,0
0.180540417,0,0,1,1,1,1
0.180569458,0,0,1,0,0,0
0.180738583,0,0,1,1,1,1
0.180767625,0,0,1,0,0,0
0.180936750,0,0,1,1,1,1
0.180965750,0,0,1,0,0,0
0.181134833,0,0,1,1,1,1
0.181163875,0,0,1,0,0,0
0.181333000,0,0,1,1,1,1
0.181362000,0,0,1,0,0,0
0.181531125,0,0,1,1,1,1
0.181560167,0,0,1,0,0,0
0.181729250,0,0,1,1,1,1
0.181758292,0,0,1,0,0,0
0.181927417,0,0,1,1,1,1
0.181956417,0,0,1,1,0,0
0.181956458,0,0,1,0,0,0
0.182125583,0,0,1,1,1,1
0.182154625,0,0,1,0,0,0
0.182323708,0,0,1,1,1,1
0.182352750,0,0,1,0,0,0
0.182521833,0,0,1,1,1,1
0.182550875,0,0,1,0,0,0
0.182720000,0,0,1,1,1,1
0.182749000,0,0,1,0,0,0
0.182918125,0,0,1,1,1,1
0.182947125,0,0,1,0,0,0
0.183116250,0,0,1,1,1,1
0.183145250,0,0,1,0,0,0
0.183314375,0,0,1,1,1,1
0.183343417,0,0,1,0,0,0
0.183512500,0,0,1,1,1,1
0.183541542,0,0,1,0,0,0
0.183710667,0,0,1,1,1,1
0.183739708,0,0,1,0,0,0
0.183908833,0,0,1,1,1,1
0.183937875,0,0,1,0,0,0
0.184107000,0,0,1,1,1,1
0.184136000,0,0,1,0,0,0
0.184305167,0,0,1,1,1,1
0.184334208,0,0,1,0,0,0
0.184503333,0,0,1,1,1,1
0.184532333,0,0,1,0,0,0
0.184701500,0,0,1,1,1,1
0.184730500,0,0,1,0,0,0
0.184899667,0,0,1,1,1,1
0.184928708,0,0,1,0,0,0
0.185097833,0,0,1,1,1,1
0.185126875,0,0,1,0,0,0
0.185296000,0,0,1,1,1,1
0.185325042,0,0,1,0,0,0
0.185494167,0,0,1,1,1,1
0.185523208,0,0,1,0,0,0
0.185692333,0,0,1,1,1,1
0.185721333,0,0,1,0,0,0
0.185890458,0,0,1,0,1,0
0.185890500,0,0,1,1,1,1
0.185919500,0,0,1,0,0,0
0.186088667,0,0,1,1,1,1
0.186117708,0,0,1,0,0,0
0.186286833,0,0,1,1,1,1
0.186315875,0,0,1,0,0,0
0.186485000,0,0,1,1,1,1
0.186514042,0,0,1,0,0,0
0.186683208,0,0,1,1,1,1
0.186712208,0,0,1,0,0,0
0.186881375,0,0,1,1,1,1
0.186910375,0,0,1,0,0,0
0.187079542,0,0,1,1,1,1
0.187108583,0,0,1,0,0,0
0.187277750,0,0,1,1,1,1
0.187306750,0,0,1,0,0,0
0.187475917,0,0,1,1,1,1
0.187504958,0,0,1,0,0,0
0.187674083,0,0,1,1,1,1
0.187703125,0,0,1,0,0,0
0.187872250,0,0,1,1,1,1
0.187901292,0,0,1,0,0,0
0.188070458,0,0,1,1,1,1
0.188099458,0,0,1,0,0,0
0.188268583,0,0,1,1,1,1
0.188297625,0,0,1,0,0,0
0.188466750,0,0,1,1,1,1
0.188495792,0,0,1,0,0,0
0.188664917,0,0,1,1,1,1
0.188693958,0,0,1,0,0,0
0.188863083,0,0,1,1,1,1
0.188892125,0,0,1,0,0,0
0.189061250,0,0,1,1,1,1
0.189090292,0,0,1,0,0,0
0.189259417,0,0,1,1,1,1
0.189288458,0,0,1,0,0,0
0.189457542,0,0,1,1,1,1
0.189486583,0,0,1,0,0,0
0.189655708,0,0,1,1,1,1
0.189684750,0,0,1,0,0,0
0.189853875,0,0,1,1,1,1
0.189882875,0,0,1,0,0,0
0.190052042,0,0,1,1,1,1
0.190081083,0,0,1,0,0,0
0.190250208,0,0,1,1,1,1
0.190279250,0,0,1,0,0,0
0.190448417,0,0,1,1,1,1
0.190477458,0,0,1,0,0,0
0.190646625,0,0,1,1,1,1
0.190675667,0,0,1,0,0,0
0.190844833,0,0,1,1,1,1
0.190873875,0,0,1,0,0,0
0.191043042,0,0,1,1,1,1
0.191072083,0,0,1,0,0,0
0.191241208,0,0,1,1,1,1
0.191270250,0,0,1,0,0,0
0.191439417,0,0,1,1,1,1
0.191468458,0,0,1,0,0,0
0.191637625,0,0,1,1,1,1
0.191666667,0,0,1,0,0,0
0.191835750,0,0,1,1,1,1
0.191864792,0,0,1,0,0,0
0.192033917,0,0,1,1,1,1
0.192062958,0,0,1,0,0,0
0.192232083,0,0,1,1,1,1
0.192261083,0,0,1,0,0,0
0.192430208,0,0,1,1,1,1
0.192459250,0,0,1,0,0,0
0.192628417,0,0,1,1,1,1
0.192657417,0,0,1,0,0,0
0.192826542,0,0,1,1,1,1
0.192855583,0,0,1,0,0,0
0.193024708,0,0,1,1,1,1
0.193053708,0,0,1,0,0,0
0.193222833,0,0,1,1,1,1
0.193251833,0,0,1,0,0,0
0.193421000,0,0,1,1,1,1
0.193450000,0,0,1,0,0,0
0.193619167,0,0,1,1,1,1
0.193648208,0,0,1,0,0,0
0.193817375,0,0,1,1,1,1
0.193846375,0,0,1,0,0,0
0.194015542,0,0,1,1,1,1
0.194044583,0,0,1,0,0,0
0.194213708,0,0,1,1,1,1
0.194242750,0,0,1,0,0,0
0.194411875,0,0,1,1,1,1
0.194440875,0,0,1,0,0,0
0.194610042,0,0,1,1,1,1
0.194639042,0,0,1,0,0,0
0.194808167,0,0,1,1,1,1
0.194837208,0,0,1,0,0,0
0.195006292,0,0,1,1,1,1
0.195035333,0,0,1,0,0,0
0.195204500,0,0,1,1,1,1
0.195233542,0,0,1,0,0,0
0.195402708,0,0,1,1,1,1
0.195431750,0,0,1,0,0,0
0.195600917,0,0,1,1,1,1
0.195629958,0,0,1,0,0,0
0.195799083,0,0,1,1,1,1
0.195828125,0,0,1,0,0,0
0.195997292,0,0,1,1,1,1
0.196026292,0,0,1,0,0,0
0.196195458,0,0,1,1,1,1
0.196224500,0,0,1,0,0,0
0.196393625,0,0,1,1,1,1
0.196422625,0,0,1,0,0,0
0.196591750,0,0,1,1,1,1
0.196620792,0,0,1,0,0,0
0.196789917,0,0,1,1,1,1
0.196818958,0,0,1,0,0,0
0.196988083,0,0,1,1,1,1
0.197017125,0,0,1,0,0,0
0.197186250,0,0,1,1,1,1
0.197215250,0,0,1,0,0,0
0.197384375,0,0,1,1,1,1
0.197413417,0,0,1,0,0,0
0.197582583,0,0,1,1,1,1
0.197611583,0,0,1,0,0,0
0.197780750,0,0,1,1,1,1
0.197809750,0,0,1,0,0,0
0.197978917,0,0,1,0,1,1
0.197978958,0,0,1,1,1,1
0.198007958,0,0,1,0,0,0
0.198177125,0,0,1,1,1,1
0.198206125,0,0,1,0,0,0
0.198375250,0,0,1,1,1,1
0.198404292,0,0,1,0,0,0
0.198573417,0,0,1,1,1,1
0.198602458,0,0,1,0,0,0
0.198771583,0,0,1,1,1,1
0.198800625,0,0,1,0,0,0
0.198969792,0,0,1,1,1,1
0.198998833,0,0,1,0,0,0
0.199167958,0,0,1,1,1,1
0.199197000,0,0,1,0,0,0
0.199366167,0,0,1,1,1,1
0.199395167,0,0,1,0,0,0
0.199564333,0,0,1,1,1,1
0.199593375,0,0,1,0,0,0
0.199762542,0,0,1,1,1,1
0.199791583,0,0,1,0,0,0
0.199960750,0,0,1,1,1,1
0.199989750,0,0,1,0,0,0
0.200158917,0,0,1,1,1,1
0.200187958,0,0,1,0,0,0
0.200357083,0,0,1,1,1,1
0.200386083,0,0,1,0,0,0
0.200555250,0,0,1,1,1,1
0.200584292,0,0,1,0,0,0
0.200753458,0,0,1,1,1,1
0.200782458,0,0,1,0,0,0
0.200951625,0,0,1,1,1,1
0.200980667,0,0,1,0,0,0
0.201149792,0,0,1,1,1,1
0.201178833,0,0,1,0,0,0
0.201348000,0,0,1,1,1,1
0.201377042,0,0,1,0,0,0
0.201546208,0,0,1,1,1,1
0.201575250,0,0,1,0,0,0
0.201744417,0,0,1,1,1,1
0.201773458,0,0,1,0,0,0
0.201942667,0,0,1,1,1,1
0.201971667,0,0,1,0,0,0
0.202140875,0,0,1,1,1,1
0.202169917,0,0,1,0,0,0
0.202339042,0,0,1,0,1,1
0.202339083,0,0,1,1,1,1
0.202368083,0,0,1,0,0,0
0.202537250,0,0,1,1,1,1
0.202566292,0,0,1,0,0,0
0.202735417,0,0,1,1,1,1
0.202764458,0,0,1,0,0,0
0.202933625,0,0,1,1,1,1
0.202962667,0,0,1,0,0,0
0.203131792,0,0,1,1,1,1
0.203160833,0,0,1,0,0,0
0.203330000,0,0,1,1,1,1
0.203359000,0,0,1,0,0,0
0.203528167,0,0,1,1,1,1
0.203557208,0,0,1,0,0,0
0.203726333,0,0,1,1,1,1
0.203755375,0,0,1,0,0,0
0.203924542,0,0,1,1,1,1
0.203953583,0,0,1,0,0,0
0.204122708,0,0,1,1,1,1
0.204151750,0,0,1,0,0,0
0.204320917,0,0,1,1,1,1
0.204349917,0,0,1,0,0,0
0.204519083,0,0,1,1,1,1
0.204548083,0,0,1,0,0,0
0.204717208,0,0,1,0,1,1
0.204717250,0,0,1,1,1,1
0.204746250,0,0,1,0,0,0
0.204915417,0,0,1,1,1,1
0.204944417,0,0,1,0,0,0
0.205113583,0,0,1,1,1,1
0.205142583,0,0,1,0,0,0
0.205311708,0,0,1,1,1,1
0.205340750,0,0,1,0,0,0
0.205509875,0,0,1,1,1,1
0.205538917,0,0,1,0,0,0
0.205708042,0,0,1,1,1,1
0.205737083,0,0,1,0,0,0
0.205906250,0,0,1,1,1,1
0.205935292,0,0,1,0,0,0
0.206104417,0,0,1,1,1,1
0.206133417,0,0,1,0,0,0
0.206302583,0,0,1,1,1,1
0.206331583,0,0,1,1,0,0
0.206331625,0,0,1,0,0,0
0.206500750,0,0,1,1,1,1
0.206529750,0,0,1,0,0,0
0.206698917,0,0,1,1,1,1
0.206727958,0,0,1,0,0,0
0.206897125,0,0,1,1,1,1
0.206926125,0,0,1,0,0,0
0.207095292,0,0,1,1,1,1
0.207124333,0,0,1,0,0,0
0.207293458,0,0,1,1,1,1
0.207322500,0,0,1,0,0,0
0.207491667,0,0,1,1,1,1
0.207520708,0,0,1,0,0,0
0.207689875,0,0,1,1,1,1
0.207718875,0,0,1,0,0,0
0.207888042,0,0,1,1,1,1
0.207917083,0,0,1,0,0,0
0.208086250,0,0,1,1,1,1
0.208115292,0,0,1,0,0,0
0.208284417,0,0,1,1,1,1
0.208313458,0,0,1,0,0,0
0.208482625,0,0,1,1,1,1
0.208511625,0,0,1,0,0,0
0.208680792,0,0,1,1,1,1
0.208709833,0,0,1,0,0,0
0.208879000,0,0,1,1,1,1
0.208908042,0,0,1,0,0,0
0.209077208,0,0,1,1,1,1
0.209106208,0,0,1,0,0,0
0.209275417,0,0,1,1,1,1
0.209304458,0,0,1,0,0,0
0.209473625,0,0,1,1,1,1
0.209502667,0,0,1,0,0,0
0.209671875,0,0,1,1,1,1
0.209700875,0,0,1,0,0,0
0.209870083,0,0,1,1,1,1
0.209899125,0,0,1,0,0,0
0.210068292,0,0,1,1,1,1
0.210097333,0,0,1,0,0,0
0.210266500,0,0,1,1,1,1
0.210295542,0,0,1,0,0,0
0.210464750,0,0,1,1,1,1
0.210493750,0,0,1,0,0,0
0.210662958,0,0,1,1,1,1
0.210691958,0,0,1,0,0,0
0.210861125,0,0,1,1,1,1
0.210890167,0,0,1,0,0,0
0.211059333,0,0,1,1,1,1
0.211088375,0,0,1,0,0,0
0.211257542,0,0,1,1,1,1
0.211286583,0,0,1,0,0,0
0.211455750,0,0,1,1,1,1
0.211484792,0,0,1,0,0,0
0.211653958,0,0,1,1,1,1
0.211683000,0,0,1,0,0,0
0.211852167,0,0,1,1,1,1
0.211881208,0,0,1,0,0,0
0.212050375,0,0,1,1,1,1
0.212079417,0,0,1,0,0,0
0.212248583,0,0,1,1,1,1
0.212277625,0,0,1,0,0,0
0.212446833,0,0,1,1,1,1
0.212475833,0,0,1,0,0,0
0.212645000,0,0,1,1,1,1
0.212674000,0,0,1,0,0,0
0.212843208,0,0,1,1,1,1
0.212872250,0,0,1,0,0,0
0.213041417,0,0,1,1,1,1
0.213070458,0,0,1,0,0,0
0.213239583,0,0,1,1,1,1
0.213268625,0,0,1,0,0,0
0.213437833,0,0,1,1,1,1
0.213466875,0,0,1,0,0,0
0.213636042,0,0,1,0,1,0
0.213636083,0,0,1,1,1,1
0.213665083,0,0,1,0,0,0
0.213834292,0,0,1,1,1,1
0.213863292,0,0,1,0,0,0
0.214032458,0,0,1,1,1,1
0.214061500,0,0,1,0,0,0
0.214230708,0,0,1,1,1,1
0.214259750,0,0,1,0,0,0
0.214428917,0,0,1,1,1,1
0.214457958,0,0,1,0,0,0
0.214627167,0,0,1,1,1,1
0.214656208,0,0,1,0,0,0
0.214825417,0,0,1,1,1,1
0.214854458,0,0,1,0,0,0
0.215023667,0,0,1,1,1,1
0.215052708,0,0,1,0,0,0
0.215221917,0,0,1,1,1,1
0.215250958,0,0,1,0,0,0
0.215420167,0,0,1,1,1,1
0.215449208,0,0,1,0,0,0
0.215618417,0,0,1,1,1,1
0.215647458,0,0,1,0,0,0
0.215816625,0,0,1,0,1,1
0.215816667,0,0,1,1,1,1
0.215845667,0,0,1,0,0,0
0.216014875,0,0,1,1,1,1
0.216043917,0,0,1,0,0,0
0.216213083,0,0,1,1,1,1
0.216242125,0,0,1,0,0,0
0.216411292,0,0,1,1,1,1
0.216440333,0,0,1,0,0,0
0.216609542,0,0,1,1,1,1
0.216638583,0,0,1,0,0,0
0.216807750,0,0,1,1,1,1
0.216836792,0,0,1,0,0,0
0.217006000,0,0,1,1,1,1
0.217035042,0,0,1,0,0,0
0.217204208,0,0,1,1,1,1
0.217233250,0,0,1,0,0,0
0.217402417,0,0,1,1,1,1
0.217431458,0,0,1,0,0,0
0.217600625,0,0,1,1,1,1
0.217629667,0,0,1,0,0,0
0.217798833,0,0,1,1,1,1
0.217827875,0,0,1,0,0,0
0.217997083,0,0,1,1,1,1
0.218026083,0,0,1,0,0,0
0.218195250,0,0,1,1,1,1
0.218224292,0,0,1,0,0,0
0.218393458,0,0,1,1,1,1
0.218422500,0,0,1,0,0,0
0.218591708,0,0,1,1,1,1
0.218620750,0,0,1,0,0,0
0.218789958,0,0,1,1,1,1
0.218819000,0,0,1,0,0,0
0.218988167,0,0,1,1,1,1
0.219017208,0,0,1,0,0,0
0.219186375,0,0,1,1,1,1
0.219215417,0,0,1,0,0,0
0.219384542,0,0,1,1,1,1
0.219413583,0,0,1,0,0,0
0.219582750,0,0,1,1,1,1
0.219611792,0,0,1,0,0,0
0.219781000,0,0,1,1,1,1
0.219810000,0,0,1,0,0,0
0.219979208,0,0,1,1,1,1
0.220008250,0,0,1,0,0,0
0.220177417,0,0,1,1,1,1
0.220206417,0,0,1,0,0,0
0.220375583,0,0,1,1,1,1
0.220404583,0,0,1,0,0,0
0.220573750,0,0,1,1,1,1
0.220602750,0,0,1,0,0,0
0.220771958,0,0,1,1,1,1
0.220801000,0,0,1,0,0,0
0.220970167,0,0,1,1,1,1
0.220999167,0,0,1,0,0,0
0.221168375,0,0,1,1,1,1
0.221197375,0,0,1,1,0,1
0.221197417,0,0,1,0,0,0
0.221366625,0,0,1,1,1,1
0.221395625,0,0,1,1,0,0
0.221395667,0,0,1,0,0,0
0.221564875,0,0,1,1,1,1
0.221593917,0,0,1,0,0,0
0.221763125,0,0,1,1,1,1
0.221792125,0,0,1,0,0,0
0.221961292,0,0,1,0,1,1
0.221961333,0,0,1,1,1,1
0.221990333,0,0,1,0,0,0
0.222159542,0,0,1,1,1,1
0.222188583,0,0,1,0,0,0
0.222357750,0,0,1,1,1,1
0.222386792,0,0,1,0,0,0
0.222555958,0,0,1,1,1,1
0.222585000,0,0,1,0,0,0
0.222754167,0,0,1,1,1,1
0.222783208,0,0,1,0,0,0
0.222952333,0,0,1,1,1,1
0.222981375,0,0,1,0,0,0
0.223150583,0,0,1,1,1,1
0.223179625,0,0,1,0,0,0
0.223348792,0,0,1,1,1,1
0.223377833,0,0,1,0,0,0
0.223547042,0,0,1,1,1,1
0.223576083,0,0,1,0,0,0
0.223745292,0,0,1,1,1,1
0.223774333,0,0,1,0,0,0
0.223943542,0,0,1,1,1,1
0.223972583,0,0,1,0,0,0
0.224141792,0,0,1,1,1,1
0.224170833,0,0,1,0,0,0
0.224340042,0,0,1,1,1,1
0.224369083,0,0,1,0,0,0
0.224538292,0,0,1,1,1,1
0.224567333,0,0,1,0,0,0
0.224736500,0,0,1,1,1,1
0.224765542,0,0,1,0,0,0
0.224934792,0,0,1,1,1,1
0.224963792,0,0,1,0,0,0
0.225133000,0,0,1,1,1,1
0.225162042,0,0,1,0,0,0
0.225331292,0,0,1,1,1,1
0.225360333,0,0,1,0,0,0
0.225529500,0,0,1,1,1,1
0.225558500,0,0,1,0,0,0
0.225727667,0,0,1,1,1,1
0.225756708,0,0,1,0,0,0
0.225925875,0,0,1,1,1,1
0.225954917,0,0,1,0,0,0
0.226124042,0,0,1,1,1,1
0.226153083,0,0,1,0,0,0
0.226322250,0,0,1,1,1,1
0.226351292,0,0,1,0,0,0
0.226520458,0,0,1,1,1,1
0.226549500,0,0,1,0,0,0
0.226718667,0,0,1,1,1,1
0.226747708,0,0,1,0,0,0
0.226916917,0,0,1,1,1,1
0.226945917,0,0,1,0,0,0
0.227115125,0,0,1,1,1,1
0.227144167,0,0,1,0,0,0
0.227313333,0,0,1,1,1,1
0.227342333,0,0,1,0,0,0
0.227511500,0,0,1,1,1,1
0.227540542,0,0,1,0,0,0
0.227709708,0,0,1,0,1,0
0.227709750,0,0,1,1,1,1
0.227738750,0,0,1,0,0,0
0.227907917,0,0,1,1,1,1
0.227936958,0,0,1,0,0,0
0.228106125,0,0,1,1,1,1
0.228135167,0,0,1,0,0,0
0.228304292,0,0,1,1,1,1
0.228333333,0,0,1,0,0,0
0.228502500,0,0,1,1,1,1
0.228531542,0,0,1,0,0,0
0.228700708,0,0,1,1,1,1
0.228729750,0,0,1,0,0,0
0.228898917,0,0,1,1,1,1
0.228927917,0,0,1,0,0,0
0.229097083,0,0,1,1,1,1
0.229126125,0,0,1,0,0,0
0.229295292,0,0,1,1,1,1
0.229324333,0,0,1,0,0,0
0.229493500,0,0,1,1,1,1
0.229522542,0,0,1,0,0,0
0.229691792,0,0,1,1,1,1
0.229720833,0,0,1,0,0,0
0.229890042,0,0,1,1,1,1
0.229919083,0,0,1,0,0,0
0.230088292,0,0,1,1,1,1
0.230117333,0,0,1,0,0,0
0.230286542,0,0,1,1,1,1
0.230315583,0,0,1,0,0,0
0.230484750,0,0,1,1,1,1
0.230513792,0,0,1,0,0,0
0.230683000,0,0,1,1,1,1
0.230712042,0,0,1,0,0,0
0.230881208,0,0,1,0,1,1
0.230881250,0,0,1,1,1,1
0.230910250,0,0,1,0,0,0
0.231079458,0,0,1,1,1,1
0.231108500,0,0,1,0,0,0
0.231277708,0,0,1,1,1,1
0.231306708,0,0,1,0,0,0
0.231475917,0,0,1,1,1,1
0.231504958,0,0,1,0,0,0
0.231674125,0,0,1,1,1,1
0.231703167,0,0,1,0,0,0
0.231872333,0,0,1,1,1,1
0.231901375,0,0,1,0,0,0
0.232070542,0,0,1,1,1,1
0.232099583,0,0,1,0,0,0
0.232268792,0,0,1,1,1,1
0.232297833,0,0,1,0,0,0
0.232467042,0,0,1,1,1,1
0.232496083,0,0,1,0,0,0
0.232665292,0,0,1,1,1,1
0.232694333,0,0,1,0,0,0
0.232863542,0,0,1,1,1,1
0.232892583,0,0,1,0,0,0
0.233061750,0,0,1,1,1,1
0.233090792,0,0,1,0,0,0
0.233260000,0,0,1,1,1,1
0.233289042,0,0,1,0,0,0
0.233458250,0,0,1,1,1,1
0.233487292,0,0,1,0,0,0
0.233656542,0,0,1,1,1,1
0.233685583,0,0,1,0,0,0
0.233854833,0,0,1,1,1,1
0.233883875,0,0,1,0,0,0
0.234053042,0,0,1,1,1,1
0.234082083,0,0,1,0,0,0
0.234251292,0,0,1,1,1,1
0.234280333,0,0,1,0,0,0
0.234449542,0,0,1,1,1,1
0.234478583,0,0,1,0,0,0
0.234647833,0,0,1,1,1,1
0.234676875,0,0,1,0,0,0
0.234846083,0,0,1,1,1,1
0.234875125,0,0,1,0,0,0
0.235044292,0,0,1,1,1,1
0.235073333,0,0,1,0,0,0
0.235242542,0,0,1,1,1,1
0.235271583,0,0,1,0,0,0
0.235440792,0,0,1,1,1,1
0.235469833,0,0,1,0,0,0
0.235639000,0,0,1,1,1,1
0.235668042,0,0,1,0,0,0
0.235837250,0,0,1,1,1,1
0.235866292,0,0,1,0,0,0
0.236035500,0,0,1,1,1,1
0.236064542,0,0,1,0,0,0
0.236233750,0,0,1,1,1,1
0.236262792,0,0,1,0,0,0
0.236431958,0,0,1,1,1,1
0.236461000,0,0,1,0,0,0
0.236630208,0,0,1,1,1,1
0.236659250,0,0,1,0,0,0
0.236828417,0,0,1,1,1,1
0.236857458,0,0,1,0,0,0
0.237026667,0,0,1,1,1,1
0.237055708,0,0,1,0,0,0
0.237224875,0,0,1,1,1,1
0.237253917,0,0,1,0,0,0
0.237423125,0,0,1,1,1,1
0.237452167,0,0,1,0,0,0
0.237621375,0,0,1,1,1,1
0.237650417,0,0,1,0,0,0
0.237819625,0,0,1,1,1,1
0.237848667,0,0,1,0,0,0
0.238017875,0,0,1,1,1,1
0.238046917,0,0,1,0,0,0
0.238216167,0,0,1,1,1,1
0.238245208,0,0,1,0,0,0
0.238414458,0,0,1,1,1,1
0.238443500,0,0,1,0,0,0
0.238612708,0,0,1,1,1,1
0.238641750,0,0,1,0,0,0
0.238810958,0,0,1,1,1,1
0.238840000,0,0,1,0,0,0
0.239009208,0,0,1,1,1,1
0.239038250,0,0,1,0,0,0
0.239207458,0,0,1,1,1,1
0.239236500,0,0,1,0,0,0
0.239405667,0,0,1,1,1,1
0.239434708,0,0,1,0,0,0
0.239603917,0,0,1,1,1,1
0.239632917,0,0,1,0,0,0
0.239802125,0,0,1,1,1,1
0.239831167,0,0,1,0,0,0
0.240000375,0,0,1,1,1,1
0.240029417,0,0,1,0,0,0
0.240198625,0,0,1,1,1,1
0.240227625,0,0,1,1,0,0
0.240227667,0,0,1,0,0,0
0.240396833,0,0,1,1,1,1
0.240425833,0,0,1,0,0,0
0.240595000,0,0,1,1,1,1
0.240624042,0,0,1,0,0,0
0.240793250,0,0,1,1,1,1
0.240822250,0,0,1,0,0,0
0.240991458,0,0,1,1,1,1
0.241020500,0,0,1,0,0,0
0.241189667,0,0,1,1,1,1
0.241218667,0,0,1,0,0,0
0.241387833,0,0,1,1,1,1
0.241416875,0,0,1,0,0,0
0.241586000,0,0,1,1,1,1
0.241615042,0,0,1,0,0,0
0.241784250,0,0,1,1,1,1
0.241813292,0,0,1,0,0,0
0.241982458,0,0,1,1,1,1
0.242011500,0,0,1,0,0,0
0.242180667,0,0,1,1,1,1
0.242209708,0,0,1,0,0,0
0.242378875,0,0,1,1,1,1
0.242407917,0,0,1,0,0,0
0.242577125,0,0,1,1,1,1
0.242606125,0,0,1,0,0,0
0.242775333,0,0,1,1,1,1
0.242804333,0,0,1,0,0,0
0.242973542,0,0,1,1,1,1
0.243002583,0,0,1,0,0,0
0.243171792,0,0,1,1,1,1
0.243200792,0,0,1,1,0,0
0.243200833,0,0,1,0,0,0
0.243370000,0,0,1,1,1,1
0.243399042,0,0,1,0,0,0
0.243568208,0,0,1,1,1,1
0.243597250,0,0,1,0,0,0
0.243766417,0,0,1,1,1,1
0.243795458,0,0,1,0,0,0
0.243964625,0,0,1,1,1,1
0.243993667,0,0,1,0,0,0
0.244162833,0,0,1,1,1,1
0.244191875,0,0,1,0,0,0
0.244361125,0,0,1,1,1,1
0.244390167,0,0,1,0,0,0
0.244559333,0,0,1,1,1,1
0.244588375,0,0,1,0,0,0
0.244757625,0,0,1,1,1,1
0.244786667,0,0,1,0,0,0
0.244955833,0,0,1,1,1,1
0.244984875,0,0,1,0,0,0
0.245154083,0,0,1,1,1,1
0.245183167,0,0,1,0,0,0
0.245352333,0,0,1,1,1,1
0.245381375,0,0,1,0,0,0
0.245550583,0,0,1,1,1,1
0.245579625,0,0,1,0,0,0
0.245748833,0,0,1,1,1,1
0.245777875,0,0,1,0,0,0
0.245947083,0,0,1,1,1,1
0.245976125,0,0,1,0,0,0
0.246145333,0,0,1,1,1,1
0.246174375,0,0,1,0,0,0
0.246343625,0,0,1,1,1,1
0.246372625,0,0,1,0,0,0
0.246541875,0,0,1,1,1,1
0.246570875,0,0,1,0,0,0
0.246740125,0,0,1,1,1,1
0.246769167,0,0,1,0,0,0
0.246938417,0,0,1,1,1,1
0.246967417,0,0,1,0,0,0
0.247136625,0,0,1,1,1,1
0.247165667,0,0,1,0,0,0
0.247334875,0,0,1,1,1,1
0.247363917,0,0,1,0,0,0
0.247533167,0,0,1,1,1,1
0.247562208,0,0,1,0,0,0
0.247731417,0,0,1,1,1,1
0.247760417,0,0,1,0,0,0
0.247929667,0,0,1,1,1,1
0.247958708,0,0,1,0,0,0
0.248127917,0,0,1,1,1,1
0.248156958,0,0,1,0,0,0
0.248326208,0,0,1,1,1,1
0.248355250,0,0,1,0,0,0
0.248524458,0,0,1,0,1,0
0.248524500,0,0,1,1,1,1
0.248553542,0,0,1,0,0,0
0.248722792,0,0,1,1,1,1
0.248751833,0,0,1,0,0,0
0.248921083,0,0,1,1,1,1
0.248950125,0,0,1,0,0,0
0.249119333,0,0,1,1,1,1
0.249148375,0,0,1,0,0,0
0.249317583,0,0,1,1,1,1
0.249346625,0,0,1,0,0,0
0.249515833,0,0,1,1,1,1
0.249544875,0,0,1,0,0,0
0.249714125,0,0,1,1,1,1
0.249743167,0,0,1,0,0,0
0.249912417,0,0,1,1,1,1
0.249941458,0,0,1,0,0,0
0.250110750,0,0,1,1,1,1
0.250139792,0,0,1,0,0,0
0.250309042,0,0,1,1,1,1
0.250338125,0,0,1,0,0,0
0.250507333,0,0,1,1,1,1
0.250536375,0,0,1,0,0,0
0.250705625,0,0,1,1,1,1
0.250734667,0,0,1,0,0,0
0.250903917,0,0,1,1,1,1
0.250933000,0,0,1,0,0,0
0.251102208,0,0,1,0,1,0
0.251102250,0,0,1,1,1,1
0.251131292,0,0,1,0,0,0
0.251300542,0,0,1,1,1,1
0.251329583,0,0,1,0,0,0
0.251498833,0,0,1,1,1,1
0.251527875,0,0,1,1,0,0
0.251527917,0,0,1,0,0,0
0.251697125,0,0,1,1,1,1
0.251726167,0,0,1,0,0,0
0.251895417,0,0,1,1,1,1
0.251924458,0,0,1,0,0,0
0.252093667,0,0,1,1,1,1
0.252122708,0,0,1,0,0,0
0.252291917,0,0,1,1,1,1
0.252320958,0,0,1,0,0,0
0.252490208,0,0,1,1,1,1
0.252519250,0,0,1,0,0,0
0.252688458,0,0,1,1,1,1
0.252717500,0,0,1,0,0,0
0.252886708,0,0,1,1,1,1
0.252915750,0,0,1,0,0,0
0.253084958,0,0,1,1,1,1
0.253114000,0,0,1,0,0,0
0.253283250,0,0,1,1,1,1
0.253312292,0,0,1,0,0,0
0.253481542,0,0,1,1,1,1
0.253510583,0,0,1,0,0,0
0.253679792,0,0,1,1,1,1
0.253708833,0,0,1,0,0,0
0.253878042,0,0,1,1,1,1
0.253907083,0,0,1,0,0,0
0.254076292,0,0,1,1,1,1
0.254105333,0,0,1,0,0,0
0.254274500,0,0,1,0,1,1
0.254274542,0,0,1,1,1,1
0.254303542,0,0,1,0,0,0
0.254472792,0,0,1,1,1,1
0.254501833,0,0,1,0,0,0
0.254671042,0,0,1,1,1,1
0.254700083,0,0,1,0,0,0
0.254869292,0,0,1,1,1,1
0.254898333,0,0,1,0,0,0
0.255067542,0,0,1,1,1,1
0.255096583,0,0,1,0,0,0
0.255265792,0,0,1,1,1,1
0.255294833,0,0,1,0,0,0
0.255464000,0,0,1,1,1,1
0.255493042,0,0,1,0,0,0
0.255662292,0,0,1,1,1,1
0.255691292,0,0,1,1,0,0
0.255691333,0,0,1,0,0,0
0.255860542,0,0,1,1,1,1
0.255889583,0,0,1,0,0,0
0.256058792,0,0,1,1,1,1
0.256087833,0,0,1,0,0,0
0.256257083,0,0,1,1,1,1
0.256286125,0,0,1,0,0,0
0.256455417,0,0,1,1,1,1
0.256484458,0,0,1,0,0,0
0.256653708,0,0,1,1,1,1
0.256682792,0,0,1,0,0,0
0.256852042,0,0,1,1,1,1
0.256881083,0,0,1,0,0,0
0.257050333,0,0,1,1,1,1
0.257079375,0,0,1,0,0,0
0.257248625,0,0,1,1,1,1
0.257277667,0,0,1,0,0,0
0.257446917,0,0,1,1,1,1
0.257475958,0,0,1,0,0,0
0.257645250,0,0,1,1,1,1
0.257674292,0,0,1,0,0,0
0.257843542,0,0,1,1,1,1
0.257872583,0,0,1,0,0,0
0.258041833,0,0,1,1,1,1
0.258070917,0,0,1,0,0,0
0.258240167,0,0,1,1,1,1
0.258269208,0,0,1,0,0,0
0.258438458,0,0,1,1,1,1
0.258467500,0,0,1,0,0,0
0.258636750,0,0,1,1,1,1
0.258665792,0,0,1,0,0,0
0.258835042,0,0,1,1,1,1
0.258864083,0,0,1,0,0,0
0.259033333,0,0,1,1,1,1
0.259062375,0,0,1,0,0,0
0.259231625,0,0,1,1,1,1
0.259260667,0,0,1,0,0,0
0.259429917,0,0,1,1,1,1
0.259458958,0,0,1,0,0,0
0.259628208,0,0,1,1,1,1
0.259657250,0,0,1,0,0,0
0.259826500,0,0,1,1,1,1
0.259855542,0,0,1,0,0,0
0.260024750,0,0,1,1,1,1
0.260053792,0,0,1,0,0,0
0.260223042,0,0,1,1,1,1
0.260252083,0,0,1,0,0,0
0.260421333,0,0,1,1,1,1
0.260450375,0,0,1,0,0,0
0.260619625,0,0,1,1,1,1
0.260648667,0,0,1,0,0,0
0.260817917,0,0,1,1,1,1
0.260846917,0,0,1,0,0,0
0.261016167,0,0,1,1,1,1
0.261045208,0,0,1,0,0,0
0.261214458,0,0,1,1,1,1
0.261243500,0,0,1,0,0,0
0.261412750,0,0,1,1,1,1
0.261441792,0,0,1,0,0,0
0.261611042,0,0,1,1,1,1
0.261640083,0,0,1,0,0,0
0.261809292,0,0,1,1,1,1
0.261838333,0,0,1,0,0,0
0.262007583,0,0,1,1,1,1
0.262036625,0,0,1,0,0,0
0.262205875,0,0,1,1,1,1
0.262234917,0,0,1,0,0,0
0.262404125,0,0,1,1,1,1
0.262433167,0,0,1,0,0,0
0.262602375,0,0,1,1,1,1
0.262631417,0,0,1,0,0,0
0.262800625,0,0,1,1,1,1
0.262829667,0,0,1,0,0,0
0.262998875,0,0,1,1,1,1
0.263027917,0,0,1,0,0,0
0.263197125,0,0,1,1,1,1
0.263226167,0,0,1,0,0,0
0.263395375,0,0,1,1,1,1
0.263424417,0,0,1,0,0,0
0.263593667,0,0,1,1,1,1
0.263622708,0,0,1,0,0,0
0.263791958,0,0,1,0,1,1
0.263792000,0,0,1,1,1,1
0.263821042,0,0,1,0,0,0
0.263990292,0,0,1,1,1,1
0.264019333,0,0,1,0,0,0
0.264188583,0,0,1,1,1,1
0.264217625,0,0,1,0,0,0
0.264386917,0,0,1,1,1,1
0.264415958,0,0,1,0,0,0
0.264585208,0,0,1,1,1,1
0.264614250,0,0,1,0,0,0
0.264783542,0,0,1,1,1,1
0.264812583,0,0,1,0,0,0
0.264981833,0,0,1,1,1,1
0.265010875,0,0,1,0,0,0
0.265180125,0,0,1,1,1,1
0.265209167,0,0,1,0,0,0
0.265378417,0,0,1,1,1,1
0.265407458,0,0,1,0,0,0
0.265576708,0,0,1,1,1,1
0.265605750,0,0,1,0,0,0
0.265774958,0,0,1,1,1,1
0.265804000,0,0,1,0,0,0
0.265973292,0,0,1,1,1,1
0.266002333,0,0,1,0,0,0
0.266171583,0,0,1,1,1,1
0.266200625,0,0,1,0,0,0
0.266369917,0,0,1,1,1,1
0.266398958,0,0,1,0,0,0
0.266568208,0,0,1,1,1,1
0.266597250,0,0,1,0,0,0
0.266766458,0,0,1,1,1,1
0.266795500,0,0,1,0,0,0
0.266964708,0,0,1,1,1,1
0.266993750,0,0,1,0,0,0
0.267163000,0,0,1,1,1,1
0.267192042,0,0,1,0,0,0
0.267361292,0,0,1,1,1,1
0.267390333,0,0,1,0,0,0
0.267559542,0,0,1,1,1,1
0.267588583,0,0,1,0,0,0
0.267757833,0,0,1,1,1,1
0.267786875,0,0,1,0,0,0
0.267956083,0,0,1,1,1,1
0.267985125,0,0,1,0,0,0
0.268154333,0,0,1,1,1,1
0.268183375,0,0,1,0,0,0
0.268352583,0,0,1,1,1,1
0.268381625,0,0,1,0,0,0
0.268550833,0,0,1,1,1,1
0.268579875,0,0,1,0,0,0
0.268749083,0,0,1,1,1,1
0.268778125,0,0,1,0,0,0
0.268947333,0,0,1,1,1,1
0.268976333,0,0,1,0,0,0
0.269145583,0,0,1,1,1,1
0.269174625,0,0,1,0,0,0
0.269343833,0,0,1,1,1,1
0.269372875,0,0,1,0,0,0
0.269542125,0,0,1,1,1,1
0.269571167,0,0,1,0,0,0
0.269740417,0,0,1,1,1,1
0.269769458,0,0,1,0,0,0
0.269938667,0,0,1,1,1,1
0.269967708,0,0,1,0,0,0
0.270136958,0,0,1,1,1,1
0.270166000,0,0,1,0,0,0
0.270335208,0,0,1,1,1,1
0.270364250,0,0,1,0,0,0
0.270533500,0,0,1,1,1,1
0.270562542,0,0,1,0,0,0
0.270731750,0,0,1,1,1,1
0.270760792,0,0,1,0,0,0
0.270930000,0,0,1,1,1,1
0.270959042,0,0,1,0,0,0
0.271128292,0,0,1,1,1,1
0.271157333,0,0,1,0,0,0
0.271326542,0,0,1,1,1,1
0.271355583,0,0,1,0,0,0
0.271524833,0,0,1,1,1,1
0.271553875,0,0,1,0,0,0
0.271723083,0,0,1,1,1,1
0.271752125,0,0,1,0,0,0
0.271921375,0,0,1,1,1,1
0.271950417,0,0,1,0,0,0
0.272119667,0,0,1,1,1,1
0.272148750,0,0,1,0,0,0
0.272317958,0,0,1,1,1,1
0.272346958,0,0,1,0,0,0
0.272516208,0,0,1,1,1,1
0.272545208,0,0,1,1,0,0
0.272545250,0,0,1,0,0,0
0.272714458,0,0,1,1,1,1
0.272743500,0,0,1,0,0,0
0.272912708,0,0,1,1,1,1
0.272941750,0,0,1,1,0,0
0.272941792,0,0,1,0,0,0
0.273111000,0,0,1,1,1,1
0.273140042,0,0,1,0,0,0
0.273309292,0,0,1,1,1,1
0.273338333,0,0,1,0,0,0
0.273507583,0,0,1,1,1,1
0.273536583,0,0,1,1,0,0
0.273536625,0,0,1,0,0,0
0.273705833,0,0,1,1,1,1
0.273734875,0,0,1,0,0,0
0.273904125,0,0,1,1,1,1
0.273933167,0,0,1,0,0,0
0.274102417,0,0,1,1,1,1
0.274131458,0,0,1,0,0,0
0.274300667,0,0,1,1,1,1
0.274329708,0,0,1,0,0,0
0.274498958,0,0,1,1,1,1
0.274527958,0,0,1,0,0,0
0.274697167,0,0,1,1,1,1
0.274726208,0,0,1,0,0,0
0.274895417,0,0,1,1,1,1
0.274924458,0,0,1,0,0,0
0.275093708,0,0,1,1,1,1
0.275122750,0,0,1,0,0,0
0.275291958,0,0,1,1,1,1
0.275321000,0,0,1,0,0,0
0.275490250,0,0,1,1,1,1
0.275519292,0,0,1,0,0,0
0.275688500,0,0,1,1,1,1
0.275717542,0,0,1,0,0,0
0.275886750,0,0,1,1,1,1
0.275915792,0,0,1,0,0,0
0.276085000,0,0,1,1,1,1
0.276114042,0,0,1,0,0,0
0.276283292,0,0,1,1,1,1
0.276312333,0,0,1,0,0,0
0.276481583,0,0,1,1,1,1
0.276510625,0,0,1,0,0,0
0.276679875,0,0,1,1,1,1
0.276708917,0,0,1,0,0,0
0.276878125,0,0,1,1,1,1
0.276907167,0,0,1,0,0,0
0.277076333,0,0,1,1,1,1
0.277105375,0,0,1,0,0,0
0.277274625,0,0,1,1,1,1
0.277303667,0,0,1,0,0,0
0.277472875,0,0,1,1,1,1
0.277501875,0,0,1,0,0,0
0.277671083,0,0,1,1,1,1
0.277700125,0,0,1,0,0,0
0.277869333,0,0,1,1,1,1
0.277898375,0,0,1,0,0,0
0.278067625,0,0,1,1,1,1
0.278096708,0,0,1,0,0,0
0.278265958,0,0,1,1,1,1
0.278295000,0,0,1,0,0,0
0.278464250,0,0,1,1,1,1
0.278493292,0,0,1,0,0,0
0.278662542,0,0,1,1,1,1
0.278691583,0,0,1,0,0,0
0.278860833,0,0,1,1,1,1
0.278889875,0,0,1,0,0,0
0.279059167,0,0,1,1,1,1
0.279088208,0,0,1,0,0,0
0.279257417,0,0,1,1,1,1
0.279286458,0,0,1,0,0,0
0.279455667,0,0,1,1,1,1
0.279484708,0,0,1,0,0,0
0.279653958,0,0,1,1,1,1
0.279683000,0,0,1,0,0,0
0.279852292,0,0,1,1,1,1
0.279881333,0,0,1,0,0,0
0.280050583,0,0,1,1,1,1
0.280079625,0,0,1,0,0,0
0.280248875,0,0,1,1,1,1
0.280277917,0,0,1,0,0,0
0.280447125,0,0,1,1,1,1
0.280476167,0,0,1,0,0,0
0.280645417,0,0,1,1,1,1
0.280674458,0,0,1,0,0,0
0.280843708,0,0,1,1,1,1
0.280872750,0,0,1,0,0,0
0.281041958,0,0,1,1,1,1
0.281070958,0,0,1,1,0,0
0.281071000,0,0,1,0,0,0
0.281240167,0,0,1,1,1,1
0.281269208,0,0,1,0,0,0
0.281438375,0,0,1,1,1,1
0.281467417,0,0,1,0,0,0
0.281636625,0,0,1,1,1,1
0.281665667,0,0,1,0,0,0
0.281834875,0,0,1,1,1,1
0.281863917,0,0,1,0,0,0
0.282033125,0,0,1,1,1,1
0.282062167,0,0,1,0,0,0
0.282231375,0,0,1,1,1,1
0.282260417,0,0,1,0,0,0
0.282429667,0,0,1,1,1,1
0.282458708,0,0,1,0,0,0
0.282627917,0,0,1,1,1,1
0.282656958,0,0,1,0,0,0
0.282826167,0,0,1,1,1,1
0.282855167,0,0,1,1,0,0
0.282855208,0,0,1,0,0,0
0.283024417,0,0,1,1,1,1
0.283053458,0,0,1,0,0,0
0.283222625,0,0,1,1,1,1
0.283251667,0,0,1,0,0,0
0.283420917,0,0,1,1,1,1
0.283449958,0,0,1,0,0,0
0.283619167,0,0,1,1,1,1
0.283648208,0,0,1,0,0,0
0.283817417,0,0,1,1,1,1
0.283846458,0,0,1,0,0,0
0.284015667,0,0,1,1,1,1
0.284044708,0,0,1,0,0,0
0.284213917,0,0,1,1,1,1
0.284242958,0,0,1,0,0,0
0.284412208,0,0,1,1,1,1
0.284441250,0,0,1,0,0,0
0.284610458,0,0,1,1,1,1
0.284639500,0,0,1,0,0,0
0.284808750,0,0,1,1,1,1
0.284837792,0,0,1,0,0,0
0.285007042,0,0,1,1,1,1
0.285036083,0,0,1,0,0,0
0.285205292,0,0,1,1,1,1
0.285234333,0,0,1,0,0,0
0.285403583,0,0,1,1,1,1
0.285432625,0,0,1,0,0,0
0.285601875,0,0,1,1,1,1
0.285630917,0,0,1,0,0,0
0.285800125,0,0,1,1,1,1
0.285829167,0,0,1,0,0,0
0.285998375,0,0,1,1,1,1
0.286027417,0,0,1,1,0,0
0.286027458,0,0,1,0,0,0
0.286196667,0,0,1,1,1,1
0.286225708,0,0,1,0,0,0
0.286394958,0,0,1,1,1,1
0.286424000,0,0,1,0,0,0
0.286593250,0,0,1,1,1,1
0.286622292,0,0,1,0,0,0
0.286791500,0,0,1,1,1,1
0.286820542,0,0,1,0,0,0
0.286989750,0,0,1,1,1,1
0.287018792,0,0,1,0,0,0
0.287188042,0,0,1,1,1,1
0.287217083,0,0,1,0,0,0
0.287386292,0,0,1,1,1,1
0.287415333,0,0,1,0,0,0
0.287584583,0,0,1,1,1,1
0.287613625,0,0,1,0,0,0
0.287782875,0,0,1,1,1,1
0.287811917,0,0,1,0,0,0
0.287981125,0,0,1,1,1,1
0.288010167,0,0,1,0,0,0
0.288179417,0,0,1,1,1,1
0.288208458,0,0,1,0,0,0
0.288377667,0,0,1,1,1,1
0.288406708,0,0,1,0,0,0
0.288575917,0,0,1,1,1,1
0.288604958,0,0,1,0,0,0
0.288774208,0,0,1,1,1,1
0.288803250,0,0,1,0,0,0
0.288972458,0,0,1,1,1,1
0.289001500,0,0,1,0,0,0
0.289170750,0,0,1,1,1,1
0.289199833,0,0,1,0,0,0
0.289369083,0,0,1,1,1,1
0.289398125,0,0,1,0,0,0
0.289567375,0,0,1,1,1,1
0.289596417,0,0,1,0,0,0
0.289765667,0,0,1,1,1,1
0.289794708,0,0,1,0,0,0
0.289963958,0,0,1,1,1,1
0.289993042,0,0,1,0,0,0
0.290162250,0,0,1,1,1,1
0.290191292,0,0,1,0,0,0
0.290360500,0,0,1,1,1,1
0.290389542,0,0,1,0,0,0
0.290558792,0,0,1,1,1,1
0.290587833,0,0,1,0,0,0
0.290757125,0,0,1,1,1,1
0.290786167,0,0,1,0,0,0
0.290955458,0,0,1,1,1,1
0.290984500,0,0,1,0,0,0
0.291153750,0,0,1,1,1,1
0.291182792,0,0,1,0,0,0
0.291352042,0,0,1,1,1,1
0.291381083,0,0,1,0,0,0
0.291550333,0,0,1,1,1,1
0.291579375,0,0,1,0,0,0
0.291748625,0,0,1,1,1,1
0.291777667,0,0,1,0,0,0
0.291946917,0,0,1,1,1,1
0.291975958,0,0,1,0,0,0
0.292145250,0,0,1,1,1,1
0.292174333,0,0,1,0,0,0
0.292343583,0,0,1,1,1,1
0.292372667,0,0,1,0,0,0
0.292541958,0,0,1,1,1,1
0.292571000,0,0,1,0,0,0
0.292740250,0,0,1,1,1,1
0.292769292,0,0,1,0,0,0
0.292938542,0,0,1,1,1,1
0.292967583,0,0,1,0,0,0
0.293136833,0,0,1,1,1,1
0.293165875,0,0,1,0,0,0
0.293335167,0,0,1,1,1,1
0.293364250,0,0,1,0,0,0
0.293533500,0,0,1,1,1,1
0.293562583,0,0,1,0,0,0
0.293731833,0,0,1,1,1,1
0.293760875,0,0,1,1,0,1
0.293760917,0,0,1,0,0,0
0.293930167,0,0,1,1,1,1
0.293959208,0,0,1,0,0,0
0.294128458,0,0,1,1,1,1
0.294157500,0,0,1,0,0,0
0.294326750,0,0,1,1,1,1
0.294355792,0,0,1,0,0,0
0.294525042,0,0,1,1,1,1
0.294554083,0,0,1,0,0,0
0.294723375,0,0,1,1,1,1
0.294752417,0,0,1,0,0,0
0.294921708,0,0,1,1,1,1
0.294950750,0,0,1,0,0,0
0.295120000,0,0,1,1,1,1
0.295149042,0,0,1,0,0,0
0.295318292,0,0,1,1,1,1
0.295347333,0,0,1,0,0,0
0.295516583,0,0,1,1,1,1
0.295545625,0,0,1,0,0,0
0.295714875,0,0,1,1,1,1
0.295743917,0,0,1,0,0,0
0.295913167,0,0,1,1,1,1
0.295942208,0,0,1,0,0,0
0.296111458,0,0,1,1,1,1
0.296140500,0,0,1,0,0,0
0.296309708,0,0,1,0,1,0
0.296309750,0,0,1,1,1,1
0.296338792,0,0,1,0,0,0
0.296508042,0,0,1,1,1,1
0.296537083,0,0,1,0,0,0
0.296706292,0,0,1,1,1,1
0.296735375,0,0,1,0,0,0
0.296904583,0,0,1,1,1,1
0.296933625,0,0,1,0,0,0
0.297102875,0,0,1,1,1,1
0.297131917,0,0,1,0,0,0
0.297301167,0,0,1,1,1,1
0.297330208,0,0,1,0,0,0
0.297499458,0,0,1,1,1,1
0.297528500,0,0,1,0,0,0
0.297697750,0,0,1,1,1,1
0.297726792,0,0,1,0,0,0
0.297896042,0,0,1,1,1,1
0.297925125,0,0,1,0,0,0
0.298094375,0,0,1,1,1,1
0.298123417,0,0,1,0,0,0
0.298292667,0,0,1,1,1,1
0.298321708,0,0,1,0,0,0
0.298490958,0,0,1,1,1,1
0.298520000,0,0,1,0,0,0
0.298689250,0,0,1,1,1,1
0.298718292,0,0,1,0,0,0
0.298887542,0,0,1,1,1,1
0.298916583,0,0,1,0,0,0
0.299085875,0,0,1,1,1,1
0.299114917,0,0,1,0,0,0
0.299284125,0,0,1,1,1,1
0.299313208,0,0,1,0,0,0
0.299482458,0,0,1,1,1,1
0.299511458,0,0,1,0,0,0
0.299680708,0,0,1,1,1,1
0.299709750,0,0,1,0,0,0
0.299878958,0,0,1,1,1,1
0.299908000,0,0,1,0,0,0
0.300077250,0,0,1,1,1,1
0.300106292,0,0,1,0,0,0
0.300275500,0,0,1,1,1,1
0.300304542,0,0,1,0,0,0
0.300473792,0,0,1,1,1,1
0.300502833,0,0,1,0,0,0
0.300672083,0,0,1,1,1,1
0.300701125,0,0,1,0,0,0
0.300870375,0,0,1,1,1,1
0.300899417,0,0,1,0,0,0
0.301068667,0,0,1,1,1,1
0.301097708,0,0,1,0,0,0
0.301266958,0,0,1,1,1,1
0.301296000,0,0,1,0,0,0
0.301465250,0,0,1,1,1,1
0.301494292,0,0,1,0,0,0
0.301663542,0,0,1,1,1,1
0.301692583,0,0,1,0,0,0
0.301861792,0,0,1,0,1,0
0.301861833,0,0,1,1,1,1
0.301890875,0,0,1,0,0,0
0.302060083,0,0,1,1,1,1
0.302089125,0,0,1,0,0,0
0.302258375,0,0,1,1,1,1
0.302287417,0,0,1,0,0,0
0.302456667,0,0,1,1,1,1
0.302485708,0,0,1,0,0,0
0.302654958,0,0,1,1,1,1
0.302684000,0,0,1,0,0,0
0.302853250,0,0,1,1,1,1
0.302882292,0,0,1,0,0,0
0.303051542,0,0,1,1,1,1
0.303080583,0,0,1,0,0,0
0.303249833,0,0,1,1,1,1
0.303278875,0,0,1,0,0,0
0.303448167,0,0,1,1,1,1
0.303477208,0,0,1,0,0,0
0.303646458,0,0,1,1,1,1
0.303675500,0,0,1,0,0,0
0.303844750,0,0,1,1,1,1
0.303873792,0,0,1,0,0,0
0.304043042,0,0,1,1,1,1
0.304072083,0,0,1,0,0,0
0.304241333,0,0,1,1,1,1
0.304270375,0,0,1,0,0,0
0.304439583,0,0,1,0,1,1
0.304439625,0,0,1,1,1,1
0.304468625,0,0,1,0,0,0
0.304637875,0,0,1,1,1,1
0.304666917,0,0,1,0,0,0
0.304836167,0,0,1,1,1,1
0.304865208,0,0,1,0,0,0
0.305034458,0,0,1,1,1,1
0.305063500,0,0,1,0,0,0
0.305232750,0,0,1,1,1,1
0.305261792,0,0,1,0,0,0
0.305431000,0,0,1,1,1,1
0.305460042,0,0,1,0,0,0
0.305629292,0,0,1,1,1,1
0.305658375,0,0,1,0,0,0
0.305827625,0,0,1,1,1,1
0.305856667,0,0,1,0,0,0
0.306025917,0,0,1,1,1,1
0.306054958,0,0,1,0,0,0
0.306224208,0,0,1,1,1,1
0.306253250,0,0,1,0,0,0
0.306422458,0,0,1,1,1,1
0.306451458,0,0,1,1,0,1
0.306451500,0,0,1,0,0,0
0.306620708,0,0,1,1,1,1
0.306649750,0,0,1,0,0,0
0.306818958,0,0,1,1,1,1
0.306848000,0,0,1,0,0,0
0.307017208,0,0,1,1,1,1
0.307046250,0,0,1,0,0,0
0.307215458,0,0,1,1,1,1
0.307244500,0,0,1,0,0,0
0.307413750,0,0,1,1,1,1
0.307442792,0,0,1,0,0,0
0.307612042,0,0,1,1,1,1
0.307641083,0,0,1,0,0,0
0.307810292,0,0,1,1,1,1
0.307839333,0,0,1,0,0,0
0.308008542,0,0,1,1,1,1
0.308037583,0,0,1,0,0,0
0.308206792,0,0,1,1,1,1
0.308235833,0,0,1,0,0,0
0.308405083,0,0,1,1,1,1
0.308434125,0,0,1,0,0,0
0.308603375,0,0,1,1,1,1
0.308632417,0,0,1,0,0,0
0.308801667,0,0,1,1,1,1
0.308830708,0,0,1,0,0,0
0.308999958,0,0,1,1,1,1
0.309029000,0,0,1,0,0,0
0.309198250,0,0,1,1,1,1
0.309227250,0,0,1,0,0,0
0.309396500,0,0,1,1,1,1
0.309425542,0,0,1,0,0,0
0.309594792,0,0,1,1,1,1
0.309623833,0,0,1,0,0,0
0.309793083,0,0,1,1,1,1
0.309822125,0,0,1,0,0,0
0.309991375,0,0,1,1,1,1
0.310020375,0,0,1,1,0,1
0.310020417,0,0,1,0,0,0
0.310189583,0,0,1,1,1,1
0.310218625,0,0,1,1,0,1
0.310218667,0,0,1,0,0,0
0.310387875,0,0,1,1,1,1
0.310416917,0,0,1,0,0,0
0.310586167,0,0,1,1,1,1
0.310615208,0,0,1,0,0,0
0.310784417,0,0,1,1,1,1
0.310813458,0,0,1,0,0,0
0.310982667,0,0,1,1,1,1
0.311011708,0,0,1,0,0,0
0.311180958,0,0,1,1,1,1
0.311210000,0,0,1,0,0,0
0.311379250,0,0,1,1,1,1
0.311408292,0,0,1,0,0,0
0.311577542,0,0,1,1,1,1
0.311606583,0,0,1,0,0,0
0.311775833,0,0,1,1,1,1
0.311804917,0,0,1,0,0,0
0.311974125,0,0,1,1,1,1
0.312003208,0,0,1,0,0,0
0.312172458,0,0,1,1,1,1
0.312201500,0,0,1,0,0,0
0.312370750,0,0,1,1,1,1
0.312399792,0,0,1,0,0,0
0.312569083,0,0,1,1,1,1
0.312598125,0,0,1,0,0,0
0.312767375,0,0,1,1,1,1
0.312796417,0,0,1,0,0,0
0.312965667,0,0,1,1,1,1
0.312994708,0,0,1,0,0,0
0.313163917,0,0,1,1,1,1
0.313192958,0,0,1,0,0,0
0.313362167,0,0,1,1,1,1
0.313391208,0,0,1,0,0,0
0.313560458,0,0,1,1,1,1
0.313589500,0,0,1,0,0,0
0.313758708,0,0,1,1,1,1
0.313787750,0,0,1,0,0,0
0.313957000,0,0,1,1,1,1
0.313986042,0,0,1,0,0,0
0.314155292,0,0,1,1,1,1
0.314184333,0,0,1,0,0,0
0.314353583,0,0,1,1,1,1
0.314382625,0,0,1,0,0,0
0.314551875,0,0,1,1,1,1
0.314580917,0,0,1,0,0,0
0.314750125,0,0,1,1,1,1
0.314779167,0,0,1,0,0,0
0.314948417,0,0,1,1,1,1
0.314977458,0,0,1,0,0,0
0.315146708,0,0,1,1,1,1
0.315175750,0,0,1,0,0,0
0.315345000,0,0,1,1,1,1
0.315374042,0,0,1,0,0,0
0.315543292,0,0,1,1,1,1
0.315572333,0,0,1,0,0,0
0.315741542,0,0,1,1,1,1
0.315770583,0,0,1,0,0,0
0.315939833,0,0,1,1,1,1
0.315968875,0,0,1,0,0,0
0.316138083,0,0,1,1,1,1
0.316167125,0,0,1,0,0,0
0.316336333,0,0,1,0,1,1
0.316336375,0,0,1,1,1,1
0.316365375,0,0,1,0,0,0
0.316534583,0,0,1,1,1,1
0.316563625,0,0,1,0,0,0
0.316732833,0,0,1,1,1,1
0.316761875,0,0,1,0,0,0
0.316931083,0,0,1,1,1,1
0.316960125,0,0,1,0,0,0
0.317129333,0,0,1,1,1,1
0.317158375,0,0,1,0,0,0
0.317327542,0,0,1,1,1,1
0.317356583,0,0,1,0,0,0
0.317525792,0,0,1,1,1,1
0.317554833,0,0,1,0,0,0
0.317724042,0,0,1,1,1,1
0.317753083,0,0,1,0,0,0
0.317922292,0,0,1,1,1,1
0.317951333,0,0,1,0,0,0
0.318120583,0,0,1,1,1,1
0.318149583,0,0,1,0,0,0
0.318318792,0,0,1,1,1,1
0.318347792,0,0,1,0,0,0
0.318516958,0,0,1,1,1,1
0.318546000,0,0,1,0,0,0
0.318715167,0,0,1,1,1,1
0.318744208,0,0,1,0,0,0
0.318913333,0,0,1,1,1,1
0.318942375,0,0,1,0,0,0
0.319111583,0,0,1,1,1,1
0.319140583,0,0,1,0,0,0
0.319309792,0,0,1,1,1,1
0.319338833,0,0,1,0,0,0
0.319508042,0,0,1,1,1,1
0.319537083,0,0,1,0,0,0
0.319706250,0,0,1,1,1,1
0.319735292,0,0,1,0,0,0
0.319904500,0,0,1,1,1,1
0.319933542,0,0,1,0,0,0
0.320102792,0,0,1,1,1,1
0.320131792,0,0,1,0,0,0
0.320301000,0,0,1,1,1,1
0.320330042,0,0,1,0,0,0
0.320499250,0,0,1,1,1,1
0.320528250,0,0,1,0,0,0
0.320697458,0,0,1,1,1,1
0.320726500,0,0,1,0,0,0
0.320895708,0,0,1,1,1,1
0.320924750,0,0,1,0,0,0
0.321093917,0,0,1,1,1,1
0.321122958,0,0,1,0,0,0
0.321292208,0,0,1,1,1,1
0.321321250,0,0,1,0,0,0
0.321490458,0,0,1,1,1,1
0.321519500,0,0,1,0,0,0
0.321688708,0,0,1,1,1,1
0.321717750,0,0,1,0,0,0
0.321887000,0,0,1,1,1,1
0.321916042,0,0,1,0,0,0
0.322085292,0,0,1,1,1,1
0.322114333,0,0,1,0,0,0
0.322283542,0,0,1,1,1,1
0.322312583,0,0,1,0,0,0
0.322481792,0,0,1,1,1,1
0.322510833,0,0,1,0,0,0
0.322680042,0,0,1,1,1,1
0.322709083,0,0,1,0,0,0
0.322878292,0,0,1,1,1,1
0.322907333,0,0,1,0,0,0
0.323076542,0,0,1,1,1,1
0.323105583,0,0,1,0,0,0
0.323274750,0,0,1,1,1,1
0.323303792,0,0,1,0,0,0
0.323473000,0,0,1,1,1,1
0.323502042,0,0,1,0,0,0
0.323671250,0,0,1,1,1,1
0.323700292,0,0,1,0,0,0
0.323869500,0,0,1,1,1,1
0.323898542,0,0,1,0,0,0
0.324067750,0,0,1,1,1,1
0.324096792,0,0,1,0,0,0
0.324266000,0,0,1,1,1,1
0.324295042,0,0,1,0,0,0
0.324464250,0,0,1,1,1,1
0.324493292,0,0,1,0,0,0
0.324662500,0,0,1,1,1,1
0.324691500,0,0,1,0,0,0
0.324860708,0,0,1,1,1,1
0.324889750,0,0,1,0,0,0
0.325058958,0,0,1,1,1,1
0.325088000,0,0,1,0,0,0
0.325257208,0,0,1,1,1,1
0.325286250,0,0,1,0,0,0
0.325455500,0,0,1,1,1,1
0.325484500,0,0,1,0,0,0
0.325653750,0,0,1,1,1,1
0.325682792,0,0,1,0,0,0
0.325852042,0,0,1,1,1,1
0.325881083,0,0,1,0,0,0
0.326050333,0,0,1,1,1,1
0.326079375,0,0,1,0,0,0
0.326248625,0,0,1,1,1,1
0.326277667,0,0,1,0,0,0
0.326446917,0,0,1,1,1,1
0.326475958,0,0,1,0,0,0
0.326645167,0,0,1,1,1,1
0.326674208,0,0,1,0,0,0
0.326843417,0,0,1,1,1,1
0.326872458,0,0,1,0,0,0
0.327041708,0,0,1,1,1,1
0.327070750,0,0,1,0,0,0
0.327239917,0,0,1,1,1,1
0.327268958,0,0,1,0,0,0
0.327438167,0,0,1,1,1,1
0.327467208,0,0,1,0,0,0
0.327636417,0,0,1,1,1,1
0.327665458,0,0,1,0,0,0
0.327834667,0,0,1,1,1,1
0.327863708,0,0,1,0,0,0
0.328032917,0,0,1,1,1,1
0.328061958,0,0,1,0,0,0
0.328231167,0,0,1,1,1,1
0.328260208,0,0,1,0,0,0
0.328429417,0,0,1,1,1,1
0.328458458,0,0,1,0,0,0
0.328627708,0,0,1,1,1,1
0.328656708,0,0,1,0,0,0
0.328825958,0,0,1,1,1,1
0.328854958,0,0,1,1,0,0
0.328855000,0,0,1,0,0,0
0.329024167,0,0,1,1,1,1
0.329053208,0,0,1,0,0,0
0.329222417,0,0,1,1,1,1
0.329251458,0,0,1,0,0,0
0.329420667,0,0,1,0,1,1
0.329420708,0,0,1,1,1,1
0.329449708,0,0,1,0,0,0
0.329618917,0,0,1,1,1,1
0.329647958,0,0,1,0,0,0
0.329817125,0,0,1,1,1,1
0.329846167,0,0,1,0,0,0
0.330015417,0,0,1,1,1,1
0.330044458,0,0,1,0,0,0
0.330213667,0,0,1,1,1,1
0.330242708,0,0,1,0,0,0
0.330411917,0,0,1,1,1,1
0.330440958,0,0,1,0,0,0
0.330610167,0,0,1,1,1,1
0.330639208,0,0,1,0,0,0
0.330808417,0,0,1,1,1,1
0.330837458,0,0,1,0,0,0
0.331006667,0,0,1,1,1,1
0.331035708,0,0,1,0,0,0
0.331204917,0,0,1,1,1,1
0.331233917,0,0,1,0,0,0
0.331403083,0,0,1,1,1,1
0.331432125,0,0,1,0,0,0
0.331601333,0,0,1,1,1,1
0.331630375,0,0,1,0,0,0
0.331799583,0,0,1,1,1,1
0.331828625,0,0,1,0,0,0
0.331997792,0,0,1,1,1,1
0.332026792,0,0,1,0,0,0
0.332196000,0,0,1,1,1,1
0.332225000,0,0,1,0,0,0
0.332394208,0,0,1,1,1,1
0.332423250,0,0,1,0,0,0
0.332592417,0,0,1,1,1,1
0.332621458,0,0,1,0,0,0
0.332790625,0,0,1,1,1,1
0.332819667,0,0,1,0,0,0
0.332988833,0,0,1,1,1,1
0.333017875,0,0,1,0,0,0
0.333187083,0,0,1,1,1,1
0.333216125,0,0,1,0,0,0
0.333385292,0,0,1,1,1,1
0.333414333,0,0,1,0,0,0
0.333583542,0,0,1,1,1,1
0.333612542,0,0,1,0,0,0
0.333781708,0,0,1,1,1,1
0.333810750,0,0,1,0,0,0
0.333979958,0,0,1,1,1,1
0.334009000,0,0,1,0,0,0
0.334178208,0,0,1,1,1,1
0.334207250,0,0,1,0,0,0
0.334376417,0,0,1,1,1,1
0.334405458,0,0,1,0,0,0
0.334574667,0,0,1,1,1,1
0.334603708,0,0,1,0,0,0
0.334772875,0,0,1,1,1,1
0.334801875,0,0,1,0,0,0
0.334971083,0,0,1,1,1,1
0.335000125,0,0,1,0,0,0
0.335169292,0,0,1,1,1,1
0.335198333,0,0,1,0,0,0
0.335367542,0,0,1,1,1,1
0.335396583,0,0,1,0,0,0
0.335565750,0,0,1,1,1,1
0.335594792,0,0,1,0,0,0
0.335763958,0,0,1,1,1,1
0.335793000,0,0,1,0,0,0
0.335962167,0,0,1,1,1,1
0.335991208,0,0,1,0,0,0
0.336160417,0,0,1,1,1,1
0.336189417,0,0,1,0,0,0
0.336358625,0,0,1,1,1,1
0.336387667,0,0,1,0,0,0
0.336556833,0,0,1,1,1,1
0.336585875,0,0,1,0,0,0
0.336755083,0,0,1,1,1,1
0.336784125,0,0,1,0,0,0
0.336953292,0,0,1,1,1,1
0.336982333,0,0,1,0,0,0
0.337151500,0,0,1,1,1,1
0.337180542,0,0,1,0,0,0
0.337349750,0,0,1,1,1,1
0.337378750,0,0,1,0,0,0
0.337547958,0,0,1,1,1,1
0.337577000,0,0,1,0,0,0
0.337746208,0,0,1,1,1,1
0.337775250,0,0,1,0,0,0
0.337944458,0,0,1,1,1,1
0.337973458,0,0,1,0,0,0
0.338142667,0,0,1,1,1,1
0.338171708,0,0,1,0,0,0
0.338340875,0,0,1,1,1,1
0.338369917,0,0,1,0,0,0
0.338539083,0,0,1,1,1,1
0.338568125,0,0,1,0,0,0
0.338737333,0,0,1,1,1,1
0.338766375,0,0,1,0,0,0
0.338935542,0,0,1,1,1,1
0.338964583,0,0,1,0,0,0
0.339133792,0,0,1,1,1,1
0.339162833,0,0,1,0,0,0
0.339332042,0,0,1,1,1,1
0.339361083,0,0,1,0,0,0
0.339530292,0,0,1,1,1,1
0.339559333,0,0,1,0,0,0
0.339728542,0,0,1,1,1,1
0.339757583,0,0,1,0,0,0
0.339926792,0,0,1,1,1,1
0.339955833,0,0,1,0,0,0
0.340125083,0,0,1,1,1,1
0.340154125,0,0,1,0,0,0
0.340323333,0,0,1,1,1,1
0.340352375,0,0,1,0,0,0
0.340521542,0,0,1,1,1,1
0.340550583,0,0,1,0,0,0
0.340719792,0,0,1,1,1,1
0.340748833,0,0,1,0,0,0
0.340918042,0,0,1,1,1,1
0.340947083,0,0,1,0,0,0
0.341116333,0,0,1,1,1,1
0.341145375,0,0,1,0,0,0
0.341314583,0,0,1,1,1,1
0.341343625,0,0,1,0,0,0
0.341512875,0,0,1,1,1,1
0.341541917,0,0,1,0,0,0
0.341711125,0,0,1,1,1,1
0.341740167,0,0,1,0,0,0
0.341909417,0,0,1,1,1,1
0.341938417,0,0,1,0,0,0
0.342107667,0,0,1,1,1,1
0.342136667,0,0,1,0,0,0
0.342305917,0,0,1,1,1,1
0.342334958,0,0,1,0,0,0
0.342504167,0,0,1,1,1,1
0.342533208,0,0,1,0,0,0
0.342702458,0,0,1,1,1,1
0.342731500,0,0,1,0,0,0
0.342900708,0,0,1,1,1,1
0.342929750,0,0,1,0,0,0
0.343099000,0,0,1,1,1,1
0.343128042,0,0,1,0,0,0
0.343297250,0,0,1,1,1,1
0.343326292,0,0,1,0,0,0
0.343495542,0,0,1,1,1,1
0.343524583,0,0,1,0,0,0
0.343693833,0,0,1,1,1,1
0.343722875,0,0,1,0,0,0
0.343892083,0,0,1,1,1,1
0.343921125,0,0,1,0,0,0
0.344090375,0,0,1,1,1,1
0.344119417,0,0,1,0,0,0
0.344288625,0,0,1,1,1,1
0.344317625,0,0,1,0,0,0
0.344486833,0,0,1,1,1,1
0.344515875,0,0,1,0,0,0
0.344685083,0,0,1,1,1,1
0.344714125,0,0,1,0,0,0
0.344883333,0,0,1,1,1,1
0.344912375,0,0,1,0,0,0
0.345081625,0,0,1,1,1,1
0.345110625,0,0,1,1,0,1
0.345110667,0,0,1,0,0,0
0.345279917,0,0,1,1,1,1
0.345308958,0,0,1,0,0,0
0.345478167,0,0,1,1,1,1
0.345507208,0,0,1,0,0,0
0.345676458,0,0,1,1,1,1
0.345705500,0,0,1,0,0,0
0.345874750,0,0,1,1,1,1
0.345903792,0,0,1,0,0,0
0.346073000,0,0,1,1,1,1
0.346102042,0,0,1,0,0,0
0.346271292,0,0,1,1,1,1
0.346300333,0,0,1,0,0,0
0.346469542,0,0,1,1,1,1
0.346498583,0,0,1,0,0,0
0.346667792,0,0,1,1,1,1
0.346696833,0,0,1,0,0,0
0.346866042,0,0,1,1,1,1
0.346895083,0,0,1,0,0,0
0.347064292,0,0,1,1,1,1
0.347093333,0,0,1,0,0,0
0.347262500,0,0,1,1,1,1
0.347291500,0,0,1,0,0,0
0.347460708,0,0,1,1,1,1
0.347489750,0,0,1,0,0,0
0.347658917,0,0,1,1,1,1
0.347687958,0,0,1,0,0,0
0.347857167,0,0,1,1,1,1
0.347886208,0,0,1,0,0,0
0.348055417,0,0,1,1,1,1
0.348084458,0,0,1,0,0,0
0.348253625,0,0,1,1,1,1
0.348282667,0,0,1,0,0,0
0.348451875,0,0,1,1,1,1
0.348480917,0,0,1,0,0,0
0.348650125,0,0,1,1,1,1
0.348679167,0,0,1,0,0,0
0.348848375,0,0,1,1,1,1
0.348877417,0,0,1,0,0,0
0.349046625,0,0,1,1,1,1
0.349075667,0,0,1,0,0,0
0.349244875,0,0,1,1,1,1
0.349273917,0,0,1,0,0,0
0.349443125,0,0,1,1,1,1
0.349472208,0,0,1,0,0,0
0.349641417,0,0,1,1,1,1
0.349670458,0,0,1,0,0,0
0.349839667,0,0,1,1,1,1
0.349868708,0,0,1,0,0,0
0.350037958,0,0,1,1,1,1
0.350067000,0,0,1,0,0,0
0.350236167,0,0,1,1,1,1
0.350265208,0,0,1,0,0,0
0.350434375,0,0,1,1,1,1
0.350463417,0,0,1,0,0,0
0.350632625,0,0,1,1,1,1
0.350661667,0,0,1,0,0,0
0.350830875,0,0,1,1,1,1
0.350859917,0,0,1,0,0,0
0.351029125,0,0,1,1,1,1
0.351058125,0,0,1,0,0,0
0.351227333,0,0,1,1,1,1
0.351256375,0,0,1,0,0,0
0.351425583,0,0,1,1,1,1
0.351454625,0,0,1,0,0,0
0.351623833,0,0,1,1,1,1
0.351652875,0,0,1,0,0,0
0.351822083,0,0,1,1,1,1
0.351851125,0,0,1,0,0,0
0.352020333,0,0,1,1,1,1
0.352049375,0,0,1,0,0,0
0.352218583,0,0,1,1,1,1
0.352247625,0,0,1,0,0,0
0.352416833,0,0,1,1,1,1
0.352445875,0,0,1,0,0,0
0.352615042,0,0,1,0,1,0
0.352615083,0,0,1,1,1,1
0.352644083,0,0,1,0,0,0
0.352813292,0,0,1,1,1,1
0.352842333,0,0,1,0,0,0
0.353011542,0,0,1,1,1,1
0.353040583,0,0,1,0,0,0
0.353209792,0,0,1,1,1,1
0.353238833,0,0,1,0,0,0
0.353408042,0,0,1,1,1,1
0.353437042,0,0,1,0,0,0
0.353606250,0,0,1,1,1,1
0.353635292,0,0,1,0,0,0
0.353804500,0,0,1,1,1,1
0.353833542,0,0,1,0,0,0
0.354002750,0,0,1,1,1,1
0.354031750,0,0,1,0,0,0
0.354201000,0,0,1,1,1,1
0.354230000,0,0,1,0,0,0
0.354399208,0,0,1,1,1,1
0.354428250,0,0,1,0,0,0
0.354597417,0,0,1,1,1,1
0.354626458,0,0,1,0,0,0
0.354795667,0,0,1,1,1,1
0.354824708,0,0,1,0,0,0
0.354993875,0,0,1,1,1,1
0.355022917,0,0,1,0,0,0
0.355192167,0,0,1,1,1,1
0.355221208,0,0,1,0,0,0
0.355390417,0,0,1,1,1,1
0.355419458,0,0,1,0,0,0
0.355588708,0,0,1,1,1,1
0.355617750,0,0,1,0,0,0
0.355787000,0,0,1,1,1,1
0.355816042,0,0,1,0,0,0
0.355985250,0,0,1,1,1,1
0.356014292,0,0,1,0,0,0
0.356183542,0,0,1,1,1,1
0.356212583,0,0,1,0,0,0
0.356381792,0,0,1,1,1,1
0.356410833,0,0,1,0,0,0
0.356580000,0,0,1,1,1,1
0.356609042,0,0,1,1,0,1
0.356609083,0,0,1,0,0,0
0.356778250,0,0,1,1,1,1
0.356807292,0,0,1,0,0,0
0.356976500,0,0,1,1,1,1
0.357005542,0,0,1,0,0,0
0.357174792,0,0,1,1,1,1
0.357203792,0,0,1,1,0,1
0.357203833,0,0,1,0,0,0
0.357373000,0,0,1,1,1,1
0.357402042,0,0,1,0,0,0
0.357571250,0,0,1,1,1,1
0.357600292,0,0,1,0,0,0
0.357769458,0,0,1,1,1,1
0.357798500,0,0,1,0,0,0
0.357967708,0,0,1,1,1,1
0.357996750,0,0,1,0,0,0
0.358165958,0,0,1,1,1,1
0.358194958,0,0,1,0,0,0
0.358364167,0,0,1,1,1,1
0.358393208,0,0,1,0,0,0
0.358562417,0,0,1,1,1,1
0.358591458,0,0,1,0,0,0
0.358760708,0,0,1,1,1,1
0.358789750,0,0,1,0,0,0
0.358958958,0,0,1,1,1,1
0.358988000,0,0,1,0,0,0
0.359157167,0,0,1,1,1,1
0.359186208,0,0,1,0,0,0
0.359355417,0,0,1,1,1,1
0.359384458,0,0,1,0,0,0
0.359553708,0,0,1,1,1,1
0.359582708,0,0,1,1,0,0
0.359582750,0,0,1,0,0,0
0.359751917,0,0,1,1,1,1
0.359780958,0,0,1,0,0,0
0.359950167,0,0,1,1,1,1
0.359979208,0,0,1,0,0,0
0.360148417,0,0,1,1,1,1
0.360177458,0,0,1,0,0,0
0.360346625,0,0,1,1,1,1
0.360375667,0,0,1,0,0,0
0.360544875,0,0,1,1,1,1
0.360573917,0,0,1,0,0,0
0.360743125,0,0,1,1,1,1
0.360772167,0,0,1,0,0,0
0.360941375,0,0,1,1,1,1
0.360970417,0,0,1,0,0,0
0.361139667,0,0,1,1,1,1
0.361168708,0,0,1,0,0,0
0.361337917,0,0,1,0,1,1
0.361337958,0,0,1,1,1,1
0.361366958,0,0,1,0,0,0
0.361536208,0,0,1,1,1,1
0.361565250,0,0,1,0,0,0
0.361734458,0,0,1,1,1,1
0.361763500,0,0,1,0,0,0
0.361932708,0,0,1,1,1,1
0.361961750,0,0,1,0,0,0
0.362131000,0,0,1,1,1,1
0.362160042,0,0,1,0,0,0
0.362329250,0,0,1,1,1,1
0.362358292,0,0,1,0,0,0
0.362527500,0,0,1,1,1,1
0.362556542,0,0,1,0,0,0
0.362725792,0,0,1,1,1,1
0.362754792,0,0,1,1,0,0
0.362754833,0,0,1,0,0,0
0.362924042,0,0,1,1,1,1
0.362953083,0,0,1,0,0,0
0.363122333,0,0,1,1,1,1
0.363151375,0,0,1,0,0,0
0.363320625,0,0,1,1,1,1
0.363349667,0,0,1,0,0,0
0.363518917,0,0,1,1,1,1
0.363547958,0,0,1,0,0,0
0.363717208,0,0,1,1,1,1
0.363746250,0,0,1,0,0,0
0.363915500,0,0,1,1,1,1
0.363944542,0,0,1,0,0,0
0.364113750,0,0,1,1,1,1
0.364142792,0,0,1,0,0,0
0.364312042,0,0,1,1,1,1
0.364341083,0,0,1,0,0,0
0.364510292,0,0,1,1,1,1
0.364539333,0,0,1,0,0,0
0.364708583,0,0,1,1,1,1
0.364737625,0,0,1,0,0,0
0.364906875,0,0,1,1,1,1
0.364935917,0,0,1,0,0,0
0.365105125,0,0,1,1,1,1
0.365134167,0,0,1,0,0,0
0.365303375,0,0,1,1,1,1
0.365332417,0,0,1,0,0,0
0.365501667,0,0,1,1,1,1
0.365530708,0,0,1,0,0,0
0.365699917,0,0,1,1,1,1
0.365728958,0,0,1,0,0,0
0.365898167,0,0,1,1,1,1
0.365927208,0,0,1,0,0,0
0.366096417,0,0,1,1,1,1
0.366125458,0,0,1,0,0,0
0.366294667,0,0,1,1,1,1
0.366323708,0,0,1,0,0,0
0.366492875,0,0,1,1,1,1
0.366521917,0,0,1,0,0,0
0.366691125,0,0,1,1,1,1
0.366720125,0,0,1,0,0,0
0.366889333,0,0,1,1,1,1
0.366918375,0,0,1,0,0,0
0.367087583,0,0,1,1,1,1
0.367116625,0,0,1,0,0,0
0.367285833,0,0,1,1,1,1
0.367314875,0,0,1,0,0,0
0.367484125,0,0,1,1,1,1
0.367513167,0,0,1,0,0,0
0.367682375,0,0,1,1,1,1
0.367711417,0,0,1,0,0,0
0.367880625,0,0,1,1,1,1
0.367909667,0,0,1,0,0,0
0.368078917,0,0,1,1,1,1
0.368107958,0,0,1,0,0,0
0.368277167,0,0,1,1,1,1
0.368306208,0,0,1,0,0,0
0.368475417,0,0,1,1,1,1
0.368504458,0,0,1,0,0,0
0.368673667,0,0,1,1,1,1
0.368702708,0,0,1,0,0,0
0.368871958,0,0,1,1,1,1
0.368901000,0,0,1,0,0,0
0.369070208,0,0,1,1,1,1
0.369099250,0,0,1,0,0,0
0.369268500,0,0,1,1,1,1
0.369297500,0,0,1,1,0,0
0.369297542,0,0,1,0,0,0
0.369466750,0,0,1,1,1,1
0.369495792,0,0,1,0,0,0
0.369665000,0,0,1,1,1,1
0.369694000,0,0,1,0,0,0
0.369863250,0,0,1,1,1,1
0.369892292,0,0,1,0,0,0
0.370061500,0,0,1,1,1,1
0.370090500,0,0,1,0,0,0
0.370259750,0,0,1,1,1,1
0.370288750,0,0,1,0,0,0
0.370457958,0,0,1,1,1,1
0.370487000,0,0,1,0,0,0
0.370656208,0,0,1,1,1,1
0.370685250,0,0,1,0,0,0
0.370854458,0,0,1,1,1,1
0.370883500,0,0,1,0,0,0
0.371052667,0,0,1,1,1,1
0.371081708,0,0,1,0,0,0
0.371250958,0,0,1,1,1,1
0.371279958,0,0,1,0,0,0
0.371449167,0,0,1,1,1,1
0.371478208,0,0,1,0,0,0
0.371647417,0,0,1,1,1,1
0.371676458,0,0,1,1,0,0
0.371676500,0,0,1,0,0,0
0.371845708,0,0,1,1,1,1
0.371874750,0,0,1,0,0,0
0.372043958,0,0,1,1,1,1
0.372073000,0,0,1,0,0,0
0.372242167,0,0,1,1,1,1
0.372271208,0,0,1,0,0,0
0.372440458,0,0,1,1,1,1
0.372469500,0,0,1,0,0,0
0.372638667,0,0,1,1,1,1
0.372667708,0,0,1,0,0,0
0.372836917,0,0,1,1,1,1
0.372865958,0,0,1,0,0,0
0.373035167,0,0,1,1,1,1
0.373064208,0,0,1,0,0,0
0.373233375,0,0,1,1,1,1
0.373262417,0,0,1,0,0,0
0.373431583,0,0,1,1,1,1
0.373460583,0,0,1,0,0,0
0.373629792,0,0,1,1,1,1
0.373658833,0,0,1,0,0,0
0.373828000,0,0,1,1,1,1
0.373857042,0,0,1,0,0,0
0.374026208,0,0,1,1,1,1
0.374055250,0,0,1,0,0,0
0.374224458,0,0,1,1,1,1
0.374253458,0,0,1,0,0,0
0.374422667,0,0,1,1,1,1
0.374451708,0,0,1,0,0,0
0.374620917,0,0,1,1,1,1
0.374649958,0,0,1,0,0,0
0.374819125,0,0,1,1,1,1
0.374848125,0,0,1,0,0,0
0.375017292,0,0,1,1,1,1
0.375046333,0,0,1,0,0,0
0.375215542,0,0,1,1,1,1
0.375244542,0,0,1,1,0,0
0.375244583,0,0,1,0,0,0
0.375413750,0,0,1,1,1,1
0.375442792,0,0,1,0,0,0
0.375612000,0,0,1,1,1,1
0.375641042,0,0,1,0,0,0
0.375810208,0,0,1,1,1,1
0.375839250,0,0,1,0,0,0
0.376008458,0,0,1,0,1,0
0.376008500,0,0,1,1,1,1
0.376037500,0,0,1,0,0,0
0.376206708,0,0,1,1,1,1
0.376235750,0,0,1,0,0,0
0.376404958,0,0,1,1,1,1
0.376434000,0,0,1,0,0,0
0.376603208,0,0,1,1,1,1
0.376632250,0,0,1,0,0,0
0.376801417,0,0,1,1,1,1
0.376830458,0,0,1,0,0,0
0.376999708,0,0,1,1,1,1
0.377028750,0,0,1,0,0,0
0.377197958,0,0,1,1,1,1
0.377227000,0,0,1,0,0,0
0.377396250,0,0,1,1,1,1
0.377425292,0,0,1,0,0,0
0.377594500,0,0,1,1,1,1
0.377623542,0,0,1,0,0,0
0.377792750,0,0,1,1,1,1
0.377821792,0,0,1,0,0,0
0.377991042,0,0,1,1,1,1
0.378020083,0,0,1,0,0,0
0.378189292,0,0,1,1,1,1
0.378218333,0,0,1,0,0,0
0.378387500,0,0,1,1,1,1
0.378416542,0,0,1,0,0,0
0.378585750,0,0,1,1,1,1
0.378614750,0,0,1,0,0,0
0.378783958,0,0,1,1,1,1
0.378813042,0,0,1,0,0,0
0.378982250,0,0,1,1,1,1
0.379011292,0,0,1,0,0,0
0.379180542,0,0,1,1,1,1
0.379209583,0,0,1,0,0,0
0.379378792,0,0,1,1,1,1
0.379407833,0,0,1,0,0,0
0.379577042,0,0,1,1,1,1
0.379606083,0,0,1,0,0,0
0.379775333,0,0,1,1,1,1
0.379804375,0,0,1,0,0,0
0.379973583,0,0,1,1,1,1
0.380002625,0,0,1,0,0,0
0.380171833,0,0,1,0,0,1
0.380171875,0,0,1,1,1,1
0.380200917,0,0,1,0,0,0
0.380370125,0,0,1,1,1,1
0.380399167,0,0,1,0,0,0
0.380568417,0,0,1,1,1,1
0.380597458,0,0,1,0,0,0
0.380766667,0,0,1,1,1,1
0.380795708,0,0,1,0,0,0
0.380964958,0,0,1,1,1,1
0.380994000,0,0,1,0,0,0
0.381163250,0,0,1,1,1,1
0.381192292,0,0,1,0,0,0
0.381361542,0,0,1,1,1,1
0.381390583,0,0,1,0,0,0
0.381559833,0,0,1,1,1,1
0.381588875,0,0,1,0,0,0
0.381758083,0,0,1,1,1,1
0.381787125,0,0,1,0,0,0
0.381956333,0,0,1,1,1,1
0.381985375,0,0,1,0,0,0
0.382154583,0,0,1,1,1,1
0.382183625,0,0,1,0,0,0
0.382352833,0,0,1,1,1,1
0.382381875,0,0,1,0,0,0
0.382551042,0,0,1,1,1,1
0.382580083,0,0,1,0,0,0
0.382749250,0,0,1,0,1,1
0.382749292,0,0,1,1,1,1
0.382778292,0,0,1,0,0,0
0.382947542,0,0,1,1,1,1
0.382976542,0,0,1,0,0,0
0.383145792,0,0,1,1,1,1
0.383174792,0,0,1,0,0,0
0.383344042,0,0,1,1,1,1
0.383373083,0,0,1,0,0,0
0.383542292,0,0,1,1,1,1
0.383571292,0,0,1,0,0,0
0.383740500,0,0,1,1,1,1
0.383769500,0,0,1,1,0,0
0.383769542,0,0,1,0,0,0
0.383938708,0,0,1,1,1,1
0.383967750,0,0,1,0,0,0
0.384136958,0,0,1,1,1,1
0.384166000,0,0,1,0,0,0
0.384335250,0,0,1,1,1,1
0.384364292,0,0,1,0,0,0
0.384533500,0,0,1,1,1,1
0.384562542,0,0,1,0,0,0
0.384731708,0,0,1,1,1,1
0.384760750,0,0,1,0,0,0
0.384929958,0,0,1,1,1,1
0.384959000,0,0,1,0,0,0
0.385128208,0,0,1,1,1,1
0.385157250,0,0,1,0,0,0
0.385326458,0,0,1,1,1,1
0.385355500,0,0,1,0,0,0
0.385524708,0,0,1,1,1,1
0.385553750,0,0,1,0,0,0
0.385722958,0,0,1,1,1,1
0.385752000,0,0,1,0,0,0
0.385921250,0,0,1,1,1,1
0.385950292,0,0,1,0,0,0
0.386119500,0,0,1,1,1,1
0.386148542,0,0,1,0,0,0
0.386317750,0,0,1,1,1,1
0.386346792,0,0,1,0,0,0
0.386515958,0,0,1,1,1,1
0.386545000,0,0,1,0,0,0
0.386714208,0,0,1,1,1,1
0.386743250,0,0,1,0,0,0
0.386912500,0,0,1,1,1,1
0.386941542,0,0,1,0,0,0
0.387110750,0,0,1,1,1,1
0.387139750,0,0,1,0,0,0
0.387308958,0,0,1,1,1,1
0.387338000,0,0,1,0,0,0
0.387507208,0,0,1,1,1,1
0.387536250,0,0,1,0,0,0
0.387705458,0,0,1,1,1,1
0.387734500,0,0,1,0,0,0
0.387903708,0,0,1,1,1,1
0.387932750,0,0,1,0,0,0
0.388101958,0,0,1,1,1,1
0.388130958,0,0,1,0,0,0
0.388300208,0,0,1,1,1,1
0.388329250,0,0,1,0,0,0
0.388498458,0,0,1,1,1,1
0.388527500,0,0,1,0,0,0
0.388696708,0,0,1,1,1,1
0.388725750,0,0,1,0,0,0
0.388894958,0,0,1,1,1,1
0.388924000,0,0,1,0,0,0
0.389093208,0,0,1,1,1,1
0.389122250,0,0,1,0,0,0
0.389291500,0,0,1,1,1,1
0.389320542,0,0,1,0,0,0
0.389489792,0,0,1,1,1,1
0.389518833,0,0,1,0,0,0
0.389688042,0,0,1,1,1,1
0.389717083,0,0,1,0,0,0
0.389886292,0,0,1,1,1,1
0.389915333,0,0,1,0,0,0
0.390084542,0,0,1,1,1,1
0.390113583,0,0,1,0,0,0
0.390282792,0,0,1,1,1,1
0.390311833,0,0,1,0,0,0
0.390481042,0,0,1,1,1,1
0.390510083,0,0,1,0,0,0
0.390679292,0,0,1,1,1,1
0.390708333,0,0,1,0,0,0
0.390877542,0,0,1,1,1,1
0.390906583,0,0,1,0,0,0
0.391075792,0,0,1,1,1,1
0.391104792,0,0,1,1,0,0
0.391104833,0,0,1,0,0,0
0.391274000,0,0,1,1,1,1
0.391303042,0,0,1,0,0,0
0.391472208,0,0,1,1,1,1
0.391501250,0,0,1,0,0,0
0.391670417,0,0,1,1,1,1
0.391699458,0,0,1,0,0,0
0.391868625,0,0,1,1,1,1
0.391897667,0,0,1,0,0,0
0.392066833,0,0,1,1,1,1
0.392095875,0,0,1,0,0,0
0.392265042,0,0,1,1,1,1
0.392294083,0,0,1,0,0,0
0.392463292,0,0,1,1,1,1
0.392492333,0,0,1,0,0,0
0.392661500,0,0,1,1,1,1
0.392690542,0,0,1,0,0,0
0.392859708,0,0,1,1,1,1
0.392888750,0,0,1,0,0,0
0.393057917,0,0,1,1,1,1
0.393086958,0,0,1,0,0,0
0.393256167,0,0,1,1,1,1
0.393285208,0,0,1,0,0,0
0.393454417,0,0,1,1,1,1
0.393483458,0,0,1,0,0,0
0.393652625,0,0,1,1,1,1
0.393681667,0,0,1,0,0,0
0.393850875,0,0,1,1,1,1
0.393879917,0,0,1,0,0,0
0.394049083,0,0,1,1,1,1
0.394078125,0,0,1,0,0,0
0.394247292,0,0,1,1,1,1
0.394276333,0,0,1,0,0,0
0.394445542,0,0,1,1,1,1
0.394474583,0,0,1,0,0,0
0.394643792,0,0,1,1,1,1
0.394672833,0,0,1,0,0,0
0.394842083,0,0,1,1,1,1
0.394871083,0,0,1,1,0,0
0.394871125,0,0,1,0,0,0
0.395040333,0,0,1,1,1,1
0.395069375,0,0,1,0,0,0
0.395238625,0,0,1,1,1,1
0.395267667,0,0,1,0,0,0
0.395436917,0,0,1,1,1,1
0.395465958,0,0,1,0,0,0
0.395635208,0,0,1,1,1,1
0.395664250,0,0,1,0,0,0
0.395833500,0,0,1,1,1,1
0.395862542,0,0,1,0,0,0
0.396031792,0,0,1,1,1,1
0.396060833,0,0,1,0,0,0
0.396230042,0,0,1,1,1,1
0.396259083,0,0,1,0,0,0
0.396428292,0,0,1,1,1,1
0.396457333,0,0,1,0,0,0
0.396626583,0,0,1,1,1,1
0.396655625,0,0,1,0,0,0
0.396824833,0,0,1,1,1,1
0.396853875,0,0,1,0,0,0
0.397023125,0,0,1,1,1,1
0.397052167,0,0,1,0,0,0
0.397221375,0,0,1,1,1,1
0.397250417,0,0,1,0,0,0
0.397419667,0,0,1,1,1,1
0.397448708,0,0,1,0,0,0
0.397617917,0,0,1,1,1,1
0.397646958,0,0,1,0,0,0
0.397816167,0,0,1,1,1,1
0.397845208,0,0,1,0,0,0
0.398014417,0,0,1,1,1,1
0.398043458,0,0,1,0,0,0
0.398212708,0,0,1,1,1,1
0.398241750,0,0,1,0,0,0
0.398410958,0,0,1,1,1,1
0.398440000,0,0,1,0,0,0
0.398609208,0,0,1,1,1,1
0.398638250,0,0,1,0,0,0
0.398807458,0,0,1,1,1,1
0.398836500,0,0,1,0,0,0
0.399005708,0,0,1,1,1,1
0.399034750,0,0,1,0,0,0
0.399204000,0,0,1,1,1,1
0.399233042,0,0,1,0,0,0
0.399402208,0,0,1,0,1,1
0.399402250,0,0,1,1,1,1
0.399431250,0,0,1,0,0,0
0.399600458,0,0,1,1,1,1
0.399629458,0,0,1,1,0,0
0.399629500,0,0,1,0,0,0
0.399798667,0,0,1,1,1,1
0.399827667,0,0,1,1,0,0
0.399827708,0,0,1,0,0,0
0.399996875,0,0,1,1,1,1
0.400025917,0,0,1,0,0,0
0.400195083,0,0,1,1,1,1
0.400224125,0,0,1,0,0,0
0.400393292,0,0,1,1,1,1
0.400422333,0,0,1,0,0,0
0.400591500,0,0,1,1,1,1
0.400620542,0,0,1,0,0,0
0.400789750,0,0,1,1,1,1
0.400818792,0,0,1,0,0,0
0.400988000,0,0,1,1,1,1
0.401017000,0,0,1,0,0,0
0.401186208,0,0,1,1,1,1
0.401215250,0,0,1,0,0,0
0.401384458,0,0,1,1,1,1
0.401413500,0,0,1,0,0,0
0.401582667,0,0,1,1,1,1
0.401611708,0,0,1,0,0,0
0.401780958,0,0,1,1,1,1
0.401810000,0,0,1,0,0,0
0.401979208,0,0,1,1,1,1
0.402008250,0,0,1,0,0,0
0.402177458,0,0,1,1,1,1
0.402206500,0,0,1,0,0,0
0.402375708,0,0,1,1,1,1
0.402404750,0,0,1,0,0,0
0.402573958,0,0,1,1,1,1
0.402602958,0,0,1,0,0,0
0.402772125,0,0,1,0,1,1
0.402772167,0,0,1,1,1,1
0.402801167,0,0,1,0,0,0
0.402970417,0,0,1,1,1,1
0.402999458,0,0,1,0,0,0
0.403168625,0,0,1,1,1,1
0.403197667,0,0,1,0,0,0
0.403366875,0,0,1,0,1,0
0.403366917,0,0,1,1,1,1
0.403395958,0,0,1,0,0,0
0.403565125,0,0,1,1,1,1
0.403594167,0,0,1,0,0,0
0.403763375,0,0,1,1,1,1
0.403792417,0,0,1,0,0,0
0.403961625,0,0,1,1,1,1
0.403990667,0,0,1,0,0,0
0.404159875,0,0,1,1,1,1
0.404188917,0,0,1,0,0,0
0.404358125,0,0,1,1,1,1
0.404387167,0,0,1,0,0,0
0.404556375,0,0,1,1,1,1
0.404585417,0,0,1,0,0,0
0.404754625,0,0,1,1,1,1
0.404783667,0,0,1,0,0,0
0.404952917,0,0,1,1,1,1
0.404981958,0,0,1,0,0,0
0.405151167,0,0,1,1,1,1
0.405180208,0,0,1,0,0,0
0.405349417,0,0,1,1,1,1
0.405378417,0,0,1,0,0,0
0.405547625,0,0,1,0,1,1
0.405547667,0,0,1,1,1,1
0.405576667,0,0,1,0,0,0
0.405745917,0,0,1,1,1,1
0.405774958,0,0,1,0,0,0
0.405944125,0,0,1,1,1,1
0.405973167,0,0,1,0,0,0
0.406142333,0,0,1,1,1,1
0.406171375,0,0,1,0,0,0
0.406340625,0,0,1,1,1,1
0.406369625,0,0,1,1,0,0
0.406369667,0,0,1,0,0,0
0.406538833,0,0,1,1,1,1
0.406567875,0,0,1,0,0,0
0.406737125,0,0,1,1,1,1
0.406766167,0,0,1,0,0,0
0.406935375,0,0,1,1,1,1
0.406964417,0,0,1,0,0,0
0.407133625,0,0,1,0,1,1
0.407133667,0,0,1,1,1,1
0.407162667,0,0,1,0,0,0
0.407331875,0,0,1,1,1,1
0.407360875,0,0,1,0,0,0
0.407530083,0,0,1,1,1,1
0.407559125,0,0,1,0,0,0
0.407728333,0,0,1,1,1,1
0.407757375,0,0,1,0,0,0
0.407926583,0,0,1,1,1,1
0.407955625,0,0,1,0,0,0
0.408124792,0,0,1,1,1,1
0.408153833,0,0,1,0,0,0
0.408323042,0,0,1,1,1,1
0.408352083,0,0,1,0,0,0
0.408521292,0,0,1,1,1,1
0.408550333,0,0,1,0,0,0
0.408719583,0,0,1,1,1,1
0.408748625,0,0,1,0,0,0
0.408917875,0,0,1,1,1,1
0.408946917,0,0,1,0,0,0
0.409116125,0,0,1,1,1,1
0.409145167,0,0,1,0,0,0
0.409314375,0,0,1,1,1,1
0.409343417,0,0,1,0,0,0
0.409512625,0,0,1,1,1,1
0.409541667,0,0,1,0,0,0
0.409710958,0,0,1,1,1,1
0.409740000,0,0,1,0,0,0
0.409909250,0,0,1,1,1,1
0.409938292,0,0,1,0,0,0
0.410107542,0,0,1,1,1,1
0.410136583,0,0,1,0,0,0
0.410305792,0,0,1,1,1,1
0.410334833,0,0,1,0,0,0
0.410504042,0,0,1,1,1,1
0.410533083,0,0,1,0,0,0
0.410702292,0,0,1,1,1,1
0.410731333,0,0,1,0,0,0
0.410900583,0,0,1,1,1,1
0.410929625,0,0,1,0,0,0
0.411098833,0,0,1,1,1,1
0.411127875,0,0,1,0,0,0
0.411297042,0,0,1,1,1,1
0.411326083,0,0,1,0,0,0
0.411495292,0,0,1,1,1,1
0.411524333,0,0,1,0,0,0
0.411693542,0,0,1,1,1,1
0.411722583,0,0,1,0,0,0
0.411891750,0,0,1,1,1,1
0.411920792,0,0,1,0,0,0
0.412090000,0,0,1,1,1,1
0.412119042,0,0,1,0,0,0
0.412288208,0,0,1,1,1,1
0.412317250,0,0,1,0,0,0
0.412486417,0,0,1,1,1,1
0.412515458,0,0,1,0,0,0
0.412684708,0,0,1,1,1,1
0.412713708,0,0,1,0,0,0
0.412882958,0,0,1,1,1,1
0.412912000,0,0,1,0,0,0
0.413081208,0,0,1,1,1,1
0.413110250,0,0,1,0,0,0
0.413279500,0,0,1,1,1,1
0.413308542,0,0,1,0,0,0
0.413477708,0,0,1,1,1,1
0.413506750,0,0,1,0,0,0
0.413675917,0,0,1,1,1,1
0.413704958,0,0,1,0,0,0
0.413874167,0,0,1,1,1,1
0.413903167,0,0,1,0,0,0
0.414072375,0,0,1,1,1,1
0.414101417,0,0,1,0,0,0
0.414270625,0,0,1,1,1,1
0.414299667,0,0,1,0,0,0
0.414468875,0,0,1,1,1,1
0.414497917,0,0,1,0,0,0
0.414667125,0,0,1,1,1,1
0.414696167,0,0,1,0,0,0
0.414865375,0,0,1,1,1,1
0.414894417,0,0,1,0,0,0
0.415063583,0,0,1,1,1,1
0.415092625,0,0,1,0,0,0
0.415261833,0,0,1,1,1,1
0.415290875,0,0,1,0,0,0
0.415460042,0,0,1,1,1,1
0.415489083,0,0,1,0,0,0
0.415658333,0,0,1,1,1,1
0.415687375,0,0,1,0,0,0
0.415856583,0,0,1,1,1,1
0.415885625,0,0,1,0,0,0
0.416054792,0,0,1,0,1,1
0.416054833,0,0,1,1,1,1
0.416083833,0,0,1,0,0,0
0.416253042,0,0,1,0,1,1
0.416253083,0,0,1,1,1,1
0.416282083,0,0,1,0,0,0
0.416451333,0,0,1,1,1,1
0.416480375,0,0,1,0,0,0
0.416649625,0,0,1,1,1,1
0.416678667,0,0,1,0,0,0
0.416847875,0,0,1,1,1,1
0.416876917,0,0,1,0,0,0
0.417046167,0,0,1,1,1,1
0.417075208,0,0,1,0,0,0
0.417244458,0,0,1,1,1,1
0.417273500,0,0,1,0,0,0
0.417442667,0,0,1,1,1,1
0.417471708,0,0,1,0,0,0
0.417640875,0,0,1,1,1,1
0.417669917,0,0,1,0,0,0
0.417839125,0,0,1,1,1,1
0.417868167,0,0,1,0,0,0
0.418037375,0,0,1,1,1,1
0.418066417,0,0,1,0,0,0
0.418235625,0,0,1,1,1,1
0.418264667,0,0,1,0,0,0
0.418433833,0,0,1,1,1,1
0.418462875,0,0,1,0,0,0
0.418632083,0,0,1,1,1,1
0.418661125,0,0,1,0,0,0
0.418830333,0,0,1,1,1,1
0.418859375,0,0,1,0,0,0
0.419028583,0,0,1,1,1,1
0.419057625,0,0,1,0,0,0
0.419226833,0,0,1,1,1,1
0.419255875,0,0,1,0,0,0
0.419425083,0,0,1,1,1,1
0.419454125,0,0,1,0,0,0
0.419623333,0,0,1,1,1,1
0.419652375,0,0,1,0,0,0
0.419821583,0,0,1,1,1,1
0.419850625,0,0,1,0,0,0
0.420019833,0,0,1,1,1,1
0.420048833,0,0,1,1,0,0
0.420048875,0,0,1,0,0,0
0.420218042,0,0,1,1,1,1
0.420247083,0,0,1,0,0,0
0.420416292,0,0,1,1,1,1
0.420445333,0,0,1,0,0,0
0.420614542,0,0,1,1,1,1
0.420643583,0,0,1,0,0,0
0.420812792,0,0,1,1,1,1
0.420841833,0,0,1,0,0,0
0.421011042,0,0,1,1,1,1
0.421040083,0,0,1,0,0,0
0.421209250,0,0,1,1,1,1
0.421238292,0,0,1,0,0,0
0.421407500,0,0,1,1,1,1
0.421436542,0,0,1,0,0,0
0.421605750,0,0,1,1,1,1
0.421634792,0,0,1,0,0,0
0.421804000,0,0,1,1,1,1
0.421833042,0,0,1,0,0,0
0.422002208,0,0,1,1,1,1
0.422031250,0,0,1,0,0,0
0.422200417,0,0,1,1,1,1
0.422229458,0,0,1,0,0,0
0.422398667,0,0,1,1,1,1
0.422427708,0,0,1,0,0,0
0.422596875,0,0,1,1,1,1
0.422625917,0,0,1,0,0,0
0.422795125,0,0,1,1,1,1
0.422824167,0,0,1,0,0,0
0.422993417,0,0,1,1,1,1
0.423022458,0,0,1,0,0,0
0.423191625,0,0,1,1,1,1
0.423220667,0,0,1,0,0,0
0.423389875,0,0,1,1,1,1
0.423418917,0,0,1,0,0,0
0.423588083,0,0,1,1,1,1
0.423617125,0,0,1,0,0,0
0.423786333,0,0,1,1,1,1
0.423815375,0,0,1,0,0,0
0.423984583,0,0,1,1,1,1
0.424013625,0,0,1,0,0,0
0.424182833,0,0,1,1,1,1
0.424211875,0,0,1,0,0,0
0.424381083,0,0,1,1,1,1
0.424410125,0,0,1,0,0,0
0.424579333,0,0,1,1,1,1
0.424608375,0,0,1,0,0,0
0.424777583,0,0,1,1,1,1
0.424806625,0,0,1,0,0,0
0.424975833,0,0,1,1,1,1
0.425004875,0,0,1,0,0,0
0.425174083,0,0,1,1,1,1
0.425203125,0,0,1,0,0,0
0.425372333,0,0,1,1,1,1
0.425401375,0,0,1,0,0,0
0.425570583,0,0,1,1,1,1
0.425599583,0,0,1,0,0,0
0.425768833,0,0,1,1,1,1
0.425797833,0,0,1,1,0,0
0.425797875,0,0,1,0,0,0
0.425967042,0,0,1,1,1,1
0.425996083,0,0,1,0,0,0
0.426165250,0,0,1,1,1,1
0.426194250,0,0,1,1,0,0
0.426194292,0,0,1,0,0,0
0.426363458,0,0,1,1,1,1
0.426392458,0,0,1,0,0,0
0.426561667,0,0,1,1,1,1
0.426590708,0,0,1,0,0,0
0.426759875,0,0,1,1,1,1
0.426788917,0,0,1,0,0,0
0.426958125,0,0,1,1,1,1
0.426987167,0,0,1,0,0,0
0.427156375,0,0,1,1,1,1
0.427185417,0,0,1,0,0,0
0.427354625,0,0,1,1,1,1
0.427383625,0,0,1,0,0,0
0.427552875,0,0,1,1,1,1
0.427581917,0,0,1,0,0,0
0.427751167,0,0,1,1,1,1
0.427780208,0,0,1,0,0,0
0.427949417,0,0,1,1,1,1
0.427978458,0,0,1,0,0,0
0.428147708,0,0,1,1,1,1
0.428176708,0,0,1,0,0,0
0.428345958,0,0,1,1,1,1
0.428375000,0,0,1,0,0,0
0.428544208,0,0,1,1,1,1
0.428573250,0,0,1,0,0,0
0.428742458,0,0,1,1,1,1
0.428771500,0,0,1,0,0,0
0.428940750,0,0,1,1,1,1
0.428969792,0,0,1,0,0,0
0.429139000,0,0,1,1,1,1
0.429168042,0,0,1,0,0,0
0.429337292,0,0,1,1,1,1
0.429366333,0,0,1,0,0,0
0.429535542,0,0,1,1,1,1
0.429564583,0,0,1,0,0,0
0.429733792,0,0,1,1,1,1
0.429762833,0,0,1,0,0,0
0.429932042,0,0,1,1,1,1
0.429961083,0,0,1,0,0,0
0.430130292,0,0,1,1,1,1
0.430159333,0,0,1,0,0,0
0.430328583,0,0,1,1,1,1
0.430357625,0,0,1,0,0,0
0.430526833,0,0,1,1,1,1
0.430555875,0,0,1,0,0,0
0.430725125,0,0,1,1,1,1
0.430754167,0,0,1,0,0,0
0.430923333,0,0,1,1,1,1
0.430952375,0,0,1,0,0,0
0.431121583,0,0,1,1,1,1
0.431150625,0,0,1,0,0,0
0.431319833,0,0,1,1,1,1
0.431348875,0,0,1,0,0,0
0.431518083,0,0,1,1,1,1
0.431547125,0,0,1,0,0,0
0.431716333,0,0,1,1,1,1
0.431745375,0,0,1,0,0,0
0.431914625,0,0,1,1,1,1
0.431943667,0,0,1,0,0,0
0.432112875,0,0,1,1,1,1
0.432141917,0,0,1,0,0,0
0.432311083,0,0,1,1,1,1
0.432340125,0,0,1,0,0,0
0.432509292,0,0,1,1,1,1
0.432538333,0,0,1,0,0,0
0.432707542,0,0,1,1,1,1
0.432736583,0,0,1,0,0,0
0.432905792,0,0,1,1,1,1
0.432934833,0,0,1,0,0,0
0.433104042,0,0,1,1,1,1
0.433133083,0,0,1,0,0,0
0.433302292,0,0,1,1,1,1
0.433331333,0,0,1,0,0,0
0.433500542,0,0,1,1,1,1
0.433529583,0,0,1,0,0,0
0.433698750,0,0,1,1,1,1
0.433727792,0,0,1,0,0,0
0.433897000,0,0,1,1,1,1
0.433926042,0,0,1,0,0,0
0.434095250,0,0,1,1,1,1
0.434124292,0,0,1,0,0,0
0.434293500,0,0,1,1,1,1
0.434322542,0,0,1,0,0,0
0.434491750,0,0,1,1,1,1
0.434520792,0,0,1,0,0,0
0.434690000,0,0,1,1,1,1
0.434719042,0,0,1,0,0,0
0.434888250,0,0,1,1,1,1
0.434917250,0,0,1,1,0,0
0.434917292,0,0,1,0,0,0
0.435086500,0,0,1,1,1,1
0.435115500,0,0,1,0,0,0
0.435284708,0,0,1,1,1,1
0.435313750,0,0,1,0,0,0
0.435482958,0,0,1,1,1,1
0.435512000,0,0,1,0,0,0
0.435681167,0,0,1,1,1,1
0.435710208,0,0,1,0,0,0
0.435879417,0,0,1,1,1,1
0.435908458,0,0,1,0,0,0
0.436077708,0,0,1,1,1,1
0.436106708,0,0,1,0,0,0
0.436275875,0,0,1,0,1,0
0.436275917,0,0,1,1,1,1
0.436304917,0,0,1,0,0,0
0.436474125,0,0,1,1,1,1
0.436503125,0,0,1,0,0,0
0.436672292,0,0,1,1,1,1
0.436701333,0,0,1,0,0,0
0.436870500,0,0,1,1,1,1
0.436899500,0,0,1,0,0,0
0.437068708,0,0,1,1,1,1
0.437097750,0,0,1,0,0,0
0.437266958,0,0,1,1,1,1
0.437296000,0,0,1,0,0,0
0.437465250,0,0,1,1,1,1
0.437494292,0,0,1,0,0,0
0.437663500,0,0,1,1,1,1
0.437692542,0,0,1,0,0,0
0.437861750,0,0,1,1,1,1
0.437890792,0,0,1,0,0,0
0.438060000,0,0,1,1,1,1
0.438089042,0,0,1,0,0,0
0.438258250,0,0,1,1,1,1
0.438287292,0,0,1,0,0,0
0.438456500,0,0,1,1,1,1
0.438485542,0,0,1,0,0,0
0.438654750,0,0,1,1,1,1
0.438683792,0,0,1,0,0,0
0.438853042,0,0,1,1,1,1
0.438882083,0,0,1,0,0,0
0.439051292,0,0,1,1,1,1
0.439080333,0,0,1,0,0,0
0.439249542,0,0,1,1,1,1
0.439278583,0,0,1,0,0,0
0.439447792,0,0,1,1,1,1
0.439476833,0,0,1,0,0,0
0.439646042,0,0,1,1,1,1
0.439675042,0,0,1,0,0,0
0.439844250,0,0,1,0,1,1
0.439844292,0,0,1,1,1,1
0.439873292,0,0,1,0,0,0
0.440042500,0,0,1,1,1,1
0.440071542,0,0,1,0,0,0
0.440240750,0,0,1,1,1,1
0.440269792,0,0,1,0,0,0
0.440438958,0,0,1,1,1,1
0.440468000,0,0,1,0,0,0
0.440637167,0,0,1,1,1,1
0.440666208,0,0,1,0,0,0
0.440835375,0,0,1,1,1,1
0.440864417,0,0,1,0,0,0
0.441033625,0,0,1,1,1,1
0.441062625,0,0,1,1,0,0
0.441062667,0,0,1,0,0,0
0.441231833,0,0,1,1,1,1
0.441260875,0,0,1,0,0,0
0.441430083,0,0,1,1,1,1
0.441459125,0,0,1,0,0,0
0.441628292,0,0,1,1,1,1
0.441657292,0,0,1,0,0,0
0.441826500,0,0,1,1,1,1
0.441855542,0,0,1,0,0,0
0.442024708,0,0,1,1,1,1
0.442053750,0,0,1,0,0,0
0.442222958,0,0,1,1,1,1
0.442252000,0,0,1,0,0,0
0.442421167,0,0,1,1,1,1
0.442450208,0,0,1,0,0,0
0.442619375,0,0,1,1,1,1
0.442648417,0,0,1,0,0,0
0.442817625,0,0,1,1,1,1
0.442846667,0,0,1,0,0,0
0.443015833,0,0,1,1,1,1
0.443044875,0,0,1,0,0,0
0.443214083,0,0,1,1,1,1
0.443243125,0,0,1,0,0,0
0.443412292,0,0,1,1,1,1
0.443441292,0,0,1,0,0,0
0.443610500,0,0,1,1,1,1
0.443639542,0,0,1,0,0,0
0.443808750,0,0,1,1,1,1
0.443837750,0,0,1,0,0,0
0.444006958,0,0,1,1,1,1
0.444036000,0,0,1,0,0,0
0.444205208,0,0,1,1,1,1
0.444234250,0,0,1,0,0,0
0.444403417,0,0,1,1,1,1
0.444432458,0,0,1,0,0,0
0.444601667,0,0,1,1,1,1
0.444630708,0,0,1,0,0,0
0.444799875,0,0,1,0,1,0
0.444799917,0,0,1,1,1,1
0.444828958,0,0,1,0,0,0
0.444998125,0,0,1,1,1,1
0.445027167,0,0,1,0,0,0
0.445196375,0,0,1,1,1,1
0.445225375,0,0,1,0,0,0
0.445394583,0,0,1,1,1,1
0.445423625,0,0,1,0,0,0
0.445592833,0,0,1,1,1,1
0.445621875,0,0,1,0,0,0
0.445791083,0,0,1,1,1,1
0.445820125,0,0,1,0,0,0
0.445989333,0,0,1,1,1,1
0.446018375,0,0,1,0,0,0
0.446187542,0,0,1,1,1,1
0.446216583,0,0,1,0,0,0
0.446385750,0,0,1,1,1,1
0.446414792,0,0,1,0,0,0
0.446583958,0,0,1,1,1,1
0.446613000,0,0,1,0,0,0
0.446782167,0,0,1,1,1,1
0.446811208,0,0,1,0,0,0
0.446980417,0,0,1,1,1,1
0.447009458,0,0,1,0,0,0
0.447178625,0,0,1,1,1,1
0.447207667,0,0,1,0,0,0
0.447376833,0,0,1,1,1,1
0.447405875,0,0,1,0,0,0
0.447575083,0,0,1,1,1,1
0.447604125,0,0,1,0,0,0
0.447773333,0,0,1,1,1,1
0.447802375,0,0,1,0,0,0
0.447971542,0,0,1,1,1,1
0.448000583,0,0,1,0,0,0
0.448169792,0,0,1,1,1,1
0.448198833,0,0,1,0,0,0
0.448368000,0,0,1,1,1,1
0.448397000,0,0,1,0,0,0
0.448566208,0,0,1,1,1,1
0.448595208,0,0,1,0,0,0
0.448764417,0,0,1,1,1,1
0.448793458,0,0,1,0,0,0
0.448962667,0,0,1,1,1,1
0.448991708,0,0,1,0,0,0
0.449160917,0,0,1,1,1,1
0.449189958,0,0,1,0,0,0
0.449359167,0,0,1,1,1,1
0.449388208,0,0,1,0,0,0
0.449557417,0,0,1,1,1,1
0.449586458,0,0,1,0,0,0
0.449755708,0,0,1,1,1,1
0.449784750,0,0,1,0,0,0
0.449954000,0,0,1,1,1,1
0.449983042,0,0,1,0,0,0
0.450152292,0,0,1,1,1,1
0.450181333,0,0,1,0,0,0
0.450350542,0,0,1,1,1,1
0.450379583,0,0,1,0,0,0
0.450548833,0,0,1,1,1,1
0.450577875,0,0,1,0,0,0
0.450747083,0,0,1,1,1,1
0.450776125,0,0,1,0,0,0
0.450945333,0,0,1,1,1,1
0.450974375,0,0,1,0,0,0
0.451143583,0,0,1,1,1,1
0.451172625,0,0,1,0,0,0
0.451341875,0,0,1,1,1,1
0.451370917,0,0,1,0,0,0
0.451540125,0,0,1,1,1,1
0.451569167,0,0,1,0,0,0
0.451738375,0,0,1,1,1,1
0.451767417,0,0,1,0,0,0
0.451936625,0,0,1,1,1,1
0.451965667,0,0,1,0,0,0
0.452134833,0,0,1,1,1,1
0.452163875,0,0,1,0,0,0
0.452333083,0,0,1,1,1,1
0.452362083,0,0,1,0,0,0
0.452531292,0,0,1,1,1,1
0.452560333,0,0,1,0,0,0
0.452729500,0,0,1,1,1,1
0.452758542,0,0,1,0,0,0
0.452927750,0,0,1,1,1,1
0.452956792,0,0,1,0,0,0
0.453126000,0,0,1,1,1,1
0.453155000,0,0,1,0,0,0
0.453324250,0,0,1,1,1,1
0.453353292,0,0,1,0,0,0
0.453522500,0,0,1,1,1,1
0.453551542,0,0,1,0,0,0
0.453720750,0,0,1,1,1,1
0.453749792,0,0,1,0,0,0
0.453919000,0,0,1,1,1,1
0.453948042,0,0,1,0,0,0
0.454117250,0,0,1,1,1,1
0.454146292,0,0,1,0,0,0
0.454315542,0,0,1,1,1,1
0.454344583,0,0,1,0,0,0
0.454513792,0,0,1,1,1,1
0.454542833,0,0,1,0,0,0
0.454712042,0,0,1,1,1,1
0.454741083,0,0,1,0,0,0
0.454910292,0,0,1,1,1,1
0.454939333,0,0,1,0,0,0
0.455108542,0,0,1,1,1,1
0.455137583,0,0,1,0,0,0
0.455306750,0,0,1,1,1,1
0.455335792,0,0,1,0,0,0
0.455504958,0,0,1,1,1,1
0.455534000,0,0,1,0,0,0
0.455703208,0,0,1,1,1,1
0.455732208,0,0,1,0,0,0
0.455901458,0,0,1,1,1,1
0.455930500,0,0,1,0,0,0
0.456099708,0,0,1,1,1,1
0.456128750,0,0,1,0,0,0
0.456297917,0,0,1,1,1,1
0.456326958,0,0,1,0,0,0
0.456496167,0,0,1,1,1,1
0.456525208,0,0,1,0,0,0
0.456694417,0,0,1,1,1,1
0.456723458,0,0,1,0,0,0
0.456892667,0,0,1,1,1,1
0.456921667,0,0,1,0,0,0
0.457090917,0,0,1,1,1,1
0.457119958,0,0,1,0,0,0
0.457289167,0,0,1,1,1,1
0.457318208,0,0,1,0,0,0
0.457487417,0,0,1,1,1,1
0.457516458,0,0,1,0,0,0
0.457685667,0,0,1,1,1,1
0.457714708,0,0,1,0,0,0
0.457883958,0,0,1,1,1,1
0.457913000,0,0,1,0,0,0
0.458082208,0,0,1,1,1,1
0.458111250,0,0,1,0,0,0
0.458280458,0,0,1,1,1,1
0.458309500,0,0,1,0,0,0
0.458478708,0,0,1,1,1,1
0.458507750,0,0,1,0,0,0
0.458677000,0,0,1,1,1,1
0.458706000,0,0,1,0,0,0
0.458875208,0,0,1,1,1,1
0.458904250,0,0,1,0,0,0
0.459073458,0,0,1,1,1,1
0.459102500,0,0,1,0,0,0
0.459271667,0,0,1,1,1,1
0.459300708,0,0,1,0,0,0
0.459469875,0,0,1,1,1,1
0.459498875,0,0,1,0,0,0
0.459668042,0,0,1,1,1,1
0.459697083,0,0,1,0,0,0
0.459866292,0,0,1,1,1,1
0.459895292,0,0,1,0,0,0
0.460064500,0,0,1,1,1,1
0.460093542,0,0,1,0,0,0
0.460262708,0,0,1,1,1,1
0.460291750,0,0,1,0,0,0
0.460460875,0,0,1,0,1,1
0.460460917,0,0,1,1,1,1
0.460489917,0,0,1,0,0,0
0.460659083,0,0,1,1,1,1
0.460688125,0,0,1,0,0,0
0.460857292,0,0,1,1,1,1
0.460886333,0,0,1,0,0,0
0.461055542,0,0,1,1,1,1
0.461084583,0,0,1,0,0,0
0.461253750,0,0,1,1,1,1
0.461282792,0,0,1,0,0,0
0.461452000,0,0,1,1,1,1
0.461481000,0,0,1,0,0,0
0.461650208,0,0,1,1,1,1
0.461679250,0,0,1,0,0,0
0.461848417,0,0,1,1,1,1
0.461877458,0,0,1,0,0,0
0.462046625,0,0,1,1,1,1
0.462075625,0,0,1,0,0,0
0.462244792,0,0,1,1,1,1
0.462273792,0,0,1,0,0,0
0.462443000,0,0,1,1,1,1
0.462472042,0,0,1,0,0,0
0.462641208,0,0,1,1,1,1
0.462670250,0,0,1,0,0,0
0.462839417,0,0,1,1,1,1
0.462868458,0,0,1,0,0,0
0.463037583,0,0,1,1,1,1
0.463066625,0,0,1,0,0,0
0.463235792,0,0,1,1,1,1
0.463264833,0,0,1,0,0,0
0.463434000,0,0,1,1,1,1
0.463463000,0,0,1,0,0,0
0.463632208,0,0,1,1,1,1
0.463661208,0,0,1,0,0,0
0.463830417,0,0,1,1,1,1
0.463859417,0,0,1,0,0,0
0.464028625,0,0,1,1,1,1
0.464057625,0,0,1,0,0,0
0.464226792,0,0,1,1,1,1
0.464255833,0,0,1,0,0,0
0.464424958,0,0,1,1,1,1
0.464454000,0,0,1,0,0,0
0.464623125,0,0,1,1,1,1
0.464652167,0,0,1,0,0,0
0.464821375,0,0,1,1,1,1
0.464850417,0,0,1,0,0,0
0.465019625,0,0,1,1,1,1
0.465048667,0,0,1,0,0,0
0.465217833,0,0,1,1,1,1
0.465246833,0,0,1,0,0,0
0.465416000,0,0,1,1,1,1
0.465445042,0,0,1,0,0,0
0.465614208,0,0,1,1,1,1
0.465643250,0,0,1,0,0,0
0.465812417,0,0,1,1,1,1
0.465841458,0,0,1,0,0,0
0.466010625,0,0,1,1,1,1
0.466039667,0,0,1,0,0,0
0.466208833,0,0,1,1,1,1
0.466237875,0,0,1,0,0,0
0.466407000,0,0,1,1,1,1
0.466436042,0,0,1,0,0,0
0.466605208,0,0,1,1,1,1
0.466634250,0,0,1,0,0,0
0.466803417,0,0,1,1,1,1
0.466832458,0,0,1,0,0,0
0.467001625,0,0,1,1,1,1
0.467030667,0,0,1,0,0,0
0.467199792,0,0,1,1,1,1
0.467228833,0,0,1,0,0,0
0.467398000,0,0,1,1,1,1
0.467427042,0,0,1,0,0,0
0.467596167,0,0,1,1,1,1
0.467625208,0,0,1,0,0,0
0.467794375,0,0,1,1,1,1
0.467823417,0,0,1,0,0,0
0.467992583,0,0,1,1,1,1
0.468021625,0,0,1,0,0,0
0.468190750,0,0,1,1,1,1
0.468219792,0,0,1,0,0,0
0.468388958,0,0,1,1,1,1
0.468417958,0,0,1,0,0,0
0.468587125,0,0,1,1,1,1
0.468616167,0,0,1,0,0,0
0.468785333,0,0,1,1,1,1
0.468814333,0,0,1,0,0,0
0.468983542,0,0,1,1,1,1
0.469012583,0,0,1,0,0,0
0.469181750,0,0,1,1,1,1
0.469210792,0,0,1,0,0,0
0.469379917,0,0,1,1,1,1
0.469408958,0,0,1,0,0,0
0.469578125,0,0,1,1,1,1
0.469607167,0,0,1,0,0,0
0.469776333,0,0,1,1,1,1
0.469805333,0,0,1,0,0,0
0.469974500,0,0,1,1,1,1
0.470003542,0,0,1,0,0,0
0.470172708,0,0,1,1,1,1
0.470201750,0,0,1,0,0,0
0.470370958,0,0,1,1,1,1
0.470400000,0,0,1,0,0,0
0.470569167,0,0,1,1,1,1
0.470598208,0,0,1,0,0,0
0.470767375,0,0,1,1,1,1
0.470796417,0,0,1,0,0,0
0.470965583,0,0,1,1,1,1
0.470994625,0,0,1,0,0,0
0.471163792,0,0,1,1,1,1
0.471192792,0,0,1,0,0,0
0.471361958,0,0,1,1,1,1
0.471391000,0,0,1,0,0,0
0.471560167,0,0,1,1,1,1
0.471589208,0,0,1,0,0,0
0.471758375,0,0,1,1,1,1
0.471787417,0,0,1,0,0,0
0.471956625,0,0,1,1,1,1
0.471985625,0,0,1,0,0,0
0.472154833,0,0,1,1,1,1
0.472183875,0,0,1,0,0,0
0.472353000,0,0,1,1,1,1
0.472382042,0,0,1,0,0,0
0.472551208,0,0,1,1,1,1
0.472580250,0,0,1,0,0,0
0.472749417,0,0,1,1,1,1
0.472778458,0,0,1,0,0,0
0.472947625,0,0,1,1,1,1
0.472976667,0,0,1,0,0,0
0.473145917,0,0,1,1,1,1
0.473174958,0,0,1,0,0,0
0.473344125,0,0,1,1,1,1
0.473373167,0,0,1,0,0,0
0.473542375,0,0,1,1,1,1
0.473571375,0,0,1,0,0,0
0.473740542,0,0,1,1,1,1
0.473769583,0,0,1,0,0,0
0.473938750,0,0,1,1,1,1
0.473967792,0,0,1,0,0,0
0.474136917,0,0,1,1,1,1
0.474165958,0,0,1,0,0,0
0.474335167,0,0,1,1,1,1
0.474364208,0,0,1,0,0,0
0.474533375,0,0,1,1,1,1
0.474562417,0,0,1,0,0,0
0.474731583,0,0,1,1,1,1
0.474760625,0,0,1,0,0,0
0.474929792,0,0,1,1,1,1
0.474958833,0,0,1,0,0,0
0.475128042,0,0,1,1,1,1
0.475157083,0,0,1,0,0,0
0.475326292,0,0,1,1,1,1
0.475355333,0,0,1,0,0,0
0.475524542,0,0,1,1,1,1
0.475553583,0,0,1,0,0,0
0.475722792,0,0,1,1,1,1
0.475751833,0,0,1,0,0,0
0.475921042,0,0,1,1,1,1
0.475950042,0,0,1,0,0,0
0.476119250,0,0,1,1,1,1
0.476148292,0,0,1,0,0,0
0.476317542,0,0,1,1,1,1
0.476346583,0,0,1,0,0,0
0.476515792,0,0,1,1,1,1
0.476544833,0,0,1,0,0,0
0.476714083,0,0,1,1,1,1
0.476743125,0,0,1,0,0,0
0.476912333,0,0,1,1,1,1
0.476941375,0,0,1,0,0,0
0.477110583,0,0,1,1,1,1
0.477139625,0,0,1,0,0,0
0.477308833,0,0,1,1,1,1
0.477337833,0,0,1,0,0,0
0.477507042,0,0,1,1,1,1
0.477536083,0,0,1,0,0,0
0.477705250,0,0,1,1,1,1
0.477734292,0,0,1,0,0,0
0.477903458,0,0,1,1,1,1
0.477932500,0,0,1,0,0,0
0.478101667,0,0,1,1,1,1
0.478130667,0,0,1,0,0,0
0.478299833,0,0,1,1,1,1
0.478328875,0,0,1,0,0,0
0.478498042,0,0,1,1,1,1
0.478527042,0,0,1,0,0,0
0.478696250,0,0,1,1,1,1
0.478725250,0,0,1,0,0,0
0.478894417,0,0,1,1,1,1
0.478923458,0,0,1,0,0,0
0.479092625,0,0,1,1,1,1
0.479121667,0,0,1,0,0,0
0.479290833,0,0,1,1,1,1
0.479319875,0,0,1,0,0,0
0.479489042,0,0,1,1,1,1
0.479518083,0,0,1,0,0,0
0.479687250,0,0,1,1,1,1
0.479716250,0,0,1,1,0,0
0.479716292,0,0,1,0,0,0
0.479885417,0,0,1,1,1,1
0.479914458,0,0,1,0,0,0
0.480083667,0,0,1,1,1,1
0.480112667,0,0,1,0,0,0
0.480281833,0,0,1,1,1,1
0.480310833,0,0,1,0,0,0
0.480479958,0,0,1,1,1,1
0.480509000,0,0,1,0,0,0
0.480678167,0,0,1,1,1,1
0.480707208,0,0,1,0,0,0
0.480876375,0,0,1,1,1,1
0.480905417,0,0,1,0,0,0
0.481074583,0,0,1,1,1,1
0.481103583,0,0,1,0,0,0
0.481272750,0,0,1,1,1,1
0.481301792,0,0,1,0,0,0
0.481471000,0,0,1,1,1,1
0.481500042,0,0,1,0,0,0
0.481669208,0,0,1,1,1,1
0.481698250,0,0,1,0,0,0
0.481867417,0,0,1,1,1,1
0.481896458,0,0,1,0,0,0
0.482065667,0,0,1,1,1,1
0.482094667,0,0,1,0,0,0
0.482263875,0,0,1,1,1,1
0.482292917,0,0,1,0,0,0
0.482462083,0,0,1,1,1,1
0.482491125,0,0,1,0,0,0
0.482660333,0,0,1,1,1,1
0.482689333,0,0,1,0,0,0
0.482858542,0,0,1,1,1,1
0.482887583,0,0,1,0,0,0
0.483056792,0,0,1,1,1,1
0.483085833,0,0,1,0,0,0
0.483255042,0,0,1,1,1,1
0.483284083,0,0,1,0,0,0
0.483453250,0,0,1,1,1,1
0.483482292,0,0,1,0,0,0
0.483651500,0,0,1,1,1,1
0.483680542,0,0,1,0,0,0
0.483849708,0,0,1,0,1,0
0.483849750,0,0,1,1,1,1
0.483878750,0,0,1,0,0,0
0.484047958,0,0,1,1,1,1
0.484076958,0,0,1,0,0,0
0.484246125,0,0,1,1,1,1
0.484275167,0,0,1,0,0,0
0.484444333,0,0,1,1,1,1
0.484473375,0,0,1,0,0,0
0.484642542,0,0,1,1,1,1
0.484671542,0,0,1,0,0,0
0.484840667,0,0,1,1,1,1
0.484869708,0,0,1,0,0,0
0.485038875,0,0,1,1,1,1
0.485067875,0,0,1,0,0,0
0.485237083,0,0,1,1,1,1
0.485266125,0,0,1,0,0,0
0.485435333,0,0,1,1,1,1
0.485464333,0,0,1,1,0,0
0.485464375,0,0,1,0,0,0
0.485633500,0,0,1,1,1,1
0.485662542,0,0,1,0,0,0
0.485831750,0,0,1,1,1,1
0.485860792,0,0,1,0,0,0
0.486030000,0,0,1,1,1,1
0.486059000,0,0,1,0,0,0
0.486228208,0,0,1,1,1,1
0.486257250,0,0,1,0,0,0
0.486426375,0,0,1,1,1,1
0.486455417,0,0,1,0,0,0
0.486624625,0,0,1,1,1,1
0.486653667,0,0,1,0,0,0
0.486822875,0,0,1,1,1,1
0.486851917,0,0,1,0,0,0
0.487021083,0,0,1,1,1,1
0.487050125,0,0,1,0,0,0
0.487219292,0,0,1,1,1,1
0.487248333,0,0,1,0,0,0
0.487417500,0,0,1,1,1,1
0.487446542,0,0,1,0,0,0
0.487615708,0,0,1,1,1,1
0.487644708,0,0,1,0,0,0
0.487813917,0,0,1,1,1,1
0.487842958,0,0,1,0,0,0
0.488012125,0,0,1,1,1,1
0.488041167,0,0,1,0,0,0
0.488210333,0,0,1,1,1,1
0.488239375,0,0,1,0,0,0
0.488408542,0,0,1,1,1,1
0.488437583,0,0,1,0,0,0
0.488606708,0,0,1,1,1,1
0.488635750,0,0,1,0,0,0
0.488804917,0,0,1,1,1,1
0.488833958,0,0,1,0,0,0
0.489003167,0,0,1,1,1,1
0.489032208,0,0,1,0,0,0
0.489201417,0,0,1,1,1,1
0.489230417,0,0,1,0,0,0
0.489399625,0,0,1,1,1,1
0.489428625,0,0,1,0,0,0
0.489597792,0,0,1,1,1,1
0.489626833,0,0,1,0,0,0
0.489796000,0,0,1,1,1,1
0.489825000,0,0,1,0,0,0
0.489994208,0,0,1,1,1,1
0.490023250,0,0,1,0,0,0
0.490192417,0,0,1,1,1,1
0.490221417,0,0,1,0,0,0
0.490390583,0,0,1,1,1,1
0.490419583,0,0,1,0,0,0
0.490588750,0,0,1,1,1,1
0.490617792,0,0,1,0,0,0
0.490786958,0,0,1,1,1,1
0.490816000,0,0,1,0,0,0
0.490985167,0,0,1,1,1,1
0.491014208,0,0,1,0,0,0
0.491183375,0,0,1,1,1,1
0.491212417,0,0,1,0,0,0
0.491381542,0,0,1,1,1,1
0.491410583,0,0,1,0,0,0
0.491579708,0,0,1,1,1,1
0.491608750,0,0,1,0,0,0
0.491777917,0,0,1,1,1,1
0.491806917,0,0,1,0,0,0
0.491976042,0,0,1,1,1,1
0.492005083,0,0,1,0,0,0
0.492174208,0,0,1,1,1,1
0.492203250,0,0,1,0,0,0
0.492372375,0,0,1,1,1,1
0.492401375,0,0,1,1,0,0
0.492401417,0,0,1,0,0,0
0.492570542,0,0,1,1,1,1
0.492599583,0,0,1,0,0,0
0.492768750,0,0,1,1,1,1
0.492797750,0,0,1,0,0,0
0.492966917,0,0,1,1,1,1
0.492995917,0,0,1,0,0,0
0.493165083,0,0,1,1,1,1
0.493194083,0,0,1,0,0,0
0.493363250,0,0,1,1,1,1
0.493392292,0,0,1,0,0,0
0.493561417,0,0,1,0,1,1
0.493561458,0,0,1,1,1,1
0.493590458,0,0,1,0,0,0
0.493759667,0,0,1,1,1,1
0.493788667,0,0,1,0,0,0
0.493957833,0,0,1,1,1,1
0.493986875,0,0,1,0,0,0
0.494156083,0,0,1,1,1,1
0.494185083,0,0,1,0,0,0
0.494354250,0,0,1,1,1,1
0.494383292,0,0,1,0,0,0
0.494552458,0,0,1,1,1,1
0.494581458,0,0,1,0,0,0
0.494750667,0,0,1,1,1,1
0.494779667,0,0,1,0,0,0
0.494948833,0,0,1,1,1,1
0.494977875,0,0,1,0,0,0
0.495147042,0,0,1,1,1,1
0.495176083,0,0,1,0,0,0
0.495345208,0,0,1,1,1,1
0.495374250,0,0,1,0,0,0
0.495543417,0,0,1,1,1,1
0.495572458,0,0,1,0,0,0
0.495741583,0,0,1,1,1,1
0.495770625,0,0,1,0,0,0
0.495939792,0,0,1,1,1,1
0.495968833,0,0,1,0,0,0
0.496137958,0,0,1,1,1,1
0.496167000,0,0,1,0,0,0
0.496336125,0,0,1,1,1,1
0.496365167,0,0,1,0,0,0
0.496534292,0,0,1,1,1,1
0.496563292,0,0,1,0,0,0
0.496732458,0,0,1,1,1,1
0.496761458,0,0,1,0,0,0
0.496930625,0,0,1,1,1,1
0.496959667,0,0,1,0,0,0
0.497128833,0,0,1,1,1,1
0.497157875,0,0,1,0,0,0
0.497327042,0,0,1,1,1,1
0.497356083,0,0,1,0,0,0
0.497525250,0,0,1,1,1,1
0.497554292,0,0,1,0,0,0
0.497723458,0,0,1,1,1,1
0.497752500,0,0,1,0,0,0
0.497921667,0,0,1,1,1,1
0.497950708,0,0,1,0,0,0
0.498119917,0,0,1,1,1,1
0.498148958,0,0,1,0,0,0
0.498318167,0,0,1,1,1,1
0.498347208,0,0,1,0,0,0
0.498516417,0,0,1,1,1,1
0.498545458,0,0,1,0,0,0
0.498714667,0,0,1,1,1,1
0.498743708,0,0,1,0,0,0
0.498912875,0,0,1,1,1,1
0.498941917,0,0,1,0,0,0
0.499111042,0,0,1,1,1,1
0.499140083,0,0,1,0,0,0
0.499309208,0,0,1,1,1,1
0.499338250,0,0,1,0,0,0
0.499507417,0,0,1,1,1,1
0.499536458,0,0,1,0,0,0
0.499705583,0,0,1,1,1,1
0.499734625,0,0,1,0,0,0
0.499903792,0,0,1,1,1,1
0.499932833,0,0,1,0,0,0
0.500102000,0,0,1,1,1,1
0.500131000,0,0,1,0,0,0
0.500300208,0,0,1,1,1,1
0.500329250,0,0,1,0,0,0
0.500498417,0,0,1,1,1,1
0.500527458,0,0,1,0,0,0
0.500696625,0,0,1,1,1,1
0.500725667,0,0,1,0,0,0
0.500894833,0,0,1,1,1,1
0.500923875,0,0,1,0,0,0
0.501093042,0,0,1,1,1,1
0.501122083,0,0,1,0,0,0
0.501291250,0,0,1,1,1,1
0.501320250,0,0,1,1,0,0
0.501320292,0,0,1,0,0,0
0.501489417,0,0,1,1,1,1
0.501518458,0,0,1,0,0,0
0.501687625,0,0,1,1,1,1
0.501716667,0,0,1,0,0,0
0.501885792,0,0,1,1,1,1
0.501914833,0,0,1,0,0,0
0.502084000,0,0,1,1,1,1
0.502113042,0,0,1,0,0,0
0.502282250,0,0,1,1,1,1
0.502311250,0,0,1,0,0,0
0.502480417,0,0,1,1,1,1
0.502509458,0,0,1,0,0,0
0.502678667,0,0,1,1,1,1
0.502707667,0,0,1,0,0,0
0.502876875,0,0,1,1,1,1
0.502905917,0,0,1,0,0,0
0.503075167,0,0,1,1,1,1
0.503104167,0,0,1,0,0,0
0.503273375,0,0,1,1,1,1
0.503302417,0,0,1,0,0,0
0.503471583,0,0,1,1,1,1
0.503500625,0,0,1,0,0,0
0.503669792,0,0,1,1,1,1
0.503698833,0,0,1,0,0,0
0.503868000,0,0,1,1,1,1
0.503897042,0,0,1,0,0,0
0.504066250,0,0,1,1,1,1
0.504095292,0,0,1,0,0,0
0.504264542,0,0,1,1,1,1
0.504293583,0,0,1,0,0,0
0.504462750,0,0,1,0,1,1
0.504462792,0,0,1,1,1,1
0.504491792,0,0,1,0,0,0
0.504661000,0,0,1,1,1,1
0.504690042,0,0,1,0,0,0
0.504859250,0,0,1,1,1,1
0.504888292,0,0,1,0,0,0
0.505057500,0,0,1,1,1,1
0.505086542,0,0,1,0,0,0
0.505255792,0,0,1,1,1,1
0.505284833,0,0,1,0,0,0
0.505454042,0,0,1,1,1,1
0.505483083,0,0,1,0,0,0
0.505652333,0,0,1,1,1,1
0.505681375,0,0,1,0,0,0
0.505850583,0,0,1,1,1,1
0.505879583,0,0,1,1,0,0
0.505879625,0,0,1,0,0,0
0.506048833,0,0,1,1,1,1
0.506077875,0,0,1,0,0,0
0.506247125,0,0,1,1,1,1
0.506276167,0,0,1,0,0,0
0.506445375,0,0,1,1,1,1
0.506474417,0,0,1,0,0,0
0.506643667,0,0,1,1,1,1
0.506672708,0,0,1,0,0,0
0.506841917,0,0,1,1,1,1
0.506870958,0,0,1,0,0,0
0.507040208,0,0,1,1,1,1
0.507069250,0,0,1,0,0,0
0.507238417,0,0,1,1,1,1
0.507267458,0,0,1,0,0,0
0.507436625,0,0,1,1,1,1
0.507465667,0,0,1,0,0,0
0.507634833,0,0,1,1,1,1
0.507663875,0,0,1,0,0,0
0.507833042,0,0,1,1,1,1
0.507862083,0,0,1,0,0,0
0.508031250,0,0,1,1,1,1
0.508060292,0,0,1,0,0,0
0.508229500,0,0,1,1,1,1
0.508258500,0,0,1,0,0,0
0.508427667,0,0,1,1,1,1
0.508456708,0,0,1,0,0,0
0.508625917,0,0,1,1,1,1
0.508654958,0,0,1,0,0,0
0.508824167,0,0,1,1,1,1
0.508853208,0,0,1,0,0,0
0.509022417,0,0,1,1,1,1
0.509051417,0,0,1,1,0,0
0.509051458,0,0,1,0,0,0
0.509220625,0,0,1,1,1,1
0.509249667,0,0,1,0,0,0
0.509418833,0,0,1,1,1,1
0.509447875,0,0,1,0,0,0
0.509617042,0,0,1,1,1,1
0.509646083,0,0,1,0,0,0
0.509815292,0,0,1,1,1,1
0.509844292,0,0,1,0,0,0
0.510013458,0,0,1,1,1,1
0.510042500,0,0,1,0,0,0
0.510211667,0,0,1,1,1,1
0.510240708,0,0,1,0,0,0
0.510409917,0,0,1,1,1,1
0.510438958,0,0,1,0,0,0
0.510608125,0,0,1,1,1,1
0.510637167,0,0,1,0,0,0
0.510806333,0,0,1,1,1,1
0.510835333,0,0,1,0,0,0
0.511004500,0,0,1,1,1,1
0.511033542,0,0,1,0,0,0
0.511202750,0,0,1,1,1,1
0.511231792,0,0,1,0,0,0
0.511400958,0,0,1,1,1,1
0.511430000,0,0,1,0,0,0
0.511599208,0,0,1,1,1,1
0.511628250,0,0,1,0,0,0
0.511797458,0,0,1,1,1,1
0.511826500,0,0,1,0,0,0
0.511995708,0,0,1,1,1,1
0.512024708,0,0,1,0,0,0
0.512193917,0,0,1,1,1,1
0.512222958,0,0,1,0,0,0
0.512392083,0,0,1,1,1,1
0.512421125,0,0,1,0,0,0
0.512590292,0,0,1,1,1,1
0.512619333,0,0,1,0,0,0
0.512788500,0,0,1,1,1,1
0.512817542,0,0,1,0,0,0
0.512986750,0,0,1,1,1,1
0.513015750,0,0,1,0,0,0
0.513184958,0,0,1,1,1,1
0.513213958,0,0,1,0,0,0
0.513383125,0,0,1,1,1,1
0.513412167,0,0,1,0,0,0
0.513581333,0,0,1,1,1,1
0.513610375,0,0,1,0,0,0
0.513779542,0,0,1,1,1,1
0.513808583,0,0,1,0,0,0
0.513977750,0,0,1,1,1,1
0.514006792,0,0,1,0,0,0
0.514175958,0,0,1,1,1,1
0.514204958,0,0,1,1,0,0
0.514205000,0,0,1,0,0,0
0.514374125,0,0,1,1,1,1
0.514403167,0,0,1,0,0,0
0.514572292,0,0,1,0,1,1
0.514572333,0,0,1,1,1,1
0.514601333,0,0,1,0,0,0
0.514770500,0,0,1,1,1,1
0.514799542,0,0,1,0,0,0
0.514968708,0,0,1,1,1,1
0.514997708,0,0,1,1,0,1
0.514997750,0,0,1,0,0,0
0.515166917,0,0,1,1,1,1
0.515195958,0,0,1,0,0,0
0.515365208,0,0,1,1,1,1
0.515394250,0,0,1,0,0,0
0.515563458,0,0,1,1,1,1
0.515592500,0,0,1,0,0,0
0.515761708,0,0,1,1,1,1
0.515790750,0,0,1,0,0,0
0.515959958,0,0,1,1,1,1
0.515989000,0,0,1,0,0,0
0.516158167,0,0,1,1,1,1
0.516187208,0,0,1,0,0,0
0.516356417,0,0,1,1,1,1
0.516385458,0,0,1,0,0,0
0.516554667,0,0,1,1,1,1
0.516583708,0,0,1,0,0,0
0.516752875,0,0,1,0,1,0
0.516752917,0,0,1,1,1,1
0.516781917,0,0,1,0,0,0
0.516951083,0,0,1,1,1,1
0.516980125,0,0,1,0,0,0
0.517149333,0,0,1,1,1,1
0.517178333,0,0,1,0,0,0
0.517347500,0,0,1,1,1,1
0.517376542,0,0,1,0,0,0
0.517545750,0,0,1,1,1,1
0.517574792,0,0,1,0,0,0
0.517744000,0,0,1,1,1,1
0.517773042,0,0,1,0,0,0
0.517942208,0,0,1,1,1,1
0.517971250,0,0,1,0,0,0
0.518140458,0,0,1,1,1,1
0.518169500,0,0,1,0,0,0
0.518338667,0,0,1,1,1,1
0.518367708,0,0,1,0,0,0
0.518536917,0,0,1,1,1,1
0.518565958,0,0,1,0,0,0
0.518735125,0,0,1,1,1,1
0.518764167,0,0,1,0,0,0
0.518933333,0,0,1,1,1,1
0.518962375,0,0,1,0,0,0
0.519131583,0,0,1,0,1,1
0.519131625,0,0,1,1,1,1
0.519160625,0,0,1,0,0,0
0.519329833,0,0,1,1,1,1
0.519358875,0,0,1,0,0,0
0.519528042,0,0,1,1,1,1
0.519557083,0,0,1,0,0,0
0.519726250,0,0,1,1,1,1
0.519755250,0,0,1,0,0,0
0.519924458,0,0,1,1,1,1
0.519953500,0,0,1,0,0,0
0.520122708,0,0,1,1,1,1
0.520151750,0,0,1,0,0,0
0.520320917,0,0,1,1,1,1
0.520349958,0,0,1,0,0,0
0.520519083,0,0,1,1,1,1
0.520548125,0,0,1,0,0,0
0.520717333,0,0,1,1,1,1
0.520746375,0,0,1,0,0,0
0.520915542,0,0,1,1,1,1
0.520944542,0,0,1,1,0,0
0.520944583,0,0,1,0,0,0
0.521113750,0,0,1,1,1,1
0.521142792,0,0,1,0,0,0
0.521312000,0,0,1,1,1,1
0.521341042,0,0,1,0,0,0
0.521510250,0,0,1,1,1,1
0.521539292,0,0,1,0,0,0
0.521708500,0,0,1,1,1,1
0.521737542,0,0,1,0,0,0
0.521906750,0,0,1,1,1,1
0.521935792,0,0,1,0,0,0
0.522105000,0,0,1,1,1,1
0.522134000,0,0,1,0,0,0
0.522303208,0,0,1,1,1,1
0.522332250,0,0,1,0,0,0
0.522501500,0,0,1,1,1,1
0.522530542,0,0,1,0,0,0
0.522699750,0,0,1,1,1,1
0.522728792,0,0,1,0,0,0
0.522898000,0,0,1,1,1,1
0.522927042,0,0,1,0,0,0
0.523096208,0,0,1,1,1,1
0.523125250,0,0,1,0,0,0
0.523294417,0,0,1,1,1,1
0.523323458,0,0,1,0,0,0
0.523492667,0,0,1,1,1,1
0.523521708,0,0,1,0,0,0
0.523690917,0,0,1,1,1,1
0.523719958,0,0,1,0,0,0
0.523889167,0,0,1,1,1,1
0.523918208,0,0,1,1,0,0
0.523918250,0,0,1,0,0,0
0.524087417,0,0,1,0,1,1
0.524087458,0,0,1,1,1,1
0.524116458,0,0,1,0,0,0
0.524285667,0,0,1,1,1,1
0.524314708,0,0,1,0,0,0
0.524483875,0,0,1,1,1,1
0.524512917,0,0,1,0,0,0
0.524682125,0,0,1,1,1,1
0.524711125,0,0,1,0,0,0
0.524880333,0,0,1,1,1,1
0.524909375,0,0,1,0,0,0
0.525078625,0,0,1,1,1,1
0.525107667,0,0,1,0,0,0
0.525276875,0,0,1,1,1,1
0.525305917,0,0,1,0,0,0
0.525475125,0,0,1,1,1,1
0.525504167,0,0,1,0,0,0
0.525673375,0,0,1,1,1,1
0.525702417,0,0,1,0,0,0
0.525871625,0,0,1,1,1,1
0.525900667,0,0,1,0,0,0
0.526069833,0,0,1,1,1,1
0.526098875,0,0,1,0,0,0
0.526268125,0,0,1,1,1,1
0.526297167,0,0,1,0,0,0
0.526466375,0,0,1,1,1,1
0.526495375,0,0,1,1,0,1
0.526495417,0,0,1,0,0,0
0.526664625,0,0,1,1,1,1
0.526693625,0,0,1,0,0,0
0.526862833,0,0,1,1,1,1
0.526891875,0,0,1,0,0,0
0.527061125,0,0,1,1,1,1
0.527090167,0,0,1,0,0,0
0.527259375,0,0,1,1,1,1
0.527288417,0,0,1,0,0,0
0.527457625,0,0,1,1,1,1
0.527486667,0,0,1,0,0,0
0.527655875,0,0,1,1,1,1
0.527684917,0,0,1,0,0,0
0.527854167,0,0,1,1,1,1
0.527883208,0,0,1,0,0,0
0.528052417,0,0,1,1,1,1
0.528081458,0,0,1,0,0,0
0.528250667,0,0,1,1,1,1
0.528279708,0,0,1,0,0,0
0.528448875,0,0,1,1,1,1
0.528477917,0,0,1,0,0,0
0.528647125,0,0,1,1,1,1
0.528676167,0,0,1,0,0,0
0.528845375,0,0,1,1,1,1
0.528874417,0,0,1,0,0,0
0.529043625,0,0,1,1,1,1
0.529072667,0,0,1,0,0,0
0.529241875,0,0,1,1,1,1
0.529270875,0,0,1,1,0,1
0.529270917,0,0,1,0,0,0
0.529440083,0,0,1,1,1,1
0.529469125,0,0,1,0,0,0
0.529638292,0,0,1,1,1,1
0.529667333,0,0,1,0,0,0
0.529836500,0,0,1,1,1,1
0.529865542,0,0,1,0,0,0
0.530034750,0,0,1,1,1,1
0.530063792,0,0,1,0,0,0
0.530232958,0,0,1,1,1,1
0.530262000,0,0,1,0,0,0
0.530431208,0,0,1,1,1,1
0.530460250,0,0,1,0,0,0
0.530629417,0,0,1,1,1,1
0.530658458,0,0,1,0,0,0
0.530827667,0,0,1,1,1,1
0.530856708,0,0,1,0,0,0
0.531025917,0,0,1,1,1,1
0.531054958,0,0,1,0,0,0
0.531224208,0,0,1,1,1,1
0.531253250,0,0,1,0,0,0
0.531422500,0,0,1,1,1,1
0.531451542,0,0,1,0,0,0
0.531620792,0,0,1,1,1,1
0.531649833,0,0,1,0,0,0
0.531819083,0,0,1,1,1,1
0.531848125,0,0,1,0,0,0
0.532017375,0,0,1,1,1,1
0.532046417,0,0,1,0,0,0
0.532215625,0,0,1,1,1,1
0.532244667,0,0,1,0,0,0
0.532413875,0,0,1,1,1,1
0.532442917,0,0,1,0,0,0
0.532612125,0,0,1,1,1,1
0.532641167,0,0,1,0,0,0
0.532810333,0,0,1,1,1,1
0.532839375,0,0,1,0,0,0
0.533008583,0,0,1,1,1,1
0.533037625,0,0,1,0,0,0
0.533206792,0,0,1,1,1,1
0.533235833,0,0,1,0,0,0
0.533333333,0,0,1,0,0,0
