Time [s],Channel 0,Channel 1,Channel 2,Channel 3,Channel 4,Channel 5
0.000000000,0,0,1,1,1,1
0.000085333,0,0,1,0,0,0
0.000214083,0,0,1,1,1,1
0.000243125,0,0,1,0,0,0
0.000412333,0,0,1,1,1,1
0.000441375,0,0,1,0,0,0
0.000610625,0,0,1,1,1,1
0.000639667,0,0,1,0,0,0
0.000808875,0,0,1,1,1,1
0.000837917,0,0,1,0,0,0
0.001007125,0,0,1,1,1,1
0.001036167,0,0,1,0,0,0
0.001205375,0,0,1,1,1,1
0.001234417,0,0,1,0,0,0
0.001403667,0,0,1,1,1,1
0.001432708,0,0,1,0,0,0
0.001602000,0,0,1,1,1,1
0.001631042,0,0,1,0,0,0
0.001800292,0,0,1,0,1,0
0.001800333,0,0,1,1,1,1
0.001829375,0,0,1,0,0,0
0.001998667,0,0,1,1,1,1
0.002027708,0,0,1,0,0,0
0.002197000,0,0,1,1,1,1
0.002226042,0,0,1,0,0,0
0.002395292,0,0,1,1,1,1
0.002424333,0,0,1,0,0,0
0.002593625,0,0,1,1,1,1
0.002622667,0,0,1,0,0,0
0.002791958,0,0,1,1,1,1
0.002821000,0,0,1,0,0,0
0.002990250,0,0,1,1,1,1
0.003019333,0,0,1,0,0,0
0.003188583,0,0,1,1,1,1
0.003217625,0,0,1,0,0,0
0.003386917,0,0,1,1,1,1
0.003415958,0,0,1,0,0,0
0.003585292,0,0,1,1,1,1
0.003614333,0,0,1,0,0,0
0.003783583,0,0,1,1,1,1
0.003812625,0,0,1,0,0,0
0.003981875,0,0,1,1,1,1
0.004010917,0,0,1,0,0,0
0.004180167,0,0,1,1,1,1
0.004209208,0,0,1,0,0,0
0.004378458,0,0,1,1,1,1
0.004407500,0,0,1,0,0,0
0.004576792,0,0,1,1,1,1
0.004605833,0,0,1,0,0,0
0.004775083,0,0,1,1,1,1
0.004804125,0,0,1,0,0,0
0.004973375,0,0,1,1,1,1
0.005002417,0,0,1,0,0,0
0.005171708,0,0,1,1,1,1
0.005200750,0,0,1,0,0,0
0.005370083,0,0,1,1,1,1
0.005399125,0,0,1,0,0,0
0.005568417,0,0,1,1,1,1
0.005597458,0,0,1,0,0,0
0.005766708,0,0,1,1,1,1
0.005795750,0,0,1,0,0,0
0.005965042,0,0,1,1,1,1
0.005994083,0,0,1,0,0,0
0.006163375,0,0,1,1,1,1
0.006192417,0,0,1,0,0,0
0.006361667,0,0,1,1,1,1
0.006390667,0,0,1,0,0,0
0.006559917,0,0,1,1,1,1
0.006588958,0,0,1,0,0,0
0.006758167,0,0,1,1,1,1
0.006787208,0,0,1,0,0,0
0.006956417,0,0,1,1,1,1
0.006985458,0,0,1,0,0,0
0.007154708,0,0,1,1,1,1
0.007183750,0,0,1,0,0,0
0.007353000,0,0,1,1,1,1
0.007382042,0,0,1,0,0,0
0.007551292,0,0,1,1,1,1
0.007580333,0,0,1,0,0,0
0.007749625,0,0,1,1,1,1
0.007778667,0,0,1,1,0,0
0.007778708,0,0,1,0,0,0
0.007947917,0,0,1,1,1,1
0.007976958,0,0,1,0,0,0
0.008146208,0,0,1,1,1,1
0.008175292,0,0,1,0,0,0
0.008344542,0,0,1,1,1,1
0.008373583,0,0,1,0,0,0
0.008542875,0,0,1,1,1,1
0.008571917,0,0,1,0,0,0
0.008741208,0,0,1,1,1,1
0.008770250,0,0,1,0,0,0
0.008939500,0,0,1,1,1,1
0.008968542,0,0,1,0,0,0
0.009137792,0,0,1,1,1,1
0.009166833,0,0,1,0,0,0
0.009336083,0,0,1,1,1,1
0.009365125,0,0,1,0,0,0
0.009534375,0,0,1,1,1,1
0.009563458,0,0,1,0,0,0
0.009732667,0,0,1,1,1,1
0.009761708,0,0,1,0,0,0
0.009930958,0,0,1,1,1,1
0.009960000,0,0,1,0,0,0
0.010129250,0,0,1,1,1,1
0.010158292,0,0,1,0,0,0
0.010327500,0,0,1,1,1,1
0.010356583,0,0,1,0,0,0
0.010525833,0,0,1,1,1,1
0.010554875,0,0,1,0,0,0
0.010724167,0,0,1,1,1,1
0.010753208,0,0,1,0,0,0
0.010922458,0,0,1,1,1,1
0.010951458,0,0,1,1,0,1
0.010951500,0,0,1,0,0,0
0.011120667,0,0,1,1,1,1
0.011149708,0,0,1,0,0,0
0.011318958,0,0,1,1,1,1
0.011348000,0,0,1,0,0,0
0.011517208,0,0,1,1,1,1
0.011546250,0,0,1,0,0,0
0.011715500,0,0,1,1,1,1
0.011744542,0,0,1,0,0,0
0.011913792,0,0,1,1,1,1
0.011942833,0,0,1,0,0,0
0.012112083,0,0,1,1,1,1
0.012141125,0,0,1,0,0,0
0.012310333,0,0,1,0,1,1
0.012310375,0,0,1,1,1,1
0.012339375,0,0,1,1,0,0
0.012339417,0,0,1,0,0,0
0.012508667,0,0,1,1,1,1
0.012537708,0,0,1,0,0,0
0.012707000,0,0,1,1,1,1
0.012736042,0,0,1,0,0,0
0.012905333,0,0,1,1,1,1
0.012934375,0,0,1,1,0,0
0.012934417,0,0,1,0,0,0
0.013103667,0,0,1,1,1,1
0.013132708,0,0,1,0,0,0
0.013302000,0,0,1,1,1,1
0.013331083,0,0,1,0,0,0
0.013500375,0,0,1,1,1,1
0.013529417,0,0,1,0,0,0
0.013698708,0,0,1,1,1,1
0.013727792,0,0,1,0,0,0
0.013897125,0,0,1,1,1,1
0.013926167,0,0,1,0,0,0
0.014095500,0,0,1,1,1,1
0.014124542,0,0,1,0,0,0
0.014293875,0,0,1,1,1,1
0.014322917,0,0,1,0,0,0
0.014492208,0,0,1,1,1,1
0.014521250,0,0,1,0,0,0
0.014690583,0,0,1,1,1,1
0.014719625,0,0,1,0,0,0
0.014888958,0,0,1,1,1,1
0.014918000,0,0,1,0,0,0
0.015087333,0,0,1,1,1,1
0.015116375,0,0,1,0,0,0
0.015285708,0,0,1,1,1,1
0.015314750,0,0,1,0,0,0
0.015484083,0,0,1,1,1,1
0.015513125,0,0,1,0,0,0
0.015682458,0,0,1,1,1,1
0.015711500,0,0,1,0,0,0
0.015880792,0,0,1,1,1,1
0.015909875,0,0,1,0,0,0
0.016079208,0,0,1,1,1,1
0.016108250,0,0,1,0,0,0
0.016277583,0,0,1,1,1,1
0.016306625,0,0,1,0,0,0
0.016475958,0,0,1,1,1,1
0.016505000,0,0,1,0,0,0
0.016674333,0,0,1,1,1,1
0.016703375,0,0,1,0,0,0
0.016872708,0,0,1,1,1,1
0.016901750,0,0,1,0,0,0
0.017071042,0,0,1,1,1,1
0.017100125,0,0,1,0,0,0
0.017269417,0,0,1,1,1,1
0.017298500,0,0,1,0,0,0
0.017467833,0,0,1,1,1,1
0.017496875,0,0,1,0,0,0
0.017666167,0,0,1,1,1,1
0.017695250,0,0,1,0,0,0
0.017864542,0,0,1,1,1,1
0.017893583,0,0,1,0,0,0
0.018062875,0,0,1,1,1,1
0.018091917,0,0,1,0,0,0
0.018261208,0,0,1,1,1,1
0.018290292,0,0,1,0,0,0
0.018459542,0,0,1,1,1,1
0.018488583,0,0,1,0,0,0
0.018657875,0,0,1,1,1,1
0.018686917,0,0,1,0,0,0
0.018856167,0,0,1,1,1,1
0.018885208,0,0,1,0,0,0
0.019054458,0,0,1,1,1,1
0.019083500,0,0,1,0,0,0
0.019252792,0,0,1,1,1,1
0.019281833,0,0,1,0,0,0
0.019451083,0,0,1,1,1,1
0.019480167,0,0,1,0,0,0
0.019649417,0,0,1,1,1,1
0.019678458,0,0,1,0,0,0
0.019847708,0,0,1,1,1,1
0.019876750,0,0,1,0,0,0
0.020046000,0,0,1,1,1,1
0.020075042,0,0,1,0,0,0
0.020244250,0,0,1,1,1,1
0.020273292,0,0,1,0,0,0
0.020442583,0,0,1,1,1,1
0.020471625,0,0,1,0,0,0
0.020640875,0,0,1,1,1,1
0.020669917,0,0,1,0,0,0
0.020839208,0,0,1,0,1,1
0.020839250,0,0,1,1,1,1
0.020868292,0,0,1,0,0,0
0.021037625,0,0,1,1,1,1
0.021066667,0,0,1,0,0,0
0.021235917,0,0,1,1,1,1
0.021264958,0,0,1,0,0,0
0.021434208,0,0,1,1,1,1
0.021463250,0,0,1,0,0,0
0.021632500,0,0,1,1,1,1
0.021661542,0,0,1,0,0,0
0.021830833,0,0,1,1,1,1
0.021859875,0,0,1,0,0,0
0.022029125,0,0,1,1,1,1
0.022058208,0,0,1,0,0,0
0.022227500,0,0,1,1,1,1
0.022256542,0,0,1,0,0,0
0.022425833,0,0,1,1,1,1
0.022454875,0,0,1,0,0,0
0.022624208,0,0,1,1,1,1
0.022653250,0,0,1,0,0,0
0.022822583,0,0,1,1,1,1
0.022851625,0,0,1,0,0,0
0.023020917,0,0,1,1,1,1
0.023050000,0,0,1,0,0,0
0.023219292,0,0,1,1,1,1
0.023248333,0,0,1,0,0,0
0.023417625,0,0,1,0,1,1
0.023417667,0,0,1,1,1,1
0.023446708,0,0,1,0,0,0
0.023616000,0,0,1,1,1,1
0.023645083,0,0,1,0,0,0
0.023814333,0,0,1,1,1,1
0.023843375,0,0,1,0,0,0
0.024012667,0,0,1,1,1,1
0.024041708,0,0,1,0,0,0
0.024210958,0,0,1,1,1,1
0.024240000,0,0,1,0,0,0
0.024409250,0,0,1,1,1,1
0.024438292,0,0,1,0,0,0
0.024607500,0,0,1,1,1,1
0.024636542,0,0,1,0,0,0
0.024805792,0,0,1,1,1,1
0.024834833,0,0,1,0,0,0
0.025004042,0,0,1,1,1,1
0.025033083,0,0,1,0,0,0
0.025202375,0,0,1,1,1,1
0.025231417,0,0,1,0,0,0
0.025400667,0,0,1,1,1,1
0.025429708,0,0,1,0,0,0
0.025598958,0,0,1,1,1,1
0.025628000,0,0,1,0,0,0
0.025797250,0,0,1,1,1,1
0.025826292,0,0,1,0,0,0
0.025995542,0,0,1,1,1,1
0.026024583,0,0,1,1,0,0
0.026024625,0,0,1,0,0,0
0.026193875,0,0,1,1,1,1
0.026222917,0,0,1,0,0,0
0.026392167,0,0,1,1,1,1
0.026421208,0,0,1,0,0,0
0.026590458,0,0,1,1,1,1
0.026619500,0,0,1,0,0,0
0.026788750,0,0,1,1,1,1
0.026817792,0,0,1,0,0,0
0.026987083,0,0,1,1,1,1
0.027016125,0,0,1,0,0,0
0.027185375,0,0,1,1,1,1
0.027214458,0,0,1,0,0,0
0.027383750,0,0,1,1,1,1
0.027412792,0,0,1,0,0,0
0.027582042,0,0,1,1,1,1
0.027611083,0,0,1,0,0,0
0.027780375,0,0,1,1,1,1
0.027809417,0,0,1,0,0,0
0.027978708,0,0,1,1,1,1
0.028007750,0,0,1,0,0,0
0.028177042,0,0,1,1,1,1
0.028206083,0,0,1,0,0,0
0.028375333,0,0,1,1,1,1
0.028404375,0,0,1,0,0,0
0.028573625,0,0,1,1,1,1
0.028602667,0,0,1,0,0,0
0.028771958,0,0,1,1,1,1
0.028801000,0,0,1,0,0,0
0.028970292,0,0,1,1,1,1
0.028999333,0,0,1,0,0,0
0.029168625,0,0,1,1,1,1
0.029197667,0,0,1,0,0,0
0.029366958,0,0,1,1,1,1
0.029396000,0,0,1,0,0,0
0.029565250,0,0,1,1,1,1
0.029594292,0,0,1,0,0,0
0.029763542,0,0,1,1,1,1
0.029792583,0,0,1,0,0,0
0.029961833,0,0,1,1,1,1
0.029990875,0,0,1,0,0,0
0.030160042,0,0,1,1,1,1
0.030189125,0,0,1,0,0,0
0.030358333,0,0,1,1,1,1
0.030387375,0,0,1,0,0,0
0.030556625,0,0,1,1,1,1
0.030585667,0,0,1,0,0,0
0.030754958,0,0,1,1,1,1
0.030784000,0,0,1,0,0,0
0.030953208,0,0,1,1,1,1
0.030982250,0,0,1,0,0,0
0.031151500,0,0,1,1,1,1
0.031180542,0,0,1,0,0,0
0.031349792,0,0,1,1,1,1
0.031378792,0,0,1,0,0,0
0.031548042,0,0,1,1,1,1
0.031577083,0,0,1,0,0,0
0.031746333,0,0,1,1,1,1
0.031775417,0,0,1,0,0,0
0.031944667,0,0,1,1,1,1
0.031973708,0,0,1,0,0,0
0.032142917,0,0,1,1,1,1
0.032171958,0,0,1,0,0,0
0.032341250,0,0,1,1,1,1
0.032370292,0,0,1,0,0,0
0.032539542,0,0,1,1,1,1
0.032568583,0,0,1,0,0,0
0.032737875,0,0,1,1,1,1
0.032766917,0,0,1,0,0,0
0.032936208,0,0,1,1,1,1
0.032965250,0,0,1,0,0,0
0.033134542,0,0,1,1,1,1
0.033163583,0,0,1,0,0,0
0.033332875,0,0,1,1,1,1
0.033361917,0,0,1,0,0,0
0.033531167,0,0,1,1,1,1
0.033560208,0,0,1,0,0,0
0.033729458,0,0,1,1,1,1
0.033758500,0,0,1,0,0,0
0.033927750,0,0,1,1,1,1
0.033956792,0,0,1,0,0,0
0.034126042,0,0,1,1,1,1
0.034155083,0,0,1,0,0,0
0.034324333,0,0,1,1,1,1
0.034353375,0,0,1,0,0,0
0.034522625,0,0,1,1,1,1
0.034551667,0,0,1,0,0,0
0.034720917,0,0,1,1,1,1
0.034749958,0,0,1,0,0,0
0.034919208,0,0,1,1,1,1
0.034948250,0,0,1,0,0,0
0.035117500,0,0,1,1,1,1
0.035146542,0,0,1,0,0,0
0.035315792,0,0,1,1,1,1
0.035344833,0,0,1,0,0,0
0.035514125,0,0,1,1,1,1
0.035543167,0,0,1,0,0,0
0.035712417,0,0,1,1,1,1
0.035741458,0,0,1,0,0,0
0.035910708,0,0,1,1,1,1
0.035939750,0,0,1,0,0,0
0.036109042,0,0,1,1,1,1
0.036138083,0,0,1,0,0,0
0.036307292,0,0,1,1,1,1
0.036336333,0,0,1,0,0,0
0.036505625,0,0,1,1,1,1
0.036534667,0,0,1,0,0,0
0.036703875,0,0,1,1,1,1
0.036732917,0,0,1,0,0,0
0.036902167,0,0,1,1,1,1
0.036931208,0,0,1,0,0,0
0.037100500,0,0,1,1,1,1
0.037129542,0,0,1,0,0,0
0.037298792,0,0,1,1,1,1
0.037327833,0,0,1,0,0,0
0.037497125,0,0,1,1,1,1
0.037526167,0,0,1,0,0,0
0.037695417,0,0,1,1,1,1
0.037724458,0,0,1,0,0,0
0.037893792,0,0,1,1,1,1
0.037922875,0,0,1,0,0,0
0.038092167,0,0,1,1,1,1
0.038121250,0,0,1,0,0,0
0.038290500,0,0,1,1,1,1
0.038319583,0,0,1,0,0,0
0.038488875,0,0,1,1,1,1
0.038517917,0,0,1,0,0,0
0.038687167,0,0,1,1,1,1
0.038716208,0,0,1,0,0,0
0.038885417,0,0,1,1,1,1
0.038914458,0,0,1,1,0,0
0.038914500,0,0,1,0,0,0
0.039083708,0,0,1,1,1,1
0.039112750,0,0,1,0,0,0
0.039282000,0,0,1,1,1,1
0.039311042,0,0,1,0,0,0
0.039480292,0,0,1,1,1,1
0.039509333,0,0,1,0,0,0
0.039678542,0,0,1,1,1,1
0.039707583,0,0,1,0,0,0
0.039876792,0,0,1,1,1,1
0.039905792,0,0,1,0,0,0
0.040075042,0,0,1,1,1,1
0.040104083,0,0,1,0,0,0
0.040273333,0,0,1,1,1,1
0.040302417,0,0,1,0,0,0
0.040471667,0,0,1,1,1,1
0.040500708,0,0,1,0,0,0
0.040669958,0,0,1,1,1,1
0.040699000,0,0,1,0,0,0
0.040868250,0,0,1,1,1,1
0.040897292,0,0,1,0,0,0
0.041066458,0,0,1,1,1,1
0.041095500,0,0,1,0,0,0
0.041264708,0,0,1,1,1,1
0.041293750,0,0,1,0,0,0
0.041462917,0,0,1,1,1,1
0.041491917,0,0,1,0,0,0
0.041661125,0,0,1,1,1,1
0.041690167,0,0,1,0,0,0
0.041859375,0,0,1,1,1,1
0.041888375,0,0,1,0,0,0
0.042057625,0,0,1,1,1,1
0.042086667,0,0,1,0,0,0
0.042255875,0,0,1,1,1,1
0.042284917,0,0,1,0,0,0
0.042454125,0,0,1,1,1,1
0.042483167,0,0,1,0,0,0
0.042652375,0,0,1,1,1,1
0.042681417,0,0,1,0,0,0
0.042850625,0,0,1,1,1,1
0.042879667,0,0,1,0,0,0
0.043048875,0,0,1,1,1,1
0.043077917,0,0,1,0,0,0
0.043247167,0,0,1,1,1,1
0.043276208,0,0,1,0,0,0
0.043445500,0,0,1,1,1,1
0.043474542,0,0,1,0,0,0
0.043643833,0,0,1,1,1,1
0.043672917,0,0,1,0,0,0
0.043842167,0,0,1,1,1,1
0.043871250,0,0,1,0,0,0
0.044040500,0,0,1,1,1,1
0.044069542,0,0,1,0,0,0
0.044238833,0,0,1,1,1,1
0.044267875,0,0,1,0,0,0
0.044437167,0,0,1,1,1,1
0.044466208,0,0,1,0,0,0
0.044635500,0,0,1,1,1,1
0.044664542,0,0,1,0,0,0
0.044833792,0,0,1,1,1,1
0.044862875,0,0,1,0,0,0
0.045032125,0,0,1,1,1,1
0.045061208,0,0,1,0,0,0
0.045230458,0,0,1,1,1,1
0.045259500,0,0,1,0,0,0
0.045428750,0,0,1,0,1,1
0.045428792,0,0,1,1,1,1
0.045457833,0,0,1,0,0,0
0.045627083,0,0,1,1,1,1
0.045656125,0,0,1,0,0,0
0.045825417,0,0,1,1,1,1
0.045854458,0,0,1,0,0,0
0.046023708,0,0,1,1,1,1
0.046052750,0,0,1,0,0,0
0.046222000,0,0,1,1,1,1
0.046251042,0,0,1,0,0,0
0.046420250,0,0,1,1,1,1
0.046449292,0,0,1,0,0,0
0.046618542,0,0,1,1,1,1
0.046647583,0,0,1,0,0,0
0.046816833,0,0,1,1,1,1
0.046845875,0,0,1,1,0,0
0.046845917,0,0,1,0,0,0
0.047015167,0,0,1,1,1,1
0.047044208,0,0,1,0,0,0
0.047213500,0,0,1,1,1,1
0.047242542,0,0,1,0,0,0
0.047411792,0,0,1,1,1,1
0.047440833,0,0,1,0,0,0
0.047610083,0,0,1,1,1,1
0.047639125,0,0,1,0,0,0
0.047808375,0,0,1,1,1,1
0.047837417,0,0,1,0,0,0
0.048006625,0,0,1,1,1,1
0.048035667,0,0,1,0,0,0
0.048204875,0,0,1,1,1,1
0.048233917,0,0,1,0,0,0
0.048403125,0,0,1,1,1,1
0.048432167,0,0,1,0,0,0
0.048601375,0,0,1,1,1,1
0.048630458,0,0,1,0,0,0
0.048799667,0,0,1,1,1,1
0.048828708,0,0,1,0,0,0
0.048997958,0,0,1,1,1,1
0.049027000,0,0,1,0,0,0
0.049196250,0,0,1,1,1,1
0.049225292,0,0,1,0,0,0
0.049394500,0,0,1,1,1,1
0.049423542,0,0,1,0,0,0
0.049592792,0,0,1,1,1,1
0.049621833,0,0,1,0,0,0
0.049791083,0,0,1,1,1,1
0.049820125,0,0,1,0,0,0
0.049989417,0,0,1,1,1,1
0.050018458,0,0,1,0,0,0
0.050187750,0,0,1,1,1,1
0.050216792,0,0,1,0,0,0
0.050386000,0,0,1,1,1,1
0.050415042,0,0,1,0,0,0
0.050584250,0,0,1,1,1,1
0.050613292,0,0,1,0,0,0
0.050782500,0,0,1,1,1,1
0.050811542,0,0,1,0,0,0
0.050980708,0,0,1,1,1,1
0.051009750,0,0,1,0,0,0
0.051178958,0,0,1,1,1,1
0.051208000,0,0,1,0,0,0
0.051377208,0,0,1,1,1,1
0.051406208,0,0,1,1,0,0
0.051406250,0,0,1,0,0,0
0.051575417,0,0,1,1,1,1
0.051604458,0,0,1,0,0,0
0.051773667,0,0,1,1,1,1
0.051802708,0,0,1,0,0,0
0.051971958,0,0,1,1,1,1
0.052000958,0,0,1,0,0,0
0.052170208,0,0,1,1,1,1
0.052199250,0,0,1,0,0,0
0.052368500,0,0,1,1,1,1
0.052397542,0,0,1,0,0,0
0.052566750,0,0,1,1,1,1
0.052595792,0,0,1,0,0,0
0.052765000,0,0,1,1,1,1
0.052794000,0,0,1,0,0,0
0.052963167,0,0,1,1,1,1
0.052992208,0,0,1,0,0,0
0.053161417,0,0,1,1,1,1
0.053190458,0,0,1,0,0,0
0.053359667,0,0,1,1,1,1
0.053388708,0,0,1,0,0,0
0.053557917,0,0,1,1,1,1
0.053586958,0,0,1,0,0,0
0.053756125,0,0,1,1,1,1
0.053785167,0,0,1,0,0,0
0.053954333,0,0,1,1,1,1
0.053983375,0,0,1,0,0,0
0.054152583,0,0,1,1,1,1
0.054181625,0,0,1,0,0,0
0.054350792,0,0,1,1,1,1
0.054379833,0,0,1,0,0,0
0.054549083,0,0,1,1,1,1
0.054578125,0,0,1,0,0,0
0.054747375,0,0,1,1,1,1
0.054776417,0,0,1,1,0,0
0.054776458,0,0,1,0,0,0
0.054945667,0,0,1,1,1,1
0.054974708,0,0,1,0,0,0
0.055144000,0,0,1,1,1,1
0.055173042,0,0,1,0,0,0
0.055342292,0,0,1,1,1,1
0.055371333,0,0,1,0,0,0
0.055540583,0,0,1,1,1,1
0.055569667,0,0,1,0,0,0
0.055738917,0,0,1,1,1,1
0.055767958,0,0,1,0,0,0
0.055937208,0,0,1,1,1,1
0.055966250,0,0,1,1,0,0
0.055966292,0,0,1,0,0,0
0.056135542,0,0,1,1,1,1
0.056164625,0,0,1,0,0,0
0.056333917,0,0,1,1,1,1
0.056362958,0,0,1,0,0,0
0.056532208,0,0,1,1,1,1
0.056561292,0,0,1,0,0,0
0.056730583,0,0,1,1,1,1
0.056759625,0,0,1,0,0,0
0.056928917,0,0,1,1,1,1
0.056957958,0,0,1,0,0,0
0.057127250,0,0,1,1,1,1
0.057156333,0,0,1,0,0,0
0.057325625,0,0,1,1,1,1
0.057354708,0,0,1,0,0,0
0.057524000,0,0,1,1,1,1
0.057553042,0,0,1,0,0,0
0.057722333,0,0,1,1,1,1
0.057751375,0,0,1,0,0,0
0.057920708,0,0,1,1,1,1
0.057949750,0,0,1,0,0,0
0.058119000,0,0,1,1,1,1
0.058148042,0,0,1,0,0,0
0.058317333,0,0,1,1,1,1
0.058346375,0,0,1,0,0,0
0.058515667,0,0,1,1,1,1
0.058544708,0,0,1,0,0,0
0.058713958,0,0,1,1,1,1
0.058743000,0,0,1,0,0,0
0.058912250,0,0,1,1,1,1
0.058941292,0,0,1,0,0,0
0.059110542,0,0,1,1,1,1
0.059139583,0,0,1,0,0,0
0.059308833,0,0,1,1,1,1
0.059337875,0,0,1,0,0,0
0.059507125,0,0,1,1,1,1
0.059536167,0,0,1,0,0,0
0.059705417,0,0,1,1,1,1
0.059734458,0,0,1,0,0,0
0.059903708,0,0,1,1,1,1
0.059932750,0,0,1,0,0,0
0.060102000,0,0,1,1,1,1
0.060131042,0,0,1,0,0,0
0.060300292,0,0,1,1,1,1
0.060329333,0,0,1,0,0,0
0.060498542,0,0,1,1,1,1
0.060527583,0,0,1,0,0,0
0.060696792,0,0,1,1,1,1
0.060725833,0,0,1,0,0,0
0.060895083,0,0,1,1,1,1
0.060924125,0,0,1,0,0,0
0.061093417,0,0,1,1,1,1
0.061122458,0,0,1,0,0,0
0.061291750,0,0,1,1,1,1
0.061320792,0,0,1,0,0,0
0.061490000,0,0,1,1,1,1
0.061519083,0,0,1,0,0,0
0.061688333,0,0,1,1,1,1
0.061717375,0,0,1,0,0,0
0.061886625,0,0,1,1,1,1
0.061915667,0,0,1,0,0,0
0.062084875,0,0,1,1,1,1
0.062113917,0,0,1,0,0,0
0.062283125,0,0,1,1,1,1
0.062312167,0,0,1,0,0,0
0.062481375,0,0,1,1,1,1
0.062510458,0,0,1,0,0,0
0.062679667,0,0,1,1,1,1
0.062708708,0,0,1,0,0,0
0.062877917,0,0,1,1,1,1
0.062906958,0,0,1,0,0,0
0.063076167,0,0,1,1,1,1
0.063105208,0,0,1,0,0,0
0.063274458,0,0,1,1,1,1
0.063303500,0,0,1,0,0,0
0.063472750,0,0,1,1,1,1
0.063501792,0,0,1,1,0,1
0.063501833,0,0,1,0,0,0
0.063671083,0,0,1,1,1,1
0.063700125,0,0,1,0,0,0
0.063869375,0,0,1,1,1,1
0.063898417,0,0,1,0,0,0
0.064067667,0,0,1,1,1,1
0.064096750,0,0,1,0,0,0
0.064266000,0,0,1,1,1,1
0.064295083,0,0,1,0,0,0
0.064464375,0,0,1,1,1,1
0.064493417,0,0,1,0,0,0
0.064662750,0,0,1,1,1,1
0.064691792,0,0,1,0,0,0
0.064861125,0,0,1,1,1,1
0.064890208,0,0,1,0,0,0
0.065059500,0,0,1,1,1,1
0.065088583,0,0,1,0,0,0
0.065257917,0,0,1,1,1,1
0.065286958,0,0,1,0,0,0
0.065456292,0,0,1,1,1,1
0.065485333,0,0,1,0,0,0
0.065654667,0,0,1,1,1,1
0.065683708,0,0,1,0,0,0
0.065853042,0,0,1,1,1,1
0.065882083,0,0,1,0,0,0
0.066051375,0,0,1,1,1,1
0.066080417,0,0,1,0,0,0
0.066249708,0,0,1,1,1,1
0.066278750,0,0,1,1,0,0
0.066278792,0,0,1,0,0,0
0.066448000,0,0,1,1,1,1
0.066477042,0,0,1,0,0,0
0.066646292,0,0,1,1,1,1
0.066675333,0,0,1,0,0,0
0.066844583,0,0,1,1,1,1
0.066873625,0,0,1,0,0,0
0.067042875,0,0,1,1,1,1
0.067071917,0,0,1,0,0,0
0.067241125,0,0,1,1,1,1
0.067270167,0,0,1,0,0,0
0.067439458,0,0,1,1,1,1
0.067468500,0,0,1,0,0,0
0.067637708,0,0,1,0,1,0
0.067637750,0,0,1,1,1,1
0.067666750,0,0,1,1,0,0
0.067666792,0,0,1,0,0,0
0.067836000,0,0,1,1,1,1
0.067865042,0,0,1,0,0,0
0.068034250,0,0,1,1,1,1
0.068063292,0,0,1,0,0,0
0.068232583,0,0,1,1,1,1
0.068261625,0,0,1,0,0,0
0.068430875,0,0,1,1,1,1
0.068459917,0,0,1,0,0,0
0.068629167,0,0,1,1,1,1
0.068658208,0,0,1,0,0,0
0.068827458,0,0,1,0,1,1
0.068827500,0,0,1,1,1,1
0.068856542,0,0,1,0,0,0
0.069025792,0,0,1,1,1,1
0.069054833,0,0,1,0,0,0
0.069224042,0,0,1,1,1,1
0.069253083,0,0,1,0,0,0
0.069422333,0,0,1,1,1,1
0.069451375,0,0,1,0,0,0
0.069620625,0,0,1,1,1,1
0.069649667,0,0,1,0,0,0
0.069818958,0,0,1,1,1,1
0.069848000,0,0,1,0,0,0
0.070017208,0,0,1,1,1,1
0.070046250,0,0,1,0,0,0
0.070215542,0,0,1,1,1,1
0.070244583,0,0,1,0,0,0
0.070413875,0,0,1,1,1,1
0.070442917,0,0,1,0,0,0
0.070612208,0,0,1,1,1,1
0.070641250,0,0,1,0,0,0
0.070810542,0,0,1,1,1,1
0.070839583,0,0,1,0,0,0
0.071008875,0,0,1,1,1,1
0.071037917,0,0,1,0,0,0
0.071207208,0,0,1,1,1,1
0.071236250,0,0,1,0,0,0
0.071405542,0,0,1,1,1,1
0.071434583,0,0,1,0,0,0
0.071603917,0,0,1,1,1,1
0.071632958,0,0,1,0,0,0
0.071802250,0,0,1,1,1,1
0.071831292,0,0,1,0,0,0
0.072000583,0,0,1,1,1,1
0.072029625,0,0,1,0,0,0
0.072198958,0,0,1,1,1,1
0.072228000,0,0,1,0,0,0
0.072397292,0,0,1,1,1,1
0.072426375,0,0,1,0,0,0
0.072595667,0,0,1,1,1,1
0.072624708,0,0,1,0,0,0
0.072794000,0,0,1,1,1,1
0.072823042,0,0,1,0,0,0
0.072992333,0,0,1,1,1,1
0.073021375,0,0,1,0,0,0
0.073190625,0,0,1,0,1,0
0.073190667,0,0,1,1,1,1
0.073219708,0,0,1,0,0,0
0.073389000,0,0,1,1,1,1
0.073418042,0,0,1,0,0,0
0.073587292,0,0,1,1,1,1
0.073616333,0,0,1,0,0,0
0.073785625,0,0,1,1,1,1
0.073814667,0,0,1,0,0,0
0.073983917,0,0,1,1,1,1
0.074012958,0,0,1,0,0,0
0.074182208,0,0,1,1,1,1
0.074211292,0,0,1,0,0,0
0.074380542,0,0,1,1,1,1
0.074409583,0,0,1,0,0,0
0.074578875,0,0,1,1,1,1
0.074607958,0,0,1,0,0,0
0.074777208,0,0,1,1,1,1
0.074806250,0,0,1,0,0,0
0.074975500,0,0,1,1,1,1
0.075004583,0,0,1,0,0,0
0.075173833,0,0,1,1,1,1
0.075202875,0,0,1,0,0,0
0.075372083,0,0,1,0,1,1
0.075372125,0,0,1,1,1,1
0.075401125,0,0,1,0,0,0
0.075570417,0,0,1,1,1,1
0.075599458,0,0,1,0,0,0
0.075768708,0,0,1,1,1,1
0.075797750,0,0,1,0,0,0
0.075967000,0,0,1,1,1,1
0.075996042,0,0,1,0,0,0
0.076165292,0,0,1,1,1,1
0.076194333,0,0,1,0,0,0
0.076363625,0,0,1,1,1,1
0.076392667,0,0,1,0,0,0
0.076561958,0,0,1,1,1,1
0.076591000,0,0,1,0,0,0
0.076760292,0,0,1,1,1,1
0.076789333,0,0,1,0,0,0
0.076958625,0,0,1,1,1,1
0.076987667,0,0,1,0,0,0
0.077156958,0,0,1,1,1,1
0.077186000,0,0,1,0,0,0
0.077355292,0,0,1,1,1,1
0.077384333,0,0,1,0,0,0
0.077553625,0,0,1,1,1,1
0.077582667,0,0,1,0,0,0
0.077751958,0,0,1,1,1,1
0.077781000,0,0,1,0,0,0
0.077950292,0,0,1,1,1,1
0.077979333,0,0,1,0,0,0
0.078148583,0,0,1,1,1,1
0.078177625,0,0,1,0,0,0
0.078346917,0,0,1,1,1,1
0.078375958,0,0,1,0,0,0
0.078545250,0,0,1,1,1,1
0.078574292,0,0,1,0,0,0
0.078743583,0,0,1,1,1,1
0.078772625,0,0,1,0,0,0
0.078941875,0,0,1,1,1,1
0.078970958,0,0,1,0,0,0
0.079140208,0,0,1,1,1,1
0.079169292,0,0,1,0,0,0
0.079338583,0,0,1,1,1,1
0.079367625,0,0,1,0,0,0
0.079536875,0,0,1,1,1,1
0.079565917,0,0,1,0,0,0
0.079735167,0,0,1,1,1,1
0.079764208,0,0,1,0,0,0
0.079933458,0,0,1,1,1,1
0.079962500,0,0,1,0,0,0
0.080131792,0,0,1,1,1,1
0.080160833,0,0,1,0,0,0
0.080330125,0,0,1,1,1,1
0.080359208,0,0,1,0,0,0
0.080528500,0,0,1,1,1,1
0.080557542,0,0,1,0,0,0
0.080726833,0,0,1,1,1,1
0.080755875,0,0,1,1,0,0
0.080755917,0,0,1,0,0,0
0.080925167,0,0,1,1,1,1
0.080954208,0,0,1,0,0,0
0.081123500,0,0,1,0,1,1
0.081123542,0,0,1,1,1,1
0.081152583,0,0,1,0,0,0
0.081321875,0,0,1,1,1,1
0.081350917,0,0,1,1,0,0
0.081350958,0,0,1,0,0,0
0.081520250,0,0,1,1,1,1
0.081549292,0,0,1,0,0,0
0.081718583,0,0,1,0,1,1
0.081718625,0,0,1,1,1,1
0.081747667,0,0,1,0,0,0
0.081916958,0,0,1,1,1,1
0.081946000,0,0,1,0,0,0
0.082115292,0,0,1,1,1,1
0.082144333,0,0,1,0,0,0
0.082313542,0,0,1,1,1,1
0.082342583,0,0,1,0,0,0
0.082511833,0,0,1,1,1,1
0.082540875,0,0,1,0,0,0
0.082710125,0,0,1,1,1,1
0.082739167,0,0,1,0,0,0
0.082908458,0,0,1,1,1,1
0.082937500,0,0,1,0,0,0
0.083106750,0,0,1,1,1,1
0.083135833,0,0,1,0,0,0
0.083305042,0,0,1,0,1,0
0.083305083,0,0,1,1,1,1
0.083334125,0,0,1,0,0,0
0.083503333,0,0,1,1,1,1
0.083532375,0,0,1,0,0,0
0.083701667,0,0,1,1,1,1
0.083730750,0,0,1,0,0,0
0.083900042,0,0,1,1,1,1
0.083929083,0,0,1,0,0,0
0.084098375,0,0,1,1,1,1
0.084127417,0,0,1,0,0,0
0.084296708,0,0,1,1,1,1
0.084325792,0,0,1,0,0,0
0.084495125,0,0,1,1,1,1
0.084524167,0,0,1,0,0,0
0.084693458,0,0,1,1,1,1
0.084722500,0,0,1,0,0,0
0.084891792,0,0,1,1,1,1
0.084920875,0,0,1,0,0,0
0.085090167,0,0,1,1,1,1
0.085119208,0,0,1,0,0,0
0.085288542,0,0,1,1,1,1
0.085317583,0,0,1,0,0,0
0.085486875,0,0,1,1,1,1
0.085515917,0,0,1,0,0,0
0.085685208,0,0,1,1,1,1
0.085714250,0,0,1,0,0,0
0.085883542,0,0,1,1,1,1
0.085912625,0,0,1,0,0,0
0.086081917,0,0,1,1,1,1
0.086111000,0,0,1,0,0,0
0.086280333,0,0,1,1,1,1
0.086309375,0,0,1,0,0,0
0.086478708,0,0,1,1,1,1
0.086507750,0,0,1,0,0,0
0.086677083,0,0,1,1,1,1
0.086706167,0,0,1,0,0,0
0.086875458,0,0,1,1,1,1
0.086904542,0,0,1,0,0,0
0.087073875,0,0,1,1,1,1
0.087102917,0,0,1,0,0,0
0.087272208,0,0,1,1,1,1
0.087301250,0,0,1,0,0,0
0.087470583,0,0,1,1,1,1
0.087499625,0,0,1,0,0,0
0.087668958,0,0,1,1,1,1
0.087698000,0,0,1,0,0,0
0.087867333,0,0,1,1,1,1
0.087896375,0,0,1,0,0,0
0.088065667,0,0,1,1,1,1
0.088094750,0,0,1,0,0,0
0.088264042,0,0,1,1,1,1
0.088293083,0,0,1,0,0,0
0.088462417,0,0,1,1,1,1
0.088491458,0,0,1,0,0,0
0.088660750,0,0,1,1,1,1
0.088689833,0,0,1,0,0,0
0.088859125,0,0,1,1,1,1
0.088888167,0,0,1,0,0,0
0.089057458,0,0,1,1,1,1
0.089086500,0,0,1,0,0,0
0.089255792,0,0,1,1,1,1
0.089284833,0,0,1,0,0,0
0.089454083,0,0,1,1,1,1
0.089483125,0,0,1,0,0,0
0.089652417,0,0,1,1,1,1
0.089681500,0,0,1,0,0,0
0.089850792,0,0,1,1,1,1
0.089879875,0,0,1,0,0,0
0.090049167,0,0,1,1,1,1
0.090078208,0,0,1,0,0,0
0.090247500,0,0,1,1,1,1
0.090276542,0,0,1,0,0,0
0.090445833,0,0,1,1,1,1
0.090474875,0,0,1,0,0,0
0.090644208,0,0,1,1,1,1
0.090673250,0,0,1,0,0,0
0.090842583,0,0,1,1,1,1
0.090871625,0,0,1,0,0,0
0.091040958,0,0,1,1,1,1
0.091070000,0,0,1,0,0,0
0.091239292,0,0,1,1,1,1
0.091268333,0,0,1,0,0,0
0.091437667,0,0,1,1,1,1
0.091466708,0,0,1,0,0,0
0.091636042,0,0,1,1,1,1
0.091665083,0,0,1,0,0,0
0.091834375,0,0,1,1,1,1
0.091863458,0,0,1,0,0,0
0.092032750,0,0,1,1,1,1
0.092061792,0,0,1,0,0,0
0.092231125,0,0,1,1,1,1
0.092260167,0,0,1,0,0,0
0.092429500,0,0,1,1,1,1
0.092458583,0,0,1,0,0,0
0.092627875,0,0,1,1,1,1
0.092656958,0,0,1,0,0,0
0.092826250,0,0,1,1,1,1
0.092855292,0,0,1,0,0,0
0.093024583,0,0,1,1,1,1
0.093053625,0,0,1,0,0,0
0.093222917,0,0,1,1,1,1
0.093251958,0,0,1,0,0,0
0.093421208,0,0,1,1,1,1
0.093450250,0,0,1,0,0,0
0.093619542,0,0,1,1,1,1
0.093648583,0,0,1,0,0,0
0.093817833,0,0,1,1,1,1
0.093846875,0,0,1,0,0,0
0.094016167,0,0,1,1,1,1
0.094045208,0,0,1,0,0,0
0.094214458,0,0,1,1,1,1
0.094243500,0,0,1,0,0,0
0.094412750,0,0,1,1,1,1
0.094441792,0,0,1,0,0,0
0.094611083,0,0,1,1,1,1
0.094640125,0,0,1,0,0,0
0.094809417,0,0,1,1,1,1
0.094838458,0,0,1,0,0,0
0.095007750,0,0,1,1,1,1
0.095036792,0,0,1,0,0,0
0.095206042,0,0,1,1,1,1
0.095235083,0,0,1,0,0,0
0.095404375,0,0,1,1,1,1
0.095433458,0,0,1,0,0,0
0.095602792,0,0,1,1,1,1
0.095631833,0,0,1,0,0,0
0.095801125,0,0,1,1,1,1
0.095830167,0,0,1,0,0,0
0.095999458,0,0,1,1,1,1
0.096028542,0,0,1,0,0,0
0.096197875,0,0,1,1,1,1
0.096226917,0,0,1,0,0,0
0.096396250,0,0,1,1,1,1
0.096425292,0,0,1,0,0,0
0.096594625,0,0,1,1,1,1
0.096623667,0,0,1,0,0,0
0.096793000,0,0,1,1,1,1
0.096822042,0,0,1,0,0,0
0.096991375,0,0,1,1,1,1
0.097020458,0,0,1,0,0,0
0.097189792,0,0,1,1,1,1
0.097218833,0,0,1,0,0,0
0.097388167,0,0,1,1,1,1
0.097417208,0,0,1,0,0,0
0.097586542,0,0,1,1,1,1
0.097615625,0,0,1,0,0,0
0.097784958,0,0,1,1,1,1
0.097814042,0,0,1,0,0,0
0.097983333,0,0,1,1,1,1
0.098012417,0,0,1,0,0,0
0.098181708,0,0,1,1,1,1
0.098210750,0,0,1,0,0,0
0.098380042,0,0,1,1,1,1
0.098409083,0,0,1,0,0,0
0.098578417,0,0,1,1,1,1
0.098607458,0,0,1,0,0,0
0.098776750,0,0,1,1,1,1
0.098805833,0,0,1,0,0,0
0.098975083,0,0,1,1,1,1
0.099004125,0,0,1,0,0,0
0.099173375,0,0,1,1,1,1
0.099202417,0,0,1,0,0,0
0.099371708,0,0,1,1,1,1
0.099400750,0,0,1,0,0,0
0.099570000,0,0,1,1,1,1
0.099599042,0,0,1,0,0,0
0.099768333,0,0,1,1,1,1
0.099797375,0,0,1,0,0,0
0.099966625,0,0,1,1,1,1
0.099995667,0,0,1,0,0,0
0.100164917,0,0,1,1,1,1
0.100194000,0,0,1,0,0,0
0.100363250,0,0,1,1,1,1
0.100392292,0,0,1,0,0,0
0.100561500,0,0,1,1,1,1
0.100590583,0,0,1,0,0,0
0.100759833,0,0,1,1,1,1
0.100788875,0,0,1,0,0,0
0.100958125,0,0,1,1,1,1
0.100987167,0,0,1,0,0,0
0.101156500,0,0,1,1,1,1
0.101185542,0,0,1,0,0,0
0.101354833,0,0,1,1,1,1
0.101383875,0,0,1,0,0,0
0.101553167,0,0,1,1,1,1
0.101582250,0,0,1,0,0,0
0.101751500,0,0,1,1,1,1
0.101780542,0,0,1,0,0,0
0.101949833,0,0,1,1,1,1
0.101978917,0,0,1,0,0,0
0.102148167,0,0,1,0,1,1
0.102148208,0,0,1,1,1,1
0.102177250,0,0,1,0,0,0
0.102346542,0,0,1,1,1,1
0.102375583,0,0,1,0,0,0
0.102544833,0,0,1,1,1,1
0.102573875,0,0,1,0,0,0
0.102743167,0,0,1,1,1,1
0.102772167,0,0,1,1,0,0
0.102772208,0,0,1,0,0,0
0.102941458,0,0,1,1,1,1
0.102970542,0,0,1,0,0,0
0.103139833,0,0,1,1,1,1
0.103168875,0,0,1,0,0,0
0.103338208,0,0,1,1,1,1
0.103367250,0,0,1,0,0,0
0.103536500,0,0,1,1,1,1
0.103565583,0,0,1,0,0,0
0.103734875,0,0,1,1,1,1
0.103763917,0,0,1,0,0,0
0.103933208,0,0,1,1,1,1
0.103962250,0,0,1,0,0,0
0.104131500,0,0,1,1,1,1
0.104160583,0,0,1,0,0,0
0.104329833,0,0,1,1,1,1
0.104358917,0,0,1,0,0,0
0.104528208,0,0,1,1,1,1
0.104557250,0,0,1,0,0,0
0.104726458,0,0,1,1,1,1
0.104755500,0,0,1,1,0,0
0.104755542,0,0,1,0,0,0
0.104924792,0,0,1,1,1,1
0.104953833,0,0,1,0,0,0
0.105123083,0,0,1,1,1,1
0.105152125,0,0,1,0,0,0
0.105321375,0,0,1,1,1,1
0.105350417,0,0,1,0,0,0
0.105519667,0,0,1,1,1,1
0.105548708,0,0,1,0,0,0
0.105717958,0,0,1,1,1,1
0.105747000,0,0,1,1,0,0
0.105747042,0,0,1,0,0,0
0.105916292,0,0,1,1,1,1
0.105945333,0,0,1,0,0,0
0.106114583,0,0,1,1,1,1
0.106143625,0,0,1,0,0,0
0.106312917,0,0,1,1,1,1
0.106341958,0,0,1,0,0,0
0.106511250,0,0,1,1,1,1
0.106540292,0,0,1,0,0,0
0.106709625,0,0,1,1,1,1
0.106738667,0,0,1,0,0,0
0.106907958,0,0,1,1,1,1
0.106937000,0,0,1,0,0,0
0.107106250,0,0,1,1,1,1
0.107135292,0,0,1,0,0,0
0.107304583,0,0,1,1,1,1
0.107333667,0,0,1,0,0,0
0.107502958,0,0,1,1,1,1
0.107532042,0,0,1,0,0,0
0.107701333,0,0,1,1,1,1
0.107730375,0,0,1,0,0,0
0.107899667,0,0,1,1,1,1
0.107928708,0,0,1,0,0,0
0.108098042,0,0,1,1,1,1
0.108127125,0,0,1,0,0,0
0.108296417,0,0,1,1,1,1
0.108325458,0,0,1,0,0,0
0.108494792,0,0,1,1,1,1
0.108523833,0,0,1,0,0,0
0.108693083,0,0,1,1,1,1
0.108722125,0,0,1,0,0,0
0.108891417,0,0,1,1,1,1
0.108920500,0,0,1,0,0,0
0.109089792,0,0,1,1,1,1
0.109118833,0,0,1,0,0,0
0.109288125,0,0,1,1,1,1
0.109317167,0,0,1,0,0,0
0.109486417,0,0,1,1,1,1
0.109515500,0,0,1,0,0,0
0.109684708,0,0,1,1,1,1
0.109713750,0,0,1,0,0,0
0.109882958,0,0,1,1,1,1
0.109912000,0,0,1,0,0,0
0.110081292,0,0,1,1,1,1
0.110110333,0,0,1,0,0,0
0.110279583,0,0,1,1,1,1
0.110308667,0,0,1,0,0,0
0.110477917,0,0,1,1,1,1
0.110506958,0,0,1,0,0,0
0.110676208,0,0,1,1,1,1
0.110705250,0,0,1,0,0,0
0.110874542,0,0,1,1,1,1
0.110903583,0,0,1,0,0,0
0.111072833,0,0,1,1,1,1
0.111101875,0,0,1,0,0,0
0.111271167,0,0,1,1,1,1
0.111300208,0,0,1,0,0,0
0.111469458,0,0,1,1,1,1
0.111498500,0,0,1,0,0,0
0.111667750,0,0,1,1,1,1
0.111696792,0,0,1,0,0,0
0.111866083,0,0,1,1,1,1
0.111895167,0,0,1,0,0,0
0.112064458,0,0,1,1,1,1
0.112093500,0,0,1,0,0,0
0.112262792,0,0,1,1,1,1
0.112291875,0,0,1,0,0,0
0.112461167,0,0,1,1,1,1
0.112490208,0,0,1,0,0,0
0.112659500,0,0,1,1,1,1
0.112688542,0,0,1,0,0,0
0.112857833,0,0,1,1,1,1
0.112886875,0,0,1,0,0,0
0.113056167,0,0,1,1,1,1
0.113085208,0,0,1,0,0,0
0.113254500,0,0,1,1,1,1
0.113283542,0,0,1,0,0,0
0.113452833,0,0,1,1,1,1
0.113481917,0,0,1,0,0,0
0.113651208,0,0,1,1,1,1
0.113680250,0,0,1,0,0,0
0.113849542,0,0,1,1,1,1
0.113878583,0,0,1,0,0,0
0.114047875,0,0,1,1,1,1
0.114076917,0,0,1,0,0,0
0.114246208,0,0,1,1,1,1
0.114275292,0,0,1,0,0,0
0.114444583,0,0,1,1,1,1
0.114473667,0,0,1,0,0,0
0.114642917,0,0,1,1,1,1
0.114671958,0,0,1,0,0,0
0.114841292,0,0,1,1,1,1
0.114870333,0,0,1,0,0,0
0.115039583,0,0,1,1,1,1
0.115068625,0,0,1,0,0,0
0.115237875,0,0,1,1,1,1
0.115266958,0,0,1,0,0,0
0.115436208,0,0,1,1,1,1
0.115465250,0,0,1,0,0,0
0.115634542,0,0,1,1,1,1
0.115663583,0,0,1,0,0,0
0.115832875,0,0,1,1,1,1
0.115861917,0,0,1,0,0,0
0.116031208,0,0,1,1,1,1
0.116060250,0,0,1,1,0,0
0.116060292,0,0,1,0,0,0
0.116229542,0,0,1,1,1,1
0.116258583,0,0,1,0,0,0
0.116427875,0,0,1,1,1,1
0.116456917,0,0,1,0,0,0
0.116626167,0,0,1,1,1,1
0.116655208,0,0,1,0,0,0
0.116824500,0,0,1,1,1,1
0.116853542,0,0,1,0,0,0
0.117022792,0,0,1,1,1,1
0.117051833,0,0,1,0,0,0
0.117221167,0,0,1,1,1,1
0.117250208,0,0,1,0,0,0
0.117419542,0,0,1,1,1,1
0.117448625,0,0,1,0,0,0
0.117617917,0,0,1,1,1,1
0.117646958,0,0,1,0,0,0
0.117816250,0,0,1,1,1,1
0.117845292,0,0,1,0,0,0
0.118014583,0,0,1,1,1,1
0.118043625,0,0,1,0,0,0
0.118212917,0,0,1,1,1,1
0.118241958,0,0,1,0,0,0
0.118411208,0,0,1,1,1,1
0.118440292,0,0,1,0,0,0
0.118609500,0,0,1,1,1,1
0.118638542,0,0,1,0,0,0
0.118807833,0,0,1,1,1,1
0.118836875,0,0,1,0,0,0
0.119006208,0,0,1,1,1,1
0.119035250,0,0,1,0,0,0
0.119204583,0,0,1,1,1,1
0.119233625,0,0,1,0,0,0
0.119402917,0,0,1,1,1,1
0.119432000,0,0,1,0,0,0
0.119601292,0,0,1,1,1,1
0.119630333,0,0,1,0,0,0
0.119799625,0,0,1,1,1,1
0.119828667,0,0,1,0,0,0
0.119997958,0,0,1,1,1,1
0.120027000,0,0,1,0,0,0
0.120196333,0,0,1,1,1,1
0.120225375,0,0,1,0,0,0
0.120394708,0,0,1,1,1,1
0.120423750,0,0,1,0,0,0
0.120593042,0,0,1,1,1,1
0.120622125,0,0,1,0,0,0
0.120791417,0,0,1,1,1,1
0.120820500,0,0,1,0,0,0
0.120989833,0,0,1,1,1,1
0.121018917,0,0,1,0,0,0
0.121188208,0,0,1,1,1,1
0.121217292,0,0,1,0,0,0
0.121386542,0,0,1,1,1,1
0.121415625,0,0,1,0,0,0
0.121584917,0,0,1,1,1,1
0.121613958,0,0,1,0,0,0
0.121783250,0,0,1,1,1,1
0.121812333,0,0,1,0,0,0
0.121981625,0,0,1,1,1,1
0.122010667,0,0,1,0,0,0
0.122180000,0,0,1,1,1,1
0.122209042,0,0,1,0,0,0
0.122378333,0,0,1,1,1,1
0.122407417,0,0,1,0,0,0
0.122576750,0,0,1,1,1,1
0.122605792,0,0,1,0,0,0
0.122775125,0,0,1,1,1,1
0.122804208,0,0,1,0,0,0
0.122973500,0,0,1,1,1,1
0.123002583,0,0,1,0,0,0
0.123171917,0,0,1,1,1,1
0.123200958,0,0,1,1,0,0
0.123201000,0,0,1,0,0,0
0.123370292,0,0,1,1,1,1
0.123399375,0,0,1,0,0,0
0.123568708,0,0,1,1,1,1
0.123597750,0,0,1,0,0,0
0.123767125,0,0,1,1,1,1
0.123796167,0,0,1,0,0,0
0.123965542,0,0,1,1,1,1
0.123994583,0,0,1,0,0,0
0.124163958,0,0,1,1,1,1
0.124193000,0,0,1,0,0,0
0.124362333,0,0,1,1,1,1
0.124391417,0,0,1,0,0,0
0.124560792,0,0,1,1,1,1
0.124589833,0,0,1,0,0,0
0.124759208,0,0,1,1,1,1
0.124788250,0,0,1,0,0,0
0.124957583,0,0,1,0,1,1
0.124957625,0,0,1,1,1,1
0.124986667,0,0,1,0,0,0
0.125155958,0,0,1,1,1,1
0.125185042,0,0,1,0,0,0
0.125354333,0,0,1,1,1,1
0.125383375,0,0,1,0,0,0
0.125552708,0,0,1,1,1,1
0.125581750,0,0,1,0,0,0
0.125751083,0,0,1,1,1,1
0.125780125,0,0,1,0,0,0
0.125949458,0,0,1,1,1,1
0.125978500,0,0,1,0,0,0
0.126147875,0,0,1,1,1,1
0.126176917,0,0,1,0,0,0
0.126346250,0,0,1,1,1,1
0.126375292,0,0,1,0,0,0
0.126544625,0,0,1,1,1,1
0.126573667,0,0,1,0,0,0
0.126743000,0,0,1,1,1,1
0.126772042,0,0,1,0,0,0
0.126941333,0,0,1,1,1,1
0.126970375,0,0,1,0,0,0
0.127139667,0,0,1,1,1,1
0.127168708,0,0,1,0,0,0
0.127337958,0,0,1,1,1,1
0.127367042,0,0,1,0,0,0
0.127536333,0,0,1,1,1,1
0.127565375,0,0,1,0,0,0
0.127734667,0,0,1,1,1,1
0.127763750,0,0,1,0,0,0
0.127933042,0,0,1,1,1,1
0.127962083,0,0,1,0,0,0
0.128131375,0,0,1,1,1,1
0.128160417,0,0,1,0,0,0
0.128329667,0,0,1,1,1,1
0.128358708,0,0,1,0,0,0
0.128528000,0,0,1,1,1,1
0.128557042,0,0,1,0,0,0
0.128726292,0,0,1,1,1,1
0.128755333,0,0,1,0,0,0
0.128924583,0,0,1,1,1,1
0.128953625,0,0,1,0,0,0
0.129122917,0,0,1,1,1,1
0.129151958,0,0,1,0,0,0
0.129321208,0,0,1,1,1,1
0.129350250,0,0,1,0,0,0
0.129519583,0,0,1,1,1,1
0.129548625,0,0,1,0,0,0
0.129717875,0,0,1,1,1,1
0.129746917,0,0,1,0,0,0
0.129916167,0,0,1,1,1,1
0.129945208,0,0,1,0,0,0
0.130114500,0,0,1,1,1,1
0.130143542,0,0,1,0,0,0
0.130312792,0,0,1,1,1,1
0.130341833,0,0,1,0,0,0
0.130511125,0,0,1,1,1,1
0.130540167,0,0,1,0,0,0
0.130709500,0,0,1,1,1,1
0.130738583,0,0,1,0,0,0
0.130907917,0,0,1,1,1,1
0.130936958,0,0,1,0,0,0
0.131106292,0,0,1,1,1,1
0.131135333,0,0,1,0,0,0
0.131304667,0,0,1,1,1,1
0.131333750,0,0,1,0,0,0
0.131503083,0,0,1,1,1,1
0.131532125,0,0,1,0,0,0
0.131701458,0,0,1,1,1,1
0.131730500,0,0,1,0,0,0
0.131899792,0,0,1,1,1,1
0.131928833,0,0,1,0,0,0
0.132098125,0,0,1,1,1,1
0.132127208,0,0,1,0,0,0
0.132296542,0,0,1,1,1,1
0.132325583,0,0,1,0,0,0
0.132494917,0,0,1,1,1,1
0.132523958,0,0,1,0,0,0
0.132693333,0,0,1,1,1,1
0.132722375,0,0,1,0,0,0
0.132891750,0,0,1,1,1,1
0.132920792,0,0,1,0,0,0
0.133090167,0,0,1,1,1,1
0.133119208,0,0,1,0,0,0
0.133288542,0,0,1,1,1,1
0.133317625,0,0,1,0,0,0
0.133486958,0,0,1,1,1,1
0.133516042,0,0,1,0,0,0
0.133685375,0,0,1,1,1,1
0.133714417,0,0,1,0,0,0
0.133883792,0,0,1,1,1,1
0.133912833,0,0,1,0,0,0
0.134082167,0,0,1,1,1,1
0.134111250,0,0,1,0,0,0
0.134280542,0,0,1,1,1,1
0.134309583,0,0,1,0,0,0
0.134478917,0,0,1,1,1,1
0.134507958,0,0,1,0,0,0
0.134677333,0,0,1,1,1,1
0.134706375,0,0,1,0,0,0
0.134875750,0,0,1,1,1,1
0.134904833,0,0,1,0,0,0
0.135074167,0,0,1,1,1,1
0.135103208,0,0,1,0,0,0
0.135272542,0,0,1,1,1,1
0.135301625,0,0,1,0,0,0
0.135470917,0,0,1,1,1,1
0.135499958,0,0,1,0,0,0
0.135669250,0,0,1,1,1,1
0.135698292,0,0,1,0,0,0
0.135867583,0,0,1,1,1,1
0.135896667,0,0,1,0,0,0
0.136065958,0,0,1,1,1,1
0.136095000,0,0,1,0,0,0
0.136264292,0,0,1,1,1,1
0.136293333,0,0,1,0,0,0
0.136462667,0,0,1,1,1,1
0.136491708,0,0,1,1,0,0
0.136491750,0,0,1,0,0,0
0.136661042,0,0,1,1,1,1
0.136690083,0,0,1,0,0,0
0.136859375,0,0,1,1,1,1
0.136888458,0,0,1,0,0,0
0.137057708,0,0,1,1,1,1
0.137086750,0,0,1,0,0,0
0.137256042,0,0,1,1,1,1
0.137285083,0,0,1,0,0,0
0.137454375,0,0,1,1,1,1
0.137483417,0,0,1,0,0,0
0.137652708,0,0,1,1,1,1
0.137681750,0,0,1,0,0,0
0.137851042,0,0,1,1,1,1
0.137880083,0,0,1,0,0,0
0.138049417,0,0,1,1,1,1
0.138078500,0,0,1,0,0,0
0.138247833,0,0,1,1,1,1
0.138276875,0,0,1,0,0,0
0.138446167,0,0,1,1,1,1
0.138475208,0,0,1,0,0,0
0.138644500,0,0,1,1,1,1
0.138673542,0,0,1,0,0,0
0.138842833,0,0,1,1,1,1
0.138871875,0,0,1,0,0,0
0.139041167,0,0,1,1,1,1
0.139070208,0,0,1,0,0,0
0.139239542,0,0,1,1,1,1
0.139268583,0,0,1,0,0,0
0.139437917,0,0,1,1,1,1
0.139467000,0,0,1,0,0,0
0.139636292,0,0,1,1,1,1
0.139665333,0,0,1,0,0,0
0.139834667,0,0,1,1,1,1
0.139863708,0,0,1,0,0,0
0.140033083,0,0,1,1,1,1
0.140062125,0,0,1,0,0,0
0.140231458,0,0,1,1,1,1
0.140260542,0,0,1,0,0,0
0.140429875,0,0,1,1,1,1
0.140458917,0,0,1,0,0,0
0.140628208,0,0,1,1,1,1
0.140657250,0,0,1,0,0,0
0.140826500,0,0,1,1,1,1
0.140855583,0,0,1,0,0,0
0.141024833,0,0,1,1,1,1
0.141053875,0,0,1,0,0,0
0.141223125,0,0,1,1,1,1
0.141252208,0,0,1,0,0,0
0.141421458,0,0,1,1,1,1
0.141450500,0,0,1,0,0,0
0.141619792,0,0,1,1,1,1
0.141648833,0,0,1,0,0,0
0.141818083,0,0,1,1,1,1
0.141847125,0,0,1,0,0,0
0.142016417,0,0,1,1,1,1
0.142045458,0,0,1,0,0,0
0.142214750,0,0,1,1,1,1
0.142243792,0,0,1,0,0,0
0.142413083,0,0,1,1,1,1
0.142442125,0,0,1,0,0,0
0.142611375,0,0,1,1,1,1
0.142640417,0,0,1,0,0,0
0.142809750,0,0,1,1,1,1
0.142838792,0,0,1,0,0,0
0.143008083,0,0,1,1,1,1
0.143037125,0,0,1,0,0,0
0.143206417,0,0,1,1,1,1
0.143235458,0,0,1,0,0,0
0.143404792,0,0,1,1,1,1
0.143433833,0,0,1,0,0,0
0.143603125,0,0,1,1,1,1
0.143632167,0,0,1,0,0,0
0.143801417,0,0,1,1,1,1
0.143830500,0,0,1,0,0,0
0.143999750,0,0,1,1,1,1
0.144028792,0,0,1,0,0,0
0.144198042,0,0,1,1,1,1
0.144227083,0,0,1,0,0,0
0.144396375,0,0,1,1,1,1
0.144425417,0,0,1,0,0,0
0.144594708,0,0,1,1,1,1
0.144623750,0,0,1,0,0,0
0.144793000,0,0,1,1,1,1
0.144822042,0,0,1,0,0,0
0.144991292,0,0,1,0,1,1
0.144991333,0,0,1,1,1,1
0.145020375,0,0,1,0,0,0
0.145189625,0,0,1,1,1,1
0.145218667,0,0,1,0,0,0
0.145387917,0,0,1,1,1,1
0.145417000,0,0,1,0,0,0
0.145586250,0,0,1,1,1,1
0.145615333,0,0,1,0,0,0
0.145784625,0,0,1,1,1,1
0.145813667,0,0,1,0,0,0
0.145982958,0,0,1,1,1,1
0.146012000,0,0,1,0,0,0
0.146181292,0,0,1,1,1,1
0.146210375,0,0,1,0,0,0
0.146379667,0,0,1,1,1,1
0.146408708,0,0,1,0,0,0
0.146578042,0,0,1,1,1,1
0.146607083,0,0,1,0,0,0
0.146776417,0,0,1,1,1,1
0.146805500,0,0,1,0,0,0
0.146974833,0,0,1,1,1,1
0.147003917,0,0,1,0,0,0
0.147173292,0,0,1,1,1,1
0.147202333,0,0,1,0,0,0
0.147371667,0,0,1,1,1,1
0.147400708,0,0,1,1,0,0
0.147400750,0,0,1,0,0,0
0.147570042,0,0,1,1,1,1
0.147599125,0,0,1,0,0,0
0.147768458,0,0,1,1,1,1
0.147797500,0,0,1,0,0,0
0.147966833,0,0,1,1,1,1
0.147995875,0,0,1,0,0,0
0.148165167,0,0,1,1,1,1
0.148194208,0,0,1,0,0,0
0.148363458,0,0,1,1,1,1
0.148392500,0,0,1,0,0,0
0.148561792,0,0,1,1,1,1
0.148590833,0,0,1,0,0,0
0.148760125,0,0,1,1,1,1
0.148789167,0,0,1,0,0,0
0.148958500,0,0,1,1,1,1
0.148987542,0,0,1,0,0,0
0.149156833,0,0,1,1,1,1
0.149185875,0,0,1,1,0,0
0.149185917,0,0,1,0,0,0
0.149355208,0,0,1,1,1,1
0.149384250,0,0,1,0,0,0
0.149553583,0,0,1,1,1,1
0.149582625,0,0,1,0,0,0
0.149751917,0,0,1,1,1,1
0.149781000,0,0,1,0,0,0
0.149950292,0,0,1,1,1,1
0.149979333,0,0,1,0,0,0
0.150148667,0,0,1,1,1,1
0.150177750,0,0,1,0,0,0
0.150347042,0,0,1,1,1,1
0.150376125,0,0,1,0,0,0
0.150545417,0,0,1,1,1,1
0.150574458,0,0,1,0,0,0
0.150743708,0,0,1,0,1,0
0.150743750,0,0,1,1,1,1
0.150772792,0,0,1,0,0,0
0.150942042,0,0,1,1,1,1
0.150971083,0,0,1,0,0,0
0.151140375,0,0,1,1,1,1
0.151169458,0,0,1,0,0,0
0.151338750,0,0,1,1,1,1
0.151367792,0,0,1,0,0,0
0.151537083,0,0,1,1,1,1
0.151566167,0,0,1,0,0,0
0.151735458,0,0,1,1,1,1
0.151764542,0,0,1,0,0,0
0.151933833,0,0,1,1,1,1
0.151962875,0,0,1,0,0,0
0.152132208,0,0,1,1,1,1
0.152161250,0,0,1,0,0,0
0.152330542,0,0,1,1,1,1
0.152359583,0,0,1,0,0,0
0.152528875,0,0,1,1,1,1
0.152557958,0,0,1,0,0,0
0.152727250,0,0,1,1,1,1
0.152756292,0,0,1,0,0,0
0.152925583,0,0,1,1,1,1
0.152954667,0,0,1,0,0,0
0.153123917,0,0,1,0,1,1
0.153123958,0,0,1,1,1,1
0.153153000,0,0,1,0,0,0
0.153322250,0,0,1,1,1,1
0.153351292,0,0,1,1,0,1
0.153351333,0,0,1,0,0,0
0.153520625,0,0,1,1,1,1
0.153549667,0,0,1,0,0,0
0.153718958,0,0,1,1,1,1
0.153748042,0,0,1,0,0,0
0.153917333,0,0,1,1,1,1
0.153946417,0,0,1,0,0,0
0.154115708,0,0,1,1,1,1
0.154144750,0,0,1,0,0,0
0.154314000,0,0,1,1,1,1
0.154343083,0,0,1,0,0,0
0.154512417,0,0,1,1,1,1
0.154541458,0,0,1,0,0,0
0.154710792,0,0,1,1,1,1
0.154739833,0,0,1,0,0,0
0.154909167,0,0,1,1,1,1
0.154938208,0,0,1,0,0,0
0.155107542,0,0,1,1,1,1
0.155136583,0,0,1,0,0,0
0.155305917,0,0,1,1,1,1
0.155334958,0,0,1,0,0,0
0.155504292,0,0,1,1,1,1
0.155533375,0,0,1,0,0,0
0.155702750,0,0,1,1,1,1
0.155731792,0,0,1,0,0,0
0.155901125,0,0,1,0,1,1
0.155901167,0,0,1,1,1,1
0.155930208,0,0,1,0,0,0
0.156099583,0,0,1,1,1,1
0.156128625,0,0,1,0,0,0
0.156298000,0,0,1,1,1,1
0.156327042,0,0,1,0,0,0
0.156496417,0,0,1,1,1,1
0.156525458,0,0,1,0,0,0
0.156694792,0,0,1,1,1,1
0.156723833,0,0,1,0,0,0
0.156893167,0,0,1,1,1,1
0.156922250,0,0,1,0,0,0
0.157091542,0,0,1,1,1,1
0.157120583,0,0,1,0,0,0
0.157289875,0,0,1,1,1,1
0.157318917,0,0,1,0,0,0
0.157488208,0,0,1,1,1,1
0.157517250,0,0,1,0,0,0
0.157686542,0,0,1,1,1,1
0.157715625,0,0,1,0,0,0
0.157884917,0,0,1,1,1,1
0.157913958,0,0,1,0,0,0
0.158083333,0,0,1,1,1,1
0.158112375,0,0,1,0,0,0
0.158281708,0,0,1,1,1,1
0.158310750,0,0,1,0,0,0
0.158480083,0,0,1,1,1,1
0.158509167,0,0,1,0,0,0
0.158678500,0,0,1,1,1,1
0.158707583,0,0,1,0,0,0
0.158876875,0,0,1,1,1,1
0.158905958,0,0,1,0,0,0
0.159075292,0,0,1,1,1,1
0.159104375,0,0,1,0,0,0
0.159273708,0,0,1,1,1,1
0.159302750,0,0,1,0,0,0
0.159472083,0,0,1,1,1,1
0.159501125,0,0,1,0,0,0
0.159670417,0,0,1,1,1,1
0.159699458,0,0,1,0,0,0
0.159868750,0,0,1,1,1,1
0.159897792,0,0,1,0,0,0
0.160067042,0,0,1,1,1,1
0.160096125,0,0,1,0,0,0
0.160265417,0,0,1,1,1,1
0.160294458,0,0,1,0,0,0
0.160463750,0,0,1,1,1,1
0.160492833,0,0,1,0,0,0
0.160662125,0,0,1,1,1,1
0.160691208,0,0,1,0,0,0
0.160860500,0,0,1,1,1,1
0.160889583,0,0,1,0,0,0
0.161058875,0,0,1,1,1,1
0.161087917,0,0,1,0,0,0
0.161257292,0,0,1,1,1,1
0.161286333,0,0,1,0,0,0
0.161455708,0,0,1,1,1,1
0.161484750,0,0,1,0,0,0
0.161654125,0,0,1,1,1,1
0.161683167,0,0,1,0,0,0
0.161852500,0,0,1,1,1,1
0.161881542,0,0,1,0,0,0
0.162050875,0,0,1,1,1,1
0.162079917,0,0,1,0,0,0
0.162249208,0,0,1,0,1,1
0.162249250,0,0,1,1,1,1
0.162278292,0,0,1,0,0,0
0.162447583,0,0,1,1,1,1
0.162476625,0,0,1,1,0,0
0.162476667,0,0,1,0,0,0
0.162645917,0,0,1,1,1,1
0.162674958,0,0,1,0,0,0
0.162844250,0,0,1,1,1,1
0.162873292,0,0,1,0,0,0
0.163042583,0,0,1,1,1,1
0.163071625,0,0,1,0,0,0
0.163240917,0,0,1,1,1,1
0.163269958,0,0,1,0,0,0
0.163439250,0,0,1,1,1,1
0.163468333,0,0,1,0,0,0
0.163637625,0,0,1,1,1,1
0.163666708,0,0,1,0,0,0
0.163836000,0,0,1,1,1,1
0.163865083,0,0,1,0,0,0
0.164034375,0,0,1,1,1,1
0.164063458,0,0,1,0,0,0
0.164232792,0,0,1,1,1,1
0.164261833,0,0,1,0,0,0
0.164431208,0,0,1,1,1,1
0.164460250,0,0,1,0,0,0
0.164629542,0,0,1,1,1,1
0.164658583,0,0,1,0,0,0
0.164827875,0,0,1,1,1,1
0.164856917,0,0,1,0,0,0
0.165026167,0,0,1,1,1,1
0.165055250,0,0,1,0,0,0
0.165224500,0,0,1,1,1,1
0.165253542,0,0,1,0,0,0
0.165422792,0,0,1,1,1,1
0.165451833,0,0,1,0,0,0
0.165621125,0,0,1,1,1,1
0.165650167,0,0,1,0,0,0
0.165819458,0,0,1,1,1,1
0.165848500,0,0,1,0,0,0
0.166017875,0,0,1,1,1,1
0.166046917,0,0,1,0,0,0
0.166216250,0,0,1,1,1,1
0.166245292,0,0,1,0,0,0
0.166414583,0,0,1,1,1,1
0.166443667,0,0,1,0,0,0
0.166612958,0,0,1,1,1,1
0.166642000,0,0,1,0,0,0
0.166811292,0,0,1,1,1,1
0.166840333,0,0,1,0,0,0
0.167009667,0,0,1,1,1,1
0.167038750,0,0,1,0,0,0
0.167208083,0,0,1,1,1,1
0.167237125,0,0,1,0,0,0
0.167406458,0,0,1,1,1,1
0.167435500,0,0,1,0,0,0
0.167604833,0,0,1,1,1,1
0.167633917,0,0,1,0,0,0
0.167803250,0,0,1,1,1,1
0.167832333,0,0,1,0,0,0
0.168001667,0,0,1,1,1,1
0.168030708,0,0,1,0,0,0
0.168200000,0,0,1,1,1,1
0.168229042,0,0,1,0,0,0
0.168398375,0,0,1,1,1,1
0.168427458,0,0,1,0,0,0
0.168596792,0,0,1,1,1,1
0.168625875,0,0,1,0,0,0
0.168795167,0,0,1,1,1,1
0.168824208,0,0,1,0,0,0
0.168993542,0,0,1,1,1,1
0.169022625,0,0,1,0,0,0
0.169192000,0,0,1,1,1,1
0.169221042,0,0,1,0,0,0
0.169390375,0,0,1,0,1,1
0.169390417,0,0,1,1,1,1
0.169419458,0,0,1,0,0,0
0.169588792,0,0,1,1,1,1
0.169617833,0,0,1,0,0,0
0.169787125,0,0,1,1,1,1
0.169816167,0,0,1,0,0,0
0.169985458,0,0,1,1,1,1
0.170014500,0,0,1,0,0,0
0.170183833,0,0,1,1,1,1
0.170212875,0,0,1,0,0,0
0.170382208,0,0,1,1,1,1
0.170411250,0,0,1,0,0,0
0.170580542,0,0,1,1,1,1
0.170609625,0,0,1,0,0,0
0.170778917,0,0,1,1,1,1
0.170807958,0,0,1,1,0,0
0.170808000,0,0,1,0,0,0
0.170977292,0,0,1,1,1,1
0.171006333,0,0,1,0,0,0
0.171175625,0,0,1,1,1,1
0.171204667,0,0,1,0,0,0
0.171373958,0,0,1,1,1,1
0.171403000,0,0,1,0,0,0
0.171572292,0,0,1,1,1,1
0.171601333,0,0,1,0,0,0
0.171770625,0,0,1,1,1,1
0.171799667,0,0,1,0,0,0
0.171969000,0,0,1,1,1,1
0.171998042,0,0,1,0,0,0
0.172167375,0,0,1,1,1,1
0.172196417,0,0,1,0,0,0
0.172365708,0,0,1,1,1,1
0.172394750,0,0,1,0,0,0
0.172564083,0,0,1,1,1,1
0.172593125,0,0,1,0,0,0
0.172762458,0,0,1,1,1,1
0.172791500,0,0,1,0,0,0
0.172960792,0,0,1,1,1,1
0.172989833,0,0,1,0,0,0
0.173159083,0,0,1,1,1,1
0.173188125,0,0,1,0,0,0
0.173357417,0,0,1,1,1,1
0.173386500,0,0,1,0,0,0
0.173555792,0,0,1,1,1,1
0.173584833,0,0,1,0,0,0
0.173754125,0,0,1,1,1,1
0.173783167,0,0,1,0,0,0
0.173952458,0,0,1,1,1,1
0.173981542,0,0,1,0,0,0
0.174150792,0,0,1,1,1,1
0.174179833,0,0,1,0,0,0
0.174349083,0,0,1,1,1,1
0.174378125,0,0,1,0,0,0
0.174547375,0,0,1,1,1,1
0.174576417,0,0,1,0,0,0
0.174745625,0,0,1,1,1,1
0.174774667,0,0,1,0,0,0
0.174943917,0,0,1,1,1,1
0.174972958,0,0,1,0,0,0
0.175142208,0,0,1,1,1,1
0.175171250,0,0,1,0,0,0
0.175340500,0,0,1,1,1,1
0.175369542,0,0,1,0,0,0
0.175538833,0,0,1,1,1,1
0.175567875,0,0,1,0,0,0
0.175737125,0,0,1,1,1,1
0.175766208,0,0,1,0,0,0
0.175935458,0,0,1,1,1,1
0.175964500,0,0,1,0,0,0
0.176133750,0,0,1,1,1,1
0.176162792,0,0,1,0,0,0
0.176332042,0,0,1,1,1,1
0.176361083,0,0,1,0,0,0
0.176530333,0,0,1,1,1,1
0.176559375,0,0,1,0,0,0
0.176728625,0,0,1,0,1,0
0.176728667,0,0,1,1,1,1
0.176757708,0,0,1,0,0,0
0.176926958,0,0,1,1,1,1
0.176956000,0,0,1,0,0,0
0.177125333,0,0,1,1,1,1
0.177154375,0,0,1,0,0,0
0.177323667,0,0,1,1,1,1
0.177352708,0,0,1,0,0,0
0.177521958,0,0,1,1,1,1
0.177551000,0,0,1,0,0,0
0.177720250,0,0,1,1,1,1
0.177749292,0,0,1,0,0,0
0.177918542,0,0,1,1,1,1
0.177947583,0,0,1,0,0,0
0.178116833,0,0,1,1,1,1
0.178145917,0,0,1,0,0,0
0.178315167,0,0,1,1,1,1
0.178344250,0,0,1,0,0,0
0.178513500,0,0,1,1,1,1
0.178542542,0,0,1,0,0,0
0.178711792,0,0,1,1,1,1
0.178740875,0,0,1,0,0,0
0.178910125,0,0,1,1,1,1
0.178939167,0,0,1,0,0,0
0.179108417,0,0,1,0,1,1
0.179108458,0,0,1,1,1,1
0.179137500,0,0,1,0,0,0
0.179306792,0,0,1,1,1,1
0.179335833,0,0,1,0,0,0
0.179505042,0,0,1,1,1,1
0.179534083,0,0,1,0,0,0
0.179703333,0,0,1,1,1,1
0.179732375,0,0,1,0,0,0
0.179901583,0,0,1,1,1,1
0.179930625,0,0,1,0,0,0
0.180099833,0,0,1,1,1,1
0.180128875,0,0,1,0,0,0
0.180298083,0,0,1,1,1,1
0.180327125,0,0,1,0,0,0
0.180496333,0,0,1,1,1,1
0.180525375,0,0,1,0,0,0
0.180694583,0,0,1,1,1,1
0.180723625,0,0,1,0,0,0
0.180892792,0,0,1,1,1,1
0.180921833,0,0,1,0,0,0
0.181091083,0,0,1,1,1,1
0.181120125,0,0,1,0,0,0
0.181289333,0,0,1,1,1,1
0.181318333,0,0,1,0,0,0
0.181487542,0,0,1,1,1,1
0.181516542,0,0,1,0,0,0
0.181685750,0,0,1,1,1,1
0.181714750,0,0,1,0,0,0
0.181884000,0,0,1,1,1,1
0.181913000,0,0,1,0,0,0
0.182082208,0,0,1,1,1,1
0.182111250,0,0,1,0,0,0
0.182280458,0,0,1,1,1,1
0.182309500,0,0,1,0,0,0
0.182478708,0,0,1,1,1,1
0.182507750,0,0,1,0,0,0
0.182676958,0,0,1,1,1,1
0.182705958,0,0,1,0,0,0
0.182875167,0,0,1,1,1,1
0.182904208,0,0,1,0,0,0
0.183073417,0,0,1,1,1,1
0.183102458,0,0,1,0,0,0
0.183271667,0,0,1,1,1,1
0.183300708,0,0,1,0,0,0
0.183469958,0,0,1,1,1,1
0.183499000,0,0,1,0,0,0
0.183668292,0,0,1,1,1,1
0.183697333,0,0,1,0,0,0
0.183866625,0,0,1,1,1,1
0.183895667,0,0,1,0,0,0
0.184064917,0,0,1,1,1,1
0.184093958,0,0,1,0,0,0
0.184263250,0,0,1,1,1,1
0.184292333,0,0,1,0,0,0
0.184461625,0,0,1,1,1,1
0.184490667,0,0,1,0,0,0
0.184659958,0,0,1,1,1,1
0.184689000,0,0,1,0,0,0
0.184858250,0,0,1,1,1,1
0.184887292,0,0,1,0,0,0
0.185056583,0,0,1,1,1,1
0.185085625,0,0,1,0,0,0
0.185254875,0,0,1,1,1,1
0.185283958,0,0,1,0,0,0
0.185453208,0,0,1,1,1,1
0.185482250,0,0,1,1,0,0
0.185482292,0,0,1,0,0,0
0.185651542,0,0,1,1,1,1
0.185680583,0,0,1,0,0,0
0.185849833,0,0,1,1,1,1
0.185878875,0,0,1,0,0,0
0.186048167,0,0,1,1,1,1
0.186077208,0,0,1,0,0,0
0.186246458,0,0,1,1,1,1
0.186275542,0,0,1,0,0,0
0.186444792,0,0,1,1,1,1
0.186473833,0,0,1,0,0,0
0.186643125,0,0,1,1,1,1
0.186672167,0,0,1,0,0,0
0.186841417,0,0,1,1,1,1
0.186870500,0,0,1,0,0,0
0.187039750,0,0,1,0,1,1
0.187039792,0,0,1,1,1,1
0.187068833,0,0,1,0,0,0
0.187238125,0,0,1,1,1,1
0.187267167,0,0,1,0,0,0
0.187436417,0,0,1,1,1,1
0.187465500,0,0,1,0,0,0
0.187634792,0,0,1,1,1,1
0.187663833,0,0,1,0,0,0
0.187833083,0,0,1,1,1,1
0.187862125,0,0,1,1,0,0
0.187862167,0,0,1,0,0,0
0.188031417,0,0,1,1,1,1
0.188060458,0,0,1,0,0,0
0.188229750,0,0,1,1,1,1
0.188258792,0,0,1,0,0,0
0.188428000,0,0,1,1,1,1
0.188457042,0,0,1,0,0,0
0.188626250,0,0,1,1,1,1
0.188655292,0,0,1,0,0,0
0.188824500,0,0,1,1,1,1
0.188853542,0,0,1,0,0,0
0.189022750,0,0,1,1,1,1
0.189051792,0,0,1,0,0,0
0.189221000,0,0,1,1,1,1
0.189250042,0,0,1,0,0,0
0.189419208,0,0,1,1,1,1
0.189448250,0,0,1,0,0,0
0.189617458,0,0,1,1,1,1
0.189646500,0,0,1,0,0,0
0.189815708,0,0,1,1,1,1
0.189844750,0,0,1,0,0,0
0.190013958,0,0,1,1,1,1
0.190043000,0,0,1,0,0,0
0.190212250,0,0,1,1,1,1
0.190241292,0,0,1,0,0,0
0.190410542,0,0,1,1,1,1
0.190439583,0,0,1,0,0,0
0.190608833,0,0,1,1,1,1
0.190637875,0,0,1,0,0,0
0.190807167,0,0,1,1,1,1
0.190836208,0,0,1,0,0,0
0.191005458,0,0,1,1,1,1
0.191034500,0,0,1,0,0,0
0.191203792,0,0,1,1,1,1
0.191232833,0,0,1,0,0,0
0.191402125,0,0,1,1,1,1
0.191431167,0,0,1,0,0,0
0.191600417,0,0,1,0,1,1
0.191600458,0,0,1,1,1,1
0.191629500,0,0,1,0,0,0
0.191798750,0,0,1,1,1,1
0.191827792,0,0,1,0,0,0
0.191997083,0,0,1,1,1,1
0.192026125,0,0,1,0,0,0
0.192195375,0,0,1,1,1,1
0.192224417,0,0,1,0,0,0
0.192393708,0,0,1,1,1,1
0.192422750,0,0,1,0,0,0
0.192592042,0,0,1,1,1,1
0.192621083,0,0,1,0,0,0
0.192790333,0,0,1,1,1,1
0.192819375,0,0,1,1,0,0
0.192819417,0,0,1,0,0,0
0.192988667,0,0,1,1,1,1
0.193017708,0,0,1,0,0,0
0.193186958,0,0,1,1,1,1
0.193216000,0,0,1,0,0,0
0.193385250,0,0,1,1,1,1
0.193414292,0,0,1,0,0,0
0.193583583,0,0,1,1,1,1
0.193612625,0,0,1,0,0,0
0.193781875,0,0,1,1,1,1
0.193810917,0,0,1,0,0,0
0.193980125,0,0,1,1,1,1
0.194009167,0,0,1,0,0,0
0.194178375,0,0,1,1,1,1
0.194207417,0,0,1,0,0,0
0.194376625,0,0,1,1,1,1
0.194405667,0,0,1,0,0,0
0.194574875,0,0,1,1,1,1
0.194603917,0,0,1,0,0,0
0.194773125,0,0,1,1,1,1
0.194802167,0,0,1,0,0,0
0.194971333,0,0,1,1,1,1
0.195000375,0,0,1,0,0,0
0.195169583,0,0,1,1,1,1
0.195198625,0,0,1,0,0,0
0.195367875,0,0,1,1,1,1
0.195396917,0,0,1,0,0,0
0.195566125,0,0,1,1,1,1
0.195595167,0,0,1,0,0,0
0.195764375,0,0,1,1,1,1
0.195793417,0,0,1,0,0,0
0.195962583,0,0,1,1,1,1
0.195991625,0,0,1,0,0,0
0.196160875,0,0,1,1,1,1
0.196189917,0,0,1,0,0,0
0.196359125,0,0,1,1,1,1
0.196388167,0,0,1,0,0,0
0.196557417,0,0,1,1,1,1
0.196586458,0,0,1,0,0,0
0.196755708,0,0,1,1,1,1
0.196784750,0,0,1,0,0,0
0.196954000,0,0,1,1,1,1
0.196983042,0,0,1,0,0,0
0.197152250,0,0,1,1,1,1
0.197181292,0,0,1,0,0,0
0.197350500,0,0,1,1,1,1
0.197379500,0,0,1,0,0,0
0.197548750,0,0,1,1,1,1
0.197577792,0,0,1,0,0,0
0.197747000,0,0,1,1,1,1
0.197776042,0,0,1,0,0,0
0.197945250,0,0,1,1,1,1
0.197974292,0,0,1,0,0,0
0.198143500,0,0,1,1,1,1
0.198172500,0,0,1,0,0,0
0.198341708,0,0,1,1,1,1
0.198370750,0,0,1,0,0,0
0.198539917,0,0,1,1,1,1
0.198568958,0,0,1,0,0,0
0.198738167,0,0,1,1,1,1
0.198767208,0,0,1,0,0,0
0.198936417,0,0,1,1,1,1
0.198965458,0,0,1,0,0,0
0.199134708,0,0,1,1,1,1
0.199163750,0,0,1,0,0,0
0.199332958,0,0,1,1,1,1
0.199362000,0,0,1,0,0,0
0.199531208,0,0,1,0,1,0
0.199531250,0,0,1,1,1,1
0.199560292,0,0,1,0,0,0
0.199729500,0,0,1,1,1,1
0.199758542,0,0,1,0,0,0
0.199927750,0,0,1,1,1,1
0.199956792,0,0,1,0,0,0
0.200126000,0,0,1,1,1,1
0.200155042,0,0,1,0,0,0
0.200324292,0,0,1,1,1,1
0.200353333,0,0,1,0,0,0
0.200522583,0,0,1,1,1,1
0.200551625,0,0,1,0,0,0
0.200720875,0,0,1,1,1,1
0.200749917,0,0,1,0,0,0
0.200919125,0,0,1,1,1,1
0.200948167,0,0,1,0,0,0
0.201117375,0,0,1,1,1,1
0.201146417,0,0,1,0,0,0
0.201315667,0,0,1,1,1,1
0.201344708,0,0,1,0,0,0
0.201513958,0,0,1,1,1,1
0.201543000,0,0,1,0,0,0
0.201712208,0,0,1,1,1,1
0.201741250,0,0,1,0,0,0
0.201910500,0,0,1,1,1,1
0.201939542,0,0,1,0,0,0
0.202108750,0,0,1,1,1,1
0.202137792,0,0,1,0,0,0
0.202307000,0,0,1,1,1,1
0.202336042,0,0,1,0,0,0
0.202505292,0,0,1,1,1,1
0.202534333,0,0,1,0,0,0
0.202703542,0,0,1,1,1,1
0.202732583,0,0,1,0,0,0
0.202901833,0,0,1,1,1,1
0.202930875,0,0,1,0,0,0
0.203100167,0,0,1,1,1,1
0.203129208,0,0,1,0,0,0
0.203298458,0,0,1,1,1,1
0.203327500,0,0,1,0,0,0
0.203496750,0,0,1,1,1,1
0.203525833,0,0,1,0,0,0
0.203695083,0,0,1,1,1,1
0.203724125,0,0,1,0,0,0
0.203893417,0,0,1,1,1,1
0.203922458,0,0,1,0,0,0
0.204091750,0,0,1,1,1,1
0.204120792,0,0,1,0,0,0
0.204290042,0,0,1,1,1,1
0.204319083,0,0,1,0,0,0
0.204488333,0,0,1,1,1,1
0.204517375,0,0,1,1,0,0
0.204517417,0,0,1,0,0,0
0.204686667,0,0,1,1,1,1
0.204715708,0,0,1,0,0,0
0.204884958,0,0,1,1,1,1
0.204914000,0,0,1,0,0,0
0.205083292,0,0,1,1,1,1
0.205112333,0,0,1,0,0,0
0.205281583,0,0,1,1,1,1
0.205310625,0,0,1,0,0,0
0.205479917,0,0,1,1,1,1
0.205508958,0,0,1,0,0,0
0.205678250,0,0,1,1,1,1
0.205707333,0,0,1,0,0,0
0.205876625,0,0,1,1,1,1
0.205905667,0,0,1,0,0,0
0.206074958,0,0,1,1,1,1
0.206104000,0,0,1,0,0,0
0.206273292,0,0,1,1,1,1
0.206302333,0,0,1,0,0,0
0.206471625,0,0,1,1,1,1
0.206500708,0,0,1,0,0,0
0.206669958,0,0,1,1,1,1
0.206699000,0,0,1,0,0,0
0.206868208,0,0,1,0,1,0
0.206868250,0,0,1,1,1,1
0.206897292,0,0,1,0,0,0
0.207066542,0,0,1,1,1,1
0.207095583,0,0,1,0,0,0
0.207264833,0,0,1,1,1,1
0.207293875,0,0,1,0,0,0
0.207463125,0,0,1,1,1,1
0.207492167,0,0,1,0,0,0
0.207661458,0,0,1,1,1,1
0.207690500,0,0,1,0,0,0
0.207859792,0,0,1,1,1,1
0.207888833,0,0,1,0,0,0
0.208058125,0,0,1,1,1,1
0.208087167,0,0,1,0,0,0
0.208256458,0,0,1,1,1,1
0.208285500,0,0,1,0,0,0
0.208454792,0,0,1,1,1,1
0.208483833,0,0,1,0,0,0
0.208653125,0,0,1,1,1,1
0.208682167,0,0,1,0,0,0
0.208851417,0,0,1,1,1,1
0.208880458,0,0,1,0,0,0
0.209049708,0,0,1,1,1,1
0.209078792,0,0,1,0,0,0
0.209248042,0,0,1,1,1,1
0.209277083,0,0,1,0,0,0
0.209446333,0,0,1,1,1,1
0.209475375,0,0,1,0,0,0
0.209644583,0,0,1,1,1,1
0.209673625,0,0,1,0,0,0
0.209842875,0,0,1,1,1,1
0.209871917,0,0,1,0,0,0
0.210041167,0,0,1,1,1,1
0.210070208,0,0,1,1,0,0
0.210070250,0,0,1,0,0,0
0.210239542,0,0,1,1,1,1
0.210268583,0,0,1,0,0,0
0.210437833,0,0,1,1,1,1
0.210466875,0,0,1,0,0,0
0.210636125,0,0,1,1,1,1
0.210665208,0,0,1,0,0,0
0.210834458,0,0,1,1,1,1
0.210863500,0,0,1,0,0,0
0.211032708,0,0,1,1,1,1
0.211061750,0,0,1,0,0,0
0.211231000,0,0,1,1,1,1
0.211260042,0,0,1,0,0,0
0.211429292,0,0,1,1,1,1
0.211458333,0,0,1,0,0,0
0.211627583,0,0,1,1,1,1
0.211656625,0,0,1,0,0,0
0.211825875,0,0,1,1,1,1
0.211854917,0,0,1,0,0,0
0.212024167,0,0,1,1,1,1
0.212053208,0,0,1,0,0,0
0.212222500,0,0,1,1,1,1
0.212251583,0,0,1,0,0,0
0.212420833,0,0,1,1,1,1
0.212449875,0,0,1,0,0,0
0.212619167,0,0,1,1,1,1
0.212648208,0,0,1,0,0,0
0.212817458,0,0,1,1,1,1
0.212846542,0,0,1,0,0,0
0.213015833,0,0,1,1,1,1
0.213044875,0,0,1,0,0,0
0.213214208,0,0,1,1,1,1
0.213243250,0,0,1,0,0,0
0.213412542,0,0,1,1,1,1
0.213441625,0,0,1,0,0,0
0.213610917,0,0,1,1,1,1
0.213639958,0,0,1,0,0,0
0.213809250,0,0,1,1,1,1
0.213838333,0,0,1,0,0,0
0.214007625,0,0,1,1,1,1
0.214036708,0,0,1,0,0,0
0.214206000,0,0,1,1,1,1
0.214235083,0,0,1,0,0,0
0.214404375,0,0,1,1,1,1
0.214433417,0,0,1,0,0,0
0.214602708,0,0,1,1,1,1
0.214631750,0,0,1,0,0,0
0.214801000,0,0,1,0,1,1
0.214801042,0,0,1,1,1,1
0.214830083,0,0,1,0,0,0
0.214999292,0,0,1,1,1,1
0.215028333,0,0,1,0,0,0
0.215197542,0,0,1,1,1,1
0.215226583,0,0,1,0,0,0
0.215395792,0,0,1,1,1,1
0.215424833,0,0,1,0,0,0
0.215594083,0,0,1,1,1,1
0.215623125,0,0,1,0,0,0
0.215792333,0,0,1,0,1,1
0.215792375,0,0,1,1,1,1
0.215821417,0,0,1,0,0,0
0.215990625,0,0,1,1,1,1
0.216019667,0,0,1,0,0,0
0.216188958,0,0,1,1,1,1
0.216218000,0,0,1,0,0,0
0.216387208,0,0,1,1,1,1
0.216416250,0,0,1,0,0,0
0.216585500,0,0,1,1,1,1
0.216614542,0,0,1,0,0,0
0.216783792,0,0,1,1,1,1
0.216812833,0,0,1,0,0,0
0.216982083,0,0,1,1,1,1
0.217011167,0,0,1,0,0,0
0.217180458,0,0,1,0,1,1
0.217180500,0,0,1,1,1,1
0.217209542,0,0,1,0,0,0
0.217378833,0,0,1,1,1,1
0.217407875,0,0,1,0,0,0
0.217577167,0,0,1,1,1,1
0.217606250,0,0,1,0,0,0
0.217775542,0,0,1,1,1,1
0.217804583,0,0,1,0,0,0
0.217973917,0,0,1,1,1,1
0.218003000,0,0,1,0,0,0
0.218172333,0,0,1,1,1,1
0.218201375,0,0,1,0,0,0
0.218370708,0,0,1,1,1,1
0.218399750,0,0,1,0,0,0
0.218569083,0,0,1,1,1,1
0.218598125,0,0,1,0,0,0
0.218767417,0,0,1,1,1,1
0.218796458,0,0,1,0,0,0
0.218965708,0,0,1,1,1,1
0.218994750,0,0,1,0,0,0
0.219164000,0,0,1,1,1,1
0.219193042,0,0,1,0,0,0
0.219362292,0,0,1,1,1,1
0.219391333,0,0,1,0,0,0
0.219560625,0,0,1,1,1,1
0.219589667,0,0,1,0,0,0
0.219758917,0,0,1,1,1,1
0.219787958,0,0,1,0,0,0
0.219957208,0,0,1,0,1,1
0.219957250,0,0,1,1,1,1
0.219986292,0,0,1,0,0,0
0.220155542,0,0,1,1,1,1
0.220184583,0,0,1,0,0,0
0.220353875,0,0,1,1,1,1
0.220382917,0,0,1,0,0,0
0.220552208,0,0,1,1,1,1
0.220581250,0,0,1,0,0,0
0.220750542,0,0,1,1,1,1
0.220779583,0,0,1,0,0,0
0.220948917,0,0,1,1,1,1
0.220977958,0,0,1,0,0,0
0.221147250,0,0,1,1,1,1
0.221176292,0,0,1,0,0,0
0.221345542,0,0,1,1,1,1
0.221374583,0,0,1,0,0,0
0.221543875,0,0,1,1,1,1
0.221572917,0,0,1,0,0,0
0.221742208,0,0,1,1,1,1
0.221771250,0,0,1,0,0,0
0.221940500,0,0,1,1,1,1
0.221969542,0,0,1,0,0,0
0.222138750,0,0,1,1,1,1
0.222167792,0,0,1,0,0,0
0.222337042,0,0,1,1,1,1
0.222366042,0,0,1,1,0,0
0.222366083,0,0,1,0,0,0
0.222535292,0,0,1,1,1,1
0.222564333,0,0,1,0,0,0
0.222733583,0,0,1,1,1,1
0.222762625,0,0,1,0,0,0
0.222931875,0,0,1,1,1,1
0.222960917,0,0,1,0,0,0
0.223130167,0,0,1,1,1,1
0.223159208,0,0,1,0,0,0
0.223328417,0,0,1,1,1,1
0.223357458,0,0,1,0,0,0
0.223526667,0,0,1,1,1,1
0.223555708,0,0,1,0,0,0
0.223724917,0,0,1,1,1,1
0.223753958,0,0,1,0,0,0
0.223923167,0,0,1,1,1,1
0.223952208,0,0,1,0,0,0
0.224121417,0,0,1,1,1,1
0.224150458,0,0,1,0,0,0
0.224319625,0,0,1,1,1,1
0.224348667,0,0,1,0,0,0
0.224517875,0,0,1,1,1,1
0.224546917,0,0,1,0,0,0
0.224716167,0,0,1,1,1,1
0.224745208,0,0,1,0,0,0
0.224914417,0,0,1,1,1,1
0.224943458,0,0,1,0,0,0
0.225112708,0,0,1,1,1,1
0.225141750,0,0,1,0,0,0
0.225311000,0,0,1,1,1,1
0.225340042,0,0,1,0,0,0
0.225509292,0,0,1,1,1,1
0.225538292,0,0,1,0,0,0
0.225707542,0,0,1,1,1,1
0.225736583,0,0,1,0,0,0
0.225905792,0,0,1,1,1,1
0.225934833,0,0,1,0,0,0
0.226104042,0,0,1,1,1,1
0.226133083,0,0,1,0,0,0
0.226302292,0,0,1,1,1,1
0.226331333,0,0,1,0,0,0
0.226500500,0,0,1,1,1,1
0.226529542,0,0,1,0,0,0
0.226698792,0,0,1,1,1,1
0.226727833,0,0,1,0,0,0
0.226897083,0,0,1,1,1,1
0.226926125,0,0,1,0,0,0
0.227095375,0,0,1,1,1,1
0.227124417,0,0,1,0,0,0
0.227293625,0,0,1,1,1,1
0.227322667,0,0,1,0,0,0
0.227491875,0,0,1,1,1,1
0.227520917,0,0,1,0,0,0
0.227690167,0,0,1,1,1,1
0.227719208,0,0,1,0,0,0
0.227888458,0,0,1,1,1,1
0.227917500,0,0,1,0,0,0
0.228086750,0,0,1,1,1,1
0.228115792,0,0,1,0,0,0
0.228285042,0,0,1,0,1,1
0.228285083,0,0,1,1,1,1
0.228314125,0,0,1,0,0,0
0.228483375,0,0,1,1,1,1
0.228512417,0,0,1,0,0,0
0.228681708,0,0,1,1,1,1
0.228710750,0,0,1,0,0,0
0.228880042,0,0,1,1,1,1
0.228909083,0,0,1,0,0,0
0.229078375,0,0,1,1,1,1
0.229107417,0,0,1,0,0,0
0.229276708,0,0,1,1,1,1
0.229305750,0,0,1,0,0,0
0.229475042,0,0,1,1,1,1
0.229504125,0,0,1,0,0,0
0.229673375,0,0,1,1,1,1
0.229702458,0,0,1,0,0,0
0.229871750,0,0,1,1,1,1
0.229900792,0,0,1,0,0,0
0.230070083,0,0,1,1,1,1
0.230099125,0,0,1,0,0,0
0.230268417,0,0,1,1,1,1
0.230297458,0,0,1,0,0,0
0.230466750,0,0,1,1,1,1
0.230495792,0,0,1,0,0,0
0.230665083,0,0,1,1,1,1
0.230694167,0,0,1,0,0,0
0.230863458,0,0,1,1,1,1
0.230892500,0,0,1,0,0,0
0.231061833,0,0,1,1,1,1
0.231090875,0,0,1,0,0,0
0.231260167,0,0,1,1,1,1
0.231289250,0,0,1,0,0,0
0.231458542,0,0,1,1,1,1
0.231487583,0,0,1,0,0,0
0.231656917,0,0,1,1,1,1
0.231685958,0,0,1,0,0,0
0.231855250,0,0,1,1,1,1
0.231884292,0,0,1,0,0,0
0.232053500,0,0,1,1,1,1
0.232082542,0,0,1,0,0,0
0.232251792,0,0,1,1,1,1
0.232280833,0,0,1,0,0,0
0.232450083,0,0,1,1,1,1
0.232479125,0,0,1,0,0,0
0.232648333,0,0,1,1,1,1
0.232677375,0,0,1,0,0,0
0.232846583,0,0,1,1,1,1
0.232875625,0,0,1,0,0,0
0.233044833,0,0,1,1,1,1
0.233073875,0,0,1,0,0,0
0.233243083,0,0,1,1,1,1
0.233272125,0,0,1,0,0,0
0.233441375,0,0,1,1,1,1
0.233470417,0,0,1,0,0,0
0.233639667,0,0,1,1,1,1
0.233668750,0,0,1,0,0,0
0.233838000,0,0,1,1,1,1
0.233867042,0,0,1,0,0,0
0.234036333,0,0,1,1,1,1
0.234065375,0,0,1,0,0,0
0.234234625,0,0,1,1,1,1
0.234263667,0,0,1,0,0,0
0.234432917,0,0,1,1,1,1
0.234461958,0,0,1,0,0,0
0.234631250,0,0,1,1,1,1
0.234660292,0,0,1,0,0,0
0.234829542,0,0,1,1,1,1
0.234858583,0,0,1,0,0,0
0.235027875,0,0,1,1,1,1
0.235056917,0,0,1,0,0,0
0.235226167,0,0,1,1,1,1
0.235255208,0,0,1,0,0,0
0.235424458,0,0,1,1,1,1
0.235453500,0,0,1,0,0,0
0.235622708,0,0,1,1,1,1
0.235651750,0,0,1,0,0,0
0.235821000,0,0,1,1,1,1
0.235850083,0,0,1,0,0,0
0.236019333,0,0,1,1,1,1
0.236048375,0,0,1,0,0,0
0.236217667,0,0,1,1,1,1
0.236246708,0,0,1,0,0,0
0.236415958,0,0,1,1,1,1
0.236445000,0,0,1,0,0,0
0.236614208,0,0,1,1,1,1
0.236643250,0,0,1,0,0,0
0.236812500,0,0,1,1,1,1
0.236841542,0,0,1,0,0,0
0.237010750,0,0,1,1,1,1
0.237039833,0,0,1,0,0,0
0.237209083,0,0,1,1,1,1
0.237238125,0,0,1,0,0,0
0.237407375,0,0,1,1,1,1
0.237436417,0,0,1,0,0,0
0.237605625,0,0,1,1,1,1
0.237634667,0,0,1,0,0,0
0.237803875,0,0,1,1,1,1
0.237832917,0,0,1,0,0,0
0.238002125,0,0,1,1,1,1
0.238031167,0,0,1,0,0,0
0.238200375,0,0,1,1,1,1
0.238229417,0,0,1,0,0,0
0.238398625,0,0,1,0,1,1
0.238398667,0,0,1,1,1,1
0.238427667,0,0,1,0,0,0
0.238596917,0,0,1,1,1,1
0.238625958,0,0,1,0,0,0
0.238795167,0,0,1,1,1,1
0.238824208,0,0,1,0,0,0
0.238993417,0,0,1,1,1,1
0.239022458,0,0,1,0,0,0
0.239191667,0,0,1,1,1,1
0.239220750,0,0,1,0,0,0
0.239389958,0,0,1,1,1,1
0.239419000,0,0,1,0,0,0
0.239588208,0,0,1,1,1,1
0.239617250,0,0,1,0,0,0
0.239786500,0,0,1,1,1,1
0.239815542,0,0,1,0,0,0
0.239984792,0,0,1,1,1,1
0.240013833,0,0,1,0,0,0
0.240183083,0,0,1,1,1,1
0.240212125,0,0,1,0,0,0
0.240381375,0,0,1,1,1,1
0.240410417,0,0,1,0,0,0
0.240579667,0,0,1,1,1,1
0.240608750,0,0,1,0,0,0
0.240778000,0,0,1,1,1,1
0.240807042,0,0,1,0,0,0
0.240976333,0,0,1,1,1,1
0.241005375,0,0,1,0,0,0
0.241174708,0,0,1,1,1,1
0.241203750,0,0,1,0,0,0
0.241373042,0,0,1,1,1,1
0.241402083,0,0,1,0,0,0
0.241571292,0,0,1,1,1,1
0.241600333,0,0,1,0,0,0
0.241769542,0,0,1,1,1,1
0.241798583,0,0,1,0,0,0
0.241967792,0,0,1,1,1,1
0.241996792,0,0,1,0,0,0
0.242166042,0,0,1,1,1,1
0.242195083,0,0,1,0,0,0
0.242364292,0,0,1,1,1,1
0.242393333,0,0,1,0,0,0
0.242562583,0,0,1,1,1,1
0.242591625,0,0,1,0,0,0
0.242760833,0,0,1,1,1,1
0.242789875,0,0,1,0,0,0
0.242959083,0,0,1,1,1,1
0.242988125,0,0,1,0,0,0
0.243157375,0,0,1,1,1,1
0.243186417,0,0,1,0,0,0
0.243355625,0,0,1,1,1,1
0.243384667,0,0,1,0,0,0
0.243553917,0,0,1,1,1,1
0.243582958,0,0,1,0,0,0
0.243752167,0,0,1,1,1,1
0.243781208,0,0,1,0,0,0
0.243950458,0,0,1,1,1,1
0.243979500,0,0,1,0,0,0
0.244148708,0,0,1,1,1,1
0.244177750,0,0,1,0,0,0
0.244346958,0,0,1,1,1,1
0.244376000,0,0,1,0,0,0
0.244545250,0,0,1,1,1,1
0.244574292,0,0,1,0,0,0
0.244743542,0,0,1,1,1,1
0.244772583,0,0,1,0,0,0
0.244941833,0,0,1,1,1,1
0.244970875,0,0,1,0,0,0
0.245140167,0,0,1,1,1,1
0.245169208,0,0,1,0,0,0
0.245338458,0,0,1,1,1,1
0.245367500,0,0,1,0,0,0
0.245536792,0,0,1,1,1,1
0.245565833,0,0,1,0,0,0
0.245735125,0,0,1,1,1,1
0.245764167,0,0,1,0,0,0
0.245933417,0,0,1,1,1,1
0.245962500,0,0,1,0,0,0
0.246131750,0,0,1,1,1,1
0.246160792,0,0,1,1,0,0
0.246160833,0,0,1,0,0,0
0.246330083,0,0,1,1,1,1
0.246359125,0,0,1,0,0,0
0.246528333,0,0,1,1,1,1
0.246557375,0,0,1,0,0,0
0.246726583,0,0,1,1,1,1
0.246755625,0,0,1,0,0,0
0.246924875,0,0,1,1,1,1
0.246953917,0,0,1,0,0,0
0.247123208,0,0,1,1,1,1
0.247152250,0,0,1,0,0,0
0.247321500,0,0,1,1,1,1
0.247350542,0,0,1,0,0,0
0.247519750,0,0,1,1,1,1
0.247548792,0,0,1,0,0,0
0.247718000,0,0,1,1,1,1
0.247747042,0,0,1,0,0,0
0.247916250,0,0,1,1,1,1
0.247945333,0,0,1,0,0,0
0.248114583,0,0,1,1,1,1
0.248143625,0,0,1,0,0,0
0.248312917,0,0,1,1,1,1
0.248341958,0,0,1,0,0,0
0.248511292,0,0,1,1,1,1
0.248540333,0,0,1,0,0,0
0.248709583,0,0,1,1,1,1
0.248738625,0,0,1,0,0,0
0.248907875,0,0,1,1,1,1
0.248936917,0,0,1,0,0,0
0.249106167,0,0,1,1,1,1
0.249135208,0,0,1,0,0,0
0.249304458,0,0,1,1,1,1
0.249333500,0,0,1,0,0,0
0.249502708,0,0,1,1,1,1
0.249531750,0,0,1,0,0,0
0.249701000,0,0,1,1,1,1
0.249730042,0,0,1,0,0,0
0.249899250,0,0,1,1,1,1
0.249928292,0,0,1,0,0,0
0.250097542,0,0,1,1,1,1
0.250126583,0,0,1,0,0,0
0.250295833,0,0,1,1,1,1
0.250324875,0,0,1,0,0,0
0.250494125,0,0,1,1,1,1
0.250523167,0,0,1,0,0,0
0.250692375,0,0,1,1,1,1
0.250721417,0,0,1,0,0,0
0.250890667,0,0,1,1,1,1
0.250919750,0,0,1,0,0,0
0.251089000,0,0,1,1,1,1
0.251118083,0,0,1,0,0,0
0.251287375,0,0,1,1,1,1
0.251316417,0,0,1,0,0,0
0.251485625,0,0,1,1,1,1
0.251514667,0,0,1,0,0,0
0.251683875,0,0,1,1,1,1
0.251712875,0,0,1,1,0,0
0.251712917,0,0,1,0,0,0
0.251882125,0,0,1,1,1,1
0.251911167,0,0,1,0,0,0
0.252080417,0,0,1,1,1,1
0.252109458,0,0,1,0,0,0
0.252278667,0,0,1,1,1,1
0.252307708,0,0,1,0,0,0
0.252476958,0,0,1,1,1,1
0.252506000,0,0,1,0,0,0
0.252675250,0,0,1,1,1,1
0.252704292,0,0,1,0,0,0
0.252873500,0,0,1,1,1,1
0.252902542,0,0,1,0,0,0
0.253071750,0,0,1,1,1,1
0.253100792,0,0,1,0,0,0
0.253270083,0,0,1,1,1,1
0.253299125,0,0,1,0,0,0
0.253468417,0,0,1,1,1,1
0.253497458,0,0,1,0,0,0
0.253666708,0,0,1,1,1,1
0.253695750,0,0,1,0,0,0
0.253864958,0,0,1,1,1,1
0.253894000,0,0,1,0,0,0
0.254063208,0,0,1,0,1,1
0.254063250,0,0,1,1,1,1
0.254092292,0,0,1,0,0,0
0.254261500,0,0,1,1,1,1
0.254290583,0,0,1,0,0,0
0.254459875,0,0,1,1,1,1
0.254488917,0,0,1,0,0,0
0.254658167,0,0,1,1,1,1
0.254687208,0,0,1,0,0,0
0.254856417,0,0,1,1,1,1
0.254885500,0,0,1,0,0,0
0.255054708,0,0,1,1,1,1
0.255083708,0,0,1,1,0,0
0.255083750,0,0,1,0,0,0
0.255252917,0,0,1,1,1,1
0.255281958,0,0,1,0,0,0
0.255451125,0,0,1,1,1,1
0.255480167,0,0,1,0,0,0
0.255649375,0,0,1,1,1,1
0.255678417,0,0,1,0,0,0
0.255847625,0,0,1,1,1,1
0.255876667,0,0,1,0,0,0
0.256045917,0,0,1,1,1,1
0.256074958,0,0,1,0,0,0
0.256244167,0,0,1,1,1,1
0.256273208,0,0,1,0,0,0
0.256442458,0,0,1,1,1,1
0.256471500,0,0,1,0,0,0
0.256640708,0,0,1,1,1,1
0.256669750,0,0,1,0,0,0
0.256839000,0,0,1,1,1,1
0.256868042,0,0,1,0,0,0
0.257037292,0,0,1,1,1,1
0.257066333,0,0,1,0,0,0
0.257235542,0,0,1,1,1,1
0.257264583,0,0,1,0,0,0
0.257433833,0,0,1,1,1,1
0.257462875,0,0,1,0,0,0
0.257632083,0,0,1,1,1,1
0.257661083,0,0,1,0,0,0
0.257830292,0,0,1,1,1,1
0.257859333,0,0,1,0,0,0
0.258028542,0,0,1,1,1,1
0.258057542,0,0,1,0,0,0
0.258226750,0,0,1,1,1,1
0.258255750,0,0,1,0,0,0
0.258424958,0,0,1,1,1,1
0.258454000,0,0,1,0,0,0
0.258623208,0,0,1,1,1,1
0.258652250,0,0,1,0,0,0
0.258821417,0,0,1,1,1,1
0.258850458,0,0,1,0,0,0
0.259019708,0,0,1,1,1,1
0.259048750,0,0,1,0,0,0
0.259217958,0,0,1,1,1,1
0.259247000,0,0,1,0,0,0
0.259416208,0,0,1,1,1,1
0.259445250,0,0,1,0,0,0
0.259614458,0,0,1,1,1,1
0.259643500,0,0,1,0,0,0
0.259812667,0,0,1,1,1,1
0.259841708,0,0,1,0,0,0
0.260010917,0,0,1,1,1,1
0.260039958,0,0,1,0,0,0
0.260209167,0,0,1,1,1,1
0.260238167,0,0,1,0,0,0
0.260407375,0,0,1,1,1,1
0.260436417,0,0,1,0,0,0
0.260605542,0,0,1,1,1,1
0.260634583,0,0,1,0,0,0
0.260803750,0,0,1,1,1,1
0.260832792,0,0,1,0,0,0
0.261001958,0,0,1,1,1,1
0.261031000,0,0,1,0,0,0
0.261200208,0,0,1,1,1,1
0.261229250,0,0,1,0,0,0
0.261398417,0,0,1,1,1,1
0.261427458,0,0,1,0,0,0
0.261596625,0,0,1,1,1,1
0.261625625,0,0,1,0,0,0
0.261794833,0,0,1,1,1,1
0.261823875,0,0,1,0,0,0
0.261993083,0,0,1,1,1,1
0.262022125,0,0,1,0,0,0
0.262191292,0,0,1,1,1,1
0.262220333,0,0,1,0,0,0
0.262389542,0,0,1,1,1,1
0.262418583,0,0,1,0,0,0
0.262587833,0,0,1,1,1,1
0.262616875,0,0,1,0,0,0
0.262786083,0,0,1,1,1,1
0.262815083,0,0,1,0,0,0
0.262984292,0,0,1,1,1,1
0.263013333,0,0,1,0,0,0
0.263182542,0,0,1,1,1,1
0.263211542,0,0,1,0,0,0
0.263380750,0,0,1,1,1,1
0.263409792,0,0,1,0,0,0
0.263578958,0,0,1,1,1,1
0.263608000,0,0,1,0,0,0
0.263777167,0,0,1,1,1,1
0.263806250,0,0,1,0,0,0
0.263975500,0,0,1,1,1,1
0.264004542,0,0,1,0,0,0
0.264173792,0,0,1,1,1,1
0.264202833,0,0,1,0,0,0
0.264372042,0,0,1,1,1,1
0.264401083,0,0,1,0,0,0
0.264570292,0,0,1,1,1,1
0.264599333,0,0,1,0,0,0
0.264768542,0,0,1,1,1,1
0.264797583,0,0,1,0,0,0
0.264966792,0,0,1,1,1,1
0.264995833,0,0,1,0,0,0
0.265165083,0,0,1,1,1,1
0.265194125,0,0,1,0,0,0
0.265363375,0,0,1,1,1,1
0.265392417,0,0,1,0,0,0
0.265561667,0,0,1,1,1,1
0.265590708,0,0,1,0,0,0
0.265760000,0,0,1,1,1,1
0.265789042,0,0,1,0,0,0
0.265958250,0,0,1,1,1,1
0.265987292,0,0,1,0,0,0
0.266156500,0,0,1,1,1,1
0.266185542,0,0,1,0,0,0
0.266354750,0,0,1,1,1,1
0.266383792,0,0,1,0,0,0
0.266552958,0,0,1,1,1,1
0.266582000,0,0,1,0,0,0
0.266751208,0,0,1,1,1,1
0.266780250,0,0,1,0,0,0
0.266949458,0,0,1,1,1,1
0.266978500,0,0,1,0,0,0
0.267147667,0,0,1,0,1,1
0.267147708,0,0,1,1,1,1
0.267176708,0,0,1,0,0,0
0.267345917,0,0,1,1,1,1
0.267374958,0,0,1,0,0,0
0.267544208,0,0,1,1,1,1
0.267573250,0,0,1,0,0,0
0.267742417,0,0,1,0,1,1
0.267742458,0,0,1,1,1,1
0.267771458,0,0,1,0,0,0
0.267940750,0,0,1,1,1,1
0.267969792,0,0,1,0,0,0
0.268139000,0,0,1,1,1,1
0.268168042,0,0,1,1,0,1
0.268168083,0,0,1,0,0,0
0.268337292,0,0,1,1,1,1
0.268366333,0,0,1,0,0,0
0.268535583,0,0,1,1,1,1
0.268564625,0,0,1,0,0,0
0.268733875,0,0,1,1,1,1
0.268762917,0,0,1,0,0,0
0.268932167,0,0,1,1,1,1
0.268961208,0,0,1,0,0,0
0.269130458,0,0,1,1,1,1
0.269159500,0,0,1,0,0,0
0.269328750,0,0,1,1,1,1
0.269357792,0,0,1,0,0,0
0.269527000,0,0,1,1,1,1
0.269556042,0,0,1,0,0,0
0.269725250,0,0,1,1,1,1
0.269754292,0,0,1,0,0,0
0.269923542,0,0,1,1,1,1
0.269952583,0,0,1,0,0,0
0.270121792,0,0,1,1,1,1
0.270150833,0,0,1,0,0,0
0.270320042,0,0,1,1,1,1
0.270349083,0,0,1,0,0,0
0.270518333,0,0,1,1,1,1
0.270547375,0,0,1,0,0,0
0.270716667,0,0,1,1,1,1
0.270745708,0,0,1,0,0,0
0.270914917,0,0,1,0,1,1
0.270914958,0,0,1,1,1,1
0.270944000,0,0,1,0,0,0
0.271113250,0,0,1,1,1,1
0.271142292,0,0,1,0,0,0
0.271311583,0,0,1,1,1,1
0.271340583,0,0,1,1,0,0
0.271340625,0,0,1,0,0,0
0.271509833,0,0,1,1,1,1
0.271538875,0,0,1,0,0,0
0.271708083,0,0,1,1,1,1
0.271737125,0,0,1,0,0,0
0.271906417,0,0,1,1,1,1
0.271935458,0,0,1,0,0,0
0.272104708,0,0,1,1,1,1
0.272133750,0,0,1,0,0,0
0.272303000,0,0,1,1,1,1
0.272332042,0,0,1,0,0,0
0.272501292,0,0,1,1,1,1
0.272530333,0,0,1,0,0,0
0.272699583,0,0,1,1,1,1
0.272728625,0,0,1,0,0,0
0.272897917,0,0,1,1,1,1
0.272927000,0,0,1,0,0,0
0.273096250,0,0,1,1,1,1
0.273125292,0,0,1,0,0,0
0.273294542,0,0,1,1,1,1
0.273323583,0,0,1,0,0,0
0.273492792,0,0,1,1,1,1
0.273521833,0,0,1,0,0,0
0.273691083,0,0,1,1,1,1
0.273720167,0,0,1,0,0,0
0.273889458,0,0,1,1,1,1
0.273918500,0,0,1,0,0,0
0.274087792,0,0,1,1,1,1
0.274116833,0,0,1,0,0,0
0.274286125,0,0,1,1,1,1
0.274315167,0,0,1,0,0,0
0.274484458,0,0,1,1,1,1
0.274513500,0,0,1,0,0,0
0.274682750,0,0,1,1,1,1
0.274711792,0,0,1,0,0,0
0.274881083,0,0,1,1,1,1
0.274910125,0,0,1,0,0,0
0.275079417,0,0,1,1,1,1
0.275108500,0,0,1,0,0,0
0.275277792,0,0,1,1,1,1
0.275306833,0,0,1,0,0,0
0.275476125,0,0,1,1,1,1
0.275505167,0,0,1,0,0,0
0.275674458,0,0,1,1,1,1
0.275703542,0,0,1,0,0,0
0.275872833,0,0,1,1,1,1
0.275901875,0,0,1,0,0,0
0.276071167,0,0,1,1,1,1
0.276100250,0,0,1,0,0,0
0.276269500,0,0,1,1,1,1
0.276298542,0,0,1,0,0,0
0.276467875,0,0,1,1,1,1
0.276496917,0,0,1,0,0,0
0.276666208,0,0,1,1,1,1
0.276695250,0,0,1,0,0,0
0.276864500,0,0,1,1,1,1
0.276893542,0,0,1,0,0,0
0.277062833,0,0,1,1,1,1
0.277091875,0,0,1,0,0,0
0.277261125,0,0,1,1,1,1
0.277290167,0,0,1,0,0,0
0.277459417,0,0,1,1,1,1
0.277488458,0,0,1,0,0,0
0.277657708,0,0,1,1,1,1
0.277686792,0,0,1,0,0,0
0.277856042,0,0,1,1,1,1
0.277885083,0,0,1,0,0,0
0.278054333,0,0,1,1,1,1
0.278083417,0,0,1,0,0,0
0.278252667,0,0,1,1,1,1
0.278281708,0,0,1,0,0,0
0.278450958,0,0,1,1,1,1
0.278480000,0,0,1,0,0,0
0.278649208,0,0,1,1,1,1
0.278678250,0,0,1,0,0,0
0.278847500,0,0,1,1,1,1
0.278876542,0,0,1,0,0,0
0.279045750,0,0,1,1,1,1
0.279074792,0,0,1,0,0,0
0.279243958,0,0,1,1,1,1
0.279273000,0,0,1,0,0,0
0.279442250,0,0,1,1,1,1
0.279471292,0,0,1,0,0,0
0.279640500,0,0,1,1,1,1
0.279669542,0,0,1,0,0,0
0.279838792,0,0,1,1,1,1
0.279867833,0,0,1,0,0,0
0.280037083,0,0,1,1,1,1
0.280066125,0,0,1,0,0,0
0.280235375,0,0,1,1,1,1
0.280264417,0,0,1,0,0,0
0.280433625,0,0,1,1,1,1
0.280462667,0,0,1,0,0,0
0.280631875,0,0,1,1,1,1
0.280660917,0,0,1,0,0,0
0.280830125,0,0,1,1,1,1
0.280859125,0,0,1,0,0,0
0.281028333,0,0,1,1,1,1
0.281057375,0,0,1,0,0,0
0.281226625,0,0,1,1,1,1
0.281255667,0,0,1,0,0,0
0.281424875,0,0,1,1,1,1
0.281453917,0,0,1,0,0,0
0.281623125,0,0,1,1,1,1
0.281652167,0,0,1,0,0,0
0.281821417,0,0,1,1,1,1
0.281850458,0,0,1,0,0,0
0.282019708,0,0,1,1,1,1
0.282048750,0,0,1,0,0,0
0.282218042,0,0,1,1,1,1
0.282247042,0,0,1,0,0,0
0.282416292,0,0,1,1,1,1
0.282445333,0,0,1,0,0,0
0.282614542,0,0,1,1,1,1
0.282643583,0,0,1,1,0,0
0.282643625,0,0,1,0,0,0
0.282812875,0,0,1,1,1,1
0.282841917,0,0,1,0,0,0
0.283011208,0,0,1,1,1,1
0.283040292,0,0,1,0,0,0
0.283209542,0,0,1,1,1,1
0.283238583,0,0,1,0,0,0
0.283407792,0,0,1,1,1,1
0.283436833,0,0,1,0,0,0
0.283606083,0,0,1,1,1,1
0.283635125,0,0,1,0,0,0
0.283804375,0,0,1,1,1,1
0.283833417,0,0,1,0,0,0
0.284002708,0,0,1,1,1,1
0.284031750,0,0,1,0,0,0
0.284201000,0,0,1,1,1,1
0.284230083,0,0,1,0,0,0
0.284399333,0,0,1,1,1,1
0.284428417,0,0,1,0,0,0
0.284597667,0,0,1,1,1,1
0.284626708,0,0,1,1,0,1
0.284626750,0,0,1,0,0,0
0.284795958,0,0,1,1,1,1
0.284825000,0,0,1,0,0,0
0.284994208,0,0,1,1,1,1
0.285023250,0,0,1,0,0,0
0.285192458,0,0,1,1,1,1
0.285221500,0,0,1,0,0,0
0.285390708,0,0,1,1,1,1
0.285419750,0,0,1,0,0,0
0.285588958,0,0,1,1,1,1
0.285618000,0,0,1,0,0,0
0.285787208,0,0,1,1,1,1
0.285816250,0,0,1,0,0,0
0.285985500,0,0,1,1,1,1
0.286014500,0,0,1,0,0,0
0.286183708,0,0,1,1,1,1
0.286212750,0,0,1,0,0,0
0.286382000,0,0,1,1,1,1
0.286411042,0,0,1,0,0,0
0.286580292,0,0,1,1,1,1
0.286609333,0,0,1,0,0,0
0.286778667,0,0,1,1,1,1
0.286807708,0,0,1,0,0,0
0.286977042,0,0,1,1,1,1
0.287006083,0,0,1,0,0,0
0.287175375,0,0,1,1,1,1
0.287204417,0,0,1,0,0,0
0.287373708,0,0,1,1,1,1
0.287402750,0,0,1,0,0,0
0.287572042,0,0,1,1,1,1
0.287601125,0,0,1,0,0,0
0.287770375,0,0,1,1,1,1
0.287799417,0,0,1,0,0,0
0.287968708,0,0,1,1,1,1
0.287997750,0,0,1,0,0,0
0.288167000,0,0,1,1,1,1
0.288196042,0,0,1,0,0,0
0.288365292,0,0,1,1,1,1
0.288394333,0,0,1,0,0,0
0.288563583,0,0,1,1,1,1
0.288592625,0,0,1,0,0,0
0.288761833,0,0,1,1,1,1
0.288790875,0,0,1,0,0,0
0.288960083,0,0,1,1,1,1
0.288989125,0,0,1,0,0,0
0.289158375,0,0,1,1,1,1
0.289187375,0,0,1,0,0,0
0.289356583,0,0,1,1,1,1
0.289385625,0,0,1,0,0,0
0.289554833,0,0,1,1,1,1
0.289583875,0,0,1,0,0,0
0.289753083,0,0,1,1,1,1
0.289782083,0,0,1,0,0,0
0.289951292,0,0,1,1,1,1
0.289980333,0,0,1,0,0,0
0.290149542,0,0,1,1,1,1
0.290178583,0,0,1,0,0,0
0.290347792,0,0,1,1,1,1
0.290376833,0,0,1,0,0,0
0.290546083,0,0,1,1,1,1
0.290575125,0,0,1,0,0,0
0.290744375,0,0,1,1,1,1
0.290773417,0,0,1,0,0,0
0.290942625,0,0,1,1,1,1
0.290971667,0,0,1,0,0,0
0.291140875,0,0,1,1,1,1
0.291169917,0,0,1,0,0,0
0.291339167,0,0,1,1,1,1
0.291368208,0,0,1,0,0,0
0.291537417,0,0,1,1,1,1
0.291566458,0,0,1,0,0,0
0.291735708,0,0,1,1,1,1
0.291764750,0,0,1,0,0,0
0.291933958,0,0,1,1,1,1
0.291963000,0,0,1,0,0,0
0.292132208,0,0,1,1,1,1
0.292161250,0,0,1,0,0,0
0.292330458,0,0,1,1,1,1
0.292359500,0,0,1,0,0,0
0.292528708,0,0,1,1,1,1
0.292557750,0,0,1,0,0,0
0.292726958,0,0,1,1,1,1
0.292756000,0,0,1,0,0,0
0.292925208,0,0,1,1,1,1
0.292954250,0,0,1,0,0,0
0.293123458,0,0,1,1,1,1
0.293152500,0,0,1,0,0,0
0.293321708,0,0,1,1,1,1
0.293350750,0,0,1,0,0,0
0.293520000,0,0,1,1,1,1
0.293549042,0,0,1,0,0,0
0.293718292,0,0,1,1,1,1
0.293747333,0,0,1,0,0,0
0.293916583,0,0,1,1,1,1
0.293945667,0,0,1,0,0,0
0.294114917,0,0,1,1,1,1
0.294143958,0,0,1,0,0,0
0.294313208,0,0,1,1,1,1
0.294342208,0,0,1,1,0,0
0.294342250,0,0,1,0,0,0
0.294511417,0,0,1,1,1,1
0.294540458,0,0,1,0,0,0
0.294709708,0,0,1,1,1,1
0.294738750,0,0,1,0,0,0
0.294908042,0,0,1,1,1,1
0.294937083,0,0,1,0,0,0
0.295106375,0,0,1,1,1,1
0.295135417,0,0,1,0,0,0
0.295304625,0,0,1,1,1,1
0.295333667,0,0,1,0,0,0
0.295502875,0,0,1,1,1,1
0.295531917,0,0,1,0,0,0
0.295701167,0,0,1,1,1,1
0.295730208,0,0,1,0,0,0
0.295899458,0,0,1,1,1,1
0.295928500,0,0,1,0,0,0
0.296097708,0,0,1,1,1,1
0.296126750,0,0,1,0,0,0
0.296295958,0,0,1,1,1,1
0.296325000,0,0,1,0,0,0
0.296494208,0,0,1,1,1,1
0.296523250,0,0,1,0,0,0
0.296692500,0,0,1,1,1,1
0.296721500,0,0,1,0,0,0
0.296890750,0,0,1,1,1,1
0.296919792,0,0,1,0,0,0
0.297089042,0,0,1,1,1,1
0.297118083,0,0,1,0,0,0
0.297287333,0,0,1,1,1,1
0.297316375,0,0,1,0,0,0
0.297485625,0,0,1,1,1,1
0.297514667,0,0,1,0,0,0
0.297683875,0,0,1,1,1,1
0.297712917,0,0,1,0,0,0
0.297882167,0,0,1,1,1,1
0.297911208,0,0,1,0,0,0
0.298080375,0,0,1,0,1,0
0.298080417,0,0,1,1,1,1
0.298109417,0,0,1,0,0,0
0.298278667,0,0,1,1,1,1
0.298307667,0,0,1,0,0,0
0.298476917,0,0,1,1,1,1
0.298505958,0,0,1,0,0,0
0.298675167,0,0,1,1,1,1
0.298704208,0,0,1,0,0,0
0.298873458,0,0,1,1,1,1
0.298902500,0,0,1,0,0,0
0.299071708,0,0,1,1,1,1
0.299100750,0,0,1,0,0,0
0.299269958,0,0,1,1,1,1
0.299299000,0,0,1,0,0,0
0.299468208,0,0,1,1,1,1
0.299497208,0,0,1,0,0,0
0.299666458,0,0,1,1,1,1
0.299695458,0,0,1,0,0,0
0.299864708,0,0,1,1,1,1
0.299893750,0,0,1,0,0,0
0.300063000,0,0,1,1,1,1
0.300092042,0,0,1,0,0,0
0.300261250,0,0,1,1,1,1
0.300290292,0,0,1,0,0,0
0.300459500,0,0,1,1,1,1
0.300488542,0,0,1,0,0,0
0.300657708,0,0,1,1,1,1
0.300686750,0,0,1,0,0,0
0.300855958,0,0,1,1,1,1
0.300885000,0,0,1,0,0,0
0.301054167,0,0,1,1,1,1
0.301083208,0,0,1,0,0,0
0.301252458,0,0,1,1,1,1
0.301281500,0,0,1,0,0,0
0.301450708,0,0,1,1,1,1
0.301479750,0,0,1,0,0,0
0.301648958,0,0,1,1,1,1
0.301678000,0,0,1,0,0,0
0.301847250,0,0,1,1,1,1
0.301876292,0,0,1,0,0,0
0.302045458,0,0,1,1,1,1
0.302074500,0,0,1,0,0,0
0.302243708,0,0,1,1,1,1
0.302272750,0,0,1,0,0,0
0.302441958,0,0,1,1,1,1
0.302470958,0,0,1,0,0,0
0.302640167,0,0,1,1,1,1
0.302669208,0,0,1,0,0,0
0.302838417,0,0,1,1,1,1
0.302867458,0,0,1,0,0,0
0.303036667,0,0,1,1,1,1
0.303065708,0,0,1,0,0,0
0.303234917,0,0,1,1,1,1
0.303263917,0,0,1,0,0,0
0.303433125,0,0,1,1,1,1
0.303462167,0,0,1,0,0,0
0.303631375,0,0,1,1,1,1
0.303660417,0,0,1,0,0,0
0.303829625,0,0,1,1,1,1
0.303858667,0,0,1,0,0,0
0.304027833,0,0,1,1,1,1
0.304056875,0,0,1,0,0,0
0.304226042,0,0,1,1,1,1
0.304255083,0,0,1,0,0,0
0.304424250,0,0,1,1,1,1
0.304453292,0,0,1,0,0,0
0.304622500,0,0,1,1,1,1
0.304651542,0,0,1,0,0,0
0.304820750,0,0,1,1,1,1
0.304849750,0,0,1,0,0,0
0.305018958,0,0,1,1,1,1
0.305048000,0,0,1,0,0,0
0.305217208,0,0,1,1,1,1
0.305246250,0,0,1,0,0,0
0.305415458,0,0,1,1,1,1
0.305444500,0,0,1,0,0,0
0.305613708,0,0,1,1,1,1
0.305642750,0,0,1,0,0,0
0.305811958,0,0,1,1,1,1
0.305841000,0,0,1,0,0,0
0.306010250,0,0,1,1,1,1
0.306039292,0,0,1,0,0,0
0.306208500,0,0,1,1,1,1
0.306237542,0,0,1,0,0,0
0.306406833,0,0,1,1,1,1
0.306435875,0,0,1,0,0,0
0.306605125,0,0,1,1,1,1
0.306634167,0,0,1,0,0,0
0.306803417,0,0,1,1,1,1
0.306832458,0,0,1,1,0,0
0.306832500,0,0,1,0,0,0
0.307001750,0,0,1,1,1,1
0.307030792,0,0,1,0,0,0
0.307200042,0,0,1,1,1,1
0.307229083,0,0,1,0,0,0
0.307398333,0,0,1,1,1,1
0.307427375,0,0,1,1,0,0
0.307427417,0,0,1,0,0,0
0.307596667,0,0,1,1,1,1
0.307625750,0,0,1,0,0,0
0.307795042,0,0,1,1,1,1
0.307824083,0,0,1,0,0,0
0.307993375,0,0,1,1,1,1
0.308022417,0,0,1,0,0,0
0.308191667,0,0,1,1,1,1
0.308220750,0,0,1,0,0,0
0.308390000,0,0,1,1,1,1
0.308419042,0,0,1,0,0,0
0.308588333,0,0,1,1,1,1
0.308617375,0,0,1,0,0,0
0.308786667,0,0,1,1,1,1
0.308815708,0,0,1,0,0,0
0.308985000,0,0,1,1,1,1
0.309014042,0,0,1,0,0,0
0.309183333,0,0,1,1,1,1
0.309212375,0,0,1,0,0,0
0.309381667,0,0,1,1,1,1
0.309410708,0,0,1,0,0,0
0.309580000,0,0,1,1,1,1
0.309609042,0,0,1,0,0,0
0.309778375,0,0,1,1,1,1
0.309807417,0,0,1,0,0,0
0.309976667,0,0,1,1,1,1
0.310005708,0,0,1,0,0,0
0.310174958,0,0,1,1,1,1
0.310204042,0,0,1,0,0,0
0.310373292,0,0,1,1,1,1
0.310402333,0,0,1,0,0,0
0.310571667,0,0,1,1,1,1
0.310600708,0,0,1,0,0,0
0.310770000,0,0,1,1,1,1
0.310799083,0,0,1,0,0,0
0.310968333,0,0,1,1,1,1
0.310997375,0,0,1,0,0,0
0.311166667,0,0,1,1,1,1
0.311195708,0,0,1,0,0,0
0.311365000,0,0,1,1,1,1
0.311394083,0,0,1,0,0,0
0.311563375,0,0,1,1,1,1
0.311592417,0,0,1,0,0,0
0.311761667,0,0,1,1,1,1
0.311790708,0,0,1,0,0,0
0.311959958,0,0,1,1,1,1
0.311989000,0,0,1,0,0,0
0.312158250,0,0,1,1,1,1
0.312187292,0,0,1,0,0,0
0.312356542,0,0,1,1,1,1
0.312385542,0,0,1,1,0,1
0.312385583,0,0,1,0,0,0
0.312554792,0,0,1,1,1,1
0.312583833,0,0,1,0,0,0
0.312753042,0,0,1,1,1,1
0.312782083,0,0,1,0,0,0
0.312951333,0,0,1,1,1,1
0.312980375,0,0,1,0,0,0
0.313149583,0,0,1,1,1,1
0.313178625,0,0,1,0,0,0
0.313347833,0,0,1,1,1,1
0.313376875,0,0,1,0,0,0
0.313546042,0,0,1,1,1,1
0.313575083,0,0,1,0,0,0
0.313744333,0,0,1,1,1,1
0.313773375,0,0,1,1,0,1
0.313773417,0,0,1,0,0,0
0.313942667,0,0,1,1,1,1
0.313971708,0,0,1,0,0,0
0.314141000,0,0,1,1,1,1
0.314170042,0,0,1,0,0,0
0.314339333,0,0,1,1,1,1
0.314368417,0,0,1,0,0,0
0.314537708,0,0,1,1,1,1
0.314566750,0,0,1,0,0,0
0.314736042,0,0,1,1,1,1
0.314765125,0,0,1,0,0,0
0.314934375,0,0,1,1,1,1
0.314963417,0,0,1,0,0,0
0.315132667,0,0,1,1,1,1
0.315161750,0,0,1,0,0,0
0.315331042,0,0,1,1,1,1
0.315360083,0,0,1,0,0,0
0.315529375,0,0,1,1,1,1
0.315558458,0,0,1,0,0,0
0.315727792,0,0,1,1,1,1
0.315756833,0,0,1,0,0,0
0.315926125,0,0,1,1,1,1
0.315955167,0,0,1,0,0,0
0.316124500,0,0,1,1,1,1
0.316153542,0,0,1,0,0,0
0.316322833,0,0,1,1,1,1
0.316351917,0,0,1,0,0,0
0.316521250,0,0,1,1,1,1
0.316550292,0,0,1,0,0,0
0.316719625,0,0,1,1,1,1
0.316748708,0,0,1,0,0,0
0.316918042,0,0,1,1,1,1
0.316947083,0,0,1,0,0,0
0.317116417,0,0,1,1,1,1
0.317145458,0,0,1,0,0,0
0.317314792,0,0,1,1,1,1
0.317343833,0,0,1,0,0,0
0.317513125,0,0,1,1,1,1
0.317542167,0,0,1,0,0,0
0.317711500,0,0,1,1,1,1
0.317740542,0,0,1,0,0,0
0.317909792,0,0,1,1,1,1
0.317938833,0,0,1,0,0,0
0.318108167,0,0,1,1,1,1
0.318137208,0,0,1,0,0,0
0.318306458,0,0,1,1,1,1
0.318335542,0,0,1,0,0,0
0.318504833,0,0,1,1,1,1
0.318533875,0,0,1,0,0,0
0.318703167,0,0,1,1,1,1
0.318732208,0,0,1,0,0,0
0.318901500,0,0,1,1,1,1
0.318930542,0,0,1,1,0,0
0.318930583,0,0,1,0,0,0
0.319099875,0,0,1,1,1,1
0.319128917,0,0,1,0,0,0
0.319298208,0,0,1,1,1,1
0.319327250,0,0,1,0,0,0
0.319496542,0,0,1,1,1,1
0.319525625,0,0,1,0,0,0
0.319694917,0,0,1,1,1,1
0.319723958,0,0,1,0,0,0
0.319893250,0,0,1,1,1,1
0.319922292,0,0,1,0,0,0
0.320091542,0,0,1,0,1,0
0.320091583,0,0,1,1,1,1
0.320120625,0,0,1,0,0,0
0.320289875,0,0,1,1,1,1
0.320318917,0,0,1,0,0,0
0.320488250,0,0,1,1,1,1
0.320517292,0,0,1,0,0,0
0.320686583,0,0,1,1,1,1
0.320715625,0,0,1,0,0,0
0.320884917,0,0,1,1,1,1
0.320913958,0,0,1,0,0,0
0.321083208,0,0,1,1,1,1
0.321112292,0,0,1,0,0,0
0.321281583,0,0,1,1,1,1
0.321310625,0,0,1,0,0,0
0.321479917,0,0,1,1,1,1
0.321508958,0,0,1,0,0,0
0.321678250,0,0,1,1,1,1
0.321707292,0,0,1,0,0,0
0.321876625,0,0,1,1,1,1
0.321905667,0,0,1,0,0,0
0.322074917,0,0,1,1,1,1
0.322104000,0,0,1,0,0,0
0.322273292,0,0,1,1,1,1
0.322302333,0,0,1,0,0,0
0.322471667,0,0,1,1,1,1
0.322500708,0,0,1,0,0,0
0.322670000,0,0,1,1,1,1
0.322699042,0,0,1,0,0,0
0.322868333,0,0,1,1,1,1
0.322897417,0,0,1,0,0,0
0.323066708,0,0,1,1,1,1
0.323095750,0,0,1,0,0,0
0.323265000,0,0,1,1,1,1
0.323294042,0,0,1,0,0,0
0.323463333,0,0,1,1,1,1
0.323492375,0,0,1,0,0,0
0.323661667,0,0,1,1,1,1
0.323690708,0,0,1,0,0,0
0.323859958,0,0,1,1,1,1
0.323889000,0,0,1,0,0,0
0.324058292,0,0,1,1,1,1
0.324087333,0,0,1,0,0,0
0.324256625,0,0,1,1,1,1
0.324285667,0,0,1,0,0,0
0.324454958,0,0,1,1,1,1
0.324484000,0,0,1,0,0,0
0.324653292,0,0,1,1,1,1
0.324682333,0,0,1,0,0,0
0.324851625,0,0,1,1,1,1
0.324880667,0,0,1,0,0,0
0.325049958,0,0,1,1,1,1
0.325079000,0,0,1,0,0,0
0.325248250,0,0,1,0,1,1
0.325248292,0,0,1,1,1,1
0.325277333,0,0,1,0,0,0
0.325446625,0,0,1,1,1,1
0.325475667,0,0,1,0,0,0
0.325645000,0,0,1,1,1,1
0.325674042,0,0,1,0,0,0
0.325843375,0,0,1,1,1,1
0.325872417,0,0,1,0,0,0
0.326041750,0,0,1,1,1,1
0.326070792,0,0,1,0,0,0
0.326240083,0,0,1,1,1,1
0.326269125,0,0,1,0,0,0
0.326438417,0,0,1,1,1,1
0.326467458,0,0,1,0,0,0
0.326636750,0,0,1,1,1,1
0.326665792,0,0,1,0,0,0
0.326835042,0,0,1,1,1,1
0.326864083,0,0,1,0,0,0
0.327033333,0,0,1,1,1,1
0.327062375,0,0,1,0,0,0
0.327231625,0,0,1,1,1,1
0.327260667,0,0,1,0,0,0
0.327429917,0,0,1,1,1,1
0.327458958,0,0,1,0,0,0
0.327628250,0,0,1,1,1,1
0.327657292,0,0,1,0,0,0
0.327826583,0,0,1,1,1,1
0.327855625,0,0,1,0,0,0
0.328024917,0,0,1,1,1,1
0.328053958,0,0,1,0,0,0
0.328223208,0,0,1,1,1,1
0.328252250,0,0,1,0,0,0
0.328421500,0,0,1,1,1,1
0.328450542,0,0,1,0,0,0
0.328619792,0,0,1,1,1,1
0.328648833,0,0,1,0,0,0
0.328818167,0,0,1,1,1,1
0.328847208,0,0,1,0,0,0
0.329016542,0,0,1,1,1,1
0.329045583,0,0,1,0,0,0
0.329214875,0,0,1,1,1,1
0.329243917,0,0,1,0,0,0
0.329413208,0,0,1,1,1,1
0.329442250,0,0,1,0,0,0
0.329611500,0,0,1,1,1,1
0.329640542,0,0,1,0,0,0
0.329809833,0,0,1,1,1,1
0.329838875,0,0,1,0,0,0
0.330008125,0,0,1,1,1,1
0.330037167,0,0,1,0,0,0
0.330206458,0,0,1,1,1,1
0.330235500,0,0,1,0,0,0
0.330404792,0,0,1,1,1,1
0.330433833,0,0,1,0,0,0
0.330603083,0,0,1,1,1,1
0.330632125,0,0,1,0,0,0
0.330801292,0,0,1,1,1,1
0.330830333,0,0,1,0,0,0
0.330999542,0,0,1,1,1,1
0.331028583,0,0,1,0,0,0
0.331197833,0,0,1,1,1,1
0.331226875,0,0,1,0,0,0
0.331396125,0,0,1,1,1,1
0.331425167,0,0,1,0,0,0
0.331594375,0,0,1,1,1,1
0.331623417,0,0,1,0,0,0
0.331792667,0,0,1,1,1,1
0.331821708,0,0,1,0,0,0
0.331990958,0,0,1,1,1,1
0.332020000,0,0,1,0,0,0
0.332189250,0,0,1,1,1,1
0.332218292,0,0,1,0,0,0
0.332387583,0,0,1,1,1,1
0.332416625,0,0,1,0,0,0
0.332585833,0,0,1,1,1,1
0.332614875,0,0,1,0,0,0
0.332784125,0,0,1,1,1,1
0.332813167,0,0,1,0,0,0
0.332982375,0,0,1,1,1,1
0.333011417,0,0,1,0,0,0
0.333180708,0,0,1,1,1,1
0.333209750,0,0,1,0,0,0
0.333379000,0,0,1,1,1,1
0.333408042,0,0,1,0,0,0
0.333577333,0,0,1,1,1,1
0.333606375,0,0,1,0,0,0
0.333775625,0,0,1,1,1,1
0.333804667,0,0,1,0,0,0
0.333973958,0,0,1,1,1,1
0.334003000,0,0,1,0,0,0
0.334172292,0,0,1,1,1,1
0.334201333,0,0,1,0,0,0
0.334370625,0,0,1,1,1,1
0.334399667,0,0,1,0,0,0
0.334568958,0,0,1,1,1,1
0.334598000,0,0,1,0,0,0
0.334767292,0,0,1,1,1,1
0.334796333,0,0,1,0,0,0
0.334965583,0,0,1,1,1,1
0.334994625,0,0,1,0,0,0
0.335163875,0,0,1,1,1,1
0.335192917,0,0,1,0,0,0
0.335362125,0,0,1,1,1,1
0.335391167,0,0,1,0,0,0
0.335560417,0,0,1,1,1,1
0.335589458,0,0,1,0,0,0
0.335758750,0,0,1,1,1,1
0.335787792,0,0,1,0,0,0
0.335957083,0,0,1,1,1,1
0.335986125,0,0,1,0,0,0
0.336155333,0,0,1,1,1,1
0.336184375,0,0,1,0,0,0
0.336353625,0,0,1,1,1,1
0.336382667,0,0,1,0,0,0
0.336551917,0,0,1,1,1,1
0.336580958,0,0,1,0,0,0
0.336750250,0,0,1,1,1,1
0.336779292,0,0,1,0,0,0
0.336948583,0,0,1,1,1,1
0.336977625,0,0,1,0,0,0
0.337146917,0,0,1,1,1,1
0.337175958,0,0,1,0,0,0
0.337345250,0,0,1,1,1,1
0.337374250,0,0,1,0,0,0
0.337543542,0,0,1,1,1,1
0.337572583,0,0,1,0,0,0
0.337741833,0,0,1,1,1,1
0.337770875,0,0,1,0,0,0
0.337940167,0,0,1,1,1,1
0.337969208,0,0,1,1,0,0
0.337969250,0,0,1,0,0,0
0.338138500,0,0,1,1,1,1
0.338167542,0,0,1,0,0,0
0.338336833,0,0,1,1,1,1
0.338365875,0,0,1,0,0,0
0.338535167,0,0,1,1,1,1
0.338564208,0,0,1,0,0,0
0.338733458,0,0,1,1,1,1
0.338762500,0,0,1,0,0,0
0.338931792,0,0,1,1,1,1
0.338960833,0,0,1,0,0,0
0.339130125,0,0,1,1,1,1
0.339159167,0,0,1,0,0,0
0.339328458,0,0,1,0,1,1
0.339328500,0,0,1,1,1,1
0.339357542,0,0,1,0,0,0
0.339526792,0,0,1,1,1,1
0.339555833,0,0,1,0,0,0
0.339725083,0,0,1,1,1,1
0.339754125,0,0,1,0,0,0
0.339923375,0,0,1,1,1,1
0.339952417,0,0,1,0,0,0
0.340121667,0,0,1,1,1,1
0.340150708,0,0,1,0,0,0
0.340319917,0,0,1,1,1,1
0.340348958,0,0,1,0,0,0
0.340518208,0,0,1,1,1,1
0.340547250,0,0,1,0,0,0
0.340716500,0,0,1,1,1,1
0.340745542,0,0,1,0,0,0
0.340914750,0,0,1,1,1,1
0.340943792,0,0,1,0,0,0
0.341113000,0,0,1,1,1,1
0.341142042,0,0,1,0,0,0
0.341311250,0,0,1,1,1,1
0.341340292,0,0,1,0,0,0
0.341509500,0,0,1,1,1,1
0.341538542,0,0,1,0,0,0
0.341707792,0,0,1,1,1,1
0.341736833,0,0,1,0,0,0
0.341906042,0,0,1,1,1,1
0.341935083,0,0,1,0,0,0
0.342104333,0,0,1,1,1,1
0.342133375,0,0,1,0,0,0
0.342302625,0,0,1,1,1,1
0.342331667,0,0,1,0,0,0
0.342500958,0,0,1,1,1,1
0.342530000,0,0,1,0,0,0
0.342699292,0,0,1,1,1,1
0.342728333,0,0,1,0,0,0
0.342897625,0,0,1,1,1,1
0.342926667,0,0,1,0,0,0
0.343095917,0,0,1,1,1,1
0.343125000,0,0,1,0,0,0
0.343294250,0,0,1,1,1,1
0.343323292,0,0,1,0,0,0
0.343492583,0,0,1,1,1,1
0.343521625,0,0,1,0,0,0
0.343690917,0,0,1,1,1,1
0.343719958,0,0,1,0,0,0
0.343889208,0,0,1,1,1,1
0.343918292,0,0,1,0,0,0
0.344087542,0,0,1,1,1,1
0.344116625,0,0,1,0,0,0
0.344285917,0,0,1,1,1,1
0.344314958,0,0,1,0,0,0
0.344484250,0,0,1,1,1,1
0.344513292,0,0,1,0,0,0
0.344682583,0,0,1,1,1,1
0.344711625,0,0,1,0,0,0
0.344880917,0,0,1,1,1,1
0.344909958,0,0,1,0,0,0
0.345079250,0,0,1,1,1,1
0.345108292,0,0,1,0,0,0
0.345277583,0,0,1,1,1,1
0.345306625,0,0,1,0,0,0
0.345475875,0,0,1,0,1,0
0.345475917,0,0,1,1,1,1
0.345504958,0,0,1,0,0,0
0.345674250,0,0,1,1,1,1
0.345703292,0,0,1,0,0,0
0.345872583,0,0,1,1,1,1
0.345901625,0,0,1,0,0,0
0.346070875,0,0,1,1,1,1
0.346099917,0,0,1,0,0,0
0.346269208,0,0,1,1,1,1
0.346298250,0,0,1,0,0,0
0.346467500,0,0,1,1,1,1
0.346496542,0,0,1,0,0,0
0.346665750,0,0,1,1,1,1
0.346694792,0,0,1,0,0,0
0.346864042,0,0,1,1,1,1
0.346893083,0,0,1,0,0,0
0.347062333,0,0,1,1,1,1
0.347091375,0,0,1,0,0,0
0.347260583,0,0,1,1,1,1
0.347289625,0,0,1,0,0,0
0.347458875,0,0,1,1,1,1
0.347487917,0,0,1,0,0,0
0.347657167,0,0,1,1,1,1
0.347686208,0,0,1,0,0,0
0.347855458,0,0,1,1,1,1
0.347884500,0,0,1,0,0,0
0.348053750,0,0,1,1,1,1
0.348082792,0,0,1,0,0,0
0.348252042,0,0,1,1,1,1
0.348281083,0,0,1,0,0,0
0.348450333,0,0,1,1,1,1
0.348479375,0,0,1,0,0,0
0.348648583,0,0,1,1,1,1
0.348677625,0,0,1,0,0,0
0.348846875,0,0,1,1,1,1
0.348875917,0,0,1,0,0,0
0.349045125,0,0,1,1,1,1
0.349074167,0,0,1,0,0,0
0.349243417,0,0,1,1,1,1
0.349272458,0,0,1,0,0,0
0.349441708,0,0,1,1,1,1
0.349470750,0,0,1,0,0,0
0.349639958,0,0,1,1,1,1
0.349669000,0,0,1,0,0,0
0.349838292,0,0,1,1,1,1
0.349867375,0,0,1,0,0,0
0.350036667,0,0,1,1,1,1
0.350065708,0,0,1,0,0,0
0.350235000,0,0,1,1,1,1
0.350264042,0,0,1,0,0,0
0.350433292,0,0,1,1,1,1
0.350462333,0,0,1,0,0,0
0.350631625,0,0,1,1,1,1
0.350660667,0,0,1,0,0,0
0.350829958,0,0,1,1,1,1
0.350859000,0,0,1,0,0,0
0.351028250,0,0,1,1,1,1
0.351057333,0,0,1,0,0,0
0.351226583,0,0,1,1,1,1
0.351255625,0,0,1,0,0,0
0.351424917,0,0,1,1,1,1
0.351453958,0,0,1,0,0,0
0.351623208,0,0,1,1,1,1
0.351652250,0,0,1,0,0,0
0.351821500,0,0,1,1,1,1
0.351850583,0,0,1,0,0,0
0.352019833,0,0,1,1,1,1
0.352048875,0,0,1,0,0,0
0.352218167,0,0,1,1,1,1
0.352247208,0,0,1,0,0,0
0.352416417,0,0,1,1,1,1
0.352445458,0,0,1,0,0,0
0.352614708,0,0,1,1,1,1
0.352643750,0,0,1,0,0,0
0.352813000,0,0,1,1,1,1
0.352842042,0,0,1,0,0,0
0.353011292,0,0,1,1,1,1
0.353040333,0,0,1,0,0,0
0.353209542,0,0,1,1,1,1
0.353238583,0,0,1,0,0,0
0.353407792,0,0,1,1,1,1
0.353436833,0,0,1,0,0,0
0.353606042,0,0,1,1,1,1
0.353635083,0,0,1,0,0,0
0.353804292,0,0,1,0,1,0
0.353804333,0,0,1,1,1,1
0.353833333,0,0,1,0,0,0
0.354002542,0,0,1,1,1,1
0.354031583,0,0,1,0,0,0
0.354200792,0,0,1,1,1,1
0.354229833,0,0,1,0,0,0
0.354399042,0,0,1,1,1,1
0.354428125,0,0,1,0,0,0
0.354597333,0,0,1,1,1,1
0.354626375,0,0,1,0,0,0
0.354795583,0,0,1,1,1,1
0.354824625,0,0,1,0,0,0
0.354993833,0,0,1,1,1,1
0.355022833,0,0,1,0,0,0
0.355192042,0,0,1,1,1,1
0.355221083,0,0,1,0,0,0
0.355390292,0,0,1,1,1,1
0.355419333,0,0,1,0,0,0
0.355588542,0,0,1,1,1,1
0.355617583,0,0,1,0,0,0
0.355786875,0,0,1,1,1,1
0.355815917,0,0,1,0,0,0
0.355985208,0,0,1,1,1,1
0.356014250,0,0,1,0,0,0
0.356183500,0,0,1,1,1,1
0.356212542,0,0,1,0,0,0
0.356381792,0,0,1,1,1,1
0.356410833,0,0,1,0,0,0
0.356580125,0,0,1,1,1,1
0.356609167,0,0,1,0,0,0
0.356778417,0,0,1,1,1,1
0.356807458,0,0,1,0,0,0
0.356976708,0,0,1,1,1,1
0.357005750,0,0,1,0,0,0
0.357175000,0,0,1,1,1,1
0.357204042,0,0,1,0,0,0
0.357373292,0,0,1,1,1,1
0.357402333,0,0,1,0,0,0
0.357571542,0,0,1,1,1,1
0.357600583,0,0,1,0,0,0
0.357769792,0,0,1,1,1,1
0.357798833,0,0,1,0,0,0
0.357968042,0,0,1,1,1,1
0.357997083,0,0,1,1,0,0
0.357997125,0,0,1,0,0,0
0.358166375,0,0,1,1,1,1
0.358195417,0,0,1,0,0,0
0.358364667,0,0,1,1,1,1
0.358393708,0,0,1,0,0,0
0.358563000,0,0,1,1,1,1
0.358592042,0,0,1,0,0,0
0.358761292,0,0,1,1,1,1
0.358790333,0,0,1,0,0,0
0.358959583,0,0,1,1,1,1
0.358988625,0,0,1,0,0,0
0.359157875,0,0,1,1,1,1
0.359186875,0,0,1,0,0,0
0.359356083,0,0,1,1,1,1
0.359385125,0,0,1,0,0,0
0.359554375,0,0,1,1,1,1
0.359583417,0,0,1,0,0,0
0.359752625,0,0,1,1,1,1
0.359781667,0,0,1,0,0,0
0.359950875,0,0,1,1,1,1
0.359979917,0,0,1,0,0,0
0.360149167,0,0,1,1,1,1
0.360178208,0,0,1,0,0,0
0.360347417,0,0,1,1,1,1
0.360376458,0,0,1,0,0,0
0.360545667,0,0,1,1,1,1
0.360574708,0,0,1,0,0,0
0.360743917,0,0,1,1,1,1
0.360772958,0,0,1,0,0,0
0.360942167,0,0,1,1,1,1
0.360971167,0,0,1,0,0,0
0.361140417,0,0,1,1,1,1
0.361169458,0,0,1,0,0,0
0.361338667,0,0,1,1,1,1
0.361367708,0,0,1,0,0,0
0.361536917,0,0,1,1,1,1
0.361565958,0,0,1,0,0,0
0.361735208,0,0,1,1,1,1
0.361764250,0,0,1,0,0,0
0.361933500,0,0,1,1,1,1
0.361962542,0,0,1,0,0,0
0.362131750,0,0,1,1,1,1
0.362160792,0,0,1,0,0,0
0.362330000,0,0,1,1,1,1
0.362359042,0,0,1,0,0,0
0.362528292,0,0,1,1,1,1
0.362557333,0,0,1,0,0,0
0.362726542,0,0,1,1,1,1
0.362755583,0,0,1,0,0,0
0.362924833,0,0,1,1,1,1
0.362953875,0,0,1,0,0,0
0.363123083,0,0,1,1,1,1
0.363152125,0,0,1,0,0,0
0.363321375,0,0,1,1,1,1
0.363350417,0,0,1,0,0,0
0.363519625,0,0,1,1,1,1
0.363548667,0,0,1,0,0,0
0.363717917,0,0,1,1,1,1
0.363746958,0,0,1,0,0,0
0.363916167,0,0,1,1,1,1
0.363945208,0,0,1,0,0,0
0.364114417,0,0,1,1,1,1
0.364143458,0,0,1,0,0,0
0.364312667,0,0,1,1,1,1
0.364341708,0,0,1,0,0,0
0.364510917,0,0,1,1,1,1
0.364539958,0,0,1,0,0,0
0.364709167,0,0,1,1,1,1
0.364738208,0,0,1,0,0,0
0.364907417,0,0,1,1,1,1
0.364936458,0,0,1,0,0,0
0.365105708,0,0,1,1,1,1
0.365134750,0,0,1,0,0,0
0.365303958,0,0,1,1,1,1
0.365333000,0,0,1,0,0,0
0.365502208,0,0,1,1,1,1
0.365531250,0,0,1,0,0,0
0.365700500,0,0,1,1,1,1
0.365729542,0,0,1,0,0,0
0.365898792,0,0,1,1,1,1
0.365927833,0,0,1,0,0,0
0.366097042,0,0,1,1,1,1
0.366126083,0,0,1,0,0,0
0.366295292,0,0,1,1,1,1
0.366324333,0,0,1,0,0,0
0.366493542,0,0,1,1,1,1
0.366522583,0,0,1,0,0,0
0.366691792,0,0,1,1,1,1
0.366720833,0,0,1,0,0,0
0.366890042,0,0,1,1,1,1
0.366919083,0,0,1,0,0,0
0.367088333,0,0,1,1,1,1
0.367117375,0,0,1,0,0,0
0.367286625,0,0,1,1,1,1
0.367315625,0,0,1,0,0,0
0.367484875,0,0,1,1,1,1
0.367513917,0,0,1,0,0,0
0.367683125,0,0,1,1,1,1
0.367712167,0,0,1,0,0,0
0.367881375,0,0,1,1,1,1
0.367910417,0,0,1,0,0,0
0.368079667,0,0,1,1,1,1
0.368108708,0,0,1,0,0,0
0.368277958,0,0,1,1,1,1
0.368307000,0,0,1,0,0,0
0.368476208,0,0,1,1,1,1
0.368505250,0,0,1,0,0,0
0.368674500,0,0,1,1,1,1
0.368703542,0,0,1,0,0,0
0.368872792,0,0,1,1,1,1
0.368901833,0,0,1,0,0,0
0.369071083,0,0,1,1,1,1
0.369100125,0,0,1,0,0,0
0.369269333,0,0,1,1,1,1
0.369298375,0,0,1,0,0,0
0.369467625,0,0,1,1,1,1
0.369496667,0,0,1,0,0,0
0.369665917,0,0,1,1,1,1
0.369694958,0,0,1,0,0,0
0.369864250,0,0,1,1,1,1
0.369893292,0,0,1,0,0,0
0.370062542,0,0,1,1,1,1
0.370091583,0,0,1,0,0,0
0.370260833,0,0,1,1,1,1
0.370289875,0,0,1,0,0,0
0.370459125,0,0,1,1,1,1
0.370488167,0,0,1,0,0,0
0.370657417,0,0,1,1,1,1
0.370686458,0,0,1,0,0,0
0.370855667,0,0,1,1,1,1
0.370884708,0,0,1,0,0,0
0.371053875,0,0,1,1,1,1
0.371082917,0,0,1,0,0,0
0.371252083,0,0,1,1,1,1
0.371281125,0,0,1,0,0,0
0.371450292,0,0,1,1,1,1
0.371479333,0,0,1,0,0,0
0.371648542,0,0,1,1,1,1
0.371677583,0,0,1,0,0,0
0.371846792,0,0,1,1,1,1
0.371875833,0,0,1,0,0,0
0.372045042,0,0,1,1,1,1
0.372074083,0,0,1,0,0,0
0.372243333,0,0,1,1,1,1
0.372272375,0,0,1,0,0,0
0.372441667,0,0,1,1,1,1
0.372470708,0,0,1,0,0,0
0.372639958,0,0,1,1,1,1
0.372669000,0,0,1,0,0,0
0.372838250,0,0,1,1,1,1
0.372867292,0,0,1,0,0,0
0.373036500,0,0,1,1,1,1
0.373065542,0,0,1,0,0,0
0.373234833,0,0,1,1,1,1
0.373263875,0,0,1,0,0,0
0.373433083,0,0,1,1,1,1
0.373462125,0,0,1,0,0,0
0.373631333,0,0,1,1,1,1
0.373660375,0,0,1,0,0,0
0.373829583,0,0,1,1,1,1
0.373858583,0,0,1,0,0,0
0.374027792,0,0,1,1,1,1
0.374056833,0,0,1,0,0,0
0.374226000,0,0,1,1,1,1
0.374255042,0,0,1,0,0,0
0.374424208,0,0,1,1,1,1
0.374453250,0,0,1,0,0,0
0.374622500,0,0,1,1,1,1
0.374651542,0,0,1,0,0,0
0.374820792,0,0,1,1,1,1
0.374849833,0,0,1,0,0,0
0.375019083,0,0,1,1,1,1
0.375048125,0,0,1,0,0,0
0.375217375,0,0,1,1,1,1
0.375246417,0,0,1,0,0,0
0.375415667,0,0,1,1,1,1
0.375444708,0,0,1,0,0,0
0.375614042,0,0,1,1,1,1
0.375643083,0,0,1,0,0,0
0.375812375,0,0,1,1,1,1
0.375841417,0,0,1,0,0,0
0.376010708,0,0,1,1,1,1
0.376039792,0,0,1,0,0,0
0.376209042,0,0,1,1,1,1
0.376238083,0,0,1,0,0,0
0.376407375,0,0,1,1,1,1
0.376436417,0,0,1,0,0,0
0.376605667,0,0,1,1,1,1
0.376634708,0,0,1,0,0,0
0.376804000,0,0,1,1,1,1
0.376833042,0,0,1,0,0,0
0.377002292,0,0,1,1,1,1
0.377031333,0,0,1,0,0,0
0.377200625,0,0,1,1,1,1
0.377229667,0,0,1,0,0,0
0.377398917,0,0,1,1,1,1
0.377427958,0,0,1,1,0,0
0.377428000,0,0,1,0,0,0
0.377597250,0,0,1,1,1,1
0.377626292,0,0,1,0,0,0
0.377795583,0,0,1,1,1,1
0.377824625,0,0,1,0,0,0
0.377993917,0,0,1,1,1,1
0.378022958,0,0,1,0,0,0
0.378192208,0,0,1,1,1,1
0.378221250,0,0,1,0,0,0
0.378390458,0,0,1,1,1,1
0.378419500,0,0,1,0,0,0
0.378588750,0,0,1,1,1,1
0.378617792,0,0,1,0,0,0
0.378787000,0,0,1,1,1,1
0.378816042,0,0,1,0,0,0
0.378985250,0,0,1,1,1,1
0.379014333,0,0,1,0,0,0
0.379183542,0,0,1,0,1,0
0.379183583,0,0,1,1,1,1
0.379212625,0,0,1,0,0,0
0.379381875,0,0,1,1,1,1
0.379410917,0,0,1,0,0,0
0.379580208,0,0,1,1,1,1
0.379609250,0,0,1,0,0,0
0.379778500,0,0,1,1,1,1
0.379807583,0,0,1,0,0,0
0.379976833,0,0,1,1,1,1
0.380005917,0,0,1,0,0,0
0.380175167,0,0,1,0,1,1
0.380175208,0,0,1,1,1,1
0.380204250,0,0,1,0,0,0
0.380373500,0,0,1,1,1,1
0.380402542,0,0,1,0,0,0
0.380571833,0,0,1,1,1,1
0.380600875,0,0,1,0,0,0
0.380770167,0,0,1,1,1,1
0.380799208,0,0,1,0,0,0
0.380968458,0,0,1,1,1,1
0.380997542,0,0,1,0,0,0
0.381166875,0,0,1,1,1,1
0.381195917,0,0,1,0,0,0
0.381365250,0,0,1,1,1,1
0.381394292,0,0,1,0,0,0
0.381563583,0,0,1,1,1,1
0.381592625,0,0,1,0,0,0
0.381761875,0,0,1,1,1,1
0.381790917,0,0,1,0,0,0
0.381960167,0,0,1,1,1,1
0.381989250,0,0,1,0,0,0
0.382158500,0,0,1,1,1,1
0.382187542,0,0,1,0,0,0
0.382356833,0,0,1,1,1,1
0.382385875,0,0,1,0,0,0
0.382555208,0,0,1,1,1,1
0.382584250,0,0,1,0,0,0
0.382753542,0,0,1,1,1,1
0.382782583,0,0,1,0,0,0
0.382951875,0,0,1,1,1,1
0.382980917,0,0,1,0,0,0
0.383150208,0,0,1,1,1,1
0.383179250,0,0,1,0,0,0
0.383348542,0,0,1,1,1,1
0.383377542,0,0,1,0,0,0
0.383546792,0,0,1,1,1,1
0.383575833,0,0,1,0,0,0
0.383745042,0,0,1,1,1,1
0.383774083,0,0,1,0,0,0
0.383943333,0,0,1,1,1,1
0.383972375,0,0,1,0,0,0
0.384141542,0,0,1,1,1,1
0.384170583,0,0,1,0,0,0
0.384339833,0,0,1,1,1,1
0.384368875,0,0,1,0,0,0
0.384538167,0,0,1,1,1,1
0.384567208,0,0,1,0,0,0
0.384736458,0,0,1,1,1,1
0.384765500,0,0,1,0,0,0
0.384934792,0,0,1,1,1,1
0.384963833,0,0,1,0,0,0
0.385133042,0,0,1,1,1,1
0.385162083,0,0,1,0,0,0
0.385331333,0,0,1,1,1,1
0.385360375,0,0,1,0,0,0
0.385529625,0,0,1,1,1,1
0.385558667,0,0,1,0,0,0
0.385727958,0,0,1,1,1,1
0.385757000,0,0,1,0,0,0
0.385926250,0,0,1,1,1,1
0.385955333,0,0,1,0,0,0
0.386124542,0,0,1,1,1,1
0.386153583,0,0,1,0,0,0
0.386322792,0,0,1,1,1,1
0.386351833,0,0,1,0,0,0
0.386521042,0,0,1,1,1,1
0.386550042,0,0,1,0,0,0
0.386719292,0,0,1,1,1,1
0.386748292,0,0,1,0,0,0
0.386917500,0,0,1,1,1,1
0.386946542,0,0,1,0,0,0
0.387115792,0,0,1,1,1,1
0.387144833,0,0,1,0,0,0
0.387314083,0,0,1,1,1,1
0.387343125,0,0,1,0,0,0
0.387512333,0,0,1,1,1,1
0.387541375,0,0,1,0,0,0
0.387710625,0,0,1,1,1,1
0.387739625,0,0,1,0,0,0
0.387908833,0,0,1,1,1,1
0.387937875,0,0,1,0,0,0
0.388107083,0,0,1,1,1,1
0.388136125,0,0,1,0,0,0
0.388305375,0,0,1,1,1,1
0.388334417,0,0,1,0,0,0
0.388503708,0,0,1,1,1,1
0.388532750,0,0,1,0,0,0
0.388702000,0,0,1,1,1,1
0.388731042,0,0,1,0,0,0
0.388900292,0,0,1,1,1,1
0.388929333,0,0,1,0,0,0
0.389098625,0,0,1,1,1,1
0.389127667,0,0,1,0,0,0
0.389296917,0,0,1,1,1,1
0.389325958,0,0,1,0,0,0
0.389495167,0,0,1,1,1,1
0.389524208,0,0,1,0,0,0
0.389693458,0,0,1,1,1,1
0.389722542,0,0,1,0,0,0
0.389891792,0,0,1,1,1,1
0.389920833,0,0,1,0,0,0
0.390090083,0,0,1,1,1,1
0.390119125,0,0,1,0,0,0
0.390288375,0,0,1,1,1,1
0.390317417,0,0,1,0,0,0
0.390486625,0,0,1,1,1,1
0.390515667,0,0,1,0,0,0
0.390684917,0,0,1,1,1,1
0.390713958,0,0,1,0,0,0
0.390883208,0,0,1,1,1,1
0.390912250,0,0,1,0,0,0
0.391081458,0,0,1,1,1,1
0.391110500,0,0,1,0,0,0
0.391279750,0,0,1,1,1,1
0.391308792,0,0,1,0,0,0
0.391478042,0,0,1,1,1,1
0.391507125,0,0,1,0,0,0
0.391676375,0,0,1,1,1,1
0.391705417,0,0,1,0,0,0
0.391874667,0,0,1,1,1,1
0.391903708,0,0,1,0,0,0
0.392073000,0,0,1,1,1,1
0.392102042,0,0,1,0,0,0
0.392271292,0,0,1,1,1,1
0.392300333,0,0,1,0,0,0
0.392469625,0,0,1,1,1,1
0.392498667,0,0,1,0,0,0
0.392667958,0,0,1,1,1,1
0.392697000,0,0,1,0,0,0
0.392866292,0,0,1,1,1,1
0.392895333,0,0,1,0,0,0
0.393064583,0,0,1,1,1,1
0.393093667,0,0,1,0,0,0
0.393262917,0,0,1,1,1,1
0.393291958,0,0,1,1,0,1
0.393292000,0,0,1,0,0,0
0.393461208,0,0,1,1,1,1
0.393490250,0,0,1,0,0,0
0.393659542,0,0,1,1,1,1
0.393688583,0,0,1,0,0,0
0.393857833,0,0,1,1,1,1
0.393886875,0,0,1,0,0,0
0.394056125,0,0,1,1,1,1
0.394085167,0,0,1,0,0,0
0.394254417,0,0,1,1,1,1
0.394283458,0,0,1,0,0,0
0.394452750,0,0,1,1,1,1
0.394481792,0,0,1,0,0,0
0.394651042,0,0,1,1,1,1
0.394680083,0,0,1,0,0,0
0.394849375,0,0,1,1,1,1
0.394878417,0,0,1,0,0,0
0.395047708,0,0,1,1,1,1
0.395076750,0,0,1,0,0,0
0.395246000,0,0,1,1,1,1
0.395275042,0,0,1,0,0,0
0.395444250,0,0,1,1,1,1
0.395473292,0,0,1,0,0,0
0.395642500,0,0,1,1,1,1
0.395671542,0,0,1,0,0,0
0.395840708,0,0,1,1,1,1
0.395869750,0,0,1,0,0,0
0.396038958,0,0,1,1,1,1
0.396068000,0,0,1,0,0,0
0.396237250,0,0,1,1,1,1
0.396266292,0,0,1,0,0,0
0.396435500,0,0,1,1,1,1
0.396464542,0,0,1,0,0,0
0.396633792,0,0,1,1,1,1
0.396662833,0,0,1,0,0,0
0.396832083,0,0,1,1,1,1
0.396861125,0,0,1,0,0,0
0.397030333,0,0,1,1,1,1
0.397059375,0,0,1,0,0,0
0.397228583,0,0,1,1,1,1
0.397257625,0,0,1,0,0,0
0.397426833,0,0,1,1,1,1
0.397455875,0,0,1,0,0,0
0.397625083,0,0,1,1,1,1
0.397654125,0,0,1,0,0,0
0.397823375,0,0,1,1,1,1
0.397852458,0,0,1,0,0,0
0.398021708,0,0,1,1,1,1
0.398050750,0,0,1,0,0,0
0.398220000,0,0,1,1,1,1
0.398249042,0,0,1,0,0,0
0.398418292,0,0,1,1,1,1
0.398447333,0,0,1,0,0,0
0.398616542,0,0,1,1,1,1
0.398645625,0,0,1,0,0,0
0.398814833,0,0,1,1,1,1
0.398843833,0,0,1,0,0,0
0.399013042,0,0,1,1,1,1
0.399042083,0,0,1,0,0,0
0.399211292,0,0,1,1,1,1
0.399240333,0,0,1,0,0,0
0.399409542,0,0,1,1,1,1
0.399438583,0,0,1,0,0,0
0.399607875,0,0,1,1,1,1
0.399636917,0,0,1,0,0,0
0.399806167,0,0,1,1,1,1
0.399835208,0,0,1,0,0,0
0.400004500,0,0,1,1,1,1
0.400033542,0,0,1,0,0,0
0.400202792,0,0,1,1,1,1
0.400231833,0,0,1,0,0,0
0.400401083,0,0,1,1,1,1
0.400430125,0,0,1,0,0,0
0.400599375,0,0,1,1,1,1
0.400628417,0,0,1,0,0,0
0.400797667,0,0,1,1,1,1
0.400826708,0,0,1,0,0,0
0.400995958,0,0,1,1,1,1
0.401025000,0,0,1,0,0,0
0.401194292,0,0,1,1,1,1
0.401223333,0,0,1,0,0,0
0.401392625,0,0,1,0,1,0
0.401392667,0,0,1,1,1,1
0.401421708,0,0,1,0,0,0
0.401591000,0,0,1,1,1,1
0.401620042,0,0,1,0,0,0
0.401789292,0,0,1,1,1,1
0.401818333,0,0,1,0,0,0
0.401987625,0,0,1,1,1,1
0.402016667,0,0,1,0,0,0
0.402185875,0,0,1,1,1,1
0.402214917,0,0,1,0,0,0
0.402384167,0,0,1,1,1,1
0.402413208,0,0,1,0,0,0
0.402582500,0,0,1,1,1,1
0.402611542,0,0,1,0,0,0
0.402780750,0,0,1,1,1,1
0.402809792,0,0,1,0,0,0
0.402979042,0,0,1,1,1,1
0.403008083,0,0,1,0,0,0
0.403177333,0,0,1,1,1,1
0.403206375,0,0,1,0,0,0
0.403375625,0,0,1,1,1,1
0.403404667,0,0,1,0,0,0
0.403573958,0,0,1,1,1,1
0.403603000,0,0,1,0,0,0
0.403772292,0,0,1,1,1,1
0.403801333,0,0,1,0,0,0
0.403970625,0,0,1,1,1,1
0.403999667,0,0,1,0,0,0
0.404168958,0,0,1,1,1,1
0.404198000,0,0,1,0,0,0
0.404367292,0,0,1,1,1,1
0.404396375,0,0,1,0,0,0
0.404565625,0,0,1,1,1,1
0.404594667,0,0,1,0,0,0
0.404763958,0,0,1,1,1,1
0.404793042,0,0,1,0,0,0
0.404962333,0,0,1,1,1,1
0.404991375,0,0,1,0,0,0
0.405160667,0,0,1,1,1,1
0.405189750,0,0,1,0,0,0
0.405359000,0,0,1,1,1,1
0.405388083,0,0,1,0,0,0
0.405557333,0,0,1,1,1,1
0.405586375,0,0,1,0,0,0
0.405755625,0,0,1,1,1,1
0.405784667,0,0,1,0,0,0
0.405953917,0,0,1,1,1,1
0.405982958,0,0,1,0,0,0
0.406152167,0,0,1,1,1,1
0.406181208,0,0,1,0,0,0
0.406350500,0,0,1,1,1,1
0.406379542,0,0,1,0,0,0
0.406548833,0,0,1,1,1,1
0.406577875,0,0,1,0,0,0
0.406747167,0,0,1,1,1,1
0.406776208,0,0,1,0,0,0
0.406945458,0,0,1,1,1,1
0.406974500,0,0,1,0,0,0
0.407143792,0,0,1,1,1,1
0.407172833,0,0,1,0,0,0
0.407342125,0,0,1,1,1,1
0.407371167,0,0,1,0,0,0
0.407540417,0,0,1,1,1,1
0.407569458,0,0,1,0,0,0
0.407738750,0,0,1,1,1,1
0.407767792,0,0,1,0,0,0
0.407937083,0,0,1,1,1,1
0.407966125,0,0,1,0,0,0
0.408135417,0,0,1,1,1,1
0.408164458,0,0,1,0,0,0
0.408333750,0,0,1,1,1,1
0.408362792,0,0,1,0,0,0
0.408532083,0,0,1,1,1,1
0.408561125,0,0,1,0,0,0
0.408730375,0,0,1,1,1,1
0.408759417,0,0,1,0,0,0
0.408928708,0,0,1,1,1,1
0.408957750,0,0,1,0,0,0
0.409127000,0,0,1,1,1,1
0.409156042,0,0,1,0,0,0
0.409325333,0,0,1,1,1,1
0.409354375,0,0,1,0,0,0
0.409523625,0,0,1,1,1,1
0.409552708,0,0,1,0,0,0
0.409722000,0,0,1,1,1,1
0.409751042,0,0,1,0,0,0
0.409920333,0,0,1,1,1,1
0.409949375,0,0,1,0,0,0
0.410118625,0,0,1,1,1,1
0.410147667,0,0,1,0,0,0
0.410316917,0,0,1,1,1,1
0.410345958,0,0,1,0,0,0
0.410515250,0,0,1,1,1,1
0.410544292,0,0,1,0,0,0
0.410713583,0,0,1,1,1,1
0.410742625,0,0,1,0,0,0
0.410911958,0,0,1,1,1,1
0.410941000,0,0,1,0,0,0
0.411110292,0,0,1,1,1,1
0.411139333,0,0,1,0,0,0
0.411308625,0,0,1,1,1,1
0.411337667,0,0,1,0,0,0
0.411506958,0,0,1,1,1,1
0.411536000,0,0,1,0,0,0
0.411705333,0,0,1,1,1,1
0.411734375,0,0,1,0,0,0
0.411903708,0,0,1,1,1,1
0.411932750,0,0,1,0,0,0
0.412102042,0,0,1,1,1,1
0.412131083,0,0,1,0,0,0
0.412300375,0,0,1,1,1,1
0.412329458,0,0,1,0,0,0
0.412498750,0,0,1,1,1,1
0.412527792,0,0,1,0,0,0
0.412697125,0,0,1,1,1,1
0.412726167,0,0,1,0,0,0
0.412895500,0,0,1,1,1,1
0.412924542,0,0,1,0,0,0
0.413093833,0,0,1,1,1,1
0.413122875,0,0,1,0,0,0
0.413292167,0,0,1,1,1,1
0.413321208,0,0,1,0,0,0
0.413490458,0,0,1,1,1,1
0.413519500,0,0,1,0,0,0
0.413688792,0,0,1,1,1,1
0.413717875,0,0,1,0,0,0
0.413887125,0,0,1,1,1,1
0.413916167,0,0,1,0,0,0
0.414085458,0,0,1,1,1,1
0.414114500,0,0,1,0,0,0
0.414283792,0,0,1,1,1,1
0.414312833,0,0,1,0,0,0
0.414482125,0,0,1,1,1,1
0.414511208,0,0,1,0,0,0
0.414680500,0,0,1,1,1,1
0.414709542,0,0,1,0,0,0
0.414878833,0,0,1,1,1,1
0.414907875,0,0,1,0,0,0
0.415077125,0,0,1,1,1,1
0.415106167,0,0,1,0,0,0
0.415275417,0,0,1,1,1,1
0.415304458,0,0,1,0,0,0
0.415473750,0,0,1,1,1,1
0.415502792,0,0,1,1,0,1
0.415502833,0,0,1,0,0,0
0.415672042,0,0,1,1,1,1
0.415701083,0,0,1,1,0,0
0.415701125,0,0,1,0,0,0
0.415870375,0,0,1,1,1,1
0.415899417,0,0,1,0,0,0
0.416068667,0,0,1,1,1,1
0.416097750,0,0,1,0,0,0
0.416267000,0,0,1,1,1,1
0.416296042,0,0,1,0,0,0
0.416465333,0,0,1,1,1,1
0.416494417,0,0,1,0,0,0
0.416663667,0,0,1,1,1,1
0.416692708,0,0,1,0,0,0
0.416861958,0,0,1,1,1,1
0.416891000,0,0,1,0,0,0
0.417060292,0,0,1,1,1,1
0.417089333,0,0,1,0,0,0
0.417258625,0,0,1,1,1,1
0.417287667,0,0,1,0,0,0
0.417456917,0,0,1,1,1,1
0.417485958,0,0,1,0,0,0
0.417655208,0,0,1,1,1,1
0.417684250,0,0,1,0,0,0
0.417853542,0,0,1,1,1,1
0.417882583,0,0,1,0,0,0
0.418051875,0,0,1,1,1,1
0.418080917,0,0,1,0,0,0
0.418250167,0,0,1,1,1,1
0.418279208,0,0,1,1,0,0
0.418279250,0,0,1,0,0,0
0.418448458,0,0,1,0,1,1
0.418448500,0,0,1,1,1,1
0.418477542,0,0,1,0,0,0
0.418646792,0,0,1,0,1,0
0.418646833,0,0,1,1,1,1
0.418675875,0,0,1,0,0,0
0.418845125,0,0,1,1,1,1
0.418874167,0,0,1,0,0,0
0.419043417,0,0,1,1,1,1
0.419072458,0,0,1,0,0,0
0.419241708,0,0,1,1,1,1
0.419270750,0,0,1,0,0,0
0.419440000,0,0,1,1,1,1
0.419469042,0,0,1,0,0,0
0.419638292,0,0,1,1,1,1
0.419667333,0,0,1,0,0,0
0.419836583,0,0,1,1,1,1
0.419865667,0,0,1,0,0,0
0.420034917,0,0,1,1,1,1
0.420063958,0,0,1,0,0,0
0.420233208,0,0,1,1,1,1
0.420262250,0,0,1,0,0,0
0.420431500,0,0,1,1,1,1
0.420460542,0,0,1,0,0,0
0.420629833,0,0,1,1,1,1
0.420658875,0,0,1,0,0,0
0.420828125,0,0,1,1,1,1
0.420857167,0,0,1,0,0,0
0.421026500,0,0,1,1,1,1
0.421055542,0,0,1,0,0,0
0.421224833,0,0,1,1,1,1
0.421253875,0,0,1,0,0,0
0.421423167,0,0,1,1,1,1
0.421452208,0,0,1,0,0,0
0.421621542,0,0,1,1,1,1
0.421650583,0,0,1,0,0,0
0.421819875,0,0,1,1,1,1
0.421848917,0,0,1,0,0,0
0.422018125,0,0,1,1,1,1
0.422047167,0,0,1,0,0,0
0.422216417,0,0,1,1,1,1
0.422245458,0,0,1,0,0,0
0.422414708,0,0,1,1,1,1
0.422443750,0,0,1,0,0,0
0.422612958,0,0,1,1,1,1
0.422642000,0,0,1,0,0,0
0.422811250,0,0,1,1,1,1
0.422840292,0,0,1,0,0,0
0.423009542,0,0,1,1,1,1
0.423038583,0,0,1,0,0,0
0.423207875,0,0,1,1,1,1
0.423236917,0,0,1,0,0,0
0.423406125,0,0,1,1,1,1
0.423435167,0,0,1,0,0,0
0.423604458,0,0,1,1,1,1
0.423633542,0,0,1,0,0,0
0.423802833,0,0,1,1,1,1
0.423831875,0,0,1,0,0,0
0.424001125,0,0,1,1,1,1
0.424030208,0,0,1,0,0,0
0.424199500,0,0,1,1,1,1
0.424228542,0,0,1,1,0,0
0.424228583,0,0,1,0,0,0
0.424397875,0,0,1,1,1,1
0.424426917,0,0,1,0,0,0
0.424596208,0,0,1,1,1,1
0.424625250,0,0,1,0,0,0
0.424794583,0,0,1,1,1,1
0.424823625,0,0,1,0,0,0
0.424992917,0,0,1,1,1,1
0.425021958,0,0,1,0,0,0
0.425191208,0,0,1,1,1,1
0.425220250,0,0,1,0,0,0
0.425389500,0,0,1,1,1,1
0.425418542,0,0,1,0,0,0
0.425587833,0,0,1,1,1,1
0.425616875,0,0,1,0,0,0
0.425786167,0,0,1,1,1,1
0.425815208,0,0,1,0,0,0
0.425984417,0,0,1,1,1,1
0.426013458,0,0,1,0,0,0
0.426182708,0,0,1,1,1,1
0.426211750,0,0,1,0,0,0
0.426381042,0,0,1,1,1,1
0.426410083,0,0,1,0,0,0
0.426579333,0,0,1,0,1,1
0.426579375,0,0,1,1,1,1
0.426608417,0,0,1,0,0,0
0.426777667,0,0,1,1,1,1
0.426806708,0,0,1,0,0,0
0.426975958,0,0,1,1,1,1
0.427005000,0,0,1,0,0,0
0.427174208,0,0,1,1,1,1
0.427203250,0,0,1,0,0,0
0.427372458,0,0,1,1,1,1
0.427401500,0,0,1,0,0,0
0.427570750,0,0,1,1,1,1
0.427599792,0,0,1,0,0,0
0.427769042,0,0,1,1,1,1
0.427798083,0,0,1,0,0,0
0.427967333,0,0,1,1,1,1
0.427996375,0,0,1,0,0,0
0.428165583,0,0,1,1,1,1
0.428194625,0,0,1,0,0,0
0.428363875,0,0,1,1,1,1
0.428392917,0,0,1,0,0,0
0.428562208,0,0,1,1,1,1
0.428591208,0,0,1,0,0,0
0.428760500,0,0,1,1,1,1
0.428789542,0,0,1,0,0,0
0.428958792,0,0,1,1,1,1
0.428987833,0,0,1,0,0,0
0.429157083,0,0,1,1,1,1
0.429186125,0,0,1,0,0,0
0.429355417,0,0,1,1,1,1
0.429384458,0,0,1,0,0,0
0.429553750,0,0,1,1,1,1
0.429582792,0,0,1,0,0,0
0.429752083,0,0,1,1,1,1
0.429781167,0,0,1,0,0,0
0.429950458,0,0,1,1,1,1
0.429979500,0,0,1,0,0,0
0.430148833,0,0,1,1,1,1
0.430177875,0,0,1,0,0,0
0.430347167,0,0,1,1,1,1
0.430376208,0,0,1,0,0,0
0.430545542,0,0,1,0,1,0
0.430545583,0,0,1,1,1,1
0.430574625,0,0,1,0,0,0
0.430743958,0,0,1,1,1,1
0.430773000,0,0,1,0,0,0
0.430942333,0,0,1,1,1,1
0.430971417,0,0,1,0,0,0
0.431140750,0,0,1,1,1,1
0.431169792,0,0,1,0,0,0
0.431339125,0,0,1,1,1,1
0.431368167,0,0,1,0,0,0
0.431537458,0,0,1,1,1,1
0.431566542,0,0,1,0,0,0
0.431735792,0,0,1,1,1,1
0.431764875,0,0,1,0,0,0
0.431934167,0,0,1,1,1,1
0.431963208,0,0,1,0,0,0
0.432132542,0,0,1,1,1,1
0.432161583,0,0,1,0,0,0
0.432330917,0,0,1,1,1,1
0.432359958,0,0,1,0,0,0
0.432529250,0,0,1,1,1,1
0.432558292,0,0,1,0,0,0
0.432727625,0,0,1,1,1,1
0.432756667,0,0,1,0,0,0
0.432926000,0,0,1,1,1,1
0.432955042,0,0,1,0,0,0
0.433124375,0,0,1,1,1,1
0.433153417,0,0,1,0,0,0
0.433322708,0,0,1,1,1,1
0.433351792,0,0,1,0,0,0
0.433521125,0,0,1,1,1,1
0.433550167,0,0,1,0,0,0
0.433719500,0,0,1,1,1,1
0.433748583,0,0,1,0,0,0
0.433917875,0,0,1,1,1,1
0.433946917,0,0,1,0,0,0
0.434116250,0,0,1,1,1,1
0.434145292,0,0,1,0,0,0
0.434314542,0,0,1,1,1,1
0.434343583,0,0,1,0,0,0
0.434512833,0,0,1,1,1,1
0.434541917,0,0,1,0,0,0
0.434711167,0,0,1,1,1,1
0.434740250,0,0,1,0,0,0
0.434909500,0,0,1,1,1,1
0.434938542,0,0,1,0,0,0
0.435107792,0,0,1,1,1,1
0.435136833,0,0,1,1,0,0
0.435136875,0,0,1,0,0,0
0.435306125,0,0,1,1,1,1
0.435335167,0,0,1,0,0,0
0.435504417,0,0,1,1,1,1
0.435533458,0,0,1,0,0,0
0.435702750,0,0,1,1,1,1
0.435731792,0,0,1,0,0,0
0.435901083,0,0,1,1,1,1
0.435930125,0,0,1,0,0,0
0.436099417,0,0,1,1,1,1
0.436128458,0,0,1,0,0,0
0.436297708,0,0,1,1,1,1
0.436326792,0,0,1,0,0,0
0.436496083,0,0,1,1,1,1
0.436525125,0,0,1,0,0,0
0.436694458,0,0,1,1,1,1
0.436723542,0,0,1,0,0,0
0.436892875,0,0,1,1,1,1
0.436921917,0,0,1,0,0,0
0.437091292,0,0,1,1,1,1
0.437120375,0,0,1,0,0,0
0.437289708,0,0,1,1,1,1
0.437318792,0,0,1,0,0,0
0.437488125,0,0,1,1,1,1
0.437517167,0,0,1,0,0,0
0.437686458,0,0,1,0,1,1
0.437686500,0,0,1,1,1,1
0.437715542,0,0,1,0,0,0
0.437884875,0,0,1,1,1,1
0.437913958,0,0,1,0,0,0
0.438083292,0,0,1,1,1,1
0.438112333,0,0,1,0,0,0
0.438281708,0,0,1,1,1,1
0.438310750,0,0,1,0,0,0
0.438480083,0,0,1,1,1,1
0.438509167,0,0,1,0,0,0
0.438678500,0,0,1,1,1,1
0.438707583,0,0,1,0,0,0
0.438876917,0,0,1,1,1,1
0.438905958,0,0,1,0,0,0
0.439075292,0,0,1,1,1,1
0.439104333,0,0,1,0,0,0
0.439273625,0,0,1,1,1,1
0.439302667,0,0,1,0,0,0
0.439472000,0,0,1,1,1,1
0.439501042,0,0,1,0,0,0
0.439670375,0,0,1,1,1,1
0.439699417,0,0,1,0,0,0
0.439868750,0,0,1,1,1,1
0.439897833,0,0,1,0,0,0
0.440067167,0,0,1,1,1,1
0.440096250,0,0,1,0,0,0
0.440265542,0,0,1,1,1,1
0.440294583,0,0,1,0,0,0
0.440463875,0,0,1,1,1,1
0.440492917,0,0,1,0,0,0
0.440662208,0,0,1,1,1,1
0.440691250,0,0,1,0,0,0
0.440860500,0,0,1,1,1,1
0.440889542,0,0,1,0,0,0
0.441058875,0,0,1,1,1,1
0.441087917,0,0,1,0,0,0
0.441257167,0,0,1,1,1,1
0.441286208,0,0,1,0,0,0
0.441455458,0,0,1,1,1,1
0.441484500,0,0,1,0,0,0
0.441653792,0,0,1,1,1,1
0.441682833,0,0,1,0,0,0
0.441852083,0,0,1,1,1,1
0.441881167,0,0,1,0,0,0
0.442050417,0,0,1,1,1,1
0.442079458,0,0,1,0,0,0
0.442248708,0,0,1,1,1,1
0.442277750,0,0,1,0,0,0
0.442447042,0,0,1,1,1,1
0.442476083,0,0,1,0,0,0
0.442645375,0,0,1,1,1,1
0.442674417,0,0,1,0,0,0
0.442843708,0,0,1,1,1,1
0.442872750,0,0,1,0,0,0
0.443042042,0,0,1,1,1,1
0.443071083,0,0,1,0,0,0
0.443240375,0,0,1,1,1,1
0.443269417,0,0,1,0,0,0
0.443438708,0,0,1,1,1,1
0.443467750,0,0,1,0,0,0
0.443637042,0,0,1,1,1,1
0.443666083,0,0,1,0,0,0
0.443835333,0,0,1,1,1,1
0.443864375,0,0,1,0,0,0
0.444033625,0,0,1,1,1,1
0.444062667,0,0,1,0,0,0
0.444231958,0,0,1,1,1,1
0.444261000,0,0,1,0,0,0
0.444430292,0,0,1,1,1,1
0.444459333,0,0,1,0,0,0
0.444628583,0,0,1,1,1,1
0.444657667,0,0,1,0,0,0
0.444826917,0,0,1,1,1,1
0.444855958,0,0,1,0,0,0
0.445025292,0,0,1,1,1,1
0.445054333,0,0,1,0,0,0
0.445223625,0,0,1,1,1,1
0.445252667,0,0,1,0,0,0
0.445421958,0,0,1,1,1,1
0.445451000,0,0,1,0,0,0
0.445620292,0,0,1,1,1,1
0.445649333,0,0,1,0,0,0
0.445818625,0,0,1,1,1,1
0.445847708,0,0,1,0,0,0
0.446017000,0,0,1,1,1,1
0.446046042,0,0,1,0,0,0
0.446215333,0,0,1,0,1,1
0.446215375,0,0,1,1,1,1
0.446244417,0,0,1,0,0,0
0.446413750,0,0,1,1,1,1
0.446442792,0,0,1,0,0,0
0.446612083,0,0,1,1,1,1
0.446641125,0,0,1,0,0,0
0.446810458,0,0,1,1,1,1
0.446839500,0,0,1,0,0,0
0.447008833,0,0,1,1,1,1
0.447037875,0,0,1,0,0,0
0.447207208,0,0,1,1,1,1
0.447236250,0,0,1,0,0,0
0.447405583,0,0,1,1,1,1
0.447434625,0,0,1,0,0,0
0.447603917,0,0,1,1,1,1
0.447632958,0,0,1,0,0,0
0.447802250,0,0,1,1,1,1
0.447831292,0,0,1,0,0,0
0.448000583,0,0,1,1,1,1
0.448029667,0,0,1,0,0,0
0.448198958,0,0,1,1,1,1
0.448228000,0,0,1,0,0,0
0.448397292,0,0,1,1,1,1
0.448426333,0,0,1,0,0,0
0.448595625,0,0,1,1,1,1
0.448624667,0,0,1,0,0,0
0.448794000,0,0,1,1,1,1
0.448823042,0,0,1,0,0,0
0.448992333,0,0,1,1,1,1
0.449021375,0,0,1,0,0,0
0.449190667,0,0,1,1,1,1
0.449219708,0,0,1,0,0,0
0.449389000,0,0,1,1,1,1
0.449418042,0,0,1,0,0,0
0.449587333,0,0,1,1,1,1
0.449616375,0,0,1,1,0,0
0.449616417,0,0,1,0,0,0
0.449785667,0,0,1,1,1,1
0.449814708,0,0,1,0,0,0
0.449984042,0,0,1,1,1,1
0.450013083,0,0,1,0,0,0
0.450182375,0,0,1,1,1,1
0.450211417,0,0,1,0,0,0
0.450380708,0,0,1,1,1,1
0.450409750,0,0,1,0,0,0
0.450578958,0,0,1,1,1,1
0.450608000,0,0,1,0,0,0
0.450777250,0,0,1,1,1,1
0.450806292,0,0,1,0,0,0
0.450975542,0,0,1,1,1,1
0.451004583,0,0,1,0,0,0
0.451173875,0,0,1,1,1,1
0.451202917,0,0,1,0,0,0
0.451372167,0,0,1,1,1,1
0.451401208,0,0,1,0,0,0
0.451570500,0,0,1,1,1,1
0.451599542,0,0,1,0,0,0
0.451768833,0,0,1,1,1,1
0.451797875,0,0,1,1,0,0
0.451797917,0,0,1,0,0,0
0.451967167,0,0,1,1,1,1
0.451996208,0,0,1,0,0,0
0.452165500,0,0,1,1,1,1
0.452194542,0,0,1,0,0,0
0.452363875,0,0,1,1,1,1
0.452392917,0,0,1,0,0,0
0.452562292,0,0,1,1,1,1
0.452591333,0,0,1,0,0,0
0.452760708,0,0,1,1,1,1
0.452789750,0,0,1,0,0,0
0.452959083,0,0,1,1,1,1
0.452988167,0,0,1,0,0,0
0.453157500,0,0,1,1,1,1
0.453186542,0,0,1,0,0,0
0.453355875,0,0,1,1,1,1
0.453384917,0,0,1,0,0,0
0.453554208,0,0,1,1,1,1
0.453583292,0,0,1,0,0,0
0.453752583,0,0,1,1,1,1
0.453781667,0,0,1,0,0,0
0.453950958,0,0,1,1,1,1
0.453980042,0,0,1,0,0,0
0.454149333,0,0,1,1,1,1
0.454178375,0,0,1,0,0,0
0.454347667,0,0,1,1,1,1
0.454376750,0,0,1,0,0,0
0.454546042,0,0,1,1,1,1
0.454575083,0,0,1,0,0,0
0.454744375,0,0,1,1,1,1
0.454773417,0,0,1,0,0,0
0.454942750,0,0,1,1,1,1
0.454971792,0,0,1,0,0,0
0.455141125,0,0,1,1,1,1
0.455170167,0,0,1,0,0,0
0.455339458,0,0,1,1,1,1
0.455368542,0,0,1,0,0,0
0.455537875,0,0,1,1,1,1
0.455566958,0,0,1,0,0,0
0.455736250,0,0,1,1,1,1
0.455765292,0,0,1,0,0,0
0.455934625,0,0,1,1,1,1
0.455963667,0,0,1,0,0,0
0.456133000,0,0,1,1,1,1
0.456162042,0,0,1,0,0,0
0.456331375,0,0,1,1,1,1
0.456360417,0,0,1,0,0,0
0.456529750,0,0,1,1,1,1
0.456558792,0,0,1,0,0,0
0.456728167,0,0,1,1,1,1
0.456757208,0,0,1,0,0,0
0.456926583,0,0,1,1,1,1
0.456955625,0,0,1,0,0,0
0.457125000,0,0,1,1,1,1
0.457154042,0,0,1,0,0,0
0.457323375,0,0,1,1,1,1
0.457352458,0,0,1,0,0,0
0.457521792,0,0,1,1,1,1
0.457550875,0,0,1,0,0,0
0.457720167,0,0,1,1,1,1
0.457749250,0,0,1,0,0,0
0.457918542,0,0,1,1,1,1
0.457947583,0,0,1,0,0,0
0.458116875,0,0,1,1,1,1
0.458145917,0,0,1,0,0,0
0.458315208,0,0,1,1,1,1
0.458344250,0,0,1,0,0,0
0.458513500,0,0,1,1,1,1
0.458542583,0,0,1,0,0,0
0.458711833,0,0,1,1,1,1
0.458740875,0,0,1,0,0,0
0.458910167,0,0,1,1,1,1
0.458939208,0,0,1,0,0,0
0.459108500,0,0,1,1,1,1
0.459137542,0,0,1,0,0,0
0.459306833,0,0,1,1,1,1
0.459335875,0,0,1,0,0,0
0.459505125,0,0,1,1,1,1
0.459534167,0,0,1,0,0,0
0.459703417,0,0,1,1,1,1
0.459732458,0,0,1,0,0,0
0.459901708,0,0,1,1,1,1
0.459930750,0,0,1,0,0,0
0.460100000,0,0,1,1,1,1
0.460129042,0,0,1,0,0,0
0.460298292,0,0,1,1,1,1
0.460327333,0,0,1,0,0,0
0.460496542,0,0,1,1,1,1
0.460525583,0,0,1,0,0,0
0.460694833,0,0,1,1,1,1
0.460723875,0,0,1,0,0,0
0.460893125,0,0,1,1,1,1
0.460922167,0,0,1,0,0,0
0.461091375,0,0,1,0,1,0
0.461091417,0,0,1,1,1,1
0.461120417,0,0,1,0,0,0
0.461289708,0,0,1,1,1,1
0.461318750,0,0,1,0,0,0
0.461488000,0,0,1,1,1,1
0.461517042,0,0,1,0,0,0
0.461686333,0,0,1,1,1,1
0.461715375,0,0,1,0,0,0
0.461884625,0,0,1,1,1,1
0.461913667,0,0,1,0,0,0
0.462082917,0,0,1,1,1,1
0.462111958,0,0,1,0,0,0
0.462281125,0,0,1,1,1,1
0.462310167,0,0,1,0,0,0
0.462479458,0,0,1,1,1,1
0.462508500,0,0,1,0,0,0
0.462677750,0,0,1,1,1,1
0.462706792,0,0,1,0,0,0
0.462876042,0,0,1,1,1,1
0.462905083,0,0,1,0,0,0
0.463074333,0,0,1,1,1,1
0.463103375,0,0,1,0,0,0
0.463272625,0,0,1,1,1,1
0.463301708,0,0,1,0,0,0
0.463470958,0,0,1,1,1,1
0.463500000,0,0,1,0,0,0
0.463669250,0,0,1,1,1,1
0.463698292,0,0,1,0,0,0
0.463867542,0,0,1,1,1,1
0.463896583,0,0,1,0,0,0
0.464065833,0,0,1,1,1,1
0.464094875,0,0,1,0,0,0
0.464264083,0,0,1,1,1,1
0.464293125,0,0,1,0,0,0
0.464462333,0,0,1,1,1,1
0.464491375,0,0,1,0,0,0
0.464660625,0,0,1,1,1,1
0.464689667,0,0,1,0,0,0
0.464858875,0,0,1,1,1,1
0.464887917,0,0,1,0,0,0
0.465057167,0,0,1,1,1,1
0.465086208,0,0,1,0,0,0
0.465255458,0,0,1,1,1,1
0.465284500,0,0,1,0,0,0
0.465453792,0,0,1,1,1,1
0.465482833,0,0,1,0,0,0
0.465652083,0,0,1,1,1,1
0.465681125,0,0,1,0,0,0
0.465850333,0,0,1,1,1,1
0.465879417,0,0,1,0,0,0
0.466048667,0,0,1,1,1,1
0.466077708,0,0,1,0,0,0
0.466246958,0,0,1,1,1,1
0.466276000,0,0,1,0,0,0
0.466445208,0,0,1,1,1,1
0.466474208,0,0,1,0,0,0
0.466643458,0,0,1,1,1,1
0.466672500,0,0,1,0,0,0
0.466841750,0,0,1,1,1,1
0.466870833,0,0,1,0,0,0
0.467040083,0,0,1,1,1,1
0.467069125,0,0,1,0,0,0
0.467238333,0,0,1,1,1,1
0.467267375,0,0,1,0,0,0
0.467436625,0,0,1,1,1,1
0.467465667,0,0,1,0,0,0
0.467634917,0,0,1,1,1,1
0.467663958,0,0,1,0,0,0
0.467833208,0,0,1,1,1,1
0.467862250,0,0,1,0,0,0
0.468031458,0,0,1,1,1,1
0.468060500,0,0,1,0,0,0
0.468229750,0,0,1,1,1,1
0.468258792,0,0,1,0,0,0
0.468428000,0,0,1,1,1,1
0.468457042,0,0,1,0,0,0
0.468626250,0,0,1,1,1,1
0.468655292,0,0,1,0,0,0
0.468824542,0,0,1,1,1,1
0.468853542,0,0,1,0,0,0
0.469022792,0,0,1,1,1,1
0.469051833,0,0,1,0,0,0
0.469221083,0,0,1,1,1,1
0.469250125,0,0,1,0,0,0
0.469419375,0,0,1,1,1,1
0.469448417,0,0,1,0,0,0
0.469617667,0,0,1,1,1,1
0.469646708,0,0,1,0,0,0
0.469815958,0,0,1,1,1,1
0.469845000,0,0,1,0,0,0
0.470014250,0,0,1,1,1,1
0.470043292,0,0,1,0,0,0
0.470212542,0,0,1,1,1,1
0.470241583,0,0,1,0,0,0
0.470410833,0,0,1,1,1,1
0.470439875,0,0,1,0,0,0
0.470609125,0,0,1,1,1,1
0.470638167,0,0,1,0,0,0
0.470807417,0,0,1,1,1,1
0.470836458,0,0,1,0,0,0
0.471005750,0,0,1,1,1,1
0.471034792,0,0,1,0,0,0
0.471204042,0,0,1,1,1,1
0.471233083,0,0,1,0,0,0
0.471402292,0,0,1,1,1,1
0.471431333,0,0,1,0,0,0
0.471600583,0,0,1,1,1,1
0.471629583,0,0,1,0,0,0
0.471798833,0,0,1,1,1,1
0.471827875,0,0,1,0,0,0
0.471997125,0,0,1,1,1,1
0.472026167,0,0,1,0,0,0
0.472195458,0,0,1,1,1,1
0.472224500,0,0,1,0,0,0
0.472393750,0,0,1,1,1,1
0.472422792,0,0,1,0,0,0
0.472592083,0,0,1,1,1,1
0.472621125,0,0,1,0,0,0
0.472790333,0,0,1,1,1,1
0.472819375,0,0,1,0,0,0
0.472988667,0,0,1,1,1,1
0.473017667,0,0,1,1,0,0
0.473017708,0,0,1,0,0,0
0.473186958,0,0,1,1,1,1
0.473216000,0,0,1,0,0,0
0.473385208,0,0,1,1,1,1
0.473414208,0,0,1,0,0,0
0.473583417,0,0,1,1,1,1
0.473612458,0,0,1,0,0,0
0.473781667,0,0,1,1,1,1
0.473810708,0,0,1,0,0,0
0.473979917,0,0,1,1,1,1
0.474008958,0,0,1,0,0,0
0.474178208,0,0,1,1,1,1
0.474207250,0,0,1,0,0,0
0.474376500,0,0,1,1,1,1
0.474405542,0,0,1,0,0,0
0.474574792,0,0,1,1,1,1
0.474603875,0,0,1,0,0,0
0.474773125,0,0,1,1,1,1
0.474802167,0,0,1,0,0,0
0.474971417,0,0,1,1,1,1
0.475000458,0,0,1,0,0,0
0.475169708,0,0,1,1,1,1
0.475198750,0,0,1,0,0,0
0.475368000,0,0,1,1,1,1
0.475397042,0,0,1,0,0,0
0.475566250,0,0,1,1,1,1
0.475595292,0,0,1,0,0,0
0.475764542,0,0,1,1,1,1
0.475793583,0,0,1,0,0,0
0.475962792,0,0,1,1,1,1
0.475991833,0,0,1,0,0,0
0.476161125,0,0,1,1,1,1
0.476190167,0,0,1,0,0,0
0.476359417,0,0,1,1,1,1
0.476388458,0,0,1,0,0,0
0.476557667,0,0,1,1,1,1
0.476586708,0,0,1,0,0,0
0.476755958,0,0,1,1,1,1
0.476785000,0,0,1,0,0,0
0.476954250,0,0,1,1,1,1
0.476983292,0,0,1,0,0,0
0.477152500,0,0,1,1,1,1
0.477181542,0,0,1,0,0,0
0.477350750,0,0,1,1,1,1
0.477379792,0,0,1,0,0,0
0.477549042,0,0,1,1,1,1
0.477578083,0,0,1,0,0,0
0.477747333,0,0,1,1,1,1
0.477776375,0,0,1,0,0,0
0.477945625,0,0,1,1,1,1
0.477974667,0,0,1,0,0,0
0.478143958,0,0,1,1,1,1
0.478173000,0,0,1,0,0,0
0.478342292,0,0,1,1,1,1
0.478371333,0,0,1,0,0,0
0.478540583,0,0,1,1,1,1
0.478569625,0,0,1,0,0,0
0.478738833,0,0,1,1,1,1
0.478767875,0,0,1,0,0,0
0.478937083,0,0,1,1,1,1
0.478966125,0,0,1,0,0,0
0.479135375,0,0,1,1,1,1
0.479164417,0,0,1,0,0,0
0.479333625,0,0,1,1,1,1
0.479362667,0,0,1,0,0,0
0.479531917,0,0,1,1,1,1
0.479560958,0,0,1,0,0,0
0.479730167,0,0,1,1,1,1
0.479759208,0,0,1,0,0,0
0.479928458,0,0,1,1,1,1
0.479957500,0,0,1,0,0,0
0.480126708,0,0,1,1,1,1
0.480155750,0,0,1,0,0,0
0.480325000,0,0,1,1,1,1
0.480354042,0,0,1,0,0,0
0.480523250,0,0,1,1,1,1
0.480552250,0,0,1,0,0,0
0.480721500,0,0,1,1,1,1
0.480750542,0,0,1,0,0,0
0.480919750,0,0,1,1,1,1
0.480948792,0,0,1,0,0,0
0.481118000,0,0,1,1,1,1
0.481147042,0,0,1,0,0,0
0.481316250,0,0,1,1,1,1
0.481345292,0,0,1,0,0,0
0.481514500,0,0,1,1,1,1
0.481543542,0,0,1,0,0,0
0.481712750,0,0,1,1,1,1
0.481741792,0,0,1,0,0,0
0.481910958,0,0,1,1,1,1
0.481940000,0,0,1,0,0,0
0.482109250,0,0,1,1,1,1
0.482138292,0,0,1,0,0,0
0.482307542,0,0,1,1,1,1
0.482336583,0,0,1,0,0,0
0.482505833,0,0,1,1,1,1
0.482534875,0,0,1,0,0,0
0.482704083,0,0,1,1,1,1
0.482733125,0,0,1,0,0,0
0.482902333,0,0,1,1,1,1
0.482931375,0,0,1,0,0,0
0.483100542,0,0,1,1,1,1
0.483129583,0,0,1,0,0,0
0.483298750,0,0,1,1,1,1
0.483327792,0,0,1,0,0,0
0.483497000,0,0,1,1,1,1
0.483526042,0,0,1,0,0,0
0.483695292,0,0,1,1,1,1
0.483724333,0,0,1,0,0,0
0.483893583,0,0,1,1,1,1
0.483922625,0,0,1,0,0,0
0.484091875,0,0,1,1,1,1
0.484120917,0,0,1,0,0,0
0.484290125,0,0,1,1,1,1
0.484319167,0,0,1,0,0,0
0.484488417,0,0,1,1,1,1
0.484517458,0,0,1,0,0,0
0.484686667,0,0,1,1,1,1
0.484715708,0,0,1,0,0,0
0.484884917,0,0,1,1,1,1
0.484913958,0,0,1,0,0,0
0.485083167,0,0,1,1,1,1
0.485112208,0,0,1,0,0,0
0.485281375,0,0,1,1,1,1
0.485310417,0,0,1,0,0,0
0.485479625,0,0,1,1,1,1
0.485508667,0,0,1,0,0,0
0.485677875,0,0,1,1,1,1
0.485706917,0,0,1,0,0,0
0.485876125,0,0,1,1,1,1
0.485905167,0,0,1,0,0,0
0.486074375,0,0,1,1,1,1
0.486103375,0,0,1,0,0,0
0.486272625,0,0,1,1,1,1
0.486301625,0,0,1,0,0,0
0.486470875,0,0,1,1,1,1
0.486499917,0,0,1,0,0,0
0.486669125,0,0,1,1,1,1
0.486698167,0,0,1,0,0,0
0.486867375,0,0,1,0,1,1
0.486867417,0,0,1,1,1,1
0.486896417,0,0,1,1,0,0
0.486896458,0,0,1,0,0,0
0.487065708,0,0,1,1,1,1
0.487094750,0,0,1,0,0,0
0.487264000,0,0,1,1,1,1
0.487293000,0,0,1,1,0,0
0.487293042,0,0,1,0,0,0
0.487462250,0,0,1,1,1,1
0.487491292,0,0,1,0,0,0
0.487660500,0,0,1,1,1,1
0.487689542,0,0,1,0,0,0
0.487858792,0,0,1,1,1,1
0.487887792,0,0,1,0,0,0
0.488057042,0,0,1,1,1,1
0.488086083,0,0,1,0,0,0
0.488255292,0,0,1,1,1,1
0.488284333,0,0,1,0,0,0
0.488453583,0,0,1,1,1,1
0.488482625,0,0,1,0,0,0
0.488651833,0,0,1,1,1,1
0.488680875,0,0,1,0,0,0
0.488850125,0,0,1,1,1,1
0.488879167,0,0,1,0,0,0
0.489048375,0,0,1,1,1,1
0.489077417,0,0,1,0,0,0
0.489246625,0,0,1,1,1,1
0.489275667,0,0,1,0,0,0
0.489444875,0,0,1,1,1,1
0.489473917,0,0,1,0,0,0
0.489643125,0,0,1,1,1,1
0.489672167,0,0,1,0,0,0
0.489841375,0,0,1,1,1,1
0.489870417,0,0,1,0,0,0
0.490039625,0,0,1,1,1,1
0.490068667,0,0,1,0,0,0
0.490237958,0,0,1,1,1,1
0.490267000,0,0,1,0,0,0
0.490436250,0,0,1,1,1,1
0.490465292,0,0,1,0,0,0
0.490634542,0,0,1,1,1,1
0.490663583,0,0,1,0,0,0
0.490832833,0,0,1,1,1,1
0.490861875,0,0,1,0,0,0
0.491031125,0,0,1,1,1,1
0.491060167,0,0,1,0,0,0
0.491229375,0,0,1,1,1,1
0.491258417,0,0,1,0,0,0
0.491427667,0,0,1,1,1,1
0.491456708,0,0,1,0,0,0
0.491625958,0,0,1,1,1,1
0.491655000,0,0,1,0,0,0
0.491824250,0,0,1,1,1,1
0.491853292,0,0,1,0,0,0
0.492022500,0,0,1,1,1,1
0.492051542,0,0,1,0,0,0
0.492220750,0,0,1,1,1,1
0.492249792,0,0,1,0,0,0
0.492419042,0,0,1,1,1,1
0.492448083,0,0,1,0,0,0
0.492617292,0,0,1,0,1,1
0.492617333,0,0,1,1,1,1
0.492646375,0,0,1,0,0,0
0.492815625,0,0,1,1,1,1
0.492844667,0,0,1,0,0,0
0.493013875,0,0,1,1,1,1
0.493042917,0,0,1,0,0,0
0.493212125,0,0,1,1,1,1
0.493241167,0,0,1,0,0,0
0.493410375,0,0,1,1,1,1
0.493439417,0,0,1,0,0,0
0.493608625,0,0,1,1,1,1
0.493637625,0,0,1,1,0,0
0.493637667,0,0,1,0,0,0
0.493806833,0,0,1,1,1,1
0.493835875,0,0,1,0,0,0
0.494005125,0,0,1,1,1,1
0.494034167,0,0,1,0,0,0
0.494203333,0,0,1,1,1,1
0.494232375,0,0,1,0,0,0
0.494401583,0,0,1,1,1,1
0.494430625,0,0,1,0,0,0
0.494599833,0,0,1,1,1,1
0.494628833,0,0,1,1,0,0
0.494628875,0,0,1,0,0,0
0.494798042,0,0,1,1,1,1
0.494827083,0,0,1,0,0,0
0.494996333,0,0,1,1,1,1
0.495025375,0,0,1,0,0,0
0.495194583,0,0,1,1,1,1
0.495223625,0,0,1,0,0,0
0.495392833,0,0,1,1,1,1
0.495421875,0,0,1,0,0,0
0.495591125,0,0,1,1,1,1
0.495620167,0,0,1,0,0,0
0.495789375,0,0,1,1,1,1
0.495818417,0,0,1,0,0,0
0.495987625,0,0,1,1,1,1
0.496016667,0,0,1,0,0,0
0.496185875,0,0,1,1,1,1
0.496214917,0,0,1,0,0,0
0.496384125,0,0,1,1,1,1
0.496413167,0,0,1,0,0,0
0.496582375,0,0,1,1,1,1
0.496611417,0,0,1,0,0,0
0.496780625,0,0,1,1,1,1
0.496809667,0,0,1,0,0,0
0.496978875,0,0,1,1,1,1
0.497007917,0,0,1,0,0,0
0.497177167,0,0,1,1,1,1
0.497206208,0,0,1,0,0,0
0.497375417,0,0,1,1,1,1
0.497404458,0,0,1,0,0,0
0.497573667,0,0,1,1,1,1
0.497602708,0,0,1,1,0,1
0.497602750,0,0,1,0,0,0
0.497771958,0,0,1,1,1,1
0.497801000,0,0,1,0,0,0
0.497970250,0,0,1,1,1,1
0.497999333,0,0,1,0,0,0
0.498168583,0,0,1,1,1,1
0.498197625,0,0,1,0,0,0
0.498366917,0,0,1,1,1,1
0.498395958,0,0,1,0,0,0
0.498565292,0,0,1,1,1,1
0.498594333,0,0,1,0,0,0
0.498763625,0,0,1,1,1,1
0.498792667,0,0,1,0,0,0
0.498961917,0,0,1,1,1,1
0.498990958,0,0,1,0,0,0
0.499160208,0,0,1,1,1,1
0.499189250,0,0,1,0,0,0
0.499358500,0,0,1,1,1,1
0.499387542,0,0,1,0,0,0
0.499556833,0,0,1,1,1,1
0.499585875,0,0,1,0,0,0
0.499755125,0,0,1,1,1,1
0.499784167,0,0,1,0,0,0
0.499953417,0,0,1,1,1,1
0.499982458,0,0,1,0,0,0
0.500151667,0,0,1,1,1,1
0.500180708,0,0,1,0,0,0
0.500349958,0,0,1,1,1,1
0.500379000,0,0,1,0,0,0
0.500548208,0,0,1,1,1,1
0.500577250,0,0,1,0,0,0
0.500746500,0,0,1,1,1,1
0.500775542,0,0,1,0,0,0
0.500944792,0,0,1,1,1,1
0.500973833,0,0,1,0,0,0
0.501143083,0,0,1,1,1,1
0.501172167,0,0,1,0,0,0
0.501341417,0,0,1,1,1,1
0.501370458,0,0,1,0,0,0
0.501539750,0,0,1,1,1,1
0.501568792,0,0,1,0,0,0
0.501738042,0,0,1,1,1,1
0.501767083,0,0,1,0,0,0
0.501936375,0,0,1,1,1,1
0.501965417,0,0,1,0,0,0
0.502134708,0,0,1,1,1,1
0.502163750,0,0,1,0,0,0
0.502333000,0,0,1,1,1,1
0.502362042,0,0,1,0,0,0
0.502531333,0,0,1,1,1,1
0.502560375,0,0,1,0,0,0
0.502729667,0,0,1,1,1,1
0.502758750,0,0,1,0,0,0
0.502928000,0,0,1,1,1,1
0.502957042,0,0,1,0,0,0
0.503126333,0,0,1,1,1,1
0.503155375,0,0,1,0,0,0
0.503324667,0,0,1,1,1,1
0.503353750,0,0,1,0,0,0
0.503523042,0,0,1,1,1,1
0.503552083,0,0,1,0,0,0
0.503721417,0,0,1,1,1,1
0.503750458,0,0,1,0,0,0
0.503919792,0,0,1,1,1,1
0.503948833,0,0,1,0,0,0
0.504118125,0,0,1,1,1,1
0.504147208,0,0,1,0,0,0
0.504316458,0,0,1,1,1,1
0.504345542,0,0,1,0,0,0
0.504514792,0,0,1,1,1,1
0.504543833,0,0,1,0,0,0
0.504713125,0,0,1,1,1,1
0.504742167,0,0,1,0,0,0
0.504911417,0,0,1,1,1,1
0.504940458,0,0,1,0,0,0
0.505109708,0,0,1,1,1,1
0.505138750,0,0,1,0,0,0
0.505308000,0,0,1,1,1,1
0.505337042,0,0,1,0,0,0
0.505506292,0,0,1,1,1,1
0.505535375,0,0,1,0,0,0
0.505704667,0,0,1,1,1,1
0.505733708,0,0,1,0,0,0
0.505903000,0,0,1,1,1,1
0.505932042,0,0,1,0,0,0
0.506101333,0,0,1,1,1,1
0.506130417,0,0,1,0,0,0
0.506299667,0,0,1,1,1,1
0.506328708,0,0,1,0,0,0
0.506498000,0,0,1,1,1,1
0.506527042,0,0,1,0,0,0
0.506696292,0,0,1,1,1,1
0.506725333,0,0,1,0,0,0
0.506894625,0,0,1,1,1,1
0.506923667,0,0,1,0,0,0
0.507092958,0,0,1,1,1,1
0.507122000,0,0,1,0,0,0
0.507291292,0,0,1,1,1,1
0.507320333,0,0,1,0,0,0
0.507489625,0,0,1,1,1,1
0.507518667,0,0,1,0,0,0
0.507687917,0,0,1,1,1,1
0.507717000,0,0,1,0,0,0
0.507886250,0,0,1,1,1,1
0.507915292,0,0,1,1,0,0
0.507915333,0,0,1,0,0,0
0.508084583,0,0,1,1,1,1
0.508113625,0,0,1,0,0,0
0.508282917,0,0,1,1,1,1
0.508311958,0,0,1,0,0,0
0.508481208,0,0,1,1,1,1
0.508510250,0,0,1,0,0,0
0.508679542,0,0,1,1,1,1
0.508708583,0,0,1,0,0,0
0.508877833,0,0,1,1,1,1
0.508906917,0,0,1,0,0,0
0.509076167,0,0,1,1,1,1
0.509105208,0,0,1,0,0,0
0.509274500,0,0,1,1,1,1
0.509303542,0,0,1,0,0,0
0.509472750,0,0,1,1,1,1
0.509501792,0,0,1,0,0,0
0.509671000,0,0,1,1,1,1
0.509700042,0,0,1,0,0,0
0.509869250,0,0,1,1,1,1
0.509898292,0,0,1,0,0,0
0.510067500,0,0,1,1,1,1
0.510096542,0,0,1,0,0,0
0.510265708,0,0,1,1,1,1
0.510294750,0,0,1,0,0,0
0.510463958,0,0,1,1,1,1
0.510493000,0,0,1,0,0,0
0.510662250,0,0,1,1,1,1
0.510691292,0,0,1,0,0,0
0.510860458,0,0,1,1,1,1
0.510889500,0,0,1,0,0,0
0.511058708,0,0,1,0,1,0
0.511058750,0,0,1,1,1,1
0.511087750,0,0,1,0,0,0
0.511257000,0,0,1,1,1,1
0.511286042,0,0,1,0,0,0
0.511455333,0,0,1,1,1,1
0.511484375,0,0,1,0,0,0
0.511653625,0,0,1,1,1,1
0.511682667,0,0,1,0,0,0
0.511851917,0,0,1,1,1,1
0.511880958,0,0,1,0,0,0
0.512050208,0,0,1,1,1,1
0.512079250,0,0,1,0,0,0
0.512248542,0,0,1,1,1,1
0.512277583,0,0,1,0,0,0
0.512446833,0,0,1,1,1,1
0.512475875,0,0,1,0,0,0
0.512645167,0,0,1,1,1,1
0.512674208,0,0,1,0,0,0
0.512843417,0,0,1,1,1,1
0.512872458,0,0,1,0,0,0
0.513041708,0,0,1,1,1,1
0.513070750,0,0,1,0,0,0
0.513240000,0,0,1,1,1,1
0.513269042,0,0,1,0,0,0
0.513438292,0,0,1,1,1,1
0.513467333,0,0,1,0,0,0
0.513636583,0,0,1,1,1,1
0.513665625,0,0,1,0,0,0
0.513834833,0,0,1,1,1,1
0.513863875,0,0,1,0,0,0
0.514033125,0,0,1,1,1,1
0.514062167,0,0,1,0,0,0
0.514231417,0,0,1,1,1,1
0.514260458,0,0,1,0,0,0
0.514429708,0,0,1,1,1,1
0.514458792,0,0,1,0,0,0
0.514628000,0,0,1,1,1,1
0.514657042,0,0,1,0,0,0
0.514826250,0,0,1,1,1,1
0.514855292,0,0,1,0,0,0
0.515024542,0,0,1,1,1,1
0.515053542,0,0,1,1,0,0
0.515053583,0,0,1,0,0,0
0.515222833,0,0,1,1,1,1
0.515251875,0,0,1,0,0,0
0.515421083,0,0,1,1,1,1
0.515450125,0,0,1,0,0,0
0.515619375,0,0,1,1,1,1
0.515648417,0,0,1,0,0,0
0.515817625,0,0,1,1,1,1
0.515846667,0,0,1,0,0,0
0.516015875,0,0,1,1,1,1
0.516044917,0,0,1,0,0,0
0.516214083,0,0,1,1,1,1
0.516243125,0,0,1,0,0,0
0.516412292,0,0,1,1,1,1
0.516441292,0,0,1,0,0,0
0.516610500,0,0,1,1,1,1
0.516639500,0,0,1,0,0,0
0.516808667,0,0,1,1,1,1
0.516837708,0,0,1,0,0,0
0.517006917,0,0,1,1,1,1
0.517035917,0,0,1,0,0,0
0.517205125,0,0,1,1,1,1
0.517234125,0,0,1,0,0,0
0.517403333,0,0,1,1,1,1
0.517432375,0,0,1,0,0,0
0.517601583,0,0,1,1,1,1
0.517630583,0,0,1,0,0,0
0.517799792,0,0,1,1,1,1
0.517828833,0,0,1,0,0,0
0.517998000,0,0,1,1,1,1
0.518027042,0,0,1,0,0,0
0.518196250,0,0,1,1,1,1
0.518225250,0,0,1,0,0,0
0.518394458,0,0,1,1,1,1
0.518423458,0,0,1,0,0,0
0.518592667,0,0,1,1,1,1
0.518621708,0,0,1,0,0,0
0.518790917,0,0,1,1,1,1
0.518819917,0,0,1,0,0,0
0.518989167,0,0,1,1,1,1
0.519018208,0,0,1,0,0,0
0.519187458,0,0,1,1,1,1
0.519216500,0,0,1,0,0,0
0.519385792,0,0,1,1,1,1
0.519414833,0,0,1,0,0,0
0.519584083,0,0,1,0,1,1
0.519584125,0,0,1,1,1,1
0.519613167,0,0,1,0,0,0
0.519782375,0,0,1,1,1,1
0.519811417,0,0,1,0,0,0
0.519980667,0,0,1,1,1,1
0.520009708,0,0,1,0,0,0
0.520178917,0,0,1,1,1,1
0.520208000,0,0,1,0,0,0
0.520377208,0,0,1,1,1,1
0.520406250,0,0,1,0,0,0
0.520575458,0,0,1,1,1,1
0.520604500,0,0,1,0,0,0
0.520773750,0,0,1,1,1,1
0.520802792,0,0,1,0,0,0
0.520972000,0,0,1,1,1,1
0.521001042,0,0,1,0,0,0
0.521170292,0,0,1,1,1,1
0.521199333,0,0,1,0,0,0
0.521368583,0,0,1,1,1,1
0.521397625,0,0,1,0,0,0
0.521566875,0,0,1,1,1,1
0.521595917,0,0,1,0,0,0
0.521765167,0,0,1,1,1,1
0.521794208,0,0,1,0,0,0
0.521963458,0,0,1,1,1,1
0.521992500,0,0,1,0,0,0
0.522161750,0,0,1,1,1,1
0.522190792,0,0,1,0,0,0
0.522360000,0,0,1,1,1,1
0.522389042,0,0,1,0,0,0
0.522558292,0,0,1,1,1,1
0.522587333,0,0,1,0,0,0
0.522756542,0,0,1,1,1,1
0.522785583,0,0,1,0,0,0
0.522954792,0,0,1,1,1,1
0.522983833,0,0,1,0,0,0
0.523153042,0,0,1,1,1,1
0.523182083,0,0,1,0,0,0
0.523351250,0,0,1,1,1,1
0.523380292,0,0,1,0,0,0
0.523549500,0,0,1,1,1,1
0.523578542,0,0,1,0,0,0
0.523747750,0,0,1,1,1,1
0.523776792,0,0,1,0,0,0
0.523946042,0,0,1,1,1,1
0.523975083,0,0,1,0,0,0
0.524144292,0,0,1,1,1,1
0.524173333,0,0,1,0,0,0
0.524342542,0,0,1,1,1,1
0.524371583,0,0,1,0,0,0
0.524540792,0,0,1,1,1,1
0.524569833,0,0,1,0,0,0
0.524739042,0,0,1,1,1,1
0.524768042,0,0,1,0,0,0
0.524937250,0,0,1,1,1,1
0.524966250,0,0,1,0,0,0
0.525135458,0,0,1,1,1,1
0.525164500,0,0,1,0,0,0
0.525333708,0,0,1,1,1,1
0.525362750,0,0,1,0,0,0
0.525531958,0,0,1,1,1,1
0.525561000,0,0,1,0,0,0
0.525730250,0,0,1,1,1,1
0.525759292,0,0,1,0,0,0
0.525928500,0,0,1,1,1,1
0.525957542,0,0,1,0,0,0
0.526126708,0,0,1,1,1,1
0.526155750,0,0,1,0,0,0
0.526324958,0,0,1,1,1,1
0.526353958,0,0,1,1,0,0
0.526354000,0,0,1,0,0,0
0.526523167,0,0,1,1,1,1
0.526552208,0,0,1,0,0,0
0.526721417,0,0,1,1,1,1
0.526750458,0,0,1,0,0,0
0.526919625,0,0,1,1,1,1
0.526948667,0,0,1,0,0,0
0.527117792,0,0,1,1,1,1
0.527146833,0,0,1,0,0,0
0.527316000,0,0,1,1,1,1
0.527345000,0,0,1,0,0,0
0.527514208,0,0,1,1,1,1
0.527543250,0,0,1,0,0,0
0.527712458,0,0,1,1,1,1
0.527741458,0,0,1,1,0,0
0.527741500,0,0,1,0,0,0
0.527910667,0,0,1,1,1,1
0.527939708,0,0,1,0,0,0
0.528108917,0,0,1,1,1,1
0.528137958,0,0,1,0,0,0
0.528307208,0,0,1,1,1,1
0.528336250,0,0,1,0,0,0
0.528505417,0,0,1,1,1,1
0.528534458,0,0,1,0,0,0
0.528703625,0,0,1,1,1,1
0.528732667,0,0,1,0,0,0
0.528901875,0,0,1,1,1,1
0.528930875,0,0,1,0,0,0
0.529100083,0,0,1,1,1,1
0.529129125,0,0,1,0,0,0
0.529298333,0,0,1,1,1,1
0.529327375,0,0,1,0,0,0
0.529496625,0,0,1,1,1,1
0.529525667,0,0,1,0,0,0
0.529694875,0,0,1,1,1,1
0.529723917,0,0,1,0,0,0
0.529893167,0,0,1,1,1,1
0.529922208,0,0,1,0,0,0
0.530091417,0,0,1,1,1,1
0.530120458,0,0,1,0,0,0
0.530289667,0,0,1,1,1,1
0.530318708,0,0,1,0,0,0
0.530487958,0,0,1,1,1,1
0.530517000,0,0,1,0,0,0
0.530686167,0,0,1,1,1,1
0.530715208,0,0,1,0,0,0
0.530884417,0,0,1,1,1,1
0.530913458,0,0,1,0,0,0
0.531082708,0,0,1,1,1,1
0.531111750,0,0,1,0,0,0
0.531280958,0,0,1,1,1,1
0.531310000,0,0,1,0,0,0
0.531479208,0,0,1,1,1,1
0.531508208,0,0,1,0,0,0
0.531677458,0,0,1,1,1,1
0.531706500,0,0,1,0,0,0
0.531875708,0,0,1,1,1,1
0.531904750,0,0,1,0,0,0
0.532073958,0,0,1,1,1,1
0.532103000,0,0,1,0,0,0
0.532272208,0,0,1,1,1,1
0.532301250,0,0,1,0,0,0
0.532470500,0,0,1,1,1,1
0.532499542,0,0,1,0,0,0
0.532668833,0,0,1,1,1,1
0.532697875,0,0,1,0,0,0
0.532867167,0,0,1,1,1,1
0.532896208,0,0,1,0,0,0
0.533065458,0,0,1,1,1,1
0.533094500,0,0,1,0,0,0
0.533263750,0,0,1,1,1,1
0.533292792,0,0,1,0,0,0
0.533462000,0,0,1,1,1,1
0.533491042,0,0,1,0,0,0
0.533660250,0,0,1,1,1,1
0.533689292,0,0,1,0,0,0
0.533858458,0,0,1,1,1,1
0.533887500,0,0,1,0,0,0
0.534056708,0,0,1,1,1,1
0.534085750,0,0,1,0,0,0
0.534254958,0,0,1,1,1,1
0.534284000,0,0,1,0,0,0
0.534453208,0,0,1,1,1,1
0.534482250,0,0,1,0,0,0
0.534651417,0,0,1,1,1,1
0.534680458,0,0,1,0,0,0
0.534849667,0,0,1,1,1,1
0.534878708,0,0,1,0,0,0
0.535047917,0,0,1,1,1,1
0.535076958,0,0,1,0,0,0
0.535246167,0,0,1,1,1,1
0.535275208,0,0,1,0,0,0
0.535444417,0,0,1,1,1,1
0.535473458,0,0,1,0,0,0
0.535642625,0,0,1,1,1,1
0.535671667,0,0,1,0,0,0
0.535840833,0,0,1,1,1,1
0.535869875,0,0,1,0,0,0
0.536039042,0,0,1,1,1,1
0.536068083,0,0,1,0,0,0
0.536237292,0,0,1,1,1,1
0.536266333,0,0,1,0,0,0
0.536435583,0,0,1,1,1,1
0.536464625,0,0,1,0,0,0
0.536633792,0,0,1,1,1,1
0.536662833,0,0,1,0,0,0
0.536832042,0,0,1,1,1,1
0.536861042,0,0,1,1,0,0
0.536861083,0,0,1,0,0,0
0.537030292,0,0,1,1,1,1
0.537059333,0,0,1,0,0,0
0.537228583,0,0,1,1,1,1
0.537257625,0,0,1,0,0,0
0.537426875,0,0,1,1,1,1
0.537455917,0,0,1,0,0,0
0.537625167,0,0,1,1,1,1
0.537654208,0,0,1,0,0,0
0.537823500,0,0,1,1,1,1
0.537852542,0,0,1,0,0,0
0.538021833,0,0,1,1,1,1
0.538050875,0,0,1,0,0,0
0.538220167,0,0,1,1,1,1
0.538249250,0,0,1,0,0,0
0.538418500,0,0,1,1,1,1
0.538447542,0,0,1,0,0,0
0.538616792,0,0,1,1,1,1
0.538645833,0,0,1,0,0,0
0.538815125,0,0,1,1,1,1
0.538844167,0,0,1,0,0,0
0.539013417,0,0,1,1,1,1
0.539042458,0,0,1,0,0,0
0.539211708,0,0,1,1,1,1
0.539240750,0,0,1,0,0,0
0.539410000,0,0,1,1,1,1
0.539439042,0,0,1,0,0,0
0.539608292,0,0,1,1,1,1
0.539637333,0,0,1,0,0,0
0.539806583,0,0,1,1,1,1
0.539835625,0,0,1,0,0,0
0.540004875,0,0,1,0,1,0
0.540004917,0,0,1,1,1,1
0.540033958,0,0,1,0,0,0
0.540203208,0,0,1,1,1,1
0.540232250,0,0,1,0,0,0
0.540401500,0,0,1,1,1,1
0.540430542,0,0,1,0,0,0
0.540599792,0,0,1,1,1,1
0.540628875,0,0,1,0,0,0
0.540798125,0,0,1,1,1,1
0.540827167,0,0,1,0,0,0
0.540996417,0,0,1,1,1,1
0.541025458,0,0,1,0,0,0
0.541194750,0,0,1,1,1,1
0.541223792,0,0,1,0,0,0
0.541393042,0,0,1,1,1,1
0.541422083,0,0,1,0,0,0
0.541591375,0,0,1,1,1,1
0.541620417,0,0,1,0,0,0
0.541789667,0,0,1,1,1,1
0.541818708,0,0,1,0,0,0
0.541988000,0,0,1,1,1,1
0.542017042,0,0,1,0,0,0
0.542186292,0,0,1,1,1,1
0.542215375,0,0,1,0,0,0
0.542384583,0,0,1,1,1,1
0.542413625,0,0,1,0,0,0
0.542582917,0,0,1,1,1,1
0.542611958,0,0,1,0,0,0
0.542781208,0,0,1,1,1,1
0.542810250,0,0,1,0,0,0
0.542979458,0,0,1,1,1,1
0.543008500,0,0,1,0,0,0
0.543177708,0,0,1,1,1,1
0.543206750,0,0,1,0,0,0
0.543375958,0,0,1,0,1,1
0.543376000,0,0,1,1,1,1
0.543405042,0,0,1,0,0,0
0.543574250,0,0,1,1,1,1
0.543603333,0,0,1,0,0,0
0.543772542,0,0,1,1,1,1
0.543801583,0,0,1,0,0,0
0.543970833,0,0,1,1,1,1
0.543999875,0,0,1,0,0,0
0.544169125,0,0,1,1,1,1
0.544198167,0,0,1,0,0,0
0.544367417,0,0,1,1,1,1
0.544396458,0,0,1,0,0,0
0.544565667,0,0,1,1,1,1
0.544594708,0,0,1,0,0,0
0.544763917,0,0,1,1,1,1
0.544792958,0,0,1,0,0,0
0.544962208,0,0,1,1,1,1
0.544991250,0,0,1,0,0,0
0.545160500,0,0,1,1,1,1
0.545189542,0,0,1,0,0,0
0.545358792,0,0,1,1,1,1
0.545387833,0,0,1,0,0,0
0.545557042,0,0,1,1,1,1
0.545586083,0,0,1,0,0,0
0.545755375,0,0,1,1,1,1
0.545784417,0,0,1,0,0,0
0.545953708,0,0,1,1,1,1
0.545982750,0,0,1,0,0,0
0.546152000,0,0,1,1,1,1
0.546181042,0,0,1,0,0,0
0.546350333,0,0,1,1,1,1
0.546379375,0,0,1,0,0,0
0.546548667,0,0,1,1,1,1
0.546577708,0,0,1,0,0,0
0.546746958,0,0,1,1,1,1
0.546776000,0,0,1,0,0,0
0.546945250,0,0,1,1,1,1
0.546974292,0,0,1,0,0,0
0.547143542,0,0,1,1,1,1
0.547172583,0,0,1,0,0,0
0.547341917,0,0,1,1,1,1
0.547370958,0,0,1,0,0,0
0.547540208,0,0,1,1,1,1
0.547569250,0,0,1,0,0,0
0.547738542,0,0,1,1,1,1
0.547767583,0,0,1,0,0,0
0.547936875,0,0,1,1,1,1
0.547965958,0,0,1,0,0,0
0.548135250,0,0,1,1,1,1
0.548164292,0,0,1,0,0,0
0.548333542,0,0,1,1,1,1
0.548362583,0,0,1,0,0,0
0.548531833,0,0,1,1,1,1
0.548560875,0,0,1,0,0,0
0.548730125,0,0,1,1,1,1
0.548759167,0,0,1,0,0,0
0.548928458,0,0,1,1,1,1
0.548957458,0,0,1,1,0,1
0.548957500,0,0,1,0,0,0
0.549126750,0,0,1,1,1,1
0.549155792,0,0,1,0,0,0
0.549325083,0,0,1,1,1,1
0.549354125,0,0,1,0,0,0
0.549523417,0,0,1,1,1,1
0.549552458,0,0,1,0,0,0
0.549721750,0,0,1,1,1,1
0.549750792,0,0,1,0,0,0
0.549920083,0,0,1,1,1,1
0.549949125,0,0,1,0,0,0
0.550118417,0,0,1,1,1,1
0.550147458,0,0,1,0,0,0
0.550316708,0,0,1,1,1,1
0.550345750,0,0,1,0,0,0
0.550515042,0,0,1,1,1,1
0.550544083,0,0,1,0,0,0
0.550713292,0,0,1,1,1,1
0.550742333,0,0,1,0,0,0
0.550911625,0,0,1,1,1,1
0.550940708,0,0,1,0,0,0
0.551110000,0,0,1,1,1,1
0.551139042,0,0,1,0,0,0
0.551308333,0,0,1,1,1,1
0.551337375,0,0,1,0,0,0
0.551506667,0,0,1,1,1,1
0.551535708,0,0,1,0,0,0
0.551705042,0,0,1,1,1,1
0.551734083,0,0,1,0,0,0
0.551903375,0,0,1,1,1,1
0.551932417,0,0,1,0,0,0
0.552101667,0,0,1,1,1,1
0.552130708,0,0,1,0,0,0
0.552299958,0,0,1,1,1,1
0.552329042,0,0,1,0,0,0
0.552498292,0,0,1,0,1,1
0.552498333,0,0,1,1,1,1
0.552527375,0,0,1,0,0,0
0.552696667,0,0,1,1,1,1
0.552725708,0,0,1,0,0,0
0.552895000,0,0,1,1,1,1
0.552924083,0,0,1,0,0,0
0.553093375,0,0,1,1,1,1
0.553122417,0,0,1,0,0,0
0.553291708,0,0,1,1,1,1
0.553320792,0,0,1,0,0,0
0.553490083,0,0,1,1,1,1
0.553519125,0,0,1,0,0,0
0.553688417,0,0,1,1,1,1
0.553717458,0,0,1,0,0,0
0.553886750,0,0,1,1,1,1
0.553915833,0,0,1,0,0,0
0.554085083,0,0,1,1,1,1
0.554114125,0,0,1,0,0,0
0.554283417,0,0,1,1,1,1
0.554312458,0,0,1,0,0,0
0.554481750,0,0,1,1,1,1
0.554510792,0,0,1,0,0,0
0.554680125,0,0,1,1,1,1
0.554709167,0,0,1,0,0,0
0.554878417,0,0,1,1,1,1
0.554907500,0,0,1,0,0,0
0.555076750,0,0,1,1,1,1
0.555105833,0,0,1,0,0,0
0.555275125,0,0,1,1,1,1
0.555304167,0,0,1,0,0,0
0.555473417,0,0,1,1,1,1
0.555502458,0,0,1,0,0,0
0.555671750,0,0,1,1,1,1
0.555700792,0,0,1,0,0,0
0.555870042,0,0,1,1,1,1
0.555899083,0,0,1,0,0,0
0.556068333,0,0,1,1,1,1
0.556097375,0,0,1,0,0,0
0.556266625,0,0,1,1,1,1
0.556295667,0,0,1,0,0,0
0.556464958,0,0,1,1,1,1
0.556494000,0,0,1,0,0,0
0.556663250,0,0,1,1,1,1
0.556692292,0,0,1,0,0,0
0.556861542,0,0,1,1,1,1
0.556890583,0,0,1,0,0,0
0.557059792,0,0,1,1,1,1
0.557088833,0,0,1,0,0,0
0.557258083,0,0,1,1,1,1
0.557287125,0,0,1,0,0,0
0.557456375,0,0,1,1,1,1
0.557485417,0,0,1,0,0,0
0.557654667,0,0,1,1,1,1
0.557683708,0,0,1,0,0,0
0.557852917,0,0,1,1,1,1
0.557882000,0,0,1,0,0,0
0.558051250,0,0,1,1,1,1
0.558080292,0,0,1,0,0,0
0.558249583,0,0,1,1,1,1
0.558278625,0,0,1,0,0,0
0.558447875,0,0,1,1,1,1
0.558476917,0,0,1,0,0,0
0.558646250,0,0,1,1,1,1
0.558675292,0,0,1,0,0,0
0.558844625,0,0,1,1,1,1
0.558873667,0,0,1,0,0,0
0.559042917,0,0,1,1,1,1
0.559071958,0,0,1,0,0,0
0.559241208,0,0,1,1,1,1
0.559270250,0,0,1,0,0,0
0.559439500,0,0,1,1,1,1
0.559468542,0,0,1,0,0,0
0.559637833,0,0,1,1,1,1
0.559666875,0,0,1,0,0,0
0.559836125,0,0,1,1,1,1
0.559865208,0,0,1,0,0,0
0.560034500,0,0,1,1,1,1
0.560063542,0,0,1,0,0,0
0.560232833,0,0,1,1,1,1
0.560261917,0,0,1,0,0,0
0.560431208,0,0,1,1,1,1
0.560460250,0,0,1,0,0,0
0.560629583,0,0,1,1,1,1
0.560658625,0,0,1,0,0,0
0.560827958,0,0,1,1,1,1
0.560857000,0,0,1,0,0,0
0.561026292,0,0,1,1,1,1
0.561055333,0,0,1,0,0,0
0.561224625,0,0,1,1,1,1
0.561253667,0,0,1,0,0,0
0.561423000,0,0,1,1,1,1
0.561452042,0,0,1,0,0,0
0.561621292,0,0,1,1,1,1
0.561650375,0,0,1,0,0,0
0.561819625,0,0,1,1,1,1
0.561848667,0,0,1,0,0,0
0.562018000,0,0,1,1,1,1
0.562047042,0,0,1,0,0,0
0.562216375,0,0,1,1,1,1
0.562245417,0,0,1,0,0,0
0.562414708,0,0,1,1,1,1
0.562443792,0,0,1,0,0,0
0.562613125,0,0,1,1,1,1
0.562642167,0,0,1,0,0,0
0.562811500,0,0,1,1,1,1
0.562840583,0,0,1,0,0,0
0.563009875,0,0,1,1,1,1
0.563038958,0,0,1,0,0,0
0.563208250,0,0,1,1,1,1
0.563237292,0,0,1,0,0,0
0.563406583,0,0,1,1,1,1
0.563435625,0,0,1,0,0,0
0.563604875,0,0,1,1,1,1
0.563633958,0,0,1,0,0,0
0.563803250,0,0,1,1,1,1
0.563832292,0,0,1,0,0,0
0.564001542,0,0,1,1,1,1
0.564030583,0,0,1,0,0,0
0.564199917,0,0,1,1,1,1
0.564228958,0,0,1,0,0,0
0.564398208,0,0,1,1,1,1
0.564427250,0,0,1,0,0,0
0.564596500,0,0,1,1,1,1
0.564625542,0,0,1,0,0,0
0.564794792,0,0,1,1,1,1
0.564823833,0,0,1,0,0,0
0.564993083,0,0,1,1,1,1
0.565022125,0,0,1,0,0,0
0.565191375,0,0,1,1,1,1
0.565220417,0,0,1,0,0,0
0.565389625,0,0,1,1,1,1
0.565418667,0,0,1,0,0,0
0.565587875,0,0,1,1,1,1
0.565616917,0,0,1,0,0,0
0.565786167,0,0,1,1,1,1
0.565815208,0,0,1,0,0,0
0.565984458,0,0,1,1,1,1
0.566013500,0,0,1,0,0,0
0.566182708,0,0,1,1,1,1
0.566211792,0,0,1,0,0,0
0.566381000,0,0,1,1,1,1
0.566410042,0,0,1,1,0,1
0.566410083,0,0,1,0,0,0
0.566579333,0,0,1,1,1,1
0.566608375,0,0,1,0,0,0
0.566777625,0,0,1,1,1,1
0.566806708,0,0,1,0,0,0
0.566976000,0,0,1,1,1,1
0.567005042,0,0,1,0,0,0
0.567174292,0,0,1,1,1,1
0.567203333,0,0,1,0,0,0
0.567372625,0,0,1,1,1,1
0.567401667,0,0,1,0,0,0
0.567570917,0,0,1,1,1,1
0.567599958,0,0,1,0,0,0
0.567769208,0,0,1,1,1,1
0.567798250,0,0,1,0,0,0
0.567967500,0,0,1,1,1,1
0.567996542,0,0,1,0,0,0
0.568165833,0,0,1,1,1,1
0.568194875,0,0,1,0,0,0
0.568364125,0,0,1,1,1,1
0.568393167,0,0,1,0,0,0
0.568562417,0,0,1,1,1,1
0.568591458,0,0,1,0,0,0
0.568760750,0,0,1,1,1,1
0.568789792,0,0,1,0,0,0
0.568959042,0,0,1,1,1,1
0.568988083,0,0,1,0,0,0
0.569157375,0,0,1,1,1,1
0.569186417,0,0,1,0,0,0
0.569355708,0,0,1,1,1,1
0.569384750,0,0,1,0,0,0
0.569554042,0,0,1,1,1,1
0.569583083,0,0,1,1,0,0
0.569583125,0,0,1,0,0,0
0.569752333,0,0,1,1,1,1
0.569781375,0,0,1,0,0,0
0.569950625,0,0,1,1,1,1
0.569979708,0,0,1,0,0,0
0.570148958,0,0,1,1,1,1
0.570178000,0,0,1,0,0,0
0.570347250,0,0,1,1,1,1
0.570376292,0,0,1,0,0,0
0.570545542,0,0,1,0,1,0
0.570545583,0,0,1,1,1,1
0.570574625,0,0,1,0,0,0
0.570743875,0,0,1,1,1,1
0.570772917,0,0,1,0,0,0
0.570942167,0,0,1,1,1,1
0.570971250,0,0,1,0,0,0
0.571140500,0,0,1,1,1,1
0.571169542,0,0,1,0,0,0
0.571338792,0,0,1,1,1,1
0.571367833,0,0,1,0,0,0
0.571537083,0,0,1,1,1,1
0.571566125,0,0,1,0,0,0
0.571735375,0,0,1,1,1,1
0.571764417,0,0,1,0,0,0
0.571933625,0,0,1,1,1,1
0.571962708,0,0,1,0,0,0
0.572131958,0,0,1,1,1,1
0.572161000,0,0,1,0,0,0
0.572330250,0,0,1,1,1,1
0.572359292,0,0,1,0,0,0
0.572528583,0,0,1,1,1,1
0.572557625,0,0,1,0,0,0
0.572726917,0,0,1,1,1,1
0.572755958,0,0,1,0,0,0
0.572925208,0,0,1,1,1,1
0.572954250,0,0,1,0,0,0
0.573123500,0,0,1,1,1,1
0.573152542,0,0,1,0,0,0
0.573321750,0,0,1,1,1,1
0.573350792,0,0,1,0,0,0
0.573520000,0,0,1,1,1,1
0.573549042,0,0,1,0,0,0
0.573718250,0,0,1,1,1,1
0.573747292,0,0,1,0,0,0
0.573916500,0,0,1,1,1,1
0.573945542,0,0,1,0,0,0
0.574114750,0,0,1,1,1,1
0.574143750,0,0,1,0,0,0
0.574312958,0,0,1,1,1,1
0.574342000,0,0,1,0,0,0
0.574511208,0,0,1,1,1,1
0.574540250,0,0,1,0,0,0
0.574709458,0,0,1,1,1,1
0.574738500,0,0,1,0,0,0
0.574907750,0,0,1,1,1,1
0.574936792,0,0,1,0,0,0
0.575106000,0,0,1,1,1,1
0.575135000,0,0,1,0,0,0
0.575304208,0,0,1,1,1,1
0.575333250,0,0,1,0,0,0
0.575502542,0,0,1,1,1,1
0.575531583,0,0,1,0,0,0
0.575700833,0,0,1,1,1,1
0.575729875,0,0,1,0,0,0
0.575899083,0,0,1,1,1,1
0.575928125,0,0,1,0,0,0
0.576097375,0,0,1,1,1,1
0.576126417,0,0,1,0,0,0
0.576295625,0,0,1,1,1,1
0.576324667,0,0,1,0,0,0
0.576493917,0,0,1,1,1,1
0.576522958,0,0,1,0,0,0
0.576692208,0,0,1,0,1,1
0.576692250,0,0,1,1,1,1
0.576721292,0,0,1,0,0,0
0.576890542,0,0,1,1,1,1
0.576919583,0,0,1,0,0,0
0.577088792,0,0,1,1,1,1
0.577117833,0,0,1,0,0,0
0.577287083,0,0,1,1,1,1
0.577316125,0,0,1,0,0,0
0.577485417,0,0,1,1,1,1
0.577514458,0,0,1,0,0,0
0.577683708,0,0,1,1,1,1
0.577712750,0,0,1,0,0,0
0.577882000,0,0,1,1,1,1
0.577911042,0,0,1,0,0,0
0.578080292,0,0,1,1,1,1
0.578109333,0,0,1,0,0,0
0.578278625,0,0,1,1,1,1
0.578307667,0,0,1,0,0,0
0.578476958,0,0,1,1,1,1
0.578506042,0,0,1,0,0,0
0.578675333,0,0,1,1,1,1
0.578704375,0,0,1,0,0,0
0.578873667,0,0,1,1,1,1
0.578902708,0,0,1,0,0,0
0.579072000,0,0,1,1,1,1
0.579101042,0,0,1,0,0,0
0.579270333,0,0,1,1,1,1
0.579299375,0,0,1,0,0,0
0.579468667,0,0,1,1,1,1
0.579497708,0,0,1,0,0,0
0.579667000,0,0,1,1,1,1
0.579696083,0,0,1,0,0,0
0.579865375,0,0,1,1,1,1
0.579894417,0,0,1,0,0,0
0.580063708,0,0,1,1,1,1
0.580092750,0,0,1,0,0,0
0.580262000,0,0,1,1,1,1
0.580291042,0,0,1,0,0,0
0.580460250,0,0,1,1,1,1
0.580489292,0,0,1,0,0,0
0.580658542,0,0,1,1,1,1
0.580687583,0,0,1,0,0,0
0.580856792,0,0,1,1,1,1
0.580885833,0,0,1,0,0,0
0.581055083,0,0,1,1,1,1
0.581084125,0,0,1,0,0,0
0.581253375,0,0,1,1,1,1
0.581282417,0,0,1,0,0,0
0.581451667,0,0,1,1,1,1
0.581480708,0,0,1,0,0,0
0.581649917,0,0,1,1,1,1
0.581678958,0,0,1,0,0,0
0.581848167,0,0,1,1,1,1
0.581877208,0,0,1,0,0,0
0.582046500,0,0,1,1,1,1
0.582075542,0,0,1,0,0,0
0.582244750,0,0,1,1,1,1
0.582273833,0,0,1,0,0,0
0.582443083,0,0,1,1,1,1
0.582472125,0,0,1,0,0,0
0.582641375,0,0,1,1,1,1
0.582670417,0,0,1,0,0,0
0.582839667,0,0,1,1,1,1
0.582868708,0,0,1,0,0,0
0.583037958,0,0,1,1,1,1
0.583067000,0,0,1,0,0,0
0.583236250,0,0,1,1,1,1
0.583265292,0,0,1,0,0,0
0.583434542,0,0,1,1,1,1
0.583463583,0,0,1,0,0,0
0.583632833,0,0,1,1,1,1
0.583661917,0,0,1,0,0,0
0.583831208,0,0,1,1,1,1
0.583860250,0,0,1,0,0,0
0.584029500,0,0,1,1,1,1
0.584058583,0,0,1,0,0,0
0.584227875,0,0,1,1,1,1
0.584256917,0,0,1,0,0,0
0.584426125,0,0,1,1,1,1
0.584455167,0,0,1,0,0,0
0.584624417,0,0,1,1,1,1
0.584653458,0,0,1,0,0,0
0.584822708,0,0,1,1,1,1
0.584851750,0,0,1,0,0,0
0.585021000,0,0,1,1,1,1
0.585050042,0,0,1,0,0,0
0.585219292,0,0,1,1,1,1
0.585248333,0,0,1,0,0,0
0.585417583,0,0,1,1,1,1
0.585446625,0,0,1,0,0,0
0.585615875,0,0,1,1,1,1
0.585644917,0,0,1,0,0,0
0.585814167,0,0,1,1,1,1
0.585843208,0,0,1,0,0,0
0.586012458,0,0,1,1,1,1
0.586041500,0,0,1,0,0,0
0.586210750,0,0,1,1,1,1
0.586239792,0,0,1,0,0,0
0.586409000,0,0,1,1,1,1
0.586438083,0,0,1,0,0,0
0.586607292,0,0,1,1,1,1
0.586636333,0,0,1,0,0,0
0.586805583,0,0,1,1,1,1
0.586834625,0,0,1,0,0,0
0.587003875,0,0,1,1,1,1
0.587032917,0,0,1,0,0,0
0.587202167,0,0,1,1,1,1
0.587231208,0,0,1,0,0,0
0.587400458,0,0,1,1,1,1
0.587429500,0,0,1,0,0,0
0.587598792,0,0,1,1,1,1
0.587627833,0,0,1,0,0,0
0.587797083,0,0,1,1,1,1
0.587826125,0,0,1,0,0,0
0.587995375,0,0,1,1,1,1
0.588024417,0,0,1,0,0,0
0.588193667,0,0,1,1,1,1
0.588222708,0,0,1,0,0,0
0.588391958,0,0,1,0,1,0
0.588392000,0,0,1,1,1,1
0.588421042,0,0,1,0,0,0
0.588590292,0,0,1,1,1,1
0.588619375,0,0,1,0,0,0
0.588788625,0,0,1,1,1,1
0.588817667,0,0,1,0,0,0
0.588986958,0,0,1,1,1,1
0.589016000,0,0,1,0,0,0
0.589185292,0,0,1,1,1,1
0.589214333,0,0,1,0,0,0
0.589383625,0,0,1,1,1,1
0.589412667,0,0,1,0,0,0
0.589582000,0,0,1,1,1,1
0.589611042,0,0,1,0,0,0
0.589780333,0,0,1,1,1,1
0.589809417,0,0,1,0,0,0
0.589978708,0,0,1,1,1,1
0.590007750,0,0,1,0,0,0
0.590177042,0,0,1,1,1,1
0.590206083,0,0,1,0,0,0
0.590375375,0,0,1,1,1,1
0.590404417,0,0,1,0,0,0
0.590573625,0,0,1,1,1,1
0.590602667,0,0,1,0,0,0
0.590771875,0,0,1,1,1,1
0.590800917,0,0,1,0,0,0
0.590970083,0,0,1,0,1,1
0.590970125,0,0,1,1,1,1
0.590999125,0,0,1,0,0,0
0.591168333,0,0,1,1,1,1
0.591197375,0,0,1,0,0,0
0.591366625,0,0,1,1,1,1
0.591395667,0,0,1,0,0,0
0.591564917,0,0,1,1,1,1
0.591593958,0,0,1,0,0,0
0.591763208,0,0,1,1,1,1
0.591792250,0,0,1,0,0,0
0.591961458,0,0,1,1,1,1
0.591990500,0,0,1,0,0,0
0.592159750,0,0,1,1,1,1
0.592188792,0,0,1,0,0,0
0.592358083,0,0,1,1,1,1
0.592387125,0,0,1,0,0,0
0.592556375,0,0,1,1,1,1
0.592585417,0,0,1,0,0,0
0.592754667,0,0,1,1,1,1
0.592783708,0,0,1,0,0,0
0.592952958,0,0,1,1,1,1
0.592982000,0,0,1,0,0,0
0.593151250,0,0,1,1,1,1
0.593180292,0,0,1,0,0,0
0.593349583,0,0,1,1,1,1
0.593378625,0,0,1,0,0,0
0.593547875,0,0,1,1,1,1
0.593576917,0,0,1,0,0,0
0.593746208,0,0,1,1,1,1
0.593775292,0,0,1,0,0,0
0.593944542,0,0,1,1,1,1
0.593973625,0,0,1,0,0,0
0.594142917,0,0,1,1,1,1
0.594171958,0,0,1,0,0,0
0.594341250,0,0,1,1,1,1
0.594370292,0,0,1,0,0,0
0.594539542,0,0,1,1,1,1
0.594568583,0,0,1,0,0,0
0.594737792,0,0,1,1,1,1
0.594766833,0,0,1,0,0,0
0.594936042,0,0,1,1,1,1
0.594965083,0,0,1,0,0,0
0.595134292,0,0,1,1,1,1
0.595163333,0,0,1,0,0,0
0.595332542,0,0,1,1,1,1
0.595361583,0,0,1,0,0,0
0.595530833,0,0,1,1,1,1
0.595559875,0,0,1,0,0,0
0.595729083,0,0,1,1,1,1
0.595758125,0,0,1,0,0,0
0.595927333,0,0,1,1,1,1
0.595956375,0,0,1,0,0,0
0.596125583,0,0,1,1,1,1
0.596154625,0,0,1,0,0,0
0.596323833,0,0,1,1,1,1
0.596352875,0,0,1,0,0,0
0.596522083,0,0,1,1,1,1
0.596551167,0,0,1,0,0,0
0.596720375,0,0,1,0,1,0
0.596720417,0,0,1,1,1,1
0.596749458,0,0,1,0,0,0
0.596918708,0,0,1,1,1,1
0.596947792,0,0,1,0,0,0
0.597117042,0,0,1,1,1,1
0.597146125,0,0,1,0,0,0
0.597315375,0,0,1,1,1,1
0.597344417,0,0,1,0,0,0
0.597513708,0,0,1,1,1,1
0.597542750,0,0,1,0,0,0
0.597712000,0,0,1,1,1,1
0.597741042,0,0,1,1,0,1
0.597741083,0,0,1,0,0,0
0.597910333,0,0,1,1,1,1
0.597939375,0,0,1,0,0,0
0.598108667,0,0,1,1,1,1
0.598137708,0,0,1,0,0,0
0.598306958,0,0,1,1,1,1
0.598336000,0,0,1,0,0,0
0.598505292,0,0,1,1,1,1
0.598534333,0,0,1,0,0,0
0.598703625,0,0,1,1,1,1
0.598732667,0,0,1,0,0,0
0.598901917,0,0,1,1,1,1
0.598930958,0,0,1,0,0,0
0.599100208,0,0,1,1,1,1
0.599129250,0,0,1,0,0,0
0.599298500,0,0,1,1,1,1
0.599327542,0,0,1,0,0,0
0.599496750,0,0,1,1,1,1
0.599525792,0,0,1,0,0,0
0.599695000,0,0,1,1,1,1
0.599724042,0,0,1,1,0,0
0.599724083,0,0,1,0,0,0
0.599893292,0,0,1,1,1,1
0.599922333,0,0,1,0,0,0
0.600091583,0,0,1,1,1,1
0.600120625,0,0,1,0,0,0
0.600289875,0,0,1,1,1,1
0.600318917,0,0,1,0,0,0
0.600488125,0,0,1,1,1,1
0.600517167,0,0,1,0,0,0
0.600686375,0,0,1,1,1,1
0.600715417,0,0,1,0,0,0
0.600884667,0,0,1,1,1,1
0.600913708,0,0,1,0,0,0
0.601082958,0,0,1,1,1,1
0.601112000,0,0,1,0,0,0
0.601281250,0,0,1,1,1,1
0.601310292,0,0,1,0,0,0
0.601479542,0,0,1,1,1,1
0.601508583,0,0,1,0,0,0
0.601677833,0,0,1,1,1,1
0.601706875,0,0,1,0,0,0
0.601876125,0,0,1,1,1,1
0.601905167,0,0,1,0,0,0
0.602074458,0,0,1,1,1,1
0.602103500,0,0,1,0,0,0
0.602272792,0,0,1,1,1,1
0.602301833,0,0,1,0,0,0
0.602471125,0,0,1,1,1,1
0.602500167,0,0,1,0,0,0
0.602669417,0,0,1,0,1,1
0.602669458,0,0,1,1,1,1
0.602698500,0,0,1,0,0,0
0.602867750,0,0,1,1,1,1
0.602896792,0,0,1,0,0,0
0.603066083,0,0,1,1,1,1
0.603095125,0,0,1,0,0,0
0.603264458,0,0,1,1,1,1
0.603293500,0,0,1,0,0,0
0.603462750,0,0,1,1,1,1
0.603491792,0,0,1,0,0,0
0.603661083,0,0,1,1,1,1
0.603690125,0,0,1,0,0,0
0.603859417,0,0,1,1,1,1
0.603888458,0,0,1,0,0,0
0.604057750,0,0,1,1,1,1
0.604086792,0,0,1,0,0,0
0.604256042,0,0,1,1,1,1
0.604285083,0,0,1,0,0,0
0.604454375,0,0,1,1,1,1
0.604483417,0,0,1,0,0,0
0.604652667,0,0,1,1,1,1
0.604681708,0,0,1,0,0,0
0.604850958,0,0,1,1,1,1
0.604880000,0,0,1,0,0,0
0.605049208,0,0,1,1,1,1
0.605078208,0,0,1,0,0,0
0.605247417,0,0,1,1,1,1
0.605276458,0,0,1,0,0,0
0.605445708,0,0,1,1,1,1
0.605474708,0,0,1,0,0,0
0.605643917,0,0,1,1,1,1
0.605672958,0,0,1,0,0,0
0.605842208,0,0,1,1,1,1
0.605871250,0,0,1,0,0,0
0.606040500,0,0,1,1,1,1
0.606069542,0,0,1,0,0,0
0.606238792,0,0,1,1,1,1
0.606267833,0,0,1,0,0,0
0.606437125,0,0,1,1,1,1
0.606466167,0,0,1,0,0,0
0.606635417,0,0,1,1,1,1
0.606664458,0,0,1,0,0,0
0.606833750,0,0,1,1,1,1
0.606862792,0,0,1,0,0,0
0.607032083,0,0,1,1,1,1
0.607061125,0,0,1,0,0,0
0.607230417,0,0,1,1,1,1
0.607259458,0,0,1,0,0,0
0.607428750,0,0,1,1,1,1
0.607457792,0,0,1,0,0,0
0.607627083,0,0,1,1,1,1
0.607656125,0,0,1,1,0,0
0.607656167,0,0,1,0,0,0
0.607825417,0,0,1,1,1,1
0.607854458,0,0,1,0,0,0
0.608023708,0,0,1,1,1,1
0.608052750,0,0,1,0,0,0
0.608222000,0,0,1,1,1,1
0.608251042,0,0,1,0,0,0
0.608420250,0,0,1,1,1,1
0.608449292,0,0,1,0,0,0
0.608618583,0,0,1,1,1,1
0.608647625,0,0,1,0,0,0
0.608816875,0,0,1,1,1,1
0.608845917,0,0,1,0,0,0
0.609015167,0,0,1,1,1,1
0.609044208,0,0,1,0,0,0
0.609213458,0,0,1,1,1,1
0.609242500,0,0,1,0,0,0
0.609411750,0,0,1,1,1,1
0.609440792,0,0,1,0,0,0
0.609610000,0,0,1,1,1,1
0.609639042,0,0,1,0,0,0
0.609808292,0,0,1,1,1,1
0.609837292,0,0,1,1,0,1
0.609837333,0,0,1,0,0,0
0.610006542,0,0,1,1,1,1
0.610035542,0,0,1,1,0,1
0.610035583,0,0,1,0,0,0
0.610204792,0,0,1,1,1,1
0.610233833,0,0,1,0,0,0
0.610403083,0,0,1,1,1,1
0.610432125,0,0,1,0,0,0
0.610601333,0,0,1,1,1,1
0.610630375,0,0,1,0,0,0
0.610799625,0,0,1,1,1,1
0.610828667,0,0,1,0,0,0
0.610997875,0,0,1,1,1,1
0.611026958,0,0,1,0,0,0
0.611196208,0,0,1,1,1,1
0.611225250,0,0,1,0,0,0
0.611394542,0,0,1,1,1,1
0.611423625,0,0,1,0,0,0
0.611592833,0,0,1,1,1,1
0.611621875,0,0,1,0,0,0
0.611791125,0,0,1,1,1,1
0.611820167,0,0,1,0,0,0
0.611989375,0,0,1,1,1,1
0.612018417,0,0,1,0,0,0
0.612187625,0,0,1,1,1,1
0.612216667,0,0,1,0,0,0
0.612385917,0,0,1,1,1,1
0.612414958,0,0,1,0,0,0
0.612584167,0,0,1,1,1,1
0.612613208,0,0,1,0,0,0
0.612782458,0,0,1,1,1,1
0.612811500,0,0,1,0,0,0
0.612980750,0,0,1,1,1,1
0.613009792,0,0,1,0,0,0
0.613179042,0,0,1,1,1,1
0.613208083,0,0,1,0,0,0
0.613377333,0,0,1,1,1,1
0.613406417,0,0,1,0,0,0
0.613575667,0,0,1,1,1,1
0.613604750,0,0,1,0,0,0
0.613774042,0,0,1,1,1,1
0.613803083,0,0,1,0,0,0
0.613972375,0,0,1,1,1,1
0.614001417,0,0,1,0,0,0
0.614170667,0,0,1,1,1,1
0.614199708,0,0,1,0,0,0
0.614369000,0,0,1,1,1,1
0.614398042,0,0,1,0,0,0
0.614567333,0,0,1,1,1,1
0.614596417,0,0,1,0,0,0
0.614765708,0,0,1,1,1,1
0.614794750,0,0,1,0,0,0
0.614964083,0,0,1,1,1,1
0.614993125,0,0,1,0,0,0
0.615162458,0,0,1,1,1,1
0.615191500,0,0,1,0,0,0
0.615360833,0,0,1,1,1,1
0.615389875,0,0,1,0,0,0
0.615559208,0,0,1,1,1,1
0.615588250,0,0,1,0,0,0
0.615757542,0,0,1,1,1,1
0.615786583,0,0,1,0,0,0
0.615955917,0,0,1,1,1,1
0.615984958,0,0,1,0,0,0
0.616154292,0,0,1,1,1,1
0.616183333,0,0,1,0,0,0
0.616352667,0,0,1,1,1,1
0.616381708,0,0,1,0,0,0
0.616551042,0,0,1,1,1,1
0.616580125,0,0,1,0,0,0
0.616749417,0,0,1,1,1,1
0.616778500,0,0,1,0,0,0
0.616947750,0,0,1,1,1,1
0.616976792,0,0,1,1,0,0
0.616976833,0,0,1,0,0,0
0.617146125,0,0,1,1,1,1
0.617175167,0,0,1,0,0,0
0.617344458,0,0,1,1,1,1
0.617373542,0,0,1,0,0,0
0.617542833,0,0,1,1,1,1
0.617571917,0,0,1,0,0,0
0.617741208,0,0,1,1,1,1
0.617770250,0,0,1,0,0,0
0.617939542,0,0,1,1,1,1
0.617968583,0,0,1,0,0,0
0.618137875,0,0,1,1,1,1
0.618166917,0,0,1,0,0,0
0.618336167,0,0,1,1,1,1
0.618365208,0,0,1,0,0,0
0.618534458,0,0,1,1,1,1
0.618563500,0,0,1,0,0,0
0.618732750,0,0,1,1,1,1
0.618761792,0,0,1,0,0,0
0.618931042,0,0,1,1,1,1
0.618960083,0,0,1,0,0,0
0.619129333,0,0,1,1,1,1
0.619158375,0,0,1,0,0,0
0.619327667,0,0,1,1,1,1
0.619356708,0,0,1,0,0,0
0.619526000,0,0,1,1,1,1
0.619555042,0,0,1,1,0,0
0.619555083,0,0,1,0,0,0
0.619724333,0,0,1,1,1,1
0.619753375,0,0,1,0,0,0
0.619922667,0,0,1,1,1,1
0.619951708,0,0,1,0,0,0
0.620120958,0,0,1,1,1,1
0.620150000,0,0,1,0,0,0
0.620319208,0,0,1,1,1,1
0.620348250,0,0,1,0,0,0
0.620517500,0,0,1,1,1,1
0.620546542,0,0,1,0,0,0
0.620715792,0,0,1,1,1,1
0.620744833,0,0,1,0,0,0
0.620914083,0,0,1,1,1,1
0.620943125,0,0,1,0,0,0
0.621112375,0,0,1,1,1,1
0.621141417,0,0,1,0,0,0
0.621310667,0,0,1,1,1,1
0.621339708,0,0,1,0,0,0
0.621508958,0,0,1,1,1,1
0.621538000,0,0,1,0,0,0
0.621707292,0,0,1,1,1,1
0.621736333,0,0,1,0,0,0
0.621905542,0,0,1,1,1,1
0.621934583,0,0,1,0,0,0
0.622103833,0,0,1,1,1,1
0.622132875,0,0,1,0,0,0
0.622302125,0,0,1,1,1,1
0.622331208,0,0,1,0,0,0
0.622500458,0,0,1,1,1,1
0.622529500,0,0,1,0,0,0
0.622698750,0,0,1,1,1,1
0.622727792,0,0,1,0,0,0
0.622897042,0,0,1,1,1,1
0.622926083,0,0,1,0,0,0
0.623095333,0,0,1,1,1,1
0.623124375,0,0,1,0,0,0
0.623293625,0,0,1,1,1,1
0.623322667,0,0,1,0,0,0
0.623491917,0,0,1,1,1,1
0.623520958,0,0,1,0,0,0
0.623690167,0,0,1,1,1,1
0.623719208,0,0,1,0,0,0
0.623888458,0,0,1,1,1,1
0.623917500,0,0,1,0,0,0
0.624086750,0,0,1,1,1,1
0.624115792,0,0,1,0,0,0
0.624285042,0,0,1,1,1,1
0.624314083,0,0,1,0,0,0
0.624483292,0,0,1,1,1,1
0.624512333,0,0,1,0,0,0
0.624681583,0,0,1,1,1,1
0.624710583,0,0,1,0,0,0
0.624879833,0,0,1,1,1,1
0.624908917,0,0,1,0,0,0
0.625078125,0,0,1,1,1,1
0.625107167,0,0,1,0,0,0
0.625276375,0,0,1,1,1,1
0.625305417,0,0,1,0,0,0
0.625474667,0,0,1,1,1,1
0.625503750,0,0,1,0,0,0
0.625673000,0,0,1,1,1,1
0.625702042,0,0,1,0,0,0
0.625871292,0,0,1,1,1,1
0.625900333,0,0,1,0,0,0
0.626069542,0,0,1,1,1,1
0.626098583,0,0,1,0,0,0
0.626267833,0,0,1,1,1,1
0.626296833,0,0,1,0,0,0
0.626466083,0,0,1,1,1,1
0.626495125,0,0,1,0,0,0
0.626664375,0,0,1,1,1,1
0.626693417,0,0,1,0,0,0
0.626862625,0,0,1,1,1,1
0.626891667,0,0,1,0,0,0
0.627060875,0,0,1,1,1,1
0.627089958,0,0,1,0,0,0
0.627259167,0,0,1,1,1,1
0.627288208,0,0,1,0,0,0
0.627457458,0,0,1,1,1,1
0.627486500,0,0,1,0,0,0
0.627655750,0,0,1,1,1,1
0.627684792,0,0,1,0,0,0
0.627853958,0,0,1,1,1,1
0.627883000,0,0,1,0,0,0
0.628052208,0,0,1,1,1,1
0.628081250,0,0,1,0,0,0
0.628250500,0,0,1,1,1,1
0.628279542,0,0,1,0,0,0
0.628448792,0,0,1,1,1,1
0.628477833,0,0,1,0,0,0
0.628647083,0,0,1,1,1,1
0.628676125,0,0,1,0,0,0
0.628845333,0,0,1,1,1,1
0.628874375,0,0,1,0,0,0
0.629043625,0,0,1,1,1,1
0.629072667,0,0,1,0,0,0
0.629241875,0,0,1,1,1,1
0.629270917,0,0,1,0,0,0
0.629440167,0,0,1,1,1,1
0.629469208,0,0,1,0,0,0
0.629638458,0,0,1,1,1,1
0.629667542,0,0,1,0,0,0
0.629836792,0,0,1,1,1,1
0.629865833,0,0,1,0,0,0
0.630035083,0,0,1,1,1,1
0.630064125,0,0,1,0,0,0
0.630233375,0,0,1,1,1,1
0.630262417,0,0,1,0,0,0
0.630431667,0,0,1,1,1,1
0.630460708,0,0,1,0,0,0
0.630629958,0,0,1,1,1,1
0.630659000,0,0,1,0,0,0
0.630828208,0,0,1,1,1,1
0.630857250,0,0,1,0,0,0
0.631026500,0,0,1,1,1,1
0.631055542,0,0,1,0,0,0
0.631224750,0,0,1,1,1,1
0.631253833,0,0,1,0,0,0
0.631423042,0,0,1,0,1,1
0.631423083,0,0,1,1,1,1
0.631452125,0,0,1,0,0,0
0.631621375,0,0,1,1,1,1
0.631650417,0,0,1,0,0,0
0.631819625,0,0,1,1,1,1
0.631848708,0,0,1,0,0,0
0.632017958,0,0,1,1,1,1
0.632046958,0,0,1,0,0,0
0.632216208,0,0,1,1,1,1
0.632245250,0,0,1,0,0,0
0.632414500,0,0,1,1,1,1
0.632443542,0,0,1,1,0,1
0.632443583,0,0,1,0,0,0
0.632612833,0,0,1,1,1,1
0.632641875,0,0,1,0,0,0
0.632811125,0,0,1,1,1,1
0.632840167,0,0,1,0,0,0
0.633009417,0,0,1,1,1,1
0.633038458,0,0,1,0,0,0
0.633207750,0,0,1,1,1,1
0.633236792,0,0,1,0,0,0
0.633406042,0,0,1,1,1,1
0.633435083,0,0,1,0,0,0
0.633604333,0,0,1,1,1,1
0.633633375,0,0,1,0,0,0
0.633802667,0,0,1,1,1,1
0.633831708,0,0,1,0,0,0
0.634000958,0,0,1,1,1,1
0.634030000,0,0,1,0,0,0
0.634199292,0,0,1,1,1,1
0.634228333,0,0,1,0,0,0
0.634397583,0,0,1,1,1,1
0.634426625,0,0,1,0,0,0
0.634595875,0,0,1,1,1,1
0.634624917,0,0,1,0,0,0
0.634794167,0,0,1,1,1,1
0.634823208,0,0,1,0,0,0
0.634992500,0,0,1,1,1,1
0.635021542,0,0,1,0,0,0
0.635190792,0,0,1,1,1,1
0.635219833,0,0,1,0,0,0
0.635389125,0,0,1,1,1,1
0.635418167,0,0,1,0,0,0
0.635587458,0,0,1,1,1,1
0.635616542,0,0,1,0,0,0
0.635785792,0,0,1,1,1,1
0.635814833,0,0,1,0,0,0
0.635984083,0,0,1,1,1,1
0.636013125,0,0,1,0,0,0
0.636182375,0,0,1,1,1,1
0.636211417,0,0,1,0,0,0
0.636380667,0,0,1,1,1,1
0.636409708,0,0,1,0,0,0
0.636578958,0,0,1,1,1,1
0.636608000,0,0,1,0,0,0
0.636777292,0,0,1,1,1,1
0.636806333,0,0,1,0,0,0
0.636975667,0,0,1,1,1,1
0.637004708,0,0,1,0,0,0
0.637173958,0,0,1,1,1,1
0.637203000,0,0,1,0,0,0
0.637372208,0,0,1,1,1,1
0.637401250,0,0,1,0,0,0
0.637570500,0,0,1,1,1,1
0.637599542,0,0,1,0,0,0
0.637768833,0,0,1,1,1,1
0.637797875,0,0,1,0,0,0
0.637967167,0,0,1,1,1,1
0.637996208,0,0,1,0,0,0
0.638165458,0,0,1,1,1,1
0.638194500,0,0,1,0,0,0
0.638363750,0,0,1,1,1,1
0.638392792,0,0,1,0,0,0
0.638562083,0,0,1,1,1,1
0.638591125,0,0,1,0,0,0
0.638760375,0,0,1,1,1,1
0.638789458,0,0,1,0,0,0
0.638958708,0,0,1,1,1,1
0.638987750,0,0,1,0,0,0
0.639157042,0,0,1,1,1,1
0.639186083,0,0,1,0,0,0
0.639355333,0,0,1,1,1,1
0.639384375,0,0,1,0,0,0
0.639553667,0,0,1,1,1,1
0.639582708,0,0,1,0,0,0
0.639751958,0,0,1,1,1,1
0.639781000,0,0,1,0,0,0
0.639950250,0,0,1,1,1,1
0.639979292,0,0,1,0,0,0
0.640148542,0,0,1,1,1,1
0.640177583,0,0,1,0,0,0
0.640346833,0,0,1,1,1,1
0.640375917,0,0,1,0,0,0
0.640545167,0,0,1,1,1,1
0.640574208,0,0,1,0,0,0
0.640743458,0,0,1,1,1,1
0.640772500,0,0,1,0,0,0
0.640941750,0,0,1,1,1,1
0.640970792,0,0,1,0,0,0
0.641140083,0,0,1,1,1,1
0.641169125,0,0,1,0,0,0
0.641338375,0,0,1,1,1,1
0.641367417,0,0,1,0,0,0
0.641536625,0,0,1,1,1,1
0.641565667,0,0,1,0,0,0
0.641734875,0,0,1,1,1,1
0.641763917,0,0,1,0,0,0
0.641933167,0,0,1,1,1,1
0.641962208,0,0,1,0,0,0
0.642131417,0,0,1,0,1,1
0.642131458,0,0,1,1,1,1
0.642160500,0,0,1,0,0,0
0.642329708,0,0,1,1,1,1
0.642358750,0,0,1,0,0,0
0.642528000,0,0,1,1,1,1
0.642557042,0,0,1,0,0,0
0.642726250,0,0,1,1,1,1
0.642755292,0,0,1,0,0,0
0.642924542,0,0,1,1,1,1
0.642953583,0,0,1,0,0,0
0.643122833,0,0,1,1,1,1
0.643151875,0,0,1,0,0,0
0.643321083,0,0,1,1,1,1
0.643350125,0,0,1,0,0,0
0.643519333,0,0,1,1,1,1
0.643548333,0,0,1,0,0,0
0.643717583,0,0,1,1,1,1
0.643746625,0,0,1,0,0,0
0.643915875,0,0,1,1,1,1
0.643944917,0,0,1,0,0,0
0.644114167,0,0,1,1,1,1
0.644143208,0,0,1,0,0,0
0.644312417,0,0,1,1,1,1
0.644341458,0,0,1,0,0,0
0.644510750,0,0,1,1,1,1
0.644539792,0,0,1,0,0,0
0.644709042,0,0,1,1,1,1
0.644738083,0,0,1,0,0,0
0.644907333,0,0,1,1,1,1
0.644936375,0,0,1,0,0,0
0.645105583,0,0,1,1,1,1
0.645134625,0,0,1,0,0,0
0.645303833,0,0,1,1,1,1
0.645332875,0,0,1,0,0,0
0.645502167,0,0,1,1,1,1
0.645531208,0,0,1,0,0,0
0.645700458,0,0,1,1,1,1
0.645729500,0,0,1,0,0,0
0.645898708,0,0,1,1,1,1
0.645927750,0,0,1,0,0,0
0.646096958,0,0,1,1,1,1
0.646126000,0,0,1,0,0,0
0.646295167,0,0,1,1,1,1
0.646324208,0,0,1,0,0,0
0.646493417,0,0,1,1,1,1
0.646522417,0,0,1,0,0,0
0.646691625,0,0,1,1,1,1
0.646720667,0,0,1,0,0,0
0.646889875,0,0,1,1,1,1
0.646918917,0,0,1,0,0,0
0.647088125,0,0,1,1,1,1
0.647117167,0,0,1,0,0,0
0.647286375,0,0,1,1,1,1
0.647315375,0,0,1,1,0,0
0.647315417,0,0,1,0,0,0
0.647484625,0,0,1,1,1,1
0.647513667,0,0,1,0,0,0
0.647682833,0,0,1,1,1,1
0.647711875,0,0,1,0,0,0
0.647881083,0,0,1,1,1,1
0.647910125,0,0,1,0,0,0
0.648079292,0,0,1,1,1,1
0.648108333,0,0,1,0,0,0
0.648277500,0,0,1,1,1,1
0.648306542,0,0,1,0,0,0
0.648475750,0,0,1,1,1,1
0.648504792,0,0,1,0,0,0
0.648674042,0,0,1,1,1,1
0.648703083,0,0,1,0,0,0
0.648872292,0,0,1,1,1,1
0.648901333,0,0,1,0,0,0
0.649070542,0,0,1,1,1,1
0.649099583,0,0,1,0,0,0
0.649268750,0,0,1,1,1,1
0.649297750,0,0,1,1,0,0
0.649297792,0,0,1,0,0,0
0.649466958,0,0,1,1,1,1
0.649496000,0,0,1,0,0,0
0.649665208,0,0,1,1,1,1
0.649694250,0,0,1,0,0,0
0.649863458,0,0,1,1,1,1
0.649892500,0,0,1,0,0,0
0.650061708,0,0,1,1,1,1
0.650090750,0,0,1,0,0,0
0.650259917,0,0,1,1,1,1
0.650288958,0,0,1,0,0,0
0.650458167,0,0,1,1,1,1
0.650487208,0,0,1,0,0,0
0.650656375,0,0,1,1,1,1
0.650685417,0,0,1,0,0,0
0.650854625,0,0,1,1,1,1
0.650883625,0,0,1,0,0,0
0.651052833,0,0,1,1,1,1
0.651081875,0,0,1,0,0,0
0.651251125,0,0,1,1,1,1
0.651280167,0,0,1,0,0,0
0.651449375,0,0,1,1,1,1
0.651478417,0,0,1,0,0,0
0.651647625,0,0,1,1,1,1
0.651676667,0,0,1,0,0,0
0.651845875,0,0,1,1,1,1
0.651874917,0,0,1,0,0,0
0.652044083,0,0,1,1,1,1
0.652073125,0,0,1,0,0,0
0.652242375,0,0,1,1,1,1
0.652271417,0,0,1,0,0,0
0.652440625,0,0,1,1,1,1
0.652469667,0,0,1,0,0,0
0.652638875,0,0,1,1,1,1
0.652667958,0,0,1,0,0,0
0.652837208,0,0,1,1,1,1
0.652866250,0,0,1,0,0,0
0.653035500,0,0,1,1,1,1
0.653064542,0,0,1,0,0,0
0.653233792,0,0,1,1,1,1
0.653262833,0,0,1,0,0,0
0.653432083,0,0,1,1,1,1
0.653461125,0,0,1,0,0,0
0.653630333,0,0,1,1,1,1
0.653659375,0,0,1,0,0,0
0.653828583,0,0,1,1,1,1
0.653857625,0,0,1,0,0,0
0.654026833,0,0,1,1,1,1
0.654055833,0,0,1,0,0,0
0.654225042,0,0,1,1,1,1
0.654254083,0,0,1,0,0,0
0.654423292,0,0,1,1,1,1
0.654452292,0,0,1,0,0,0
0.654621542,0,0,1,1,1,1
0.654650583,0,0,1,0,0,0
0.654819792,0,0,1,1,1,1
0.654848833,0,0,1,0,0,0
0.655018083,0,0,1,1,1,1
0.655047125,0,0,1,0,0,0
0.655216333,0,0,1,1,1,1
0.655245375,0,0,1,0,0,0
0.655414625,0,0,1,1,1,1
0.655443625,0,0,1,1,0,0
0.655443667,0,0,1,0,0,0
0.655612875,0,0,1,1,1,1
0.655641917,0,0,1,0,0,0
0.655811125,0,0,1,1,1,1
0.655840208,0,0,1,0,0,0
0.656009458,0,0,1,1,1,1
0.656038500,0,0,1,0,0,0
0.656207708,0,0,1,1,1,1
0.656236750,0,0,1,0,0,0
0.656405958,0,0,1,1,1,1
0.656435000,0,0,1,0,0,0
0.656604167,0,0,1,1,1,1
0.656633208,0,0,1,0,0,0
0.656802417,0,0,1,1,1,1
0.656831458,0,0,1,0,0,0
0.657000625,0,0,1,1,1,1
0.657029667,0,0,1,0,0,0
0.657198958,0,0,1,1,1,1
0.657228000,0,0,1,0,0,0
0.657397250,0,0,1,1,1,1
0.657426292,0,0,1,0,0,0
0.657595542,0,0,1,1,1,1
0.657624583,0,0,1,0,0,0
0.657793833,0,0,1,1,1,1
0.657822875,0,0,1,0,0,0
0.657992125,0,0,1,1,1,1
0.658021167,0,0,1,0,0,0
0.658190417,0,0,1,1,1,1
0.658219458,0,0,1,0,0,0
0.658388708,0,0,1,1,1,1
0.658417792,0,0,1,0,0,0
0.658587042,0,0,1,1,1,1
0.658616125,0,0,1,0,0,0
0.658785333,0,0,1,1,1,1
0.658814375,0,0,1,0,0,0
0.658983625,0,0,1,1,1,1
0.659012667,0,0,1,0,0,0
0.659181958,0,0,1,1,1,1
0.659211000,0,0,1,0,0,0
0.659380208,0,0,1,1,1,1
0.659409250,0,0,1,0,0,0
0.659578500,0,0,1,1,1,1
0.659607542,0,0,1,0,0,0
0.659776750,0,0,1,1,1,1
0.659805792,0,0,1,0,0,0
0.659975042,0,0,1,1,1,1
0.660004083,0,0,1,0,0,0
0.660173292,0,0,1,1,1,1
0.660202333,0,0,1,0,0,0
0.660371542,0,0,1,1,1,1
0.660400583,0,0,1,0,0,0
0.660569833,0,0,1,1,1,1
0.660598875,0,0,1,0,0,0
0.660768125,0,0,1,1,1,1
0.660797167,0,0,1,0,0,0
0.660966417,0,0,1,1,1,1
0.660995500,0,0,1,0,0,0
0.661164750,0,0,1,1,1,1
0.661193792,0,0,1,0,0,0
0.661363042,0,0,1,1,1,1
0.661392083,0,0,1,0,0,0
0.661561333,0,0,1,1,1,1
0.661590375,0,0,1,0,0,0
0.661759625,0,0,1,1,1,1
0.661788667,0,0,1,0,0,0
0.661957917,0,0,1,1,1,1
0.661986958,0,0,1,0,0,0
0.662156250,0,0,1,1,1,1
0.662185292,0,0,1,0,0,0
0.662354542,0,0,1,1,1,1
0.662383625,0,0,1,0,0,0
0.662552875,0,0,1,1,1,1
0.662581917,0,0,1,0,0,0
0.662751167,0,0,1,1,1,1
0.662780208,0,0,1,0,0,0
0.662949417,0,0,1,1,1,1
0.662978458,0,0,1,0,0,0
0.663147667,0,0,1,1,1,1
0.663176708,0,0,1,0,0,0
0.663345958,0,0,1,1,1,1
0.663375000,0,0,1,0,0,0
0.663544250,0,0,1,1,1,1
0.663573250,0,0,1,0,0,0
0.663742500,0,0,1,1,1,1
0.663771542,0,0,1,0,0,0
0.663940708,0,0,1,1,1,1
0.663969750,0,0,1,0,0,0
0.664138958,0,0,1,1,1,1
0.664168000,0,0,1,0,0,0
0.664337250,0,0,1,1,1,1
0.664366250,0,0,1,0,0,0
0.664535500,0,0,1,1,1,1
0.664564542,0,0,1,0,0,0
0.664733708,0,0,1,1,1,1
0.664762750,0,0,1,0,0,0
0.664931958,0,0,1,1,1,1
0.664961000,0,0,1,0,0,0
0.665130167,0,0,1,1,1,1
0.665159208,0,0,1,0,0,0
0.665328375,0,0,1,1,1,1
0.665357417,0,0,1,0,0,0
0.665526625,0,0,1,1,1,1
0.665555667,0,0,1,0,0,0
0.665724833,0,0,1,1,1,1
0.665753875,0,0,1,0,0,0
0.665923083,0,0,1,1,1,1
0.665952125,0,0,1,0,0,0
0.666121333,0,0,1,1,1,1
0.666150375,0,0,1,0,0,0
0.666319625,0,0,1,1,1,1
0.666348667,0,0,1,0,0,0
0.666517875,0,0,1,1,1,1
0.666546917,0,0,1,0,0,0
0.666716125,0,0,1,1,1,1
0.666745167,0,0,1,0,0,0
0.666914417,0,0,1,1,1,1
0.666943458,0,0,1,0,0,0
0.667112667,0,0,1,1,1,1
0.667141750,0,0,1,0,0,0
0.667311000,0,0,1,1,1,1
0.667340042,0,0,1,0,0,0
0.667509250,0,0,1,1,1,1
0.667538292,0,0,1,0,0,0
0.667707583,0,0,1,1,1,1
0.667736625,0,0,1,0,0,0
0.667905833,0,0,1,1,1,1
0.667934917,0,0,1,0,0,0
0.668104167,0,0,1,1,1,1
0.668133208,0,0,1,0,0,0
0.668302417,0,0,1,1,1,1
0.668331458,0,0,1,0,0,0
0.668500708,0,0,1,1,1,1
0.668529750,0,0,1,0,0,0
0.668699000,0,0,1,1,1,1
0.668728042,0,0,1,0,0,0
0.668897292,0,0,1,1,1,1
0.668926333,0,0,1,0,0,0
0.669095542,0,0,1,1,1,1
0.669124583,0,0,1,0,0,0
0.669293833,0,0,1,1,1,1
0.669322875,0,0,1,0,0,0
0.669492125,0,0,1,1,1,1
0.669521167,0,0,1,0,0,0
0.669690417,0,0,1,1,1,1
0.669719458,0,0,1,0,0,0
0.669888750,0,0,1,1,1,1
0.669917792,0,0,1,0,0,0
0.670087042,0,0,1,1,1,1
0.670116083,0,0,1,0,0,0
0.670285292,0,0,1,1,1,1
0.670314333,0,0,1,0,0,0
0.670483583,0,0,1,1,1,1
0.670512625,0,0,1,0,0,0
0.670681833,0,0,1,1,1,1
0.670710875,0,0,1,0,0,0
0.670880083,0,0,1,1,1,1
0.670909125,0,0,1,0,0,0
0.671078333,0,0,1,1,1,1
0.671107375,0,0,1,0,0,0
0.671276625,0,0,1,1,1,1
0.671305667,0,0,1,0,0,0
0.671474958,0,0,1,1,1,1
0.671504000,0,0,1,0,0,0
0.671673250,0,0,1,1,1,1
0.671702292,0,0,1,0,0,0
0.671871500,0,0,1,1,1,1
0.671900583,0,0,1,0,0,0
0.672069833,0,0,1,1,1,1
0.672098875,0,0,1,0,0,0
0.672268167,0,0,1,1,1,1
0.672297208,0,0,1,0,0,0
0.672466458,0,0,1,1,1,1
0.672495500,0,0,1,0,0,0
0.672664708,0,0,1,1,1,1
0.672693750,0,0,1,0,0,0
0.672863000,0,0,1,1,1,1
0.672892042,0,0,1,0,0,0
0.673061250,0,0,1,1,1,1
0.673090292,0,0,1,0,0,0
0.673259500,0,0,1,1,1,1
0.673288542,0,0,1,0,0,0
0.673457750,0,0,1,1,1,1
0.673486792,0,0,1,0,0,0
0.673656000,0,0,1,1,1,1
0.673685042,0,0,1,0,0,0
0.673854250,0,0,1,1,1,1
0.673883292,0,0,1,0,0,0
0.674052500,0,0,1,1,1,1
0.674081542,0,0,1,0,0,0
0.674250792,0,0,1,1,1,1
0.674279833,0,0,1,0,0,0
0.674449083,0,0,1,1,1,1
0.674478125,0,0,1,0,0,0
0.674647375,0,0,1,1,1,1
0.674676417,0,0,1,0,0,0
0.674845667,0,0,1,1,1,1
0.674874750,0,0,1,0,0,0
0.675044000,0,0,1,1,1,1
0.675073083,0,0,1,0,0,0
0.675242333,0,0,1,1,1,1
0.675271375,0,0,1,0,0,0
0.675440625,0,0,1,1,1,1
0.675469667,0,0,1,0,0,0
0.675638917,0,0,1,1,1,1
0.675667958,0,0,1,0,0,0
0.675837208,0,0,1,1,1,1
0.675866250,0,0,1,0,0,0
0.676035500,0,0,1,1,1,1
0.676064542,0,0,1,0,0,0
0.676233792,0,0,1,1,1,1
0.676262833,0,0,1,0,0,0
0.676432083,0,0,1,1,1,1
0.676461125,0,0,1,0,0,0
0.676630375,0,0,1,1,1,1
0.676659417,0,0,1,0,0,0
0.676828708,0,0,1,1,1,1
0.676857750,0,0,1,0,0,0
0.677027042,0,0,1,1,1,1
0.677056083,0,0,1,0,0,0
0.677225333,0,0,1,1,1,1
0.677254375,0,0,1,0,0,0
0.677423625,0,0,1,0,1,0
0.677423667,0,0,1,1,1,1
0.677452708,0,0,1,0,0,0
0.677621917,0,0,1,1,1,1
0.677650958,0,0,1,0,0,0
0.677820208,0,0,1,1,1,1
0.677849250,0,0,1,0,0,0
0.678018500,0,0,1,1,1,1
0.678047542,0,0,1,0,0,0
0.678216792,0,0,1,1,1,1
0.678245833,0,0,1,0,0,0
0.678415042,0,0,1,1,1,1
0.678444083,0,0,1,0,0,0
0.678613292,0,0,1,1,1,1
0.678642333,0,0,1,0,0,0
0.678811583,0,0,1,1,1,1
0.678840625,0,0,1,0,0,0
0.679009833,0,0,1,1,1,1
0.679038875,0,0,1,0,0,0
0.679208125,0,0,1,1,1,1
0.679237167,0,0,1,0,0,0
0.679406375,0,0,1,1,1,1
0.679435417,0,0,1,0,0,0
0.679604625,0,0,1,1,1,1
0.679633667,0,0,1,0,0,0
0.679802875,0,0,1,1,1,1
0.679831917,0,0,1,0,0,0
0.680001167,0,0,1,1,1,1
0.680030208,0,0,1,0,0,0
0.680199417,0,0,1,1,1,1
0.680228417,0,0,1,0,0,0
0.680397625,0,0,1,1,1,1
0.680426667,0,0,1,0,0,0
0.680595875,0,0,1,0,1,1
0.680595917,0,0,1,1,1,1
0.680624958,0,0,1,0,0,0
0.680794125,0,0,1,1,1,1
0.680823167,0,0,1,0,0,0
0.680992375,0,0,1,1,1,1
0.681021417,0,0,1,0,0,0
0.681190667,0,0,1,1,1,1
0.681219708,0,0,1,0,0,0
0.681388917,0,0,1,1,1,1
0.681417958,0,0,1,0,0,0
0.681587167,0,0,1,1,1,1
0.681616250,0,0,1,0,0,0
0.681785458,0,0,1,1,1,1
0.681814500,0,0,1,0,0,0
0.681983708,0,0,1,1,1,1
0.682012750,0,0,1,0,0,0
0.682181958,0,0,1,1,1,1
0.682211000,0,0,1,0,0,0
0.682380208,0,0,1,1,1,1
0.682409250,0,0,1,0,0,0
0.682578458,0,0,1,1,1,1
0.682607458,0,0,1,0,0,0
0.682776667,0,0,1,1,1,1
0.682805708,0,0,1,1,0,0
0.682805750,0,0,1,0,0,0
0.682975000,0,0,1,1,1,1
0.683004042,0,0,1,0,0,0
0.683173333,0,0,1,1,1,1
0.683202375,0,0,1,0,0,0
0.683371667,0,0,1,1,1,1
0.683400708,0,0,1,0,0,0
0.683569958,0,0,1,1,1,1
0.683598958,0,0,1,0,0,0
0.683768208,0,0,1,1,1,1
0.683797250,0,0,1,0,0,0
0.683966500,0,0,1,1,1,1
0.683995583,0,0,1,0,0,0
0.684164833,0,0,1,1,1,1
0.684193875,0,0,1,0,0,0
0.684363167,0,0,1,1,1,1
0.684392208,0,0,1,0,0,0
0.684561500,0,0,1,1,1,1
0.684590542,0,0,1,0,0,0
0.684759833,0,0,1,1,1,1
0.684788875,0,0,1,0,0,0
0.684958167,0,0,1,1,1,1
0.684987208,0,0,1,0,0,0
0.685156542,0,0,1,1,1,1
0.685185583,0,0,1,0,0,0
0.685354875,0,0,1,1,1,1
0.685383958,0,0,1,0,0,0
0.685553250,0,0,1,1,1,1
0.685582292,0,0,1,0,0,0
0.685751583,0,0,1,1,1,1
0.685780625,0,0,1,0,0,0
0.685949917,0,0,1,1,1,1
0.685978958,0,0,1,0,0,0
0.686148250,0,0,1,1,1,1
0.686177292,0,0,1,0,0,0
0.686346583,0,0,1,1,1,1
0.686375625,0,0,1,0,0,0
0.686544917,0,0,1,1,1,1
0.686573958,0,0,1,0,0,0
0.686743250,0,0,1,1,1,1
0.686772292,0,0,1,0,0,0
0.686941583,0,0,1,1,1,1
0.686970667,0,0,1,0,0,0
0.687139958,0,0,1,1,1,1
0.687169000,0,0,1,0,0,0
0.687338333,0,0,1,1,1,1
0.687367417,0,0,1,0,0,0
0.687536708,0,0,1,1,1,1
0.687565792,0,0,1,0,0,0
0.687735083,0,0,1,1,1,1
0.687764167,0,0,1,0,0,0
0.687933458,0,0,1,1,1,1
0.687962500,0,0,1,0,0,0
0.688131792,0,0,1,1,1,1
0.688160833,0,0,1,0,0,0
0.688330167,0,0,1,1,1,1
0.688359208,0,0,1,0,0,0
0.688528500,0,0,1,1,1,1
0.688557542,0,0,1,0,0,0
0.688726792,0,0,1,1,1,1
0.688755875,0,0,1,0,0,0
0.688925167,0,0,1,1,1,1
0.688954208,0,0,1,0,0,0
0.689123500,0,0,1,1,1,1
0.689152542,0,0,1,0,0,0
0.689321875,0,0,1,1,1,1
0.689350917,0,0,1,0,0,0
0.689520292,0,0,1,1,1,1
0.689549333,0,0,1,0,0,0
0.689718667,0,0,1,1,1,1
0.689747708,0,0,1,0,0,0
0.689917000,0,0,1,1,1,1
0.689946042,0,0,1,0,0,0
0.690115292,0,0,1,1,1,1
0.690144333,0,0,1,0,0,0
0.690313542,0,0,1,1,1,1
0.690342583,0,0,1,0,0,0
0.690511833,0,0,1,1,1,1
0.690540875,0,0,1,0,0,0
0.690710125,0,0,1,1,1,1
0.690739167,0,0,1,0,0,0
0.690908417,0,0,1,1,1,1
0.690937458,0,0,1,0,0,0
0.691106708,0,0,1,1,1,1
0.691135750,0,0,1,0,0,0
0.691305000,0,0,1,1,1,1
0.691334042,0,0,1,0,0,0
0.691503333,0,0,1,1,1,1
0.691532375,0,0,1,0,0,0
0.691701667,0,0,1,1,1,1
0.691730708,0,0,1,0,0,0
0.691899958,0,0,1,1,1,1
0.691929000,0,0,1,0,0,0
0.692098292,0,0,1,1,1,1
0.692127333,0,0,1,0,0,0
0.692296583,0,0,1,1,1,1
0.692325667,0,0,1,0,0,0
0.692494917,0,0,1,1,1,1
0.692523958,0,0,1,0,0,0
0.692693250,0,0,1,1,1,1
0.692722292,0,0,1,0,0,0
0.692891625,0,0,1,1,1,1
0.692920667,0,0,1,0,0,0
0.693090000,0,0,1,1,1,1
0.693119042,0,0,1,0,0,0
0.693288292,0,0,1,1,1,1
0.693317333,0,0,1,0,0,0
0.693486625,0,0,1,1,1,1
0.693515667,0,0,1,0,0,0
0.693684917,0,0,1,1,1,1
0.693713958,0,0,1,0,0,0
0.693883208,0,0,1,1,1,1
0.693912250,0,0,1,0,0,0
0.694081500,0,0,1,1,1,1
0.694110542,0,0,1,0,0,0
0.694279792,0,0,1,1,1,1
0.694308833,0,0,1,0,0,0
0.694478125,0,0,1,1,1,1
0.694507167,0,0,1,0,0,0
0.694676458,0,0,1,1,1,1
0.694705500,0,0,1,0,0,0
0.694874750,0,0,1,1,1,1
0.694903792,0,0,1,0,0,0
0.695073042,0,0,1,1,1,1
0.695102083,0,0,1,0,0,0
0.695271375,0,0,1,1,1,1
0.695300417,0,0,1,0,0,0
0.695469708,0,0,1,1,1,1
0.695498750,0,0,1,0,0,0
0.695667958,0,0,1,1,1,1
0.695697000,0,0,1,0,0,0
0.695866292,0,0,1,1,1,1
0.695895333,0,0,1,0,0,0
0.696064625,0,0,1,1,1,1
0.696093667,0,0,1,0,0,0
0.696262958,0,0,1,1,1,1
0.696292000,0,0,1,0,0,0
0.696461292,0,0,1,1,1,1
0.696490333,0,0,1,0,0,0
0.696659667,0,0,1,1,1,1
0.696688708,0,0,1,0,0,0
0.696858000,0,0,1,1,1,1
0.696887042,0,0,1,0,0,0
0.697056292,0,0,1,1,1,1
0.697085333,0,0,1,0,0,0
0.697254583,0,0,1,1,1,1
0.697283625,0,0,1,1,0,0
0.697283667,0,0,1,0,0,0
0.697452917,0,0,1,1,1,1
0.697481958,0,0,1,0,0,0
0.697651208,0,0,1,1,1,1
0.697680250,0,0,1,0,0,0
0.697849542,0,0,1,1,1,1
0.697878583,0,0,1,0,0,0
0.698047833,0,0,1,1,1,1
0.698076875,0,0,1,0,0,0
0.698246167,0,0,1,1,1,1
0.698275208,0,0,1,0,0,0
0.698444500,0,0,1,1,1,1
0.698473542,0,0,1,0,0,0
0.698642792,0,0,1,1,1,1
0.698671833,0,0,1,0,0,0
0.698841083,0,0,1,1,1,1
0.698870125,0,0,1,0,0,0
0.699039375,0,0,1,1,1,1
0.699068417,0,0,1,0,0,0
0.699237625,0,0,1,1,1,1
0.699266667,0,0,1,0,0,0
0.699435875,0,0,1,1,1,1
0.699464917,0,0,1,0,0,0
0.699634125,0,0,1,1,1,1
0.699663167,0,0,1,0,0,0
0.699832375,0,0,1,1,1,1
0.699861417,0,0,1,0,0,0
0.700030625,0,0,1,1,1,1
0.700059667,0,0,1,0,0,0
0.700228875,0,0,1,1,1,1
0.700257917,0,0,1,0,0,0
0.700427125,0,0,1,1,1,1
0.700456167,0,0,1,0,0,0
0.700625333,0,0,1,1,1,1
0.700654375,0,0,1,0,0,0
0.700823583,0,0,1,1,1,1
0.700852625,0,0,1,0,0,0
0.701021833,0,0,1,1,1,1
0.701050875,0,0,1,0,0,0
0.701220083,0,0,1,1,1,1
0.701249125,0,0,1,0,0,0
0.701418375,0,0,1,1,1,1
0.701447417,0,0,1,0,0,0
0.701616625,0,0,1,1,1,1
0.701645667,0,0,1,0,0,0
0.701814917,0,0,1,1,1,1
0.701843958,0,0,1,0,0,0
0.702013208,0,0,1,1,1,1
0.702042250,0,0,1,0,0,0
0.702211500,0,0,1,1,1,1
0.702240583,0,0,1,0,0,0
0.702409875,0,0,1,1,1,1
0.702438917,0,0,1,0,0,0
0.702608208,0,0,1,1,1,1
0.702637292,0,0,1,0,0,0
0.702806542,0,0,1,1,1,1
0.702835583,0,0,1,0,0,0
0.703004833,0,0,1,1,1,1
0.703033917,0,0,1,0,0,0
0.703203167,0,0,1,1,1,1
0.703232208,0,0,1,0,0,0
0.703401500,0,0,1,1,1,1
0.703430542,0,0,1,0,0,0
0.703599833,0,0,1,1,1,1
0.703628875,0,0,1,0,0,0
0.703798167,0,0,1,1,1,1
0.703827208,0,0,1,0,0,0
0.703996458,0,0,1,1,1,1
0.704025500,0,0,1,0,0,0
0.704194792,0,0,1,1,1,1
0.704223833,0,0,1,0,0,0
0.704393125,0,0,1,1,1,1
0.704422167,0,0,1,0,0,0
0.704591458,0,0,1,1,1,1
0.704620500,0,0,1,0,0,0
0.704789750,0,0,1,1,1,1
0.704818792,0,0,1,0,0,0
0.704988042,0,0,1,1,1,1
0.705017083,0,0,1,0,0,0
0.705186333,0,0,1,1,1,1
0.705215375,0,0,1,0,0,0
0.705384625,0,0,1,1,1,1
0.705413667,0,0,1,0,0,0
0.705582917,0,0,1,1,1,1
0.705612000,0,0,1,0,0,0
0.705781250,0,0,1,1,1,1
0.705810333,0,0,1,0,0,0
0.705979583,0,0,1,0,1,1
0.705979625,0,0,1,1,1,1
0.706008667,0,0,1,0,0,0
0.706177917,0,0,1,1,1,1
0.706207000,0,0,1,0,0,0
0.706376250,0,0,1,1,1,1
0.706405292,0,0,1,0,0,0
0.706574542,0,0,1,1,1,1
0.706603625,0,0,1,0,0,0
0.706772917,0,0,1,1,1,1
0.706801958,0,0,1,0,0,0
0.706971208,0,0,1,1,1,1
0.707000292,0,0,1,0,0,0
0.707169542,0,0,1,1,1,1
0.707198583,0,0,1,0,0,0
0.707367875,0,0,1,1,1,1
0.707396917,0,0,1,0,0,0
0.707566208,0,0,1,1,1,1
0.707595250,0,0,1,0,0,0
0.707764542,0,0,1,1,1,1
0.707793583,0,0,1,0,0,0
0.707962875,0,0,1,1,1,1
0.707991917,0,0,1,0,0,0
0.708161167,0,0,1,1,1,1
0.708190250,0,0,1,0,0,0
0.708359542,0,0,1,1,1,1
0.708388583,0,0,1,0,0,0
0.708557875,0,0,1,1,1,1
0.708586917,0,0,1,0,0,0
0.708756208,0,0,1,1,1,1
0.708785292,0,0,1,0,0,0
0.708954542,0,0,1,1,1,1
0.708983583,0,0,1,0,0,0
0.709152875,0,0,1,1,1,1
0.709181917,0,0,1,0,0,0
0.709351208,0,0,1,1,1,1
0.709380250,0,0,1,0,0,0
0.709549542,0,0,1,1,1,1
0.709578583,0,0,1,0,0,0
0.709747833,0,0,1,1,1,1
0.709776917,0,0,1,0,0,0
0.709946167,0,0,1,1,1,1
0.709975208,0,0,1,0,0,0
0.710144500,0,0,1,1,1,1
0.710173583,0,0,1,0,0,0
0.710342875,0,0,1,1,1,1
0.710371917,0,0,1,0,0,0
0.710541167,0,0,1,1,1,1
0.710570208,0,0,1,0,0,0
0.710739458,0,0,1,1,1,1
0.710768500,0,0,1,0,0,0
0.710937750,0,0,1,1,1,1
0.710966792,0,0,1,0,0,0
0.711136083,0,0,1,1,1,1
0.711165125,0,0,1,0,0,0
0.711334333,0,0,1,1,1,1
0.711363375,0,0,1,0,0,0
0.711532583,0,0,1,1,1,1
0.711561625,0,0,1,0,0,0
0.711730875,0,0,1,0,1,0
0.711730917,0,0,1,1,1,1
0.711759958,0,0,1,0,0,0
0.711929208,0,0,1,1,1,1
0.711958292,0,0,1,0,0,0
0.712127542,0,0,1,1,1,1
0.712156583,0,0,1,0,0,0
0.712325917,0,0,1,1,1,1
0.712354958,0,0,1,0,0,0
0.712524250,0,0,1,1,1,1
0.712553292,0,0,1,0,0,0
0.712722583,0,0,1,1,1,1
0.712751625,0,0,1,0,0,0
0.712920875,0,0,1,1,1,1
0.712949958,0,0,1,0,0,0
0.713119250,0,0,1,1,1,1
0.713148292,0,0,1,0,0,0
0.713317583,0,0,1,1,1,1
0.713346625,0,0,1,0,0,0
0.713515875,0,0,1,1,1,1
0.713544917,0,0,1,0,0,0
0.713714167,0,0,1,1,1,1
0.713743208,0,0,1,0,0,0
0.713912500,0,0,1,1,1,1
0.713941542,0,0,1,0,0,0
0.714110833,0,0,1,1,1,1
0.714139875,0,0,1,0,0,0
0.714309125,0,0,1,1,1,1
0.714338167,0,0,1,0,0,0
0.714507417,0,0,1,1,1,1
0.714536458,0,0,1,0,0,0
0.714705708,0,0,1,1,1,1
0.714734750,0,0,1,0,0,0
0.714904000,0,0,1,1,1,1
0.714933042,0,0,1,0,0,0
0.715102292,0,0,1,1,1,1
0.715131333,0,0,1,0,0,0
0.715300625,0,0,1,1,1,1
0.715329667,0,0,1,0,0,0
0.715498917,0,0,1,1,1,1
0.715527958,0,0,1,0,0,0
0.715697208,0,0,1,1,1,1
0.715726250,0,0,1,0,0,0
0.715895500,0,0,1,1,1,1
0.715924542,0,0,1,0,0,0
0.716093750,0,0,1,1,1,1
0.716122792,0,0,1,0,0,0
0.716292042,0,0,1,1,1,1
0.716321083,0,0,1,0,0,0
0.716490292,0,0,1,1,1,1
0.716519333,0,0,1,0,0,0
0.716688625,0,0,1,1,1,1
0.716717667,0,0,1,0,0,0
0.716886917,0,0,1,1,1,1
0.716915958,0,0,1,0,0,0
0.717085208,0,0,1,1,1,1
0.717114250,0,0,1,0,0,0
0.717283458,0,0,1,1,1,1
0.717312500,0,0,1,0,0,0
0.717481792,0,0,1,1,1,1
0.717510875,0,0,1,0,0,0
0.717680167,0,0,1,1,1,1
0.717709208,0,0,1,0,0,0
0.717878500,0,0,1,1,1,1
0.717907583,0,0,1,0,0,0
0.718076875,0,0,1,1,1,1
0.718105917,0,0,1,0,0,0
0.718275208,0,0,1,1,1,1
0.718304250,0,0,1,0,0,0
0.718473542,0,0,1,1,1,1
0.718502583,0,0,1,0,0,0
0.718671833,0,0,1,1,1,1
0.718700875,0,0,1,0,0,0
0.718870167,0,0,1,1,1,1
0.718899208,0,0,1,0,0,0
0.719068458,0,0,1,1,1,1
0.719097500,0,0,1,0,0,0
0.719266750,0,0,1,1,1,1
0.719295792,0,0,1,0,0,0
0.719465042,0,0,1,1,1,1
0.719494083,0,0,1,0,0,0
0.719663333,0,0,1,1,1,1
0.719692375,0,0,1,0,0,0
0.719861625,0,0,1,1,1,1
0.719890667,0,0,1,0,0,0
0.720059875,0,0,1,1,1,1
0.720088917,0,0,1,0,0,0
0.720258167,0,0,1,1,1,1
0.720287208,0,0,1,0,0,0
0.720456500,0,0,1,1,1,1
0.720485542,0,0,1,0,0,0
0.720654792,0,0,1,1,1,1
0.720683833,0,0,1,0,0,0
0.720853083,0,0,1,1,1,1
0.720882125,0,0,1,0,0,0
0.721051417,0,0,1,1,1,1
0.721080458,0,0,1,0,0,0
0.721249708,0,0,1,1,1,1
0.721278750,0,0,1,0,0,0
0.721448042,0,0,1,1,1,1
0.721477083,0,0,1,0,0,0
0.721646333,0,0,1,1,1,1
0.721675417,0,0,1,0,0,0
0.721844667,0,0,1,1,1,1
0.721873708,0,0,1,0,0,0
0.722043042,0,0,1,1,1,1
0.722072083,0,0,1,0,0,0
0.722241458,0,0,1,1,1,1
0.722270500,0,0,1,0,0,0
0.722439833,0,0,1,1,1,1
0.722468875,0,0,1,0,0,0
0.722638208,0,0,1,1,1,1
0.722667250,0,0,1,0,0,0
0.722836583,0,0,1,1,1,1
0.722865625,0,0,1,0,0,0
0.723034958,0,0,1,1,1,1
0.723064000,0,0,1,0,0,0
0.723233250,0,0,1,1,1,1
0.723262333,0,0,1,0,0,0
0.723431625,0,0,1,1,1,1
0.723460708,0,0,1,0,0,0
0.723630000,0,0,1,1,1,1
0.723659083,0,0,1,0,0,0
0.723828375,0,0,1,1,1,1
0.723857417,0,0,1,0,0,0
0.724026750,0,0,1,1,1,1
0.724055792,0,0,1,0,0,0
0.724225125,0,0,1,1,1,1
0.724254208,0,0,1,0,0,0
0.724423542,0,0,1,1,1,1
0.724452583,0,0,1,0,0,0
0.724621917,0,0,1,1,1,1
0.724651000,0,0,1,0,0,0
0.724820292,0,0,1,1,1,1
0.724849333,0,0,1,0,0,0
0.725018625,0,0,1,1,1,1
0.725047667,0,0,1,0,0,0
0.725216958,0,0,1,1,1,1
0.725246042,0,0,1,0,0,0
0.725415292,0,0,1,1,1,1
0.725444333,0,0,1,0,0,0
0.725613625,0,0,1,0,1,0
0.725613667,0,0,1,1,1,1
0.725642708,0,0,1,0,0,0
0.725812000,0,0,1,1,1,1
0.725841083,0,0,1,0,0,0
0.726010333,0,0,1,1,1,1
0.726039375,0,0,1,0,0,0
0.726208667,0,0,1,1,1,1
0.726237708,0,0,1,1,0,0
0.726237750,0,0,1,0,0,0
0.726407000,0,0,1,1,1,1
0.726436042,0,0,1,0,0,0
0.726605333,0,0,1,1,1,1
0.726634375,0,0,1,0,0,0
0.726803625,0,0,1,1,1,1
0.726832667,0,0,1,0,0,0
0.727001917,0,0,1,1,1,1
0.727030958,0,0,1,0,0,0
0.727200250,0,0,1,1,1,1
0.727229292,0,0,1,0,0,0
0.727398542,0,0,1,1,1,1
0.727427583,0,0,1,0,0,0
0.727596833,0,0,1,1,1,1
0.727625875,0,0,1,0,0,0
0.727795083,0,0,1,1,1,1
0.727824125,0,0,1,0,0,0
0.727993333,0,0,1,1,1,1
0.728022375,0,0,1,0,0,0
0.728191625,0,0,1,1,1,1
0.728220667,0,0,1,0,0,0
0.728390000,0,0,1,1,1,1
0.728419042,0,0,1,0,0,0
0.728588375,0,0,1,1,1,1
0.728617417,0,0,1,0,0,0
0.728786750,0,0,1,1,1,1
0.728815792,0,0,1,0,0,0
0.728985083,0,0,1,1,1,1
0.729014125,0,0,1,0,0,0
0.729183417,0,0,1,1,1,1
0.729212458,0,0,1,0,0,0
0.729381750,0,0,1,1,1,1
0.729410792,0,0,1,0,0,0
0.729580083,0,0,1,1,1,1
0.729609125,0,0,1,0,0,0
0.729778417,0,0,1,1,1,1
0.729807458,0,0,1,0,0,0
0.729976750,0,0,1,1,1,1
0.730005792,0,0,1,0,0,0
0.730175083,0,0,1,1,1,1
0.730204125,0,0,1,0,0,0
0.730373417,0,0,1,1,1,1
0.730402458,0,0,1,0,0,0
0.730571750,0,0,1,1,1,1
0.730600792,0,0,1,0,0,0
0.730770083,0,0,1,1,1,1
0.730799125,0,0,1,0,0,0
0.730968458,0,0,1,1,1,1
0.730997500,0,0,1,0,0,0
0.731166792,0,0,1,1,1,1
0.731195833,0,0,1,0,0,0
0.731365167,0,0,1,1,1,1
0.731394208,0,0,1,0,0,0
0.731563458,0,0,1,1,1,1
0.731592500,0,0,1,0,0,0
0.731761750,0,0,1,1,1,1
0.731790792,0,0,1,0,0,0
0.731960042,0,0,1,1,1,1
0.731989083,0,0,1,0,0,0
0.732158333,0,0,1,1,1,1
0.732187375,0,0,1,0,0,0
0.732356583,0,0,1,1,1,1
0.732385667,0,0,1,0,0,0
0.732554958,0,0,1,1,1,1
0.732584000,0,0,1,0,0,0
0.732753250,0,0,1,1,1,1
0.732782292,0,0,1,0,0,0
0.732951583,0,0,1,1,1,1
0.732980625,0,0,1,0,0,0
0.733149875,0,0,1,1,1,1
0.733178958,0,0,1,0,0,0
0.733348208,0,0,1,1,1,1
0.733377250,0,0,1,0,0,0
0.733546500,0,0,1,1,1,1
0.733575542,0,0,1,0,0,0
0.733744833,0,0,1,1,1,1
0.733773875,0,0,1,0,0,0
0.733943125,0,0,1,1,1,1
0.733972125,0,0,1,1,0,0
0.733972167,0,0,1,0,0,0
0.734141375,0,0,1,1,1,1
0.734170417,0,0,1,0,0,0
0.734339667,0,0,1,1,1,1
0.734368667,0,0,1,0,0,0
0.734537875,0,0,1,1,1,1
0.734566917,0,0,1,0,0,0
0.734736167,0,0,1,1,1,1
0.734765208,0,0,1,0,0,0
0.734934458,0,0,1,1,1,1
0.734963500,0,0,1,0,0,0
0.735132792,0,0,1,1,1,1
0.735161833,0,0,1,0,0,0
0.735331125,0,0,1,1,1,1
0.735360167,0,0,1,0,0,0
0.735529417,0,0,1,0,1,1
0.735529458,0,0,1,1,1,1
0.735558500,0,0,1,0,0,0
0.735727708,0,0,1,1,1,1
0.735756750,0,0,1,0,0,0
0.735925958,0,0,1,1,1,1
0.735955000,0,0,1,0,0,0
0.736124250,0,0,1,1,1,1
0.736153292,0,0,1,0,0,0
0.736322500,0,0,1,1,1,1
0.736351583,0,0,1,0,0,0
0.736520792,0,0,1,1,1,1
0.736549833,0,0,1,0,0,0
0.736719083,0,0,1,1,1,1
0.736748125,0,0,1,0,0,0
0.736917375,0,0,1,1,1,1
0.736946417,0,0,1,0,0,0
0.737115625,0,0,1,1,1,1
0.737144667,0,0,1,0,0,0
0.737313917,0,0,1,1,1,1
0.737342958,0,0,1,0,0,0
0.737512167,0,0,1,1,1,1
0.737541250,0,0,1,0,0,0
0.737710500,0,0,1,1,1,1
0.737739542,0,0,1,0,0,0
0.737908792,0,0,1,1,1,1
0.737937833,0,0,1,0,0,0
0.738107042,0,0,1,1,1,1
0.738136083,0,0,1,0,0,0
0.738305292,0,0,1,1,1,1
0.738334333,0,0,1,0,0,0
0.738503583,0,0,1,1,1,1
0.738532625,0,0,1,0,0,0
0.738701833,0,0,1,1,1,1
0.738730875,0,0,1,0,0,0
0.738900083,0,0,1,1,1,1
0.738929125,0,0,1,0,0,0
0.739098417,0,0,1,1,1,1
0.739127458,0,0,1,0,0,0
0.739296667,0,0,1,1,1,1
0.739325750,0,0,1,0,0,0
0.739495000,0,0,1,1,1,1
0.739524042,0,0,1,0,0,0
0.739693292,0,0,1,1,1,1
0.739722333,0,0,1,0,0,0
0.739891583,0,0,1,1,1,1
0.739920625,0,0,1,0,0,0
0.740089833,0,0,1,1,1,1
0.740118875,0,0,1,0,0,0
0.740288083,0,0,1,1,1,1
0.740317125,0,0,1,0,0,0
0.740486375,0,0,1,1,1,1
0.740515375,0,0,1,1,0,0
0.740515417,0,0,1,0,0,0
0.740684625,0,0,1,1,1,1
0.740713667,0,0,1,0,0,0
0.740882833,0,0,1,1,1,1
0.740911875,0,0,1,0,0,0
0.741081083,0,0,1,1,1,1
0.741110125,0,0,1,0,0,0
0.741279333,0,0,1,1,1,1
0.741308375,0,0,1,0,0,0
0.741477542,0,0,1,1,1,1
0.741506583,0,0,1,0,0,0
0.741675792,0,0,1,1,1,1
0.741704833,0,0,1,0,0,0
0.741874000,0,0,1,1,1,1
0.741903042,0,0,1,0,0,0
0.742072208,0,0,1,1,1,1
0.742101250,0,0,1,0,0,0
0.742270458,0,0,1,1,1,1
0.742299500,0,0,1,0,0,0
0.742468708,0,0,1,1,1,1
0.742497750,0,0,1,0,0,0
0.742666958,0,0,1,1,1,1
0.742695958,0,0,1,0,0,0
0.742865167,0,0,1,1,1,1
0.742894208,0,0,1,0,0,0
0.743063417,0,0,1,1,1,1
0.743092458,0,0,1,0,0,0
0.743261667,0,0,1,1,1,1
0.743290708,0,0,1,0,0,0
0.743459917,0,0,1,1,1,1
0.743488958,0,0,1,0,0,0
0.743658167,0,0,1,1,1,1
0.743687208,0,0,1,0,0,0
0.743856417,0,0,1,1,1,1
0.743885458,0,0,1,0,0,0
0.744054667,0,0,1,1,1,1
0.744083708,0,0,1,0,0,0
0.744252917,0,0,1,1,1,1
0.744281958,0,0,1,0,0,0
0.744451167,0,0,1,1,1,1
0.744480208,0,0,1,0,0,0
0.744649500,0,0,1,1,1,1
0.744678542,0,0,1,0,0,0
0.744847792,0,0,1,0,1,0
0.744847833,0,0,1,1,1,1
0.744876875,0,0,1,0,0,0
0.745046125,0,0,1,1,1,1
0.745075167,0,0,1,0,0,0
0.745244458,0,0,1,1,1,1
0.745273500,0,0,1,0,0,0
0.745442792,0,0,1,1,1,1
0.745471833,0,0,1,0,0,0
0.745641125,0,0,1,1,1,1
0.745670167,0,0,1,0,0,0
0.745839417,0,0,1,1,1,1
0.745868458,0,0,1,0,0,0
0.746037750,0,0,1,1,1,1
0.746066792,0,0,1,0,0,0
0.746236042,0,0,1,1,1,1
0.746265083,0,0,1,0,0,0
0.746434333,0,0,1,1,1,1
0.746463375,0,0,1,0,0,0
0.746632625,0,0,1,1,1,1
0.746661667,0,0,1,0,0,0
0.746830917,0,0,1,1,1,1
0.746859958,0,0,1,0,0,0
0.747029167,0,0,1,1,1,1
0.747058208,0,0,1,0,0,0
0.747227458,0,0,1,1,1,1
0.747256500,0,0,1,0,0,0
0.747425750,0,0,1,1,1,1
0.747454792,0,0,1,0,0,0
0.747624042,0,0,1,1,1,1
0.747653083,0,0,1,1,0,0
0.747653125,0,0,1,0,0,0
0.747822375,0,0,1,1,1,1
0.747851417,0,0,1,0,0,0
0.748020667,0,0,1,1,1,1
0.748049708,0,0,1,1,0,0
0.748049750,0,0,1,0,0,0
0.748219000,0,0,1,1,1,1
0.748248042,0,0,1,0,0,0
0.748417292,0,0,1,1,1,1
0.748446375,0,0,1,0,0,0
0.748615583,0,0,1,1,1,1
0.748644625,0,0,1,0,0,0
0.748813875,0,0,1,1,1,1
0.748842917,0,0,1,0,0,0
0.749012125,0,0,1,1,1,1
0.749041167,0,0,1,0,0,0
0.749210417,0,0,1,1,1,1
0.749239458,0,0,1,0,0,0
0.749408667,0,0,1,1,1,1
0.749437708,0,0,1,0,0,0
0.749606917,0,0,1,1,1,1
0.749635917,0,0,1,0,0,0
0.749805167,0,0,1,1,1,1
0.749834208,0,0,1,0,0,0
0.750003375,0,0,1,1,1,1
0.750032417,0,0,1,0,0,0
0.750201625,0,0,1,1,1,1
0.750230625,0,0,1,0,0,0
0.750399833,0,0,1,1,1,1
0.750428833,0,0,1,0,0,0
0.750598042,0,0,1,1,1,1
0.750627083,0,0,1,0,0,0
0.750796250,0,0,1,1,1,1
0.750825292,0,0,1,0,0,0
0.750994458,0,0,1,1,1,1
0.751023500,0,0,1,0,0,0
0.751192708,0,0,1,1,1,1
0.751221750,0,0,1,0,0,0
0.751390958,0,0,1,1,1,1
0.751420000,0,0,1,0,0,0
0.751589208,0,0,1,1,1,1
0.751618250,0,0,1,0,0,0
0.751787500,0,0,1,1,1,1
0.751816542,0,0,1,0,0,0
0.751985750,0,0,1,0,1,1
0.751985792,0,0,1,1,1,1
0.752014833,0,0,1,0,0,0
0.752184083,0,0,1,1,1,1
0.752213125,0,0,1,0,0,0
0.752382417,0,0,1,1,1,1
0.752411458,0,0,1,0,0,0
0.752580750,0,0,1,1,1,1
0.752609792,0,0,1,0,0,0
0.752779042,0,0,1,1,1,1
0.752808083,0,0,1,0,0,0
0.752977292,0,0,1,1,1,1
0.753006333,0,0,1,0,0,0
0.753175583,0,0,1,1,1,1
0.753204625,0,0,1,0,0,0
0.753373875,0,0,1,1,1,1
0.753402917,0,0,1,0,0,0
0.753572125,0,0,1,1,1,1
0.753601167,0,0,1,0,0,0
0.753770375,0,0,1,1,1,1
0.753799417,0,0,1,0,0,0
0.753968667,0,0,1,1,1,1
0.753997708,0,0,1,0,0,0
0.754166917,0,0,1,1,1,1
0.754195958,0,0,1,0,0,0
0.754365167,0,0,1,1,1,1
0.754394208,0,0,1,0,0,0
0.754563500,0,0,1,1,1,1
0.754592542,0,0,1,0,0,0
0.754761792,0,0,1,1,1,1
0.754790833,0,0,1,0,0,0
0.754960083,0,0,1,1,1,1
0.754989125,0,0,1,0,0,0
0.755158375,0,0,1,1,1,1
0.755187417,0,0,1,0,0,0
0.755356667,0,0,1,1,1,1
0.755385708,0,0,1,0,0,0
0.755554958,0,0,1,1,1,1
0.755584000,0,0,1,0,0,0
0.755753250,0,0,1,1,1,1
0.755782292,0,0,1,0,0,0
0.755951542,0,0,1,1,1,1
0.755980583,0,0,1,0,0,0
0.756149833,0,0,1,1,1,1
0.756178875,0,0,1,0,0,0
0.756348083,0,0,1,1,1,1
0.756377125,0,0,1,0,0,0
0.756546375,0,0,1,1,1,1
0.756575375,0,0,1,1,0,0
0.756575417,0,0,1,0,0,0
0.756744667,0,0,1,1,1,1
0.756773708,0,0,1,0,0,0
0.756942917,0,0,1,1,1,1
0.756971958,0,0,1,0,0,0
0.757141125,0,0,1,1,1,1
0.757170167,0,0,1,0,0,0
0.757339375,0,0,1,1,1,1
0.757368417,0,0,1,0,0,0
0.757537625,0,0,1,1,1,1
0.757566667,0,0,1,0,0,0
0.757735875,0,0,1,1,1,1
0.757764875,0,0,1,0,0,0
0.757934083,0,0,1,1,1,1
0.757963125,0,0,1,0,0,0
0.758132333,0,0,1,1,1,1
0.758161375,0,0,1,0,0,0
0.758330625,0,0,1,1,1,1
0.758359625,0,0,1,0,0,0
0.758528875,0,0,1,1,1,1
0.758557917,0,0,1,0,0,0
0.758727125,0,0,1,1,1,1
0.758756167,0,0,1,0,0,0
0.758925417,0,0,1,1,1,1
0.758954458,0,0,1,0,0,0
0.759123708,0,0,1,1,1,1
0.759152750,0,0,1,0,0,0
0.759322000,0,0,1,1,1,1
0.759351083,0,0,1,0,0,0
0.759520333,0,0,1,1,1,1
0.759549375,0,0,1,0,0,0
0.759718625,0,0,1,1,1,1
0.759747667,0,0,1,0,0,0
0.759916958,0,0,1,1,1,1
0.759946000,0,0,1,0,0,0
0.760115292,0,0,1,1,1,1
0.760144375,0,0,1,0,0,0
0.760313625,0,0,1,1,1,1
0.760342708,0,0,1,0,0,0
0.760511958,0,0,1,1,1,1
0.760541000,0,0,1,0,0,0
0.760710250,0,0,1,1,1,1
0.760739292,0,0,1,0,0,0
0.760908500,0,0,1,1,1,1
0.760937542,0,0,1,0,0,0
0.761106792,0,0,1,1,1,1
0.761135833,0,0,1,0,0,0
0.761305042,0,0,1,1,1,1
0.761334083,0,0,1,0,0,0
0.761503333,0,0,1,1,1,1
0.761532375,0,0,1,0,0,0
0.761701625,0,0,1,1,1,1
0.761730667,0,0,1,0,0,0
0.761899917,0,0,1,1,1,1
0.761928958,0,0,1,0,0,0
0.762098208,0,0,1,1,1,1
0.762127250,0,0,1,0,0,0
0.762296500,0,0,1,1,1,1
0.762325542,0,0,1,0,0,0
0.762494792,0,0,1,1,1,1
0.762523833,0,0,1,0,0,0
0.762693083,0,0,1,1,1,1
0.762722125,0,0,1,0,0,0
0.762891375,0,0,1,1,1,1
0.762920417,0,0,1,0,0,0
0.763089708,0,0,1,1,1,1
0.763118750,0,0,1,0,0,0
0.763288000,0,0,1,1,1,1
0.763317042,0,0,1,0,0,0
0.763486292,0,0,1,1,1,1
0.763515333,0,0,1,1,0,0
0.763515375,0,0,1,0,0,0
0.763684625,0,0,1,1,1,1
0.763713667,0,0,1,0,0,0
0.763882875,0,0,1,1,1,1
0.763911917,0,0,1,0,0,0
0.764081125,0,0,1,1,1,1
0.764110167,0,0,1,0,0,0
0.764279375,0,0,1,1,1,1
0.764308417,0,0,1,0,0,0
0.764477667,0,0,1,1,1,1
0.764506708,0,0,1,0,0,0
0.764675958,0,0,1,1,1,1
0.764705000,0,0,1,0,0,0
0.764874250,0,0,1,1,1,1
0.764903292,0,0,1,0,0,0
0.765072542,0,0,1,1,1,1
0.765101583,0,0,1,0,0,0
0.765270833,0,0,1,1,1,1
0.765299917,0,0,1,0,0,0
0.765469167,0,0,1,1,1,1
0.765498208,0,0,1,0,0,0
0.765667458,0,0,1,1,1,1
0.765696500,0,0,1,0,0,0
0.765865750,0,0,1,1,1,1
0.765894792,0,0,1,0,0,0
0.766064042,0,0,1,1,1,1
0.766093083,0,0,1,0,0,0
0.766262292,0,0,1,1,1,1
0.766291333,0,0,1,0,0,0
0.766460542,0,0,1,1,1,1
0.766489583,0,0,1,0,0,0
0.766658833,0,0,1,1,1,1
0.766687875,0,0,1,0,0,0
0.766857083,0,0,1,1,1,1
0.766886125,0,0,1,0,0,0
0.767055333,0,0,1,1,1,1
0.767084375,0,0,1,0,0,0
0.767253625,0,0,1,1,1,1
0.767282667,0,0,1,0,0,0
0.767451917,0,0,1,1,1,1
0.767480917,0,0,1,0,0,0
0.767650208,0,0,1,1,1,1
0.767679250,0,0,1,0,0,0
0.767848500,0,0,1,1,1,1
0.767877542,0,0,1,0,0,0
0.768046792,0,0,1,1,1,1
0.768075833,0,0,1,0,0,0
0.768245083,0,0,1,1,1,1
0.768274167,0,0,1,0,0,0
0.768443375,0,0,1,1,1,1
0.768472458,0,0,1,0,0,0
0.768641708,0,0,1,1,1,1
0.768670750,0,0,1,0,0,0
0.768840000,0,0,1,1,1,1
0.768869083,0,0,1,0,0,0
0.769038333,0,0,1,1,1,1
0.769067375,0,0,1,0,0,0
0.769236667,0,0,1,1,1,1
0.769265708,0,0,1,0,0,0
0.769435000,0,0,1,1,1,1
0.769464042,0,0,1,0,0,0
0.769633292,0,0,1,1,1,1
0.769662333,0,0,1,0,0,0
0.769831542,0,0,1,1,1,1
0.769860542,0,0,1,1,0,1
0.769860583,0,0,1,0,0,0
0.770029750,0,0,1,1,1,1
0.770058792,0,0,1,0,0,0
0.770228000,0,0,1,1,1,1
0.770257042,0,0,1,0,0,0
0.770426250,0,0,1,1,1,1
0.770455292,0,0,1,0,0,0
0.770624583,0,0,1,1,1,1
0.770653625,0,0,1,0,0,0
0.770822875,0,0,1,1,1,1
0.770851917,0,0,1,0,0,0
0.771021208,0,0,1,1,1,1
0.771050250,0,0,1,0,0,0
0.771219500,0,0,1,1,1,1
0.771248542,0,0,1,0,0,0
0.771417792,0,0,1,1,1,1
0.771446833,0,0,1,0,0,0
0.771616083,0,0,1,1,1,1
0.771645125,0,0,1,0,0,0
0.771814375,0,0,1,1,1,1
0.771843417,0,0,1,0,0,0
0.772012708,0,0,1,1,1,1
0.772041750,0,0,1,0,0,0
0.772211000,0,0,1,1,1,1
0.772240042,0,0,1,0,0,0
0.772409292,0,0,1,1,1,1
0.772438333,0,0,1,0,0,0
0.772607625,0,0,1,1,1,1
0.772636667,0,0,1,0,0,0
0.772805917,0,0,1,1,1,1
0.772834958,0,0,1,0,0,0
0.773004167,0,0,1,1,1,1
0.773033208,0,0,1,0,0,0
0.773202417,0,0,1,1,1,1
0.773231458,0,0,1,0,0,0
0.773400667,0,0,1,1,1,1
0.773429708,0,0,1,0,0,0
0.773598958,0,0,1,1,1,1
0.773628000,0,0,1,0,0,0
0.773797292,0,0,1,1,1,1
0.773826333,0,0,1,0,0,0
0.773995583,0,0,1,1,1,1
0.774024625,0,0,1,0,0,0
0.774193833,0,0,1,1,1,1
0.774222875,0,0,1,0,0,0
0.774392125,0,0,1,1,1,1
0.774421208,0,0,1,0,0,0
0.774590417,0,0,1,1,1,1
0.774619500,0,0,1,0,0,0
0.774788708,0,0,1,1,1,1
0.774817750,0,0,1,0,0,0
0.774987000,0,0,1,1,1,1
0.775016042,0,0,1,0,0,0
0.775185333,0,0,1,1,1,1
0.775214375,0,0,1,0,0,0
0.775383583,0,0,1,1,1,1
0.775412667,0,0,1,0,0,0
0.775581917,0,0,1,1,1,1
0.775610958,0,0,1,0,0,0
0.775780167,0,0,1,1,1,1
0.775809208,0,0,1,0,0,0
0.775978417,0,0,1,1,1,1
0.776007458,0,0,1,0,0,0
0.776176667,0,0,1,1,1,1
0.776205708,0,0,1,0,0,0
0.776374917,0,0,1,1,1,1
0.776403958,0,0,1,0,0,0
0.776573167,0,0,1,1,1,1
0.776602208,0,0,1,0,0,0
0.776771458,0,0,1,1,1,1
0.776800500,0,0,1,0,0,0
0.776969750,0,0,1,1,1,1
0.776998792,0,0,1,0,0,0
0.777168000,0,0,1,1,1,1
0.777197042,0,0,1,0,0,0
0.777366250,0,0,1,1,1,1
0.777395292,0,0,1,0,0,0
0.777564542,0,0,1,1,1,1
0.777593583,0,0,1,0,0,0
0.777762833,0,0,1,1,1,1
0.777791875,0,0,1,0,0,0
0.777961083,0,0,1,1,1,1
0.777990125,0,0,1,0,0,0
0.778159375,0,0,1,1,1,1
0.778188417,0,0,1,0,0,0
0.778357625,0,0,1,1,1,1
0.778386667,0,0,1,0,0,0
0.778555875,0,0,1,1,1,1
0.778584917,0,0,1,0,0,0
0.778754167,0,0,1,1,1,1
0.778783208,0,0,1,0,0,0
0.778952458,0,0,1,1,1,1
0.778981500,0,0,1,0,0,0
0.779150667,0,0,1,1,1,1
0.779179708,0,0,1,0,0,0
0.779348958,0,0,1,1,1,1
0.779378000,0,0,1,0,0,0
0.779547208,0,0,1,1,1,1
0.779576250,0,0,1,0,0,0
0.779745500,0,0,1,1,1,1
0.779774542,0,0,1,0,0,0
0.779943792,0,0,1,1,1,1
0.779972833,0,0,1,0,0,0
0.780142083,0,0,1,1,1,1
0.780171125,0,0,1,0,0,0
0.780340375,0,0,1,1,1,1
0.780369417,0,0,1,0,0,0
0.780538667,0,0,1,1,1,1
0.780567708,0,0,1,0,0,0
0.780736958,0,0,1,1,1,1
0.780766000,0,0,1,0,0,0
0.780935250,0,0,1,1,1,1
0.780964292,0,0,1,0,0,0
0.781133542,0,0,1,1,1,1
0.781162583,0,0,1,0,0,0
0.781331833,0,0,1,1,1,1
0.781360875,0,0,1,0,0,0
0.781530083,0,0,1,1,1,1
0.781559167,0,0,1,0,0,0
0.781728417,0,0,1,1,1,1
0.781757500,0,0,1,0,0,0
0.781926708,0,0,1,1,1,1
0.781955750,0,0,1,0,0,0
0.782124917,0,0,1,1,1,1
0.782153958,0,0,1,0,0,0
0.782323125,0,0,1,1,1,1
0.782352167,0,0,1,0,0,0
0.782521417,0,0,1,1,1,1
0.782550458,0,0,1,0,0,0
0.782719708,0,0,1,1,1,1
0.782748750,0,0,1,0,0,0
0.782918042,0,0,1,1,1,1
0.782947083,0,0,1,0,0,0
0.783116292,0,0,1,1,1,1
0.783145375,0,0,1,0,0,0
0.783314625,0,0,1,1,1,1
0.783343667,0,0,1,0,0,0
0.783512875,0,0,1,1,1,1
0.783541958,0,0,1,0,0,0
0.783711167,0,0,1,1,1,1
0.783740208,0,0,1,0,0,0
0.783909458,0,0,1,1,1,1
0.783938458,0,0,1,0,0,0
0.784107750,0,0,1,1,1,1
0.784136792,0,0,1,0,0,0
0.784306042,0,0,1,1,1,1
0.784335083,0,0,1,0,0,0
0.784504333,0,0,1,1,1,1
0.784533417,0,0,1,0,0,0
0.784702708,0,0,1,1,1,1
0.784731750,0,0,1,0,0,0
0.784900958,0,0,1,1,1,1
0.784930000,0,0,1,0,0,0
0.785099250,0,0,1,1,1,1
0.785128292,0,0,1,0,0,0
0.785297583,0,0,1,1,1,1
0.785326625,0,0,1,0,0,0
0.785495875,0,0,1,1,1,1
0.785524917,0,0,1,0,0,0
0.785694125,0,0,1,1,1,1
0.785723167,0,0,1,0,0,0
0.785892417,0,0,1,1,1,1
0.785921458,0,0,1,0,0,0
0.786090708,0,0,1,1,1,1
0.786119750,0,0,1,0,0,0
0.786289042,0,0,1,1,1,1
0.786318083,0,0,1,0,0,0
0.786487375,0,0,1,1,1,1
0.786516417,0,0,1,0,0,0
0.786685708,0,0,1,1,1,1
0.786714750,0,0,1,0,0,0
0.786884042,0,0,1,1,1,1
0.786913125,0,0,1,0,0,0
0.787082417,0,0,1,1,1,1
0.787111458,0,0,1,0,0,0
0.787280750,0,0,1,1,1,1
0.787309792,0,0,1,0,0,0
0.787479000,0,0,1,1,1,1
0.787508042,0,0,1,0,0,0
0.787677208,0,0,1,1,1,1
0.787706250,0,0,1,0,0,0
0.787875458,0,0,1,1,1,1
0.787904500,0,0,1,0,0,0
0.788073750,0,0,1,1,1,1
0.788102792,0,0,1,0,0,0
0.788272083,0,0,1,1,1,1
0.788301125,0,0,1,0,0,0
0.788470375,0,0,1,1,1,1
0.788499417,0,0,1,0,0,0
0.788668667,0,0,1,1,1,1
0.788697708,0,0,1,0,0,0
0.788866958,0,0,1,1,1,1
0.788896000,0,0,1,0,0,0
0.789065292,0,0,1,1,1,1
0.789094333,0,0,1,0,0,0
0.789263583,0,0,1,1,1,1
0.789292625,0,0,1,0,0,0
0.789461833,0,0,1,1,1,1
0.789490875,0,0,1,0,0,0
0.789660167,0,0,1,1,1,1
0.789689208,0,0,1,0,0,0
0.789858458,0,0,1,1,1,1
0.789887458,0,0,1,0,0,0
0.790056708,0,0,1,1,1,1
0.790085750,0,0,1,0,0,0
0.790254958,0,0,1,1,1,1
0.790284000,0,0,1,0,0,0
0.790453250,0,0,1,1,1,1
0.790482292,0,0,1,0,0,0
0.790651500,0,0,1,1,1,1
0.790680542,0,0,1,0,0,0
0.790849792,0,0,1,1,1,1
0.790878833,0,0,1,0,0,0
0.791048083,0,0,1,1,1,1
0.791077125,0,0,1,0,0,0
0.791246375,0,0,1,1,1,1
0.791275417,0,0,1,0,0,0
0.791444708,0,0,1,0,1,0
0.791444750,0,0,1,1,1,1
0.791473792,0,0,1,0,0,0
0.791643083,0,0,1,1,1,1
0.791672125,0,0,1,0,0,0
0.791841417,0,0,1,1,1,1
0.791870458,0,0,1,0,0,0
0.792039708,0,0,1,1,1,1
0.792068792,0,0,1,0,0,0
0.792238042,0,0,1,1,1,1
0.792267083,0,0,1,0,0,0
0.792436375,0,0,1,1,1,1
0.792465417,0,0,1,0,0,0
0.792634708,0,0,1,1,1,1
0.792663750,0,0,1,0,0,0
0.792833042,0,0,1,1,1,1
0.792862083,0,0,1,0,0,0
0.793031375,0,0,1,1,1,1
0.793060417,0,0,1,0,0,0
0.793229667,0,0,1,1,1,1
0.793258750,0,0,1,0,0,0
0.793428000,0,0,1,1,1,1
0.793457042,0,0,1,0,0,0
0.793626292,0,0,1,1,1,1
0.793655333,0,0,1,0,0,0
0.793824625,0,0,1,1,1,1
0.793853667,0,0,1,0,0,0
0.794023000,0,0,1,1,1,1
0.794052042,0,0,1,0,0,0
0.794221333,0,0,1,1,1,1
0.794250375,0,0,1,0,0,0
0.794419667,0,0,1,1,1,1
0.794448708,0,0,1,0,0,0
0.794617958,0,0,1,0,1,1
0.794618000,0,0,1,1,1,1
0.794647042,0,0,1,0,0,0
0.794816292,0,0,1,1,1,1
0.794845375,0,0,1,0,0,0
0.795014667,0,0,1,1,1,1
0.795043708,0,0,1,0,0,0
0.795212958,0,0,1,1,1,1
0.795242000,0,0,1,0,0,0
0.795411292,0,0,1,1,1,1
0.795440333,0,0,1,0,0,0
0.795609625,0,0,1,1,1,1
0.795638667,0,0,1,0,0,0
0.795807958,0,0,1,1,1,1
0.795837042,0,0,1,0,0,0
0.796006333,0,0,1,1,1,1
0.796035375,0,0,1,0,0,0
0.796204667,0,0,1,1,1,1
0.796233708,0,0,1,0,0,0
0.796402917,0,0,1,1,1,1
0.796431958,0,0,1,0,0,0
0.796601167,0,0,1,1,1,1
0.796630208,0,0,1,0,0,0
0.796799417,0,0,1,1,1,1
0.796828458,0,0,1,0,0,0
0.796997667,0,0,1,1,1,1
0.797026708,0,0,1,0,0,0
0.797195875,0,0,1,1,1,1
0.797224917,0,0,1,0,0,0
0.797394083,0,0,1,1,1,1
0.797423125,0,0,1,0,0,0
0.797592333,0,0,1,1,1,1
0.797621375,0,0,1,0,0,0
0.797790542,0,0,1,1,1,1
0.797819583,0,0,1,0,0,0
0.797988750,0,0,1,1,1,1
0.798017792,0,0,1,0,0,0
0.798187000,0,0,1,1,1,1
0.798216042,0,0,1,0,0,0
0.798385208,0,0,1,1,1,1
0.798414250,0,0,1,0,0,0
0.798583458,0,0,1,1,1,1
0.798612500,0,0,1,0,0,0
0.798781750,0,0,1,1,1,1
0.798810792,0,0,1,0,0,0
0.798980000,0,0,1,1,1,1
0.799009042,0,0,1,0,0,0
0.799178250,0,0,1,1,1,1
0.799207292,0,0,1,0,0,0
0.799376500,0,0,1,1,1,1
0.799405542,0,0,1,0,0,0
0.799574750,0,0,1,1,1,1
0.799603792,0,0,1,0,0,0
0.799773000,0,0,1,1,1,1
0.799802083,0,0,1,0,0,0
0.799971292,0,0,1,1,1,1
0.800000333,0,0,1,0,0,0
0.800169625,0,0,1,1,1,1
0.800198667,0,0,1,1,0,0
0.800198708,0,0,1,0,0,0
0.800368000,0,0,1,1,1,1
0.800397042,0,0,1,0,0,0
0.800566333,0,0,1,1,1,1
0.800595375,0,0,1,0,0,0
0.800764667,0,0,1,1,1,1
0.800793708,0,0,1,0,0,0
0.800963042,0,0,1,1,1,1
0.800992125,0,0,1,0,0,0
0.801161417,0,0,1,1,1,1
0.801190458,0,0,1,0,0,0
0.801359792,0,0,1,1,1,1
0.801388833,0,0,1,0,0,0
0.801558125,0,0,1,1,1,1
0.801587167,0,0,1,0,0,0
0.801756500,0,0,1,1,1,1
0.801785583,0,0,1,0,0,0
0.801954833,0,0,1,1,1,1
0.801983875,0,0,1,0,0,0
0.802153125,0,0,1,1,1,1
0.802182167,0,0,1,0,0,0
0.802351417,0,0,1,1,1,1
0.802380458,0,0,1,0,0,0
0.802549708,0,0,1,1,1,1
0.802578750,0,0,1,0,0,0
0.802748000,0,0,1,1,1,1
0.802777042,0,0,1,0,0,0
0.802946292,0,0,1,1,1,1
0.802975333,0,0,1,0,0,0
0.803144625,0,0,1,1,1,1
0.803173667,0,0,1,0,0,0
0.803342917,0,0,1,1,1,1
0.803371958,0,0,1,0,0,0
0.803541250,0,0,1,1,1,1
0.803570292,0,0,1,0,0,0
0.803739542,0,0,1,1,1,1
0.803768583,0,0,1,1,0,0
0.803768625,0,0,1,0,0,0
0.803937875,0,0,1,1,1,1
0.803966917,0,0,1,0,0,0
0.804136167,0,0,1,1,1,1
0.804165208,0,0,1,0,0,0
0.804334458,0,0,1,1,1,1
0.804363542,0,0,1,0,0,0
0.804532792,0,0,1,1,1,1
0.804561833,0,0,1,0,0,0
0.804731083,0,0,1,1,1,1
0.804760125,0,0,1,0,0,0
0.804929333,0,0,1,1,1,1
0.804958375,0,0,1,0,0,0
0.805127625,0,0,1,1,1,1
0.805156667,0,0,1,0,0,0
0.805325958,0,0,1,1,1,1
0.805355000,0,0,1,0,0,0
0.805524250,0,0,1,1,1,1
0.805553292,0,0,1,0,0,0
0.805722542,0,0,1,1,1,1
0.805751583,0,0,1,0,0,0
0.805920833,0,0,1,1,1,1
0.805949875,0,0,1,0,0,0
0.806119125,0,0,1,1,1,1
0.806148167,0,0,1,0,0,0
0.806317417,0,0,1,1,1,1
0.806346458,0,0,1,0,0,0
0.806515708,0,0,1,1,1,1
0.806544750,0,0,1,0,0,0
0.806713958,0,0,1,1,1,1
0.806743000,0,0,1,0,0,0
0.806912292,0,0,1,1,1,1
0.806941333,0,0,1,0,0,0
0.807110625,0,0,1,1,1,1
0.807139667,0,0,1,0,0,0
0.807308958,0,0,1,1,1,1
0.807338000,0,0,1,0,0,0
0.807507250,0,0,1,1,1,1
0.807536292,0,0,1,0,0,0
0.807705583,0,0,1,1,1,1
0.807734667,0,0,1,0,0,0
0.807903875,0,0,1,1,1,1
0.807932917,0,0,1,0,0,0
0.808102208,0,0,1,1,1,1
0.808131250,0,0,1,0,0,0
0.808300500,0,0,1,1,1,1
0.808329542,0,0,1,0,0,0
0.808498833,0,0,1,1,1,1
0.808527875,0,0,1,0,0,0
0.808697167,0,0,1,1,1,1
0.808726208,0,0,1,0,0,0
0.808895500,0,0,1,1,1,1
0.808924542,0,0,1,0,0,0
0.809093833,0,0,1,1,1,1
0.809122875,0,0,1,0,0,0
0.809292125,0,0,1,1,1,1
0.809321167,0,0,1,0,0,0
0.809490417,0,0,1,1,1,1
0.809519500,0,0,1,0,0,0
0.809688792,0,0,1,1,1,1
0.809717833,0,0,1,0,0,0
0.809887125,0,0,1,1,1,1
0.809916167,0,0,1,0,0,0
0.810085417,0,0,1,1,1,1
0.810114458,0,0,1,0,0,0
0.810283708,0,0,1,1,1,1
0.810312750,0,0,1,0,0,0
0.810482000,0,0,1,1,1,1
0.810511083,0,0,1,0,0,0
0.810680333,0,0,1,1,1,1
0.810709375,0,0,1,0,0,0
0.810878667,0,0,1,1,1,1
0.810907708,0,0,1,0,0,0
0.811077000,0,0,1,1,1,1
0.811106042,0,0,1,0,0,0
0.811275333,0,0,1,1,1,1
0.811304375,0,0,1,0,0,0
0.811473667,0,0,1,1,1,1
0.811502708,0,0,1,0,0,0
0.811671958,0,0,1,1,1,1
0.811701000,0,0,1,0,0,0
0.811870292,0,0,1,1,1,1
0.811899333,0,0,1,0,0,0
0.812068583,0,0,1,1,1,1
0.812097667,0,0,1,0,0,0
0.812266917,0,0,1,1,1,1
0.812296000,0,0,1,0,0,0
0.812465250,0,0,1,1,1,1
0.812494333,0,0,1,0,0,0
0.812663625,0,0,1,1,1,1
0.812692667,0,0,1,0,0,0
0.812861917,0,0,1,1,1,1
0.812890958,0,0,1,0,0,0
0.813060208,0,0,1,1,1,1
0.813089250,0,0,1,0,0,0
0.813258458,0,0,1,1,1,1
0.813287500,0,0,1,0,0,0
0.813456708,0,0,1,1,1,1
0.813485750,0,0,1,0,0,0
0.813654958,0,0,1,1,1,1
0.813684000,0,0,1,0,0,0
0.813853208,0,0,1,0,1,0
0.813853250,0,0,1,1,1,1
0.813882292,0,0,1,0,0,0
0.814051542,0,0,1,1,1,1
0.814080542,0,0,1,0,0,0
0.814249792,0,0,1,1,1,1
0.814278833,0,0,1,0,0,0
0.814448042,0,0,1,1,1,1
0.814477125,0,0,1,0,0,0
0.814646375,0,0,1,1,1,1
0.814675417,0,0,1,0,0,0
0.814844667,0,0,1,1,1,1
0.814873708,0,0,1,0,0,0
0.815042958,0,0,1,1,1,1
0.815072042,0,0,1,0,0,0
0.815241292,0,0,1,1,1,1
0.815270333,0,0,1,0,0,0
0.815439625,0,0,1,1,1,1
0.815468667,0,0,1,0,0,0
0.815637917,0,0,1,1,1,1
0.815666958,0,0,1,0,0,0
0.815836208,0,0,1,1,1,1
0.815865292,0,0,1,0,0,0
0.816034542,0,0,1,1,1,1
0.816063625,0,0,1,0,0,0
0.816232875,0,0,1,0,1,0
0.816232917,0,0,1,1,1,1
0.816261958,0,0,1,0,0,0
0.816431250,0,0,1,1,1,1
0.816460292,0,0,1,0,0,0
0.816629583,0,0,1,1,1,1
0.816658625,0,0,1,0,0,0
0.816827958,0,0,1,1,1,1
0.816857000,0,0,1,0,0,0
0.817026250,0,0,1,1,1,1
0.817055292,0,0,1,0,0,0
0.817224542,0,0,1,1,1,1
0.817253583,0,0,1,0,0,0
0.817422833,0,0,1,1,1,1
0.817451875,0,0,1,0,0,0
0.817621167,0,0,1,1,1,1
0.817650208,0,0,1,1,0,0
0.817650250,0,0,1,0,0,0
0.817819500,0,0,1,1,1,1
0.817848542,0,0,1,0,0,0
0.818017792,0,0,1,1,1,1
0.818046833,0,0,1,0,0,0
0.818216125,0,0,1,1,1,1
0.818245167,0,0,1,0,0,0
0.818414458,0,0,1,1,1,1
0.818443500,0,0,1,0,0,0
0.818612792,0,0,1,1,1,1
0.818641833,0,0,1,0,0,0
0.818811125,0,0,1,1,1,1
0.818840167,0,0,1,0,0,0
0.819009417,0,0,1,1,1,1
0.819038458,0,0,1,0,0,0
0.819207708,0,0,1,0,1,0
0.819207750,0,0,1,1,1,1
0.819236792,0,0,1,0,0,0
0.819406042,0,0,1,1,1,1
0.819435083,0,0,1,0,0,0
0.819604375,0,0,1,1,1,1
0.819633417,0,0,1,0,0,0
0.819802667,0,0,1,1,1,1
0.819831708,0,0,1,0,0,0
0.820000958,0,0,1,1,1,1
0.820030000,0,0,1,0,0,0
0.820199208,0,0,1,1,1,1
0.820228250,0,0,1,0,0,0
0.820397500,0,0,1,1,1,1
0.820426542,0,0,1,0,0,0
0.820595792,0,0,1,1,1,1
0.820624875,0,0,1,0,0,0
0.820794167,0,0,1,1,1,1
0.820823208,0,0,1,0,0,0
0.820992500,0,0,1,1,1,1
0.821021542,0,0,1,0,0,0
0.821190833,0,0,1,1,1,1
0.821219875,0,0,1,0,0,0
0.821389167,0,0,1,1,1,1
0.821418208,0,0,1,0,0,0
0.821587500,0,0,1,1,1,1
0.821616583,0,0,1,0,0,0
0.821785875,0,0,1,1,1,1
0.821814958,0,0,1,0,0,0
0.821984250,0,0,1,1,1,1
0.822013292,0,0,1,0,0,0
0.822182625,0,0,1,1,1,1
0.822211667,0,0,1,0,0,0
0.822380958,0,0,1,1,1,1
0.822410000,0,0,1,0,0,0
0.822579292,0,0,1,1,1,1
0.822608333,0,0,1,0,0,0
0.822777625,0,0,1,1,1,1
0.822806667,0,0,1,0,0,0
0.822975917,0,0,1,1,1,1
0.823004958,0,0,1,0,0,0
0.823174208,0,0,1,1,1,1
0.823203250,0,0,1,0,0,0
0.823372500,0,0,1,1,1,1
0.823401542,0,0,1,0,0,0
0.823570792,0,0,1,1,1,1
0.823599833,0,0,1,0,0,0
0.823769042,0,0,1,1,1,1
0.823798083,0,0,1,0,0,0
0.823967292,0,0,1,1,1,1
0.823996333,0,0,1,0,0,0
0.824165542,0,0,1,1,1,1
0.824194583,0,0,1,0,0,0
0.824363833,0,0,1,1,1,1
0.824392875,0,0,1,0,0,0
0.824562083,0,0,1,1,1,1
0.824591167,0,0,1,0,0,0
0.824760375,0,0,1,1,1,1
0.824789417,0,0,1,0,0,0
0.824958667,0,0,1,1,1,1
0.824987708,0,0,1,0,0,0
0.825156875,0,0,1,1,1,1
0.825185917,0,0,1,0,0,0
0.825355167,0,0,1,1,1,1
0.825384208,0,0,1,0,0,0
0.825553417,0,0,1,1,1,1
0.825582458,0,0,1,0,0,0
0.825751708,0,0,1,1,1,1
0.825780750,0,0,1,0,0,0
0.825950042,0,0,1,1,1,1
0.825979083,0,0,1,0,0,0
0.826148333,0,0,1,1,1,1
0.826177375,0,0,1,0,0,0
0.826346625,0,0,1,1,1,1
0.826375667,0,0,1,0,0,0
0.826544875,0,0,1,1,1,1
0.826573917,0,0,1,0,0,0
0.826743125,0,0,1,1,1,1
0.826772167,0,0,1,0,0,0
0.826941375,0,0,1,1,1,1
0.826970417,0,0,1,0,0,0
0.827139583,0,0,1,1,1,1
0.827168625,0,0,1,0,0,0
0.827337875,0,0,1,1,1,1
0.827366917,0,0,1,0,0,0
0.827536167,0,0,1,1,1,1
0.827565208,0,0,1,0,0,0
0.827734417,0,0,1,1,1,1
0.827763500,0,0,1,0,0,0
0.827932750,0,0,1,0,1,1
0.827932792,0,0,1,1,1,1
0.827961833,0,0,1,0,0,0
0.828131125,0,0,1,1,1,1
0.828160167,0,0,1,0,0,0
0.828329417,0,0,1,1,1,1
0.828358458,0,0,1,0,0,0
0.828527667,0,0,1,1,1,1
0.828556708,0,0,1,0,0,0
0.828726000,0,0,1,1,1,1
0.828755042,0,0,1,0,0,0
0.828924333,0,0,1,1,1,1
0.828953375,0,0,1,0,0,0
0.829122625,0,0,1,1,1,1
0.829151667,0,0,1,0,0,0
0.829320917,0,0,1,1,1,1
0.829349958,0,0,1,0,0,0
0.829519167,0,0,1,1,1,1
0.829548208,0,0,1,0,0,0
0.829717417,0,0,1,1,1,1
0.829746458,0,0,1,0,0,0
0.829915667,0,0,1,1,1,1
0.829944708,0,0,1,0,0,0
0.830113958,0,0,1,1,1,1
0.830143000,0,0,1,0,0,0
0.830312208,0,0,1,1,1,1
0.830341250,0,0,1,0,0,0
0.830510458,0,0,1,1,1,1
0.830539500,0,0,1,0,0,0
0.830708708,0,0,1,1,1,1
0.830737750,0,0,1,0,0,0
0.830906917,0,0,1,1,1,1
0.830935958,0,0,1,0,0,0
0.831105125,0,0,1,1,1,1
0.831134167,0,0,1,0,0,0
0.831303375,0,0,1,0,1,1
0.831303417,0,0,1,1,1,1
0.831332458,0,0,1,0,0,0
0.831501708,0,0,1,1,1,1
0.831530750,0,0,1,0,0,0
0.831700042,0,0,1,1,1,1
0.831729083,0,0,1,0,0,0
0.831898333,0,0,1,1,1,1
0.831927375,0,0,1,0,0,0
0.832096625,0,0,1,1,1,1
0.832125667,0,0,1,0,0,0
0.832294917,0,0,1,1,1,1
0.832323958,0,0,1,0,0,0
0.832493167,0,0,1,1,1,1
0.832522208,0,0,1,0,0,0
0.832691417,0,0,1,1,1,1
0.832720458,0,0,1,0,0,0
0.832889667,0,0,1,1,1,1
0.832918708,0,0,1,0,0,0
0.833087917,0,0,1,1,1,1
0.833116958,0,0,1,0,0,0
0.833286208,0,0,1,1,1,1
0.833315250,0,0,1,0,0,0
0.833484500,0,0,1,1,1,1
0.833513542,0,0,1,0,0,0
0.833682792,0,0,1,1,1,1
0.833711833,0,0,1,0,0,0
0.833881083,0,0,1,1,1,1
0.833910125,0,0,1,0,0,0
0.834079417,0,0,1,1,1,1
0.834108458,0,0,1,0,0,0
0.834277708,0,0,1,1,1,1
0.834306750,0,0,1,0,0,0
0.834476000,0,0,1,1,1,1
0.834505083,0,0,1,0,0,0
0.834674333,0,0,1,1,1,1
0.834703375,0,0,1,0,0,0
0.834872625,0,0,1,1,1,1
0.834901667,0,0,1,0,0,0
0.835071000,0,0,1,1,1,1
0.835100042,0,0,1,0,0,0
0.835269333,0,0,1,1,1,1
0.835298417,0,0,1,0,0,0
0.835467667,0,0,1,1,1,1
0.835496708,0,0,1,0,0,0
0.835666000,0,0,1,1,1,1
0.835695042,0,0,1,0,0,0
0.835864333,0,0,1,1,1,1
0.835893375,0,0,1,0,0,0
0.836062667,0,0,1,1,1,1
0.836091708,0,0,1,0,0,0
0.836260958,0,0,1,1,1,1
0.836290000,0,0,1,0,0,0
0.836459250,0,0,1,1,1,1
0.836488292,0,0,1,0,0,0
0.836657542,0,0,1,1,1,1
0.836686583,0,0,1,0,0,0
0.836855833,0,0,1,1,1,1
0.836884875,0,0,1,0,0,0
0.837054083,0,0,1,1,1,1
0.837083125,0,0,1,0,0,0
0.837252375,0,0,1,1,1,1
0.837281417,0,0,1,0,0,0
0.837450667,0,0,1,1,1,1
0.837479708,0,0,1,0,0,0
0.837649000,0,0,1,1,1,1
0.837678042,0,0,1,0,0,0
0.837847292,0,0,1,1,1,1
0.837876333,0,0,1,0,0,0
0.838045583,0,0,1,1,1,1
0.838074625,0,0,1,0,0,0
0.838243875,0,0,1,1,1,1
0.838272917,0,0,1,0,0,0
0.838442125,0,0,1,1,1,1
0.838471167,0,0,1,0,0,0
0.838640417,0,0,1,1,1,1
0.838669458,0,0,1,0,0,0
0.838838667,0,0,1,1,1,1
0.838867708,0,0,1,0,0,0
0.839036917,0,0,1,1,1,1
0.839065958,0,0,1,0,0,0
0.839235208,0,0,1,1,1,1
0.839264250,0,0,1,0,0,0
0.839433458,0,0,1,0,1,1
0.839433500,0,0,1,1,1,1
0.839462542,0,0,1,0,0,0
0.839631750,0,0,1,1,1,1
0.839660792,0,0,1,0,0,0
0.839829958,0,0,1,1,1,1
0.839859000,0,0,1,0,0,0
0.840028208,0,0,1,1,1,1
0.840057250,0,0,1,0,0,0
0.840226417,0,0,1,1,1,1
0.840255458,0,0,1,0,0,0
0.840424667,0,0,1,0,1,1
0.840424708,0,0,1,1,1,1
0.840453708,0,0,1,0,0,0
0.840622917,0,0,1,1,1,1
0.840651958,0,0,1,0,0,0
0.840821167,0,0,1,1,1,1
0.840850208,0,0,1,0,0,0
0.841019500,0,0,1,1,1,1
0.841048542,0,0,1,0,0,0
0.841217792,0,0,1,1,1,1
0.841246833,0,0,1,0,0,0
0.841416083,0,0,1,1,1,1
0.841445125,0,0,1,0,0,0
0.841614375,0,0,1,1,1,1
0.841643417,0,0,1,0,0,0
0.841812667,0,0,1,1,1,1
0.841841708,0,0,1,0,0,0
0.842010958,0,0,1,1,1,1
0.842040000,0,0,1,0,0,0
0.842209250,0,0,1,1,1,1
0.842238292,0,0,1,0,0,0
0.842407583,0,0,1,1,1,1
0.842436625,0,0,1,0,0,0
0.842605875,0,0,1,1,1,1
0.842634875,0,0,1,0,0,0
0.842804125,0,0,1,1,1,1
0.842833167,0,0,1,0,0,0
0.843002375,0,0,1,1,1,1
0.843031417,0,0,1,0,0,0
0.843200667,0,0,1,1,1,1
0.843229708,0,0,1,0,0,0
0.843398917,0,0,1,1,1,1
0.843427958,0,0,1,1,0,1
0.843428000,0,0,1,0,0,0
0.843597208,0,0,1,1,1,1
0.843626208,0,0,1,1,0,0
0.843626250,0,0,1,0,0,0
0.843795417,0,0,1,1,1,1
0.843824458,0,0,1,0,0,0
0.843993667,0,0,1,1,1,1
0.844022708,0,0,1,0,0,0
0.844191917,0,0,1,1,1,1
0.844220958,0,0,1,0,0,0
0.844390208,0,0,1,1,1,1
0.844419250,0,0,1,0,0,0
0.844588500,0,0,1,1,1,1
0.844617542,0,0,1,0,0,0
0.844786792,0,0,1,1,1,1
0.844815833,0,0,1,0,0,0
0.844985083,0,0,1,1,1,1
0.845014125,0,0,1,0,0,0
0.845183375,0,0,1,1,1,1
0.845212417,0,0,1,0,0,0
0.845381708,0,0,1,1,1,1
0.845410750,0,0,1,0,0,0
0.845580000,0,0,1,1,1,1
0.845609042,0,0,1,0,0,0
0.845778333,0,0,1,1,1,1
0.845807375,0,0,1,0,0,0
0.845976625,0,0,1,1,1,1
0.846005667,0,0,1,0,0,0
0.846174958,0,0,1,1,1,1
0.846204000,0,0,1,0,0,0
0.846373292,0,0,1,1,1,1
0.846402333,0,0,1,0,0,0
0.846571625,0,0,1,1,1,1
0.846600667,0,0,1,0,0,0
0.846769917,0,0,1,0,1,1
0.846769958,0,0,1,1,1,1
0.846799000,0,0,1,0,0,0
0.846968208,0,0,1,1,1,1
0.846997250,0,0,1,1,0,0
0.846997292,0,0,1,0,0,0
0.847166542,0,0,1,1,1,1
0.847195583,0,0,1,0,0,0
0.847364792,0,0,1,1,1,1
0.847393833,0,0,1,0,0,0
0.847563042,0,0,1,1,1,1
0.847592083,0,0,1,0,0,0
0.847761292,0,0,1,1,1,1
0.847790333,0,0,1,0,0,0
0.847959583,0,0,1,1,1,1
0.847988625,0,0,1,0,0,0
0.848157875,0,0,1,1,1,1
0.848186917,0,0,1,0,0,0
0.848356167,0,0,1,1,1,1
0.848385208,0,0,1,0,0,0
0.848554458,0,0,1,1,1,1
0.848583542,0,0,1,0,0,0
0.848752833,0,0,1,1,1,1
0.848781875,0,0,1,0,0,0
0.848951167,0,0,1,1,1,1
0.848980208,0,0,1,0,0,0
0.849149542,0,0,1,1,1,1
0.849178583,0,0,1,0,0,0
0.849347875,0,0,1,1,1,1
0.849376917,0,0,1,0,0,0
0.849546208,0,0,1,1,1,1
0.849575250,0,0,1,0,0,0
0.849744542,0,0,1,1,1,1
0.849773625,0,0,1,0,0,0
0.849942917,0,0,1,1,1,1
0.849971958,0,0,1,0,0,0
0.850141208,0,0,1,1,1,1
0.850170208,0,0,1,0,0,0
0.850339458,0,0,1,1,1,1
0.850368500,0,0,1,0,0,0
0.850537708,0,0,1,1,1,1
0.850566750,0,0,1,0,0,0
0.850736000,0,0,1,1,1,1
0.850765042,0,0,1,1,0,1
0.850765083,0,0,1,0,0,0
0.850934333,0,0,1,1,1,1
0.850963375,0,0,1,0,0,0
0.851132625,0,0,1,1,1,1
0.851161667,0,0,1,0,0,0
0.851330958,0,0,1,1,1,1
0.851360042,0,0,1,0,0,0
0.851529292,0,0,1,1,1,1
0.851558333,0,0,1,0,0,0
0.851727625,0,0,1,1,1,1
0.851756708,0,0,1,0,0,0
0.851926000,0,0,1,1,1,1
0.851955042,0,0,1,0,0,0
0.852124333,0,0,1,1,1,1
0.852153417,0,0,1,0,0,0
0.852322708,0,0,1,1,1,1
0.852351750,0,0,1,0,0,0
0.852521042,0,0,1,1,1,1
0.852550083,0,0,1,0,0,0
0.852719417,0,0,1,1,1,1
0.852748458,0,0,1,0,0,0
0.852917792,0,0,1,1,1,1
0.852946833,0,0,1,0,0,0
0.853116083,0,0,1,1,1,1
0.853145125,0,0,1,0,0,0
0.853314375,0,0,1,1,1,1
0.853343417,0,0,1,0,0,0
0.853512667,0,0,1,1,1,1
0.853541708,0,0,1,0,0,0
0.853710958,0,0,1,0,1,0
0.853711000,0,0,1,1,1,1
0.853740042,0,0,1,0,0,0
0.853909250,0,0,1,1,1,1
0.853938333,0,0,1,0,0,0
0.854107583,0,0,1,1,1,1
0.854136625,0,0,1,0,0,0
0.854305833,0,0,1,1,1,1
0.854334875,0,0,1,0,0,0
0.854504083,0,0,1,1,1,1
0.854533125,0,0,1,0,0,0
0.854702333,0,0,1,1,1,1
0.854731375,0,0,1,0,0,0
0.854900625,0,0,1,1,1,1
0.854929667,0,0,1,0,0,0
0.855098875,0,0,1,1,1,1
0.855127917,0,0,1,0,0,0
0.855297167,0,0,1,1,1,1
0.855326250,0,0,1,0,0,0
0.855495500,0,0,1,1,1,1
0.855524542,0,0,1,0,0,0
0.855693750,0,0,1,1,1,1
0.855722792,0,0,1,0,0,0
0.855892042,0,0,1,1,1,1
0.855921083,0,0,1,0,0,0
0.856090292,0,0,1,1,1,1
0.856119333,0,0,1,0,0,0
0.856288542,0,0,1,1,1,1
0.856317583,0,0,1,0,0,0
0.856486792,0,0,1,1,1,1
0.856515833,0,0,1,0,0,0
0.856685042,0,0,1,1,1,1
0.856714083,0,0,1,0,0,0
0.856883292,0,0,1,1,1,1
0.856912333,0,0,1,0,0,0
0.857081542,0,0,1,1,1,1
0.857110583,0,0,1,0,0,0
0.857279792,0,0,1,1,1,1
0.857308792,0,0,1,1,0,0
0.857308833,0,0,1,0,0,0
0.857478042,0,0,1,1,1,1
0.857507083,0,0,1,0,0,0
0.857676292,0,0,1,1,1,1
0.857705333,0,0,1,0,0,0
0.857874583,0,0,1,1,1,1
0.857903625,0,0,1,0,0,0
0.858072875,0,0,1,1,1,1
0.858101917,0,0,1,0,0,0
0.858271125,0,0,1,1,1,1
0.858300167,0,0,1,0,0,0
0.858469417,0,0,1,1,1,1
0.858498458,0,0,1,0,0,0
0.858667708,0,0,1,1,1,1
0.858696750,0,0,1,0,0,0
0.858866042,0,0,1,1,1,1
0.858895083,0,0,1,0,0,0
0.859064292,0,0,1,1,1,1
0.859093333,0,0,1,0,0,0
0.859262583,0,0,1,1,1,1
0.859291625,0,0,1,0,0,0
0.859460917,0,0,1,1,1,1
0.859489958,0,0,1,0,0,0
0.859659250,0,0,1,1,1,1
0.859688292,0,0,1,0,0,0
0.859857583,0,0,1,1,1,1
0.859886625,0,0,1,0,0,0
0.860055917,0,0,1,1,1,1
0.860084958,0,0,1,0,0,0
0.860254292,0,0,1,1,1,1
0.860283333,0,0,1,0,0,0
0.860452667,0,0,1,1,1,1
0.860481708,0,0,1,0,0,0
0.860651000,0,0,1,1,1,1
0.860680042,0,0,1,0,0,0
0.860849333,0,0,1,1,1,1
0.860878417,0,0,1,0,0,0
0.861047708,0,0,1,1,1,1
0.861076750,0,0,1,0,0,0
0.861246042,0,0,1,1,1,1
0.861275083,0,0,1,0,0,0
0.861444333,0,0,1,1,1,1
0.861473375,0,0,1,0,0,0
0.861642583,0,0,1,0,1,1
0.861642625,0,0,1,1,1,1
0.861671667,0,0,1,0,0,0
0.861840875,0,0,1,1,1,1
0.861869917,0,0,1,0,0,0
0.862039208,0,0,1,1,1,1
0.862068250,0,0,1,0,0,0
0.862237500,0,0,1,1,1,1
0.862266542,0,0,1,0,0,0
0.862435875,0,0,1,1,1,1
0.862464917,0,0,1,0,0,0
0.862634208,0,0,1,1,1,1
0.862663250,0,0,1,0,0,0
0.862832542,0,0,1,1,1,1
0.862861583,0,0,1,0,0,0
0.863030875,0,0,1,1,1,1
0.863059917,0,0,1,0,0,0
0.863229208,0,0,1,1,1,1
0.863258250,0,0,1,0,0,0
0.863427500,0,0,1,0,1,1
0.863427542,0,0,1,1,1,1
0.863456583,0,0,1,0,0,0
0.863625833,0,0,1,1,1,1
0.863654875,0,0,1,0,0,0
0.863824167,0,0,1,1,1,1
0.863853208,0,0,1,0,0,0
0.864022500,0,0,1,1,1,1
0.864051542,0,0,1,0,0,0
0.864220792,0,0,1,1,1,1
0.864249833,0,0,1,0,0,0
0.864419125,0,0,1,1,1,1
0.864448167,0,0,1,0,0,0
0.864617417,0,0,1,1,1,1
0.864646458,0,0,1,0,0,0
0.864815750,0,0,1,1,1,1
0.864844792,0,0,1,0,0,0
0.865014083,0,0,1,1,1,1
0.865043125,0,0,1,0,0,0
0.865212375,0,0,1,1,1,1
0.865241417,0,0,1,0,0,0
0.865410667,0,0,1,0,1,1
0.865410708,0,0,1,1,1,1
0.865439750,0,0,1,0,0,0
0.865608958,0,0,1,1,1,1
0.865638000,0,0,1,0,0,0
0.865807208,0,0,1,1,1,1
0.865836250,0,0,1,0,0,0
0.866005500,0,0,1,1,1,1
0.866034542,0,0,1,0,0,0
0.866203792,0,0,1,1,1,1
0.866232833,0,0,1,0,0,0
0.866402083,0,0,1,1,1,1
0.866431125,0,0,1,0,0,0
0.866600417,0,0,1,1,1,1
0.866629458,0,0,1,0,0,0
0.866798708,0,0,1,1,1,1
0.866827792,0,0,1,0,0,0
0.866997083,0,0,1,1,1,1
0.867026125,0,0,1,0,0,0
0.867195333,0,0,1,1,1,1
0.867224375,0,0,1,0,0,0
0.867393625,0,0,1,1,1,1
0.867422667,0,0,1,0,0,0
0.867591875,0,0,1,1,1,1
0.867620917,0,0,1,0,0,0
0.867790167,0,0,1,1,1,1
0.867819208,0,0,1,0,0,0
0.867988458,0,0,1,1,1,1
0.868017500,0,0,1,0,0,0
0.868186750,0,0,1,1,1,1
0.868215792,0,0,1,0,0,0
0.868385000,0,0,1,1,1,1
0.868414042,0,0,1,0,0,0
0.868583292,0,0,1,1,1,1
0.868612333,0,0,1,0,0,0
0.868781625,0,0,1,1,1,1
0.868810667,0,0,1,0,0,0
0.868979917,0,0,1,1,1,1
0.869009000,0,0,1,0,0,0
0.869178292,0,0,1,1,1,1
0.869207333,0,0,1,0,0,0
0.869376625,0,0,1,1,1,1
0.869405667,0,0,1,0,0,0
0.869574958,0,0,1,1,1,1
0.869604042,0,0,1,0,0,0
0.869773333,0,0,1,1,1,1
0.869802375,0,0,1,0,0,0
0.869971625,0,0,1,1,1,1
0.870000667,0,0,1,0,0,0
0.870169917,0,0,1,1,1,1
0.870198958,0,0,1,0,0,0
0.870368250,0,0,1,1,1,1
0.870397292,0,0,1,0,0,0
0.870566583,0,0,1,1,1,1
0.870595667,0,0,1,0,0,0
0.870764958,0,0,1,1,1,1
0.870794000,0,0,1,0,0,0
0.870963250,0,0,1,1,1,1
0.870992292,0,0,1,0,0,0
0.871161583,0,0,1,1,1,1
0.871190625,0,0,1,0,0,0
0.871359875,0,0,1,1,1,1
0.871388958,0,0,1,0,0,0
0.871558208,0,0,1,1,1,1
0.871587292,0,0,1,0,0,0
0.871756583,0,0,1,1,1,1
0.871785625,0,0,1,0,0,0
0.871954917,0,0,1,1,1,1
0.871984000,0,0,1,0,0,0
0.872153292,0,0,1,1,1,1
0.872182333,0,0,1,0,0,0
0.872351625,0,0,1,1,1,1
0.872380667,0,0,1,0,0,0
0.872549958,0,0,1,1,1,1
0.872579000,0,0,1,0,0,0
0.872748250,0,0,1,1,1,1
0.872777292,0,0,1,0,0,0
0.872946583,0,0,1,1,1,1
0.872975625,0,0,1,0,0,0
0.873144917,0,0,1,1,1,1
0.873173958,0,0,1,0,0,0
0.873343250,0,0,1,1,1,1
0.873372333,0,0,1,0,0,0
0.873541625,0,0,1,1,1,1
0.873570708,0,0,1,0,0,0
0.873739958,0,0,1,1,1,1
0.873769000,0,0,1,0,0,0
0.873938292,0,0,1,1,1,1
0.873967333,0,0,1,0,0,0
0.874136625,0,0,1,1,1,1
0.874165667,0,0,1,0,0,0
0.874335000,0,0,1,1,1,1
0.874364042,0,0,1,0,0,0
0.874533292,0,0,1,1,1,1
0.874562333,0,0,1,0,0,0
0.874731542,0,0,1,1,1,1
0.874760583,0,0,1,0,0,0
0.874929833,0,0,1,1,1,1
0.874958875,0,0,1,0,0,0
0.875128083,0,0,1,1,1,1
0.875157125,0,0,1,1,0,1
0.875157167,0,0,1,0,0,0
0.875326417,0,0,1,1,1,1
0.875355458,0,0,1,0,0,0
0.875524708,0,0,1,1,1,1
0.875553750,0,0,1,0,0,0
0.875723000,0,0,1,1,1,1
0.875752042,0,0,1,0,0,0
0.875921292,0,0,1,1,1,1
0.875950333,0,0,1,0,0,0
0.876119625,0,0,1,1,1,1
0.876148667,0,0,1,0,0,0
0.876317917,0,0,1,1,1,1
0.876346958,0,0,1,0,0,0
0.876516208,0,0,1,1,1,1
0.876545250,0,0,1,0,0,0
0.876714542,0,0,1,1,1,1
0.876743583,0,0,1,0,0,0
0.876912833,0,0,1,1,1,1
0.876941917,0,0,1,0,0,0
0.877111125,0,0,1,1,1,1
0.877140167,0,0,1,0,0,0
0.877309458,0,0,1,1,1,1
0.877338500,0,0,1,0,0,0
0.877507792,0,0,1,1,1,1
0.877536833,0,0,1,0,0,0
0.877706083,0,0,1,1,1,1
0.877735125,0,0,1,0,0,0
0.877904375,0,0,1,1,1,1
0.877933417,0,0,1,0,0,0
0.878102667,0,0,1,1,1,1
0.878131750,0,0,1,0,0,0
0.878300958,0,0,1,1,1,1
0.878330000,0,0,1,0,0,0
0.878499292,0,0,1,1,1,1
0.878528333,0,0,1,0,0,0
0.878697667,0,0,1,1,1,1
0.878726708,0,0,1,0,0,0
0.878895958,0,0,1,1,1,1
0.878925042,0,0,1,0,0,0
0.879094333,0,0,1,1,1,1
0.879123375,0,0,1,0,0,0
0.879292667,0,0,1,1,1,1
0.879321708,0,0,1,0,0,0
0.879491000,0,0,1,1,1,1
0.879520042,0,0,1,0,0,0
0.879689333,0,0,1,1,1,1
0.879718375,0,0,1,0,0,0
0.879887667,0,0,1,1,1,1
0.879916708,0,0,1,0,0,0
0.880086042,0,0,1,1,1,1
0.880115125,0,0,1,0,0,0
0.880284417,0,0,1,1,1,1
0.880313458,0,0,1,0,0,0
0.880482750,0,0,1,1,1,1
0.880511792,0,0,1,0,0,0
0.880681083,0,0,1,1,1,1
0.880710125,0,0,1,0,0,0
0.880879417,0,0,1,0,1,1
0.880879458,0,0,1,1,1,1
0.880908500,0,0,1,0,0,0
0.881077750,0,0,1,1,1,1
0.881106792,0,0,1,0,0,0
0.881276042,0,0,1,1,1,1
0.881305083,0,0,1,0,0,0
0.881474292,0,0,1,1,1,1
0.881503333,0,0,1,0,0,0
0.881672583,0,0,1,1,1,1
0.881701625,0,0,1,0,0,0
0.881870875,0,0,1,1,1,1
0.881899958,0,0,1,0,0,0
0.882069208,0,0,1,1,1,1
0.882098250,0,0,1,0,0,0
0.882267458,0,0,1,1,1,1
0.882296500,0,0,1,0,0,0
0.882465750,0,0,1,1,1,1
0.882494792,0,0,1,0,0,0
0.882664042,0,0,1,1,1,1
0.882693083,0,0,1,0,0,0
0.882862375,0,0,1,1,1,1
0.882891417,0,0,1,0,0,0
0.883060667,0,0,1,1,1,1
0.883089708,0,0,1,0,0,0
0.883258958,0,0,1,1,1,1
0.883288000,0,0,1,0,0,0
0.883457250,0,0,1,1,1,1
0.883486292,0,0,1,0,0,0
0.883655542,0,0,1,1,1,1
0.883684583,0,0,1,0,0,0
0.883853875,0,0,1,1,1,1
0.883882917,0,0,1,0,0,0
0.884052167,0,0,1,1,1,1
0.884081208,0,0,1,0,0,0
0.884250458,0,0,1,1,1,1
0.884279500,0,0,1,0,0,0
0.884448792,0,0,1,1,1,1
0.884477833,0,0,1,0,0,0
0.884647083,0,0,1,1,1,1
0.884676125,0,0,1,0,0,0
0.884845375,0,0,1,1,1,1
0.884874417,0,0,1,0,0,0
0.885043667,0,0,1,1,1,1
0.885072708,0,0,1,0,0,0
0.885241958,0,0,1,1,1,1
0.885271042,0,0,1,0,0,0
0.885440292,0,0,1,1,1,1
0.885469333,0,0,1,0,0,0
0.885638542,0,0,1,1,1,1
0.885667583,0,0,1,0,0,0
0.885836833,0,0,1,1,1,1
0.885865875,0,0,1,0,0,0
0.886035125,0,0,1,1,1,1
0.886064167,0,0,1,0,0,0
0.886233417,0,0,1,1,1,1
0.886262458,0,0,1,0,0,0
0.886431708,0,0,1,1,1,1
0.886460750,0,0,1,0,0,0
0.886630042,0,0,1,1,1,1
0.886659083,0,0,1,0,0,0
0.886828375,0,0,1,1,1,1
0.886857417,0,0,1,0,0,0
0.887026708,0,0,1,1,1,1
0.887055750,0,0,1,0,0,0
0.887225042,0,0,1,1,1,1
0.887254083,0,0,1,0,0,0
0.887423292,0,0,1,0,1,0
0.887423333,0,0,1,1,1,1
0.887452375,0,0,1,0,0,0
0.887621625,0,0,1,1,1,1
0.887650667,0,0,1,0,0,0
0.887819875,0,0,1,1,1,1
0.887848917,0,0,1,0,0,0
0.888018125,0,0,1,1,1,1
0.888047167,0,0,1,0,0,0
0.888216458,0,0,1,1,1,1
0.888245500,0,0,1,0,0,0
0.888414708,0,0,1,0,1,1
0.888414750,0,0,1,1,1,1
0.888443750,0,0,1,0,0,0
0.888613000,0,0,1,1,1,1
0.888642042,0,0,1,0,0,0
0.888811292,0,0,1,1,1,1
0.888840375,0,0,1,0,0,0
0.889009625,0,0,1,1,1,1
0.889038625,0,0,1,0,0,0
0.889207875,0,0,1,1,1,1
0.889236917,0,0,1,0,0,0
0.889406208,0,0,1,1,1,1
0.889435250,0,0,1,0,0,0
0.889604500,0,0,1,1,1,1
0.889633542,0,0,1,0,0,0
0.889802792,0,0,1,1,1,1
0.889831833,0,0,1,0,0,0
0.890001083,0,0,1,1,1,1
0.890030167,0,0,1,0,0,0
0.890199417,0,0,1,1,1,1
0.890228458,0,0,1,0,0,0
0.890397708,0,0,1,1,1,1
0.890426792,0,0,1,0,0,0
0.890596042,0,0,1,1,1,1
0.890625083,0,0,1,0,0,0
0.890794333,0,0,1,1,1,1
0.890823375,0,0,1,0,0,0
0.890992625,0,0,1,1,1,1
0.891021667,0,0,1,0,0,0
0.891190958,0,0,1,1,1,1
0.891220000,0,0,1,0,0,0
0.891389208,0,0,1,1,1,1
0.891418250,0,0,1,0,0,0
0.891587500,0,0,1,1,1,1
0.891616542,0,0,1,0,0,0
0.891785792,0,0,1,1,1,1
0.891814833,0,0,1,0,0,0
0.891984125,0,0,1,1,1,1
0.892013167,0,0,1,0,0,0
0.892182375,0,0,1,1,1,1
0.892211458,0,0,1,0,0,0
0.892380708,0,0,1,1,1,1
0.892409750,0,0,1,0,0,0
0.892579042,0,0,1,1,1,1
0.892608083,0,0,1,0,0,0
0.892777375,0,0,1,1,1,1
0.892806417,0,0,1,0,0,0
0.892975708,0,0,1,1,1,1
0.893004750,0,0,1,0,0,0
0.893174042,0,0,1,1,1,1
0.893203083,0,0,1,0,0,0
0.893372375,0,0,1,1,1,1
0.893401417,0,0,1,0,0,0
0.893570708,0,0,1,1,1,1
0.893599750,0,0,1,0,0,0
0.893769042,0,0,1,1,1,1
0.893798125,0,0,1,0,0,0
0.893967417,0,0,1,1,1,1
0.893996458,0,0,1,0,0,0
0.894165792,0,0,1,1,1,1
0.894194833,0,0,1,0,0,0
0.894364083,0,0,1,1,1,1
0.894393167,0,0,1,0,0,0
0.894562375,0,0,1,1,1,1
0.894591458,0,0,1,0,0,0
0.894760708,0,0,1,1,1,1
0.894789750,0,0,1,0,0,0
0.894959042,0,0,1,1,1,1
0.894988083,0,0,1,0,0,0
0.895157375,0,0,1,1,1,1
0.895186458,0,0,1,0,0,0
0.895355750,0,0,1,1,1,1
0.895384833,0,0,1,0,0,0
0.895554125,0,0,1,1,1,1
0.895583167,0,0,1,0,0,0
0.895752458,0,0,1,1,1,1
0.895781500,0,0,1,0,0,0
0.895950750,0,0,1,1,1,1
0.895979792,0,0,1,0,0,0
0.896149042,0,0,1,1,1,1
0.896178083,0,0,1,0,0,0
0.896347292,0,0,1,1,1,1
0.896376333,0,0,1,0,0,0
0.896545542,0,0,1,1,1,1
0.896574583,0,0,1,0,0,0
0.896743792,0,0,1,1,1,1
0.896772833,0,0,1,0,0,0
0.896942042,0,0,1,1,1,1
0.896971083,0,0,1,0,0,0
0.897140292,0,0,1,1,1,1
0.897169333,0,0,1,0,0,0
0.897338542,0,0,1,1,1,1
0.897367583,0,0,1,0,0,0
0.897536792,0,0,1,1,1,1
0.897565833,0,0,1,0,0,0
0.897735083,0,0,1,1,1,1
0.897764083,0,0,1,0,0,0
0.897933333,0,0,1,1,1,1
0.897962375,0,0,1,0,0,0
0.898131583,0,0,1,1,1,1
0.898160625,0,0,1,0,0,0
0.898329917,0,0,1,1,1,1
0.898358958,0,0,1,0,0,0
0.898528167,0,0,1,1,1,1
0.898557208,0,0,1,0,0,0
0.898726500,0,0,1,1,1,1
0.898755542,0,0,1,0,0,0
0.898924833,0,0,1,1,1,1
0.898953875,0,0,1,0,0,0
0.899123167,0,0,1,1,1,1
0.899152208,0,0,1,0,0,0
0.899321458,0,0,1,1,1,1
0.899350500,0,0,1,0,0,0
0.899519750,0,0,1,1,1,1
0.899548792,0,0,1,1,0,0
0.899548833,0,0,1,0,0,0
0.899718125,0,0,1,1,1,1
0.899747167,0,0,1,0,0,0
0.899916500,0,0,1,1,1,1
0.899945542,0,0,1,0,0,0
0.900114875,0,0,1,1,1,1
0.900143917,0,0,1,0,0,0
0.900313208,0,0,1,1,1,1
0.900342250,0,0,1,0,0,0
0.900511542,0,0,1,1,1,1
0.900540583,0,0,1,0,0,0
0.900709833,0,0,1,1,1,1
0.900738875,0,0,1,0,0,0
0.900908167,0,0,1,1,1,1
0.900937208,0,0,1,0,0,0
0.901106500,0,0,1,1,1,1
0.901135542,0,0,1,0,0,0
0.901304833,0,0,1,1,1,1
0.901333875,0,0,1,0,0,0
0.901503167,0,0,1,1,1,1
0.901532208,0,0,1,0,0,0
0.901701500,0,0,1,1,1,1
0.901730542,0,0,1,0,0,0
0.901899792,0,0,1,1,1,1
0.901928833,0,0,1,0,0,0
0.902098042,0,0,1,1,1,1
0.902127083,0,0,1,0,0,0
0.902296292,0,0,1,1,1,1
0.902325333,0,0,1,0,0,0
0.902494500,0,0,1,1,1,1
0.902523542,0,0,1,0,0,0
0.902692792,0,0,1,1,1,1
0.902721833,0,0,1,0,0,0
0.902891042,0,0,1,1,1,1
0.902920083,0,0,1,0,0,0
0.903089292,0,0,1,1,1,1
0.903118333,0,0,1,0,0,0
0.903287542,0,0,1,1,1,1
0.903316583,0,0,1,0,0,0
0.903485833,0,0,1,1,1,1
0.903514875,0,0,1,0,0,0
0.903684083,0,0,1,1,1,1
0.903713125,0,0,1,0,0,0
0.903882375,0,0,1,1,1,1
0.903911417,0,0,1,0,0,0
0.904080667,0,0,1,1,1,1
0.904109708,0,0,1,0,0,0
0.904278958,0,0,1,1,1,1
0.904308000,0,0,1,0,0,0
0.904477250,0,0,1,1,1,1
0.904506292,0,0,1,0,0,0
0.904675542,0,0,1,1,1,1
0.904704583,0,0,1,0,0,0
0.904873833,0,0,1,1,1,1
0.904902875,0,0,1,0,0,0
0.905072167,0,0,1,1,1,1
0.905101208,0,0,1,0,0,0
0.905270458,0,0,1,1,1,1
0.905299542,0,0,1,0,0,0
0.905468750,0,0,1,1,1,1
0.905497792,0,0,1,1,0,1
0.905497833,0,0,1,0,0,0
0.905667083,0,0,1,1,1,1
0.905696125,0,0,1,0,0,0
0.905865375,0,0,1,1,1,1
0.905894417,0,0,1,0,0,0
0.906063667,0,0,1,1,1,1
0.906092750,0,0,1,0,0,0
0.906262000,0,0,1,1,1,1
0.906291042,0,0,1,0,0,0
0.906460292,0,0,1,1,1,1
0.906489333,0,0,1,0,0,0
0.906658583,0,0,1,1,1,1
0.906687667,0,0,1,0,0,0
0.906856917,0,0,1,1,1,1
0.906886000,0,0,1,0,0,0
0.907055292,0,0,1,1,1,1
0.907084333,0,0,1,0,0,0
0.907253625,0,0,1,1,1,1
0.907282667,0,0,1,0,0,0
0.907452000,0,0,1,1,1,1
0.907481042,0,0,1,0,0,0
0.907650333,0,0,1,1,1,1
0.907679375,0,0,1,0,0,0
0.907848667,0,0,1,1,1,1
0.907877708,0,0,1,0,0,0
0.908047042,0,0,1,1,1,1
0.908076083,0,0,1,0,0,0
0.908245375,0,0,1,1,1,1
0.908274417,0,0,1,0,0,0
0.908443667,0,0,1,1,1,1
0.908472708,0,0,1,0,0,0
0.908641958,0,0,1,1,1,1
0.908671000,0,0,1,0,0,0
0.908840292,0,0,1,1,1,1
0.908869333,0,0,1,0,0,0
0.909038667,0,0,1,1,1,1
0.909067708,0,0,1,0,0,0
0.909236958,0,0,1,1,1,1
0.909265958,0,0,1,0,0,0
0.909435208,0,0,1,1,1,1
0.909464250,0,0,1,0,0,0
0.909633542,0,0,1,1,1,1
0.909662583,0,0,1,0,0,0
0.909831833,0,0,1,1,1,1
0.909860875,0,0,1,0,0,0
0.910030167,0,0,1,1,1,1
0.910059208,0,0,1,0,0,0
0.910228458,0,0,1,1,1,1
0.910257500,0,0,1,0,0,0
0.910426708,0,0,1,1,1,1
0.910455750,0,0,1,0,0,0
0.910625000,0,0,1,1,1,1
0.910654042,0,0,1,0,0,0
0.910823292,0,0,1,1,1,1
0.910852333,0,0,1,0,0,0
0.911021583,0,0,1,1,1,1
0.911050625,0,0,1,0,0,0
0.911219875,0,0,1,1,1,1
0.911248917,0,0,1,0,0,0
0.911418167,0,0,1,1,1,1
0.911447208,0,0,1,0,0,0
0.911616458,0,0,1,1,1,1
0.911645500,0,0,1,0,0,0
0.911814750,0,0,1,1,1,1
0.911843792,0,0,1,0,0,0
0.912013083,0,0,1,1,1,1
0.912042125,0,0,1,0,0,0
0.912211500,0,0,1,1,1,1
0.912240542,0,0,1,0,0,0
0.912409875,0,0,1,1,1,1
0.912438917,0,0,1,0,0,0
0.912608208,0,0,1,1,1,1
0.912637292,0,0,1,0,0,0
0.912806625,0,0,1,1,1,1
0.912835667,0,0,1,0,0,0
0.913004958,0,0,1,1,1,1
0.913034042,0,0,1,0,0,0
0.913203333,0,0,1,1,1,1
0.913232375,0,0,1,0,0,0
0.913401708,0,0,1,1,1,1
0.913430750,0,0,1,0,0,0
0.913600042,0,0,1,1,1,1
0.913629083,0,0,1,0,0,0
0.913798375,0,0,1,1,1,1
0.913827417,0,0,1,0,0,0
0.913996708,0,0,1,1,1,1
0.914025750,0,0,1,0,0,0
0.914195042,0,0,1,1,1,1
0.914224083,0,0,1,0,0,0
0.914393375,0,0,1,1,1,1
0.914422417,0,0,1,0,0,0
0.914591667,0,0,1,1,1,1
0.914620750,0,0,1,0,0,0
0.914790000,0,0,1,1,1,1
0.914819042,0,0,1,0,0,0
0.914988333,0,0,1,1,1,1
0.915017375,0,0,1,0,0,0
0.915186625,0,0,1,1,1,1
0.915215667,0,0,1,0,0,0
0.915384875,0,0,1,1,1,1
0.915413917,0,0,1,0,0,0
0.915583167,0,0,1,1,1,1
0.915612208,0,0,1,0,0,0
0.915781417,0,0,1,1,1,1
0.915810458,0,0,1,0,0,0
0.915979667,0,0,1,1,1,1
0.916008708,0,0,1,0,0,0
0.916177917,0,0,1,1,1,1
0.916206958,0,0,1,0,0,0
0.916376167,0,0,1,1,1,1
0.916405208,0,0,1,0,0,0
0.916574458,0,0,1,1,1,1
0.916603500,0,0,1,0,0,0
0.916772750,0,0,1,1,1,1
0.916801792,0,0,1,0,0,0
0.916971042,0,0,1,1,1,1
0.917000083,0,0,1,0,0,0
0.917169333,0,0,1,1,1,1
0.917198375,0,0,1,1,0,0
0.917198417,0,0,1,0,0,0
0.917367708,0,0,1,1,1,1
0.917396750,0,0,1,0,0,0
0.917566042,0,0,1,1,1,1
0.917595083,0,0,1,0,0,0
0.917764375,0,0,1,1,1,1
0.917793417,0,0,1,0,0,0
0.917962667,0,0,1,1,1,1
0.917991708,0,0,1,0,0,0
0.918160958,0,0,1,0,1,1
0.918161000,0,0,1,1,1,1
0.918190042,0,0,1,0,0,0
0.918359333,0,0,1,1,1,1
0.918388375,0,0,1,0,0,0
0.918557625,0,0,1,1,1,1
0.918586708,0,0,1,0,0,0
0.918756000,0,0,1,1,1,1
0.918785042,0,0,1,0,0,0
0.918954333,0,0,1,1,1,1
0.918983375,0,0,1,0,0,0
0.919152667,0,0,1,1,1,1
0.919181708,0,0,1,0,0,0
0.919351000,0,0,1,1,1,1
0.919380042,0,0,1,0,0,0
0.919549333,0,0,1,1,1,1
0.919578375,0,0,1,0,0,0
0.919747667,0,0,1,1,1,1
0.919776708,0,0,1,0,0,0
0.919946000,0,0,1,1,1,1
0.919975042,0,0,1,0,0,0
0.920144292,0,0,1,1,1,1
0.920173333,0,0,1,0,0,0
0.920342542,0,0,1,1,1,1
0.920371625,0,0,1,0,0,0
0.920540833,0,0,1,1,1,1
0.920569917,0,0,1,0,0,0
0.920739167,0,0,1,1,1,1
0.920768208,0,0,1,0,0,0
0.920937458,0,0,1,1,1,1
0.920966500,0,0,1,0,0,0
0.921135750,0,0,1,1,1,1
0.921164792,0,0,1,0,0,0
0.921334000,0,0,1,1,1,1
0.921363042,0,0,1,0,0,0
0.921532250,0,0,1,1,1,1
0.921561292,0,0,1,0,0,0
0.921730542,0,0,1,1,1,1
0.921759542,0,0,1,1,0,0
0.921759583,0,0,1,0,0,0
0.921928792,0,0,1,1,1,1
0.921957833,0,0,1,0,0,0
0.922127042,0,0,1,1,1,1
0.922156083,0,0,1,0,0,0
0.922325292,0,0,1,1,1,1
0.922354333,0,0,1,0,0,0
0.922523583,0,0,1,1,1,1
0.922552625,0,0,1,0,0,0
0.922721875,0,0,1,1,1,1
0.922750917,0,0,1,0,0,0
0.922920167,0,0,1,1,1,1
0.922949208,0,0,1,1,0,0
0.922949250,0,0,1,0,0,0
0.923118500,0,0,1,1,1,1
0.923147542,0,0,1,0,0,0
0.923316792,0,0,1,1,1,1
0.923345833,0,0,1,0,0,0
0.923515125,0,0,1,1,1,1
0.923544167,0,0,1,0,0,0
0.923713417,0,0,1,1,1,1
0.923742458,0,0,1,0,0,0
0.923911750,0,0,1,1,1,1
0.923940792,0,0,1,0,0,0
0.924110042,0,0,1,1,1,1
0.924139083,0,0,1,0,0,0
0.924308375,0,0,1,1,1,1
0.924337417,0,0,1,0,0,0
0.924506750,0,0,1,1,1,1
0.924535792,0,0,1,1,0,0
0.924535833,0,0,1,0,0,0
0.924705125,0,0,1,1,1,1
0.924734167,0,0,1,0,0,0
0.924903458,0,0,1,1,1,1
0.924932500,0,0,1,0,0,0
0.925101833,0,0,1,1,1,1
0.925130875,0,0,1,0,0,0
0.925300208,0,0,1,1,1,1
0.925329250,0,0,1,0,0,0
0.925498542,0,0,1,1,1,1
0.925527583,0,0,1,0,0,0
0.925696917,0,0,1,1,1,1
0.925725958,0,0,1,0,0,0
0.925895250,0,0,1,1,1,1
0.925924292,0,0,1,0,0,0
0.926093583,0,0,1,1,1,1
0.926122667,0,0,1,0,0,0
0.926291958,0,0,1,1,1,1
0.926321000,0,0,1,0,0,0
0.926490333,0,0,1,1,1,1
0.926519375,0,0,1,0,0,0
0.926688667,0,0,1,1,1,1
0.926717750,0,0,1,0,0,0
0.926887042,0,0,1,1,1,1
0.926916083,0,0,1,0,0,0
0.927085375,0,0,1,1,1,1
0.927114417,0,0,1,0,0,0
0.927283708,0,0,1,1,1,1
0.927312750,0,0,1,0,0,0
0.927482042,0,0,1,1,1,1
0.927511125,0,0,1,0,0,0
0.927680417,0,0,1,1,1,1
0.927709458,0,0,1,0,0,0
0.927878750,0,0,1,1,1,1
0.927907833,0,0,1,0,0,0
0.928077083,0,0,1,0,1,1
0.928077125,0,0,1,1,1,1
0.928106167,0,0,1,0,0,0
0.928275458,0,0,1,1,1,1
0.928304542,0,0,1,0,0,0
0.928473833,0,0,1,1,1,1
0.928502875,0,0,1,0,0,0
0.928672208,0,0,1,1,1,1
0.928701250,0,0,1,0,0,0
0.928870500,0,0,1,1,1,1
0.928899542,0,0,1,0,0,0
0.929068792,0,0,1,1,1,1
0.929097833,0,0,1,0,0,0
0.929267125,0,0,1,1,1,1
0.929296167,0,0,1,0,0,0
0.929465417,0,0,1,1,1,1
0.929494458,0,0,1,0,0,0
0.929663750,0,0,1,1,1,1
0.929692792,0,0,1,0,0,0
0.929862042,0,0,1,1,1,1
0.929891083,0,0,1,0,0,0
0.930060333,0,0,1,1,1,1
0.930089375,0,0,1,0,0,0
0.930258625,0,0,1,1,1,1
0.930287667,0,0,1,0,0,0
0.930456917,0,0,1,1,1,1
0.930485917,0,0,1,0,0,0
0.930655125,0,0,1,1,1,1
0.930684208,0,0,1,0,0,0
0.930853458,0,0,1,1,1,1
0.930882500,0,0,1,0,0,0
0.931051750,0,0,1,1,1,1
0.931080792,0,0,1,0,0,0
0.931250000,0,0,1,1,1,1
0.931279042,0,0,1,0,0,0
0.931448292,0,0,1,1,1,1
0.931477333,0,0,1,0,0,0
0.931646583,0,0,1,1,1,1
0.931675625,0,0,1,0,0,0
0.931844875,0,0,1,1,1,1
0.931873917,0,0,1,0,0,0
0.932043167,0,0,1,1,1,1
0.932072208,0,0,1,0,0,0
0.932241417,0,0,1,1,1,1
0.932270417,0,0,1,0,0,0
0.932439625,0,0,1,1,1,1
0.932468667,0,0,1,0,0,0
0.932637833,0,0,1,1,1,1
0.932666875,0,0,1,0,0,0
0.932836167,0,0,1,1,1,1
0.932865208,0,0,1,0,0,0
0.933034417,0,0,1,0,1,1
0.933034458,0,0,1,1,1,1
0.933063500,0,0,1,0,0,0
0.933232708,0,0,1,1,1,1
0.933261750,0,0,1,0,0,0
0.933431042,0,0,1,1,1,1
0.933460083,0,0,1,0,0,0
0.933629333,0,0,1,1,1,1
0.933658375,0,0,1,0,0,0
0.933827625,0,0,1,1,1,1
0.933856667,0,0,1,0,0,0
0.934025917,0,0,1,1,1,1
0.934054958,0,0,1,0,0,0
0.934224250,0,0,1,1,1,1
0.934253292,0,0,1,0,0,0
0.934422542,0,0,1,1,1,1
0.934451583,0,0,1,0,0,0
0.934620875,0,0,1,1,1,1
0.934649917,0,0,1,0,0,0
0.934819167,0,0,1,1,1,1
0.934848208,0,0,1,0,0,0
0.935017500,0,0,1,1,1,1
0.935046542,0,0,1,0,0,0
0.935215792,0,0,1,1,1,1
0.935244833,0,0,1,0,0,0
0.935414083,0,0,1,1,1,1
0.935443167,0,0,1,0,0,0
0.935612417,0,0,1,1,1,1
0.935641458,0,0,1,0,0,0
0.935810708,0,0,1,1,1,1
0.935839750,0,0,1,0,0,0
0.936009000,0,0,1,1,1,1
0.936038042,0,0,1,0,0,0
0.936207292,0,0,1,1,1,1
0.936236333,0,0,1,0,0,0
0.936405542,0,0,1,1,1,1
0.936434583,0,0,1,0,0,0
0.936603875,0,0,1,1,1,1
0.936632917,0,0,1,0,0,0
0.936802167,0,0,1,1,1,1
0.936831208,0,0,1,0,0,0
0.937000458,0,0,1,1,1,1
0.937029500,0,0,1,0,0,0
0.937198750,0,0,1,1,1,1
0.937227792,0,0,1,0,0,0
0.937397083,0,0,1,1,1,1
0.937426125,0,0,1,0,0,0
0.937595333,0,0,1,1,1,1
0.937624375,0,0,1,0,0,0
0.937793667,0,0,1,1,1,1
0.937822708,0,0,1,0,0,0
0.937991917,0,0,1,1,1,1
0.938020958,0,0,1,0,0,0
0.938190208,0,0,1,1,1,1
0.938219250,0,0,1,0,0,0
0.938388458,0,0,1,1,1,1
0.938417500,0,0,1,0,0,0
0.938586750,0,0,1,1,1,1
0.938615792,0,0,1,0,0,0
0.938785083,0,0,1,1,1,1
0.938814125,0,0,1,0,0,0
0.938983375,0,0,1,1,1,1
0.939012417,0,0,1,0,0,0
0.939181708,0,0,1,1,1,1
0.939210750,0,0,1,0,0,0
0.939380000,0,0,1,1,1,1
0.939409042,0,0,1,0,0,0
0.939578292,0,0,1,1,1,1
0.939607375,0,0,1,0,0,0
0.939776625,0,0,1,1,1,1
0.939805667,0,0,1,0,0,0
0.939974917,0,0,1,1,1,1
0.940003958,0,0,1,0,0,0
0.940173208,0,0,1,1,1,1
0.940202250,0,0,1,0,0,0
0.940371500,0,0,1,1,1,1
0.940400542,0,0,1,0,0,0
0.940569833,0,0,1,1,1,1
0.940598875,0,0,1,0,0,0
0.940768167,0,0,1,1,1,1
0.940797208,0,0,1,0,0,0
0.940966500,0,0,1,1,1,1
0.940995542,0,0,1,0,0,0
0.941164792,0,0,1,1,1,1
0.941193833,0,0,1,0,0,0
0.941363083,0,0,1,1,1,1
0.941392125,0,0,1,0,0,0
0.941561375,0,0,1,1,1,1
0.941590417,0,0,1,0,0,0
0.941759708,0,0,1,1,1,1
0.941788750,0,0,1,0,0,0
0.941958042,0,0,1,1,1,1
0.941987083,0,0,1,0,0,0
0.942156375,0,0,1,1,1,1
0.942185417,0,0,1,0,0,0
0.942354750,0,0,1,1,1,1
0.942383792,0,0,1,0,0,0
0.942553083,0,0,1,1,1,1
0.942582125,0,0,1,0,0,0
0.942751417,0,0,1,1,1,1
0.942780500,0,0,1,0,0,0
0.942949792,0,0,1,1,1,1
0.942978833,0,0,1,0,0,0
0.943148125,0,0,1,1,1,1
0.943177167,0,0,1,0,0,0
0.943346417,0,0,1,1,1,1
0.943375500,0,0,1,0,0,0
0.943544792,0,0,1,1,1,1
0.943573833,0,0,1,0,0,0
0.943743125,0,0,1,1,1,1
0.943772208,0,0,1,0,0,0
0.943941500,0,0,1,1,1,1
0.943970542,0,0,1,0,0,0
0.944139792,0,0,1,1,1,1
0.944168833,0,0,1,0,0,0
0.944338167,0,0,1,1,1,1
0.944367208,0,0,1,0,0,0
0.944536458,0,0,1,1,1,1
0.944565542,0,0,1,0,0,0
0.944734792,0,0,1,1,1,1
0.944763833,0,0,1,0,0,0
0.944933083,0,0,1,1,1,1
0.944962125,0,0,1,0,0,0
0.945131375,0,0,1,0,1,0
0.945131417,0,0,1,1,1,1
0.945160458,0,0,1,0,0,0
0.945329708,0,0,1,1,1,1
0.945358750,0,0,1,0,0,0
0.945528000,0,0,1,1,1,1
0.945557042,0,0,1,0,0,0
0.945726292,0,0,1,1,1,1
0.945755375,0,0,1,0,0,0
0.945924625,0,0,1,1,1,1
0.945953667,0,0,1,0,0,0
0.946122958,0,0,1,1,1,1
0.946152042,0,0,1,0,0,0
0.946321292,0,0,1,1,1,1
0.946350333,0,0,1,0,0,0
0.946519583,0,0,1,1,1,1
0.946548667,0,0,1,0,0,0
0.946717917,0,0,1,1,1,1
0.946746958,0,0,1,0,0,0
0.946916208,0,0,1,1,1,1
0.946945250,0,0,1,0,0,0
0.947114500,0,0,1,1,1,1
0.947143542,0,0,1,0,0,0
0.947312750,0,0,1,1,1,1
0.947341750,0,0,1,0,0,0
0.947510958,0,0,1,1,1,1
0.947540000,0,0,1,0,0,0
0.947709208,0,0,1,1,1,1
0.947738250,0,0,1,0,0,0
0.947907458,0,0,1,1,1,1
0.947936500,0,0,1,0,0,0
0.948105708,0,0,1,1,1,1
0.948134750,0,0,1,0,0,0
0.948303958,0,0,1,1,1,1
0.948333000,0,0,1,0,0,0
0.948502208,0,0,1,1,1,1
0.948531250,0,0,1,0,0,0
0.948700500,0,0,1,1,1,1
0.948729542,0,0,1,0,0,0
0.948898750,0,0,1,1,1,1
0.948927792,0,0,1,0,0,0
0.949097042,0,0,1,1,1,1
0.949126083,0,0,1,0,0,0
0.949295292,0,0,1,1,1,1
0.949324333,0,0,1,0,0,0
0.949493542,0,0,1,1,1,1
0.949522583,0,0,1,0,0,0
0.949691833,0,0,1,1,1,1
0.949720917,0,0,1,0,0,0
0.949890167,0,0,1,1,1,1
0.949919250,0,0,1,0,0,0
0.950088542,0,0,1,1,1,1
0.950117583,0,0,1,0,0,0
0.950286875,0,0,1,1,1,1
0.950315917,0,0,1,0,0,0
0.950485167,0,0,1,1,1,1
0.950514208,0,0,1,0,0,0
0.950683417,0,0,1,1,1,1
0.950712458,0,0,1,0,0,0
0.950881708,0,0,1,1,1,1
0.950910750,0,0,1,0,0,0
0.951079958,0,0,1,1,1,1
0.951109000,0,0,1,0,0,0
0.951278250,0,0,1,1,1,1
0.951307292,0,0,1,0,0,0
0.951476458,0,0,1,0,1,0
0.951476500,0,0,1,1,1,1
0.951505500,0,0,1,0,0,0
0.951674708,0,0,1,1,1,1
0.951703750,0,0,1,0,0,0
0.951872958,0,0,1,1,1,1
0.951902000,0,0,1,0,0,0
0.952071208,0,0,1,1,1,1
0.952100250,0,0,1,0,0,0
0.952269458,0,0,1,1,1,1
0.952298500,0,0,1,0,0,0
0.952467708,0,0,1,1,1,1
0.952496750,0,0,1,0,0,0
0.952665958,0,0,1,1,1,1
0.952695000,0,0,1,0,0,0
0.952864208,0,0,1,1,1,1
0.952893208,0,0,1,0,0,0
0.953062458,0,0,1,1,1,1
0.953091500,0,0,1,0,0,0
0.953260708,0,0,1,1,1,1
0.953289750,0,0,1,0,0,0
0.953459000,0,0,1,1,1,1
0.953488042,0,0,1,0,0,0
0.953657250,0,0,1,1,1,1
0.953686292,0,0,1,0,0,0
0.953855458,0,0,1,1,1,1
0.953884500,0,0,1,0,0,0
0.954053750,0,0,1,1,1,1
0.954082792,0,0,1,0,0,0
0.954252000,0,0,1,1,1,1
0.954281042,0,0,1,0,0,0
0.954450250,0,0,1,1,1,1
0.954479292,0,0,1,0,0,0
0.954648542,0,0,1,1,1,1
0.954677583,0,0,1,0,0,0
0.954846792,0,0,1,1,1,1
0.954875833,0,0,1,0,0,0
0.955045083,0,0,1,1,1,1
0.955074125,0,0,1,0,0,0
0.955243417,0,0,1,1,1,1
0.955272458,0,0,1,0,0,0
0.955441708,0,0,1,1,1,1
0.955470750,0,0,1,0,0,0
0.955640042,0,0,1,1,1,1
0.955669083,0,0,1,0,0,0
0.955838333,0,0,1,1,1,1
0.955867375,0,0,1,0,0,0
0.956036667,0,0,1,1,1,1
0.956065708,0,0,1,0,0,0
0.956235000,0,0,1,1,1,1
0.956264042,0,0,1,0,0,0
0.956433250,0,0,1,1,1,1
0.956462333,0,0,1,0,0,0
0.956631542,0,0,1,0,1,1
0.956631583,0,0,1,1,1,1
0.956660625,0,0,1,0,0,0
0.956829875,0,0,1,1,1,1
0.956858917,0,0,1,0,0,0
0.957028167,0,0,1,1,1,1
0.957057208,0,0,1,0,0,0
0.957226458,0,0,1,1,1,1
0.957255500,0,0,1,0,0,0
0.957424667,0,0,1,1,1,1
0.957453708,0,0,1,0,0,0
0.957622917,0,0,1,0,1,1
0.957622958,0,0,1,1,1,1
0.957652000,0,0,1,0,0,0
0.957821250,0,0,1,1,1,1
0.957850333,0,0,1,0,0,0
0.958019583,0,0,1,1,1,1
0.958048625,0,0,1,0,0,0
0.958217833,0,0,1,1,1,1
0.958246875,0,0,1,0,0,0
0.958416083,0,0,1,1,1,1
0.958445125,0,0,1,0,0,0
0.958614375,0,0,1,1,1,1
0.958643417,0,0,1,0,0,0
0.958812625,0,0,1,1,1,1
0.958841667,0,0,1,0,0,0
0.959010917,0,0,1,1,1,1
0.959039958,0,0,1,0,0,0
0.959209208,0,0,1,1,1,1
0.959238250,0,0,1,0,0,0
0.959407458,0,0,1,1,1,1
0.959436500,0,0,1,0,0,0
0.959605750,0,0,1,1,1,1
0.959634833,0,0,1,0,0,0
0.959804042,0,0,1,1,1,1
0.959833083,0,0,1,0,0,0
0.960002333,0,0,1,1,1,1
0.960031417,0,0,1,0,0,0
0.960200625,0,0,1,1,1,1
0.960229667,0,0,1,0,0,0
0.960398917,0,0,1,1,1,1
0.960427958,0,0,1,0,0,0
0.960597208,0,0,1,1,1,1
0.960626250,0,0,1,0,0,0
0.960795458,0,0,1,1,1,1
0.960824500,0,0,1,0,0,0
0.960993750,0,0,1,1,1,1
0.961022792,0,0,1,0,0,0
0.961192042,0,0,1,0,1,0
0.961192083,0,0,1,1,1,1
0.961221125,0,0,1,0,0,0
0.961390333,0,0,1,1,1,1
0.961419375,0,0,1,0,0,0
0.961588625,0,0,1,1,1,1
0.961617667,0,0,1,0,0,0
0.961786917,0,0,1,1,1,1
0.961815958,0,0,1,0,0,0
0.961985167,0,0,1,1,1,1
0.962014208,0,0,1,0,0,0
0.962183458,0,0,1,1,1,1
0.962212500,0,0,1,0,0,0
0.962381750,0,0,1,1,1,1
0.962410792,0,0,1,0,0,0
0.962580042,0,0,1,1,1,1
0.962609083,0,0,1,0,0,0
0.962778292,0,0,1,1,1,1
0.962807333,0,0,1,0,0,0
0.962976583,0,0,1,1,1,1
0.963005625,0,0,1,0,0,0
0.963174917,0,0,1,1,1,1
0.963203958,0,0,1,0,0,0
0.963373208,0,0,1,1,1,1
0.963402250,0,0,1,0,0,0
0.963571542,0,0,1,1,1,1
0.963600583,0,0,1,0,0,0
0.963769833,0,0,1,1,1,1
0.963798875,0,0,1,0,0,0
0.963968125,0,0,1,1,1,1
0.963997208,0,0,1,0,0,0
0.964166458,0,0,1,1,1,1
0.964195500,0,0,1,0,0,0
0.964364833,0,0,1,1,1,1
0.964393875,0,0,1,0,0,0
0.964563125,0,0,1,1,1,1
0.964592167,0,0,1,0,0,0
0.964761417,0,0,1,1,1,1
0.964790458,0,0,1,0,0,0
0.964959667,0,0,1,1,1,1
0.964988708,0,0,1,0,0,0
0.965157958,0,0,1,1,1,1
0.965187000,0,0,1,0,0,0
0.965356292,0,0,1,1,1,1
0.965385333,0,0,1,0,0,0
0.965554542,0,0,1,1,1,1
0.965583583,0,0,1,0,0,0
0.965752875,0,0,1,1,1,1
0.965781917,0,0,1,0,0,0
0.965951208,0,0,1,1,1,1
0.965980250,0,0,1,0,0,0
0.966149500,0,0,1,1,1,1
0.966178542,0,0,1,0,0,0
0.966347792,0,0,1,1,1,1
0.966376875,0,0,1,0,0,0
0.966546167,0,0,1,1,1,1
0.966575208,0,0,1,0,0,0
0.966744458,0,0,1,1,1,1
0.966773542,0,0,1,0,0,0
0.966942792,0,0,1,1,1,1
0.966971875,0,0,1,0,0,0
0.967141167,0,0,1,1,1,1
0.967170208,0,0,1,0,0,0
0.967339417,0,0,1,1,1,1
0.967368458,0,0,1,0,0,0
0.967537708,0,0,1,1,1,1
0.967566750,0,0,1,0,0,0
0.967736042,0,0,1,1,1,1
0.967765083,0,0,1,0,0,0
0.967934375,0,0,1,1,1,1
0.967963417,0,0,1,0,0,0
0.968132708,0,0,1,1,1,1
0.968161750,0,0,1,0,0,0
0.968331042,0,0,1,1,1,1
0.968360083,0,0,1,0,0,0
0.968529333,0,0,1,1,1,1
0.968558375,0,0,1,0,0,0
0.968727667,0,0,1,1,1,1
0.968756708,0,0,1,0,0,0
0.968925958,0,0,1,1,1,1
0.968955000,0,0,1,0,0,0
0.969124250,0,0,1,1,1,1
0.969153292,0,0,1,0,0,0
0.969322542,0,0,1,1,1,1
0.969351583,0,0,1,0,0,0
0.969520833,0,0,1,1,1,1
0.969549875,0,0,1,0,0,0
0.969719125,0,0,1,1,1,1
0.969748167,0,0,1,0,0,0
0.969917417,0,0,1,1,1,1
0.969946458,0,0,1,0,0,0
0.970115708,0,0,1,1,1,1
0.970144750,0,0,1,0,0,0
0.970314000,0,0,1,1,1,1
0.970343042,0,0,1,0,0,0
0.970512292,0,0,1,1,1,1
0.970541375,0,0,1,0,0,0
0.970710667,0,0,1,1,1,1
0.970739708,0,0,1,0,0,0
0.970909000,0,0,1,1,1,1
0.970938083,0,0,1,0,0,0
0.971107333,0,0,1,1,1,1
0.971136375,0,0,1,0,0,0
0.971305667,0,0,1,1,1,1
0.971334708,0,0,1,0,0,0
0.971503958,0,0,1,1,1,1
0.971533000,0,0,1,0,0,0
0.971702292,0,0,1,1,1,1
0.971731333,0,0,1,0,0,0
0.971900625,0,0,1,1,1,1
0.971929667,0,0,1,0,0,0
0.972098958,0,0,1,1,1,1
0.972128000,0,0,1,0,0,0
0.972297292,0,0,1,1,1,1
0.972326333,0,0,1,0,0,0
0.972495625,0,0,1,1,1,1
0.972524708,0,0,1,0,0,0
0.972694000,0,0,1,1,1,1
0.972723042,0,0,1,0,0,0
0.972892333,0,0,1,1,1,1
0.972921375,0,0,1,0,0,0
0.973090625,0,0,1,1,1,1
0.973119667,0,0,1,0,0,0
0.973288917,0,0,1,1,1,1
0.973318000,0,0,1,0,0,0
0.973487250,0,0,1,1,1,1
0.973516333,0,0,1,0,0,0
0.973685583,0,0,1,1,1,1
0.973714625,0,0,1,0,0,0
0.973883917,0,0,1,1,1,1
0.973912958,0,0,1,0,0,0
0.974082250,0,0,1,1,1,1
0.974111292,0,0,1,0,0,0
0.974280542,0,0,1,1,1,1
0.974309583,0,0,1,0,0,0
0.974478833,0,0,1,1,1,1
0.974507875,0,0,1,0,0,0
0.974677125,0,0,1,1,1,1
0.974706167,0,0,1,0,0,0
0.974875458,0,0,1,1,1,1
0.974904500,0,0,1,0,0,0
0.975073833,0,0,1,1,1,1
0.975102875,0,0,1,0,0,0
0.975272167,0,0,1,1,1,1
0.975301250,0,0,1,0,0,0
0.975470500,0,0,1,1,1,1
0.975499542,0,0,1,0,0,0
0.975668792,0,0,1,1,1,1
0.975697833,0,0,1,0,0,0
0.975867083,0,0,1,1,1,1
0.975896125,0,0,1,0,0,0
0.976065375,0,0,1,1,1,1
0.976094417,0,0,1,0,0,0
0.976263708,0,0,1,1,1,1
0.976292750,0,0,1,0,0,0
0.976462000,0,0,1,1,1,1
0.976491042,0,0,1,0,0,0
0.976660333,0,0,1,1,1,1
0.976689375,0,0,1,0,0,0
0.976858667,0,0,1,1,1,1
0.976887708,0,0,1,0,0,0
0.977057000,0,0,1,1,1,1
0.977086083,0,0,1,0,0,0
0.977255375,0,0,1,1,1,1
0.977284417,0,0,1,0,0,0
0.977453667,0,0,1,1,1,1
0.977482708,0,0,1,0,0,0
0.977652000,0,0,1,1,1,1
0.977681042,0,0,1,0,0,0
0.977850333,0,0,1,1,1,1
0.977879375,0,0,1,0,0,0
0.978048625,0,0,1,1,1,1
0.978077667,0,0,1,0,0,0
0.978246958,0,0,1,1,1,1
0.978276042,0,0,1,0,0,0
0.978445292,0,0,1,1,1,1
0.978474333,0,0,1,0,0,0
0.978643583,0,0,1,1,1,1
0.978672625,0,0,1,0,0,0
0.978841875,0,0,1,0,1,0
0.978841917,0,0,1,1,1,1
0.978870958,0,0,1,0,0,0
0.979040208,0,0,1,1,1,1
0.979069292,0,0,1,0,0,0
0.979238583,0,0,1,1,1,1
0.979267625,0,0,1,0,0,0
0.979436917,0,0,1,1,1,1
0.979465958,0,0,1,0,0,0
0.979635250,0,0,1,1,1,1
0.979664292,0,0,1,0,0,0
0.979833583,0,0,1,1,1,1
0.979862625,0,0,1,0,0,0
0.980031875,0,0,1,1,1,1
0.980060917,0,0,1,0,0,0
0.980230167,0,0,1,1,1,1
0.980259208,0,0,1,0,0,0
0.980428458,0,0,1,1,1,1
0.980457500,0,0,1,0,0,0
0.980626750,0,0,1,1,1,1
0.980655792,0,0,1,0,0,0
0.980825042,0,0,1,1,1,1
0.980854083,0,0,1,0,0,0
0.981023333,0,0,1,1,1,1
0.981052375,0,0,1,0,0,0
0.981221625,0,0,1,1,1,1
0.981250667,0,0,1,0,0,0
0.981419917,0,0,1,1,1,1
0.981448958,0,0,1,0,0,0
0.981618208,0,0,1,1,1,1
0.981647250,0,0,1,0,0,0
0.981816458,0,0,1,1,1,1
0.981845500,0,0,1,0,0,0
0.982014667,0,0,1,1,1,1
0.982043708,0,0,1,0,0,0
0.982212917,0,0,1,1,1,1
0.982241958,0,0,1,0,0,0
0.982411167,0,0,1,1,1,1
0.982440208,0,0,1,0,0,0
0.982609417,0,0,1,1,1,1
0.982638458,0,0,1,0,0,0
0.982807625,0,0,1,1,1,1
0.982836667,0,0,1,0,0,0
0.983005875,0,0,1,1,1,1
0.983034917,0,0,1,0,0,0
0.983204083,0,0,1,1,1,1
0.983233125,0,0,1,0,0,0
0.983402333,0,0,1,1,1,1
0.983431375,0,0,1,0,0,0
0.983600583,0,0,1,1,1,1
0.983629625,0,0,1,0,0,0
0.983798833,0,0,1,1,1,1
0.983827875,0,0,1,0,0,0
0.983997083,0,0,1,1,1,1
0.984026083,0,0,1,0,0,0
0.984195292,0,0,1,1,1,1
0.984224333,0,0,1,0,0,0
0.984393542,0,0,1,1,1,1
0.984422583,0,0,1,0,0,0
0.984591792,0,0,1,1,1,1
0.984620833,0,0,1,0,0,0
0.984790042,0,0,1,1,1,1
0.984819083,0,0,1,0,0,0
0.984988292,0,0,1,1,1,1
0.985017292,0,0,1,0,0,0
0.985186500,0,0,1,1,1,1
0.985215542,0,0,1,0,0,0
0.985384750,0,0,1,1,1,1
0.985413792,0,0,1,0,0,0
0.985583000,0,0,1,1,1,1
0.985612083,0,0,1,0,0,0
0.985781333,0,0,1,1,1,1
0.985810375,0,0,1,0,0,0
0.985979625,0,0,1,1,1,1
0.986008667,0,0,1,0,0,0
0.986177958,0,0,1,1,1,1
0.986207000,0,0,1,0,0,0
0.986376250,0,0,1,1,1,1
0.986405292,0,0,1,0,0,0
0.986574542,0,0,1,1,1,1
0.986603625,0,0,1,0,0,0
0.986772792,0,0,1,1,1,1
0.986801833,0,0,1,0,0,0
0.986971000,0,0,1,1,1,1
0.987000042,0,0,1,0,0,0
0.987169208,0,0,1,1,1,1
0.987198250,0,0,1,0,0,0
0.987367458,0,0,1,1,1,1
0.987396458,0,0,1,1,0,0
0.987396500,0,0,1,0,0,0
0.987565708,0,0,1,1,1,1
0.987594708,0,0,1,1,0,0
0.987594750,0,0,1,0,0,0
0.987763917,0,0,1,1,1,1
0.987792958,0,0,1,0,0,0
0.987962125,0,0,1,0,1,0
0.987962167,0,0,1,1,1,1
0.987991167,0,0,1,0,0,0
0.988160375,0,0,1,1,1,1
0.988189417,0,0,1,0,0,0
0.988358583,0,0,1,1,1,1
0.988387625,0,0,1,0,0,0
0.988556792,0,0,1,1,1,1
0.988585833,0,0,1,0,0,0
0.988755000,0,0,1,1,1,1
0.988784042,0,0,1,0,0,0
0.988953250,0,0,1,1,1,1
0.988982250,0,0,1,1,0,0
0.988982292,0,0,1,0,0,0
0.989151500,0,0,1,1,1,1
0.989180542,0,0,1,0,0,0
0.989349750,0,0,1,1,1,1
0.989378792,0,0,1,0,0,0
0.989547958,0,0,1,1,1,1
0.989577000,0,0,1,0,0,0
0.989746167,0,0,1,1,1,1
0.989775208,0,0,1,0,0,0
0.989944417,0,0,1,1,1,1
0.989973458,0,0,1,0,0,0
0.990142708,0,0,1,1,1,1
0.990171750,0,0,1,0,0,0
0.990341000,0,0,1,1,1,1
0.990370042,0,0,1,0,0,0
0.990539250,0,0,1,1,1,1
0.990568292,0,0,1,0,0,0
0.990737542,0,0,1,1,1,1
0.990766583,0,0,1,0,0,0
0.990935833,0,0,1,1,1,1
0.990964875,0,0,1,0,0,0
0.991134167,0,0,1,1,1,1
0.991163208,0,0,1,0,0,0
0.991332458,0,0,1,1,1,1
0.991361500,0,0,1,0,0,0
0.991530750,0,0,1,1,1,1
0.991559792,0,0,1,0,0,0
0.991729042,0,0,1,1,1,1
0.991758083,0,0,1,0,0,0
0.991927333,0,0,1,0,0,1
0.991927375,0,0,1,1,1,1
0.991956417,0,0,1,0,0,0
0.992125625,0,0,1,0,1,1
0.992125667,0,0,1,1,1,1
0.992154708,0,0,1,0,0,0
0.992323917,0,0,1,1,1,1
0.992352958,0,0,1,0,0,0
0.992522208,0,0,1,1,1,1
0.992551250,0,0,1,0,0,0
0.992720458,0,0,1,1,1,1
0.992749500,0,0,1,0,0,0
0.992918750,0,0,1,1,1,1
0.992947792,0,0,1,0,0,0
0.993117000,0,0,1,1,1,1
0.993146042,0,0,1,0,0,0
0.993315292,0,0,1,1,1,1
0.993344333,0,0,1,0,0,0
0.993513583,0,0,1,1,1,1
0.993542625,0,0,1,0,0,0
0.993711833,0,0,1,1,1,1
0.993740875,0,0,1,0,0,0
0.993910083,0,0,1,1,1,1
0.993939125,0,0,1,0,0,0
0.994108333,0,0,1,1,1,1
0.994137375,0,0,1,0,0,0
0.994306583,0,0,1,1,1,1
0.994335625,0,0,1,0,0,0
0.994504875,0,0,1,1,1,1
0.994533917,0,0,1,0,0,0
0.994703167,0,0,1,1,1,1
0.994732208,0,0,1,0,0,0
0.994901458,0,0,1,1,1,1
0.994930500,0,0,1,0,0,0
0.995099792,0,0,1,1,1,1
0.995128833,0,0,1,0,0,0
0.995298083,0,0,1,1,1,1
0.995327125,0,0,1,0,0,0
0.995496375,0,0,1,1,1,1
0.995525417,0,0,1,0,0,0
0.995694667,0,0,1,1,1,1
0.995723708,0,0,1,0,0,0
0.995892958,0,0,1,1,1,1
0.995922042,0,0,1,0,0,0
0.996091292,0,0,1,1,1,1
0.996120333,0,0,1,0,0,0
0.996289625,0,0,1,1,1,1
0.996318667,0,0,1,0,0,0
0.996487917,0,0,1,1,1,1
0.996516958,0,0,1,0,0,0
0.996686208,0,0,1,1,1,1
0.996715250,0,0,1,0,0,0
0.996884542,0,0,1,1,1,1
0.996913583,0,0,1,0,0,0
0.997082833,0,0,1,1,1,1
0.997111875,0,0,1,0,0,0
0.997281167,0,0,1,1,1,1
0.997310208,0,0,1,0,0,0
0.997479500,0,0,1,1,1,1
0.997508542,0,0,1,0,0,0
0.997677750,0,0,1,1,1,1
0.997706792,0,0,1,1,0,0
0.997706833,0,0,1,0,0,0
0.997876083,0,0,1,1,1,1
0.997905083,0,0,1,0,0,0
0.998074333,0,0,1,1,1,1
0.998103375,0,0,1,0,0,0
0.998272625,0,0,1,1,1,1
0.998301667,0,0,1,0,0,0
0.998470958,0,0,1,1,1,1
0.998500000,0,0,1,0,0,0
0.998669250,0,0,1,1,1,1
0.998698292,0,0,1,0,0,0
0.998867500,0,0,1,1,1,1
0.998896542,0,0,1,0,0,0
0.999065792,0,0,1,1,1,1
0.999094833,0,0,1,0,0,0
0.999264083,0,0,1,1,1,1
0.999293125,0,0,1,0,0,0
0.999462375,0,0,1,1,1,1
0.999491417,0,0,1,0,0,0
0.999660667,0,0,1,1,1,1
0.999689708,0,0,1,0,0,0
0.999858958,0,0,1,1,1,1
0.999888000,0,0,1,1,1,0
0.999888042,0,0,1,0,0,0
1.000057292,0,0,1,1,1,1
1.000086333,0,0,1,0,0,0
1.000255583,0,0,1,1,1,1
1.000284667,0,0,1,0,0,0
1.000453875,0,0,1,1,1,1
1.000482917,0,0,1,0,0,0
1.000652167,0,0,1,1,1,1
1.000681208,0,0,1,0,0,0
1.000850458,0,0,1,1,1,1
1.000879500,0,0,1,0,0,0
1.001048750,0,0,1,1,1,1
1.001077792,0,0,1,0,0,0
1.001247083,0,0,1,1,1,1
1.001276125,0,0,1,0,0,0
1.001445375,0,0,1,1,1,1
1.001474417,0,0,1,0,0,0
1.001643708,0,0,1,1,1,1
1.001672750,0,0,1,0,0,0
1.001842042,0,0,1,1,1,1
1.001871083,0,0,1,0,0,0
1.002040375,0,0,1,1,1,1
1.002069417,0,0,1,0,0,0
1.002238667,0,0,1,1,1,1
1.002267708,0,0,1,0,0,0
1.002436958,0,0,1,1,1,1
1.002466000,0,0,1,0,0,0
1.002635208,0,0,1,1,1,1
1.002664250,0,0,1,0,0,0
1.002833458,0,0,1,0,1,1
1.002833500,0,0,1,1,1,1
1.002862500,0,0,1,0,0,0
1.003031750,0,0,1,1,1,1
1.003060792,0,0,1,0,0,0
1.003230000,0,0,1,1,1,1
1.003259042,0,0,1,0,0,0
1.003428250,0,0,1,1,1,1
1.003457292,0,0,1,0,0,0
1.003626458,0,0,1,1,1,1
1.003655500,0,0,1,0,0,0
1.003824750,0,0,1,1,1,1
1.003853792,0,0,1,0,0,0
1.004023000,0,0,1,1,1,1
1.004052042,0,0,1,0,0,0
1.004221208,0,0,1,1,1,1
1.004250250,0,0,1,0,0,0
1.004419500,0,0,1,1,1,1
1.004448542,0,0,1,0,0,0
1.004617750,0,0,1,1,1,1
1.004646792,0,0,1,0,0,0
1.004816042,0,0,1,1,1,1
1.004845083,0,0,1,0,0,0
1.005014292,0,0,1,1,1,1
1.005043333,0,0,1,0,0,0
1.005212583,0,0,1,1,1,1
1.005241625,0,0,1,0,0,0
1.005410833,0,0,1,1,1,1
1.005439875,0,0,1,0,0,0
1.005609125,0,0,1,1,1,1
1.005638167,0,0,1,0,0,0
1.005807375,0,0,1,1,1,1
1.005836417,0,0,1,0,0,0
1.006005625,0,0,1,1,1,1
1.006034667,0,0,1,0,0,0
1.006203917,0,0,1,1,1,1
1.006233000,0,0,1,0,0,0
1.006402208,0,0,1,1,1,1
1.006431250,0,0,1,0,0,0
1.006600458,0,0,1,1,1,1
1.006629500,0,0,1,0,0,0
1.006798708,0,0,1,1,1,1
1.006827750,0,0,1,0,0,0
1.006996958,0,0,1,1,1,1
1.007026000,0,0,1,0,0,0
1.007195208,0,0,1,1,1,1
1.007224250,0,0,1,0,0,0
1.007393458,0,0,1,1,1,1
1.007422500,0,0,1,0,0,0
1.007591708,0,0,1,1,1,1
1.007620750,0,0,1,0,0,0
1.007790000,0,0,1,1,1,1
1.007819042,0,0,1,0,0,0
1.007988250,0,0,1,1,1,1
1.008017292,0,0,1,0,0,0
1.008186500,0,0,1,0,1,1
1.008186542,0,0,1,1,1,1
1.008215542,0,0,1,1,0,0
1.008215583,0,0,1,0,0,0
1.008384750,0,0,1,1,1,1
1.008413792,0,0,1,0,0,0
1.008583000,0,0,1,1,1,1
1.008612083,0,0,1,0,0,0
1.008781375,0,0,1,1,1,1
1.008810417,0,0,1,0,0,0
1.008979708,0,0,1,1,1,1
1.009008792,0,0,1,0,0,0
1.009178083,0,0,1,1,1,1
1.009207125,0,0,1,0,0,0
1.009376417,0,0,1,1,1,1
1.009405458,0,0,1,0,0,0
1.009574750,0,0,1,1,1,1
1.009603792,0,0,1,0,0,0
1.009773042,0,0,1,0,1,0
1.009773083,0,0,1,1,1,1
1.009802125,0,0,1,0,0,0
1.009971375,0,0,1,1,1,1
1.010000417,0,0,1,0,0,0
1.010169667,0,0,1,1,1,1
1.010198750,0,0,1,0,0,0
1.010368000,0,0,1,1,1,1
1.010397042,0,0,1,0,0,0
1.010566333,0,0,1,1,1,1
1.010595417,0,0,1,0,0,0
1.010764708,0,0,1,1,1,1
1.010793750,0,0,1,0,0,0
1.010963083,0,0,1,1,1,1
1.010992125,0,0,1,0,0,0
1.011161417,0,0,1,1,1,1
1.011190500,0,0,1,0,0,0
1.011359792,0,0,1,1,1,1
1.011388833,0,0,1,0,0,0
1.011558167,0,0,1,1,1,1
1.011587208,0,0,1,0,0,0
1.011756542,0,0,1,1,1,1
1.011785583,0,0,1,0,0,0
1.011954917,0,0,1,1,1,1
1.011984000,0,0,1,0,0,0
1.012153292,0,0,1,1,1,1
1.012182333,0,0,1,0,0,0
1.012351625,0,0,1,1,1,1
1.012380667,0,0,1,0,0,0
1.012549917,0,0,1,1,1,1
1.012578958,0,0,1,0,0,0
1.012748208,0,0,1,1,1,1
1.012777250,0,0,1,0,0,0
1.012946500,0,0,1,1,1,1
1.012975542,0,0,1,0,0,0
1.013144792,0,0,1,1,1,1
1.013173833,0,0,1,0,0,0
1.013343083,0,0,1,1,1,1
1.013372125,0,0,1,0,0,0
1.013541417,0,0,1,1,1,1
1.013570458,0,0,1,0,0,0
1.013739708,0,0,1,1,1,1
1.013768750,0,0,1,0,0,0
1.013938000,0,0,1,1,1,1
1.013967042,0,0,1,0,0,0
1.014136292,0,0,1,1,1,1
1.014165333,0,0,1,0,0,0
1.014334583,0,0,1,1,1,1
1.014363625,0,0,1,0,0,0
1.014532917,0,0,1,1,1,1
1.014561958,0,0,1,0,0,0
1.014731250,0,0,1,1,1,1
1.014760292,0,0,1,0,0,0
1.014929542,0,0,1,0,1,0
1.014929583,0,0,1,1,1,1
1.014958625,0,0,1,0,0,0
1.015127875,0,0,1,1,1,1
1.015156958,0,0,1,0,0,0
1.015326208,0,0,1,1,1,1
1.015355250,0,0,1,0,0,0
1.015524458,0,0,1,1,1,1
1.015553500,0,0,1,0,0,0
1.015722750,0,0,1,1,1,1
1.015751792,0,0,1,0,0,0
1.015921042,0,0,1,1,1,1
1.015950083,0,0,1,0,0,0
1.016119333,0,0,1,1,1,1
1.016148375,0,0,1,0,0,0
1.016317583,0,0,1,1,1,1
1.016346625,0,0,1,0,0,0
1.016515875,0,0,1,1,1,1
1.016544917,0,0,1,0,0,0
1.016714125,0,0,1,1,1,1
1.016743167,0,0,1,1,1,0
1.016743208,0,0,1,0,0,0
1.016912458,0,0,1,1,1,1
1.016941500,0,0,1,0,0,0
1.017110708,0,0,1,1,1,1
1.017139792,0,0,1,0,0,0
1.017309083,0,0,1,1,1,1
1.017338125,0,0,1,0,0,0
1.017507417,0,0,1,1,1,1
1.017536458,0,0,1,0,0,0
1.017705667,0,0,1,1,1,1
1.017734708,0,0,1,0,0,0
1.017903917,0,0,1,1,1,1
1.017932958,0,0,1,0,0,0
1.018102208,0,0,1,1,1,1
1.018131250,0,0,1,0,0,0
1.018300500,0,0,1,1,1,1
1.018329542,0,0,1,0,0,0
1.018498833,0,0,1,1,1,1
1.018527875,0,0,1,0,0,0
1.018697125,0,0,1,0,1,1
1.018697167,0,0,1,1,1,1
1.018726208,0,0,1,0,0,0
1.018895458,0,0,1,1,1,1
1.018924500,0,0,1,0,0,0
1.019093792,0,0,1,1,1,1
1.019122833,0,0,1,0,0,0
1.019292083,0,0,1,1,1,1
1.019321125,0,0,1,0,0,0
1.019490375,0,0,1,0,1,0
1.019490417,0,0,1,1,1,1
1.019519458,0,0,1,0,0,0
1.019688708,0,0,1,1,1,1
1.019717750,0,0,1,0,0,0
1.019887000,0,0,1,1,1,1
1.019916083,0,0,1,0,0,0
1.020085333,0,0,1,1,1,1
1.020114375,0,0,1,0,0,0
1.020283625,0,0,1,1,1,1
1.020312708,0,0,1,0,0,0
1.020481958,0,0,1,1,1,1
1.020511000,0,0,1,0,0,0
1.020680292,0,0,1,1,1,1
1.020709333,0,0,1,0,0,0
1.020878583,0,0,1,1,1,1
1.020907625,0,0,1,0,0,0
1.021076917,0,0,1,1,1,1
1.021105958,0,0,1,0,0,0
1.021275250,0,0,1,1,1,1
1.021304292,0,0,1,0,0,0
1.021473542,0,0,1,1,1,1
1.021502583,0,0,1,0,0,0
1.021671875,0,0,1,1,1,1
1.021700917,0,0,1,0,0,0
1.021870167,0,0,1,1,1,1
1.021899250,0,0,1,0,0,0
1.022068500,0,0,1,1,1,1
1.022097542,0,0,1,0,0,0
1.022266833,0,0,1,1,1,1
1.022295875,0,0,1,0,0,0
1.022465125,0,0,1,1,1,1
1.022494167,0,0,1,0,0,0
1.022663417,0,0,1,1,1,1
1.022692458,0,0,1,0,0,0
1.022861750,0,0,1,1,1,1
1.022890792,0,0,1,0,0,0
1.023060083,0,0,1,1,1,1
1.023089125,0,0,1,0,0,0
1.023258417,0,0,1,1,1,1
1.023287458,0,0,1,0,0,0
1.023456750,0,0,1,1,1,1
1.023485792,0,0,1,0,0,0
1.023655042,0,0,1,1,1,1
1.023684083,0,0,1,0,0,0
1.023853333,0,0,1,1,1,1
1.023882375,0,0,1,0,0,0
1.024051583,0,0,1,1,1,1
1.024080667,0,0,1,0,0,0
1.024249917,0,0,1,1,1,1
1.024278958,0,0,1,0,0,0
1.024448250,0,0,1,1,1,1
1.024477292,0,0,1,0,0,0
1.024646542,0,0,1,1,1,1
1.024675583,0,0,1,0,0,0
1.024844792,0,0,1,1,1,1
1.024873792,0,0,1,0,0,0
1.025043042,0,0,1,1,1,1
1.025072083,0,0,1,0,0,0
1.025241292,0,0,1,0,1,1
1.025241333,0,0,1,1,1,1
1.025270333,0,0,1,0,0,0
1.025439583,0,0,1,1,1,1
1.025468625,0,0,1,0,0,0
1.025637792,0,0,1,1,1,1
1.025666833,0,0,1,0,0,0
1.025836083,0,0,1,1,1,1
1.025865125,0,0,1,0,0,0
1.026034333,0,0,1,1,1,1
1.026063375,0,0,1,0,0,0
1.026232583,0,0,1,1,1,1
1.026261625,0,0,1,0,0,0
1.026430875,0,0,1,1,1,1
1.026459917,0,0,1,0,0,0
1.026629125,0,0,1,1,1,1
1.026658167,0,0,1,0,0,0
1.026827375,0,0,1,1,1,1
1.026856417,0,0,1,0,0,0
1.027025708,0,0,1,1,1,1
1.027054750,0,0,1,0,0,0
1.027224042,0,0,1,1,1,1
1.027253083,0,0,1,0,0,0
1.027422375,0,0,1,1,1,1
1.027451417,0,0,1,0,0,0
1.027620708,0,0,1,1,1,1
1.027649750,0,0,1,0,0,0
1.027819000,0,0,1,1,1,1
1.027848042,0,0,1,0,0,0
1.028017250,0,0,1,1,1,1
1.028046292,0,0,1,0,0,0
1.028215500,0,0,1,1,1,1
1.028244542,0,0,1,0,0,0
1.028413792,0,0,1,1,1,1
1.028442833,0,0,1,0,0,0
1.028612042,0,0,1,1,1,1
1.028641083,0,0,1,0,0,0
1.028810292,0,0,1,1,1,1
1.028839333,0,0,1,0,0,0
1.029008542,0,0,1,1,1,1
1.029037583,0,0,1,0,0,0
1.029206833,0,0,1,1,1,1
1.029235875,0,0,1,0,0,0
1.029405125,0,0,1,1,1,1
1.029434167,0,0,1,0,0,0
1.029603458,0,0,1,1,1,1
1.029632500,0,0,1,0,0,0
1.029801792,0,0,1,1,1,1
1.029830875,0,0,1,0,0,0
1.030000125,0,0,1,1,1,1
1.030029167,0,0,1,0,0,0
1.030198375,0,0,1,1,1,1
1.030227458,0,0,1,0,0,0
1.030396708,0,0,1,1,1,1
1.030425750,0,0,1,0,0,0
1.030595042,0,0,1,1,1,1
1.030624083,0,0,1,0,0,0
1.030793292,0,0,1,0,1,0
1.030793333,0,0,1,1,1,1
1.030822333,0,0,1,1,0,0
1.030822375,0,0,1,0,0,0
1.030991625,0,0,1,1,1,1
1.031020667,0,0,1,0,0,0
1.031190000,0,0,1,1,1,1
1.031219042,0,0,1,0,0,0
1.031388292,0,0,1,1,1,1
1.031417333,0,0,1,0,0,0
1.031586583,0,0,1,1,1,1
1.031615625,0,0,1,0,0,0
1.031784875,0,0,1,1,1,1
1.031813917,0,0,1,0,0,0
1.031983208,0,0,1,1,1,1
1.032012250,0,0,1,0,0,0
1.032181542,0,0,1,1,1,1
1.032210583,0,0,1,0,0,0
1.032379917,0,0,1,1,1,1
1.032408958,0,0,1,0,0,0
1.032578250,0,0,1,1,1,1
1.032607333,0,0,1,0,0,0
1.032776542,0,0,1,1,1,1
1.032805583,0,0,1,0,0,0
1.032974833,0,0,1,1,1,1
1.033003875,0,0,1,0,0,0
1.033173125,0,0,1,1,1,1
1.033202167,0,0,1,0,0,0
1.033371458,0,0,1,1,1,1
1.033400500,0,0,1,0,0,0
1.033569792,0,0,1,1,1,1
1.033598833,0,0,1,0,0,0
1.033768083,0,0,1,1,1,1
1.033797125,0,0,1,0,0,0
1.033966417,0,0,1,1,1,1
1.033995458,0,0,1,0,0,0
1.034164750,0,0,1,1,1,1
1.034193792,0,0,1,0,0,0
1.034363042,0,0,1,1,1,1
1.034392083,0,0,1,0,0,0
1.034561333,0,0,1,1,1,1
1.034590417,0,0,1,0,0,0
1.034759667,0,0,1,1,1,1
1.034788708,0,0,1,1,0,0
1.034788750,0,0,1,0,0,0
1.034958000,0,0,1,1,1,1
1.034987042,0,0,1,0,0,0
1.035156333,0,0,1,1,1,1
1.035185375,0,0,1,0,0,0
1.035354625,0,0,1,1,1,1
1.035383667,0,0,1,0,0,0
1.035552917,0,0,1,1,1,1
1.035581958,0,0,1,0,0,0
1.035751208,0,0,1,1,1,1
1.035780250,0,0,1,0,0,0
1.035949458,0,0,1,1,1,1
1.035978500,0,0,1,0,0,0
1.036147750,0,0,1,1,1,1
1.036176792,0,0,1,0,0,0
1.036346042,0,0,1,1,1,1
1.036375083,0,0,1,0,0,0
1.036544333,0,0,1,1,1,1
1.036573375,0,0,1,0,0,0
1.036742625,0,0,1,1,1,1
1.036771667,0,0,1,0,0,0
1.036940917,0,0,1,1,1,1
1.036969917,0,0,1,1,0,0
1.036969958,0,0,1,0,0,0
1.037139167,0,0,1,0,1,1
1.037139208,0,0,1,1,1,1
1.037168250,0,0,1,0,0,0
1.037337458,0,0,1,1,1,1
1.037366542,0,0,1,0,0,0
1.037535792,0,0,1,1,1,1
1.037564833,0,0,1,0,0,0
1.037734042,0,0,1,0,1,1
1.037734083,0,0,1,1,1,1
1.037763125,0,0,1,0,0,0
1.037932375,0,0,1,1,1,1
1.037961417,0,0,1,0,0,0
1.038130667,0,0,1,1,1,1
1.038159708,0,0,1,0,0,0
1.038328958,0,0,1,1,1,1
1.038358042,0,0,1,0,0,0
1.038527292,0,0,1,1,1,1
1.038556333,0,0,1,0,0,0
1.038725625,0,0,1,1,1,1
1.038754667,0,0,1,0,0,0
1.038923958,0,0,1,1,1,1
1.038953000,0,0,1,0,0,0
1.039122292,0,0,1,1,1,1
1.039151333,0,0,1,0,0,0
1.039320625,0,0,1,1,1,1
1.039349708,0,0,1,0,0,0
1.039519000,0,0,1,1,1,1
1.039548042,0,0,1,0,0,0
1.039717292,0,0,1,0,1,1
1.039717333,0,0,1,1,1,1
1.039746375,0,0,1,0,0,0
1.039915583,0,0,1,1,1,1
1.039944667,0,0,1,0,0,0
1.040113917,0,0,1,1,1,1
1.040142958,0,0,1,0,0,0
1.040312208,0,0,1,1,1,1
1.040341250,0,0,1,0,0,0
1.040510458,0,0,1,1,1,1
1.040539500,0,0,1,0,0,0
1.040708750,0,0,1,1,1,1
1.040737792,0,0,1,0,0,0
1.040907042,0,0,1,1,1,1
1.040936083,0,0,1,0,0,0
1.041105333,0,0,1,1,1,1
1.041134375,0,0,1,0,0,0
1.041303583,0,0,1,1,1,1
1.041332583,0,0,1,0,0,0
1.041501833,0,0,1,1,1,1
1.041530875,0,0,1,0,0,0
1.041700083,0,0,1,1,1,1
1.041729125,0,0,1,0,0,0
1.041898333,0,0,1,1,1,1
1.041927333,0,0,1,0,0,0
1.042096583,0,0,1,1,1,1
1.042125625,0,0,1,0,0,0
1.042294875,0,0,1,1,1,1
1.042323917,0,0,1,0,0,0
1.042493167,0,0,1,1,1,1
1.042522208,0,0,1,0,0,0
1.042691417,0,0,1,1,1,1
1.042720458,0,0,1,0,0,0
1.042889708,0,0,1,1,1,1
1.042918750,0,0,1,0,0,0
1.043088000,0,0,1,1,1,1
1.043117042,0,0,1,0,0,0
1.043286292,0,0,1,1,1,1
1.043315333,0,0,1,0,0,0
1.043484625,0,0,1,1,1,1
1.043513667,0,0,1,0,0,0
1.043682958,0,0,1,1,1,1
1.043712000,0,0,1,0,0,0
1.043881250,0,0,1,1,1,1
1.043910333,0,0,1,0,0,0
1.044079625,0,0,1,1,1,1
1.044108667,0,0,1,0,0,0
1.044277958,0,0,1,1,1,1
1.044307000,0,0,1,0,0,0
1.044476292,0,0,1,1,1,1
1.044505333,0,0,1,0,0,0
1.044674625,0,0,1,1,1,1
1.044703667,0,0,1,0,0,0
1.044872917,0,0,1,1,1,1
1.044901958,0,0,1,0,0,0
1.045071167,0,0,1,1,1,1
1.045100208,0,0,1,1,0,1
1.045100250,0,0,1,0,0,0
1.045269500,0,0,1,1,1,1
1.045298542,0,0,1,0,0,0
1.045467833,0,0,1,1,1,1
1.045496875,0,0,1,0,0,0
1.045666167,0,0,1,1,1,1
1.045695208,0,0,1,0,0,0
1.045864500,0,0,1,1,1,1
1.045893542,0,0,1,0,0,0
1.046062792,0,0,1,1,1,1
1.046091875,0,0,1,0,0,0
1.046261125,0,0,1,1,1,1
1.046290208,0,0,1,0,0,0
1.046459458,0,0,1,1,1,1
1.046488542,0,0,1,0,0,0
1.046657792,0,0,1,0,1,0
1.046657833,0,0,1,1,1,1
1.046686875,0,0,1,0,0,0
1.046856125,0,0,1,1,1,1
1.046885208,0,0,1,0,0,0
1.047054458,0,0,1,1,1,1
1.047083500,0,0,1,1,0,0
1.047083542,0,0,1,0,0,0
1.047252792,0,0,1,1,1,1
1.047281833,0,0,1,0,0,0
1.047451042,0,0,1,1,1,1
1.047480083,0,0,1,0,0,0
1.047649333,0,0,1,1,1,1
1.047678375,0,0,1,0,0,0
1.047847625,0,0,1,1,1,1
1.047876667,0,0,1,0,0,0
1.048045875,0,0,1,1,1,1
1.048074917,0,0,1,0,0,0
1.048244125,0,0,1,1,1,1
1.048273167,0,0,1,0,0,0
1.048442458,0,0,1,1,1,1
1.048471500,0,0,1,0,0,0
1.048640708,0,0,1,1,1,1
1.048669750,0,0,1,0,0,0
1.048838958,0,0,1,1,1,1
1.048868000,0,0,1,0,0,0
1.049037250,0,0,1,1,1,1
1.049066292,0,0,1,0,0,0
1.049235542,0,0,1,1,1,1
1.049264583,0,0,1,0,0,0
1.049433792,0,0,1,0,1,0
1.049433833,0,0,1,1,1,1
1.049462833,0,0,1,0,0,0
1.049632083,0,0,1,1,1,1
1.049661125,0,0,1,0,0,0
1.049830417,0,0,1,1,1,1
1.049859458,0,0,1,0,0,0
1.050028750,0,0,1,1,1,1
1.050057792,0,0,1,0,0,0
1.050227042,0,0,1,1,1,1
1.050256125,0,0,1,0,0,0
1.050425375,0,0,1,1,1,1
1.050454417,0,0,1,0,0,0
1.050623625,0,0,1,1,1,1
1.050652667,0,0,1,0,0,0
1.050821875,0,0,1,1,1,1
1.050850917,0,0,1,0,0,0
1.051020125,0,0,1,0,1,1
1.051020167,0,0,1,1,1,1
1.051049167,0,0,1,0,0,0
1.051218417,0,0,1,1,1,1
1.051247417,0,0,1,0,0,0
1.051416625,0,0,1,1,1,1
1.051445667,0,0,1,0,0,0
1.051614875,0,0,1,1,1,1
1.051643917,0,0,1,0,0,0
1.051813208,0,0,1,1,1,1
1.051842250,0,0,1,0,0,0
1.052011542,0,0,1,1,1,1
1.052040583,0,0,1,0,0,0
1.052209792,0,0,1,1,1,1
1.052238833,0,0,1,0,0,0
1.052408125,0,0,1,1,1,1
1.052437167,0,0,1,0,0,0
1.052606458,0,0,1,1,1,1
1.052635500,0,0,1,0,0,0
1.052804750,0,0,1,1,1,1
1.052833792,0,0,1,0,0,0
1.053003042,0,0,1,1,1,1
1.053032083,0,0,1,0,0,0
1.053201292,0,0,1,1,1,1
1.053230292,0,0,1,0,0,0
1.053399500,0,0,1,1,1,1
1.053428542,0,0,1,0,0,0
1.053597708,0,0,1,1,1,1
1.053626750,0,0,1,0,0,0
1.053795958,0,0,1,1,1,1
1.053824958,0,0,1,0,0,0
1.053994167,0,0,1,1,1,1
1.054023208,0,0,1,0,0,0
1.054192458,0,0,1,1,1,1
1.054221500,0,0,1,0,0,0
1.054390750,0,0,1,1,1,1
1.054419792,0,0,1,0,0,0
1.054589083,0,0,1,1,1,1
1.054618125,0,0,1,0,0,0
1.054787417,0,0,1,1,1,1
1.054816458,0,0,1,0,0,0
1.054985708,0,0,1,1,1,1
1.055014750,0,0,1,0,0,0
1.055183958,0,0,1,1,1,1
1.055213000,0,0,1,0,0,0
1.055382250,0,0,1,1,1,1
1.055411292,0,0,1,0,0,0
1.055580500,0,0,1,1,1,1
1.055609542,0,0,1,0,0,0
1.055778750,0,0,1,1,1,1
1.055807792,0,0,1,0,0,0
1.055977000,0,0,1,1,1,1
1.056006042,0,0,1,0,0,0
1.056175292,0,0,1,1,1,1
1.056204333,0,0,1,0,0,0
1.056373542,0,0,1,1,1,1
1.056402583,0,0,1,0,0,0
1.056571792,0,0,1,1,1,1
1.056600833,0,0,1,0,0,0
1.056770042,0,0,1,1,1,1
1.056799083,0,0,1,0,0,0
1.056968333,0,0,1,0,1,1
1.056968375,0,0,1,1,1,1
1.056997417,0,0,1,0,0,0
1.057166625,0,0,1,1,1,1
1.057195667,0,0,1,0,0,0
1.057364875,0,0,1,1,1,1
1.057393917,0,0,1,0,0,0
1.057563125,0,0,1,1,1,1
1.057592167,0,0,1,0,0,0
1.057761375,0,0,1,1,1,1
1.057790375,0,0,1,0,0,0
1.057959542,0,0,1,1,1,1
1.057988583,0,0,1,0,0,0
1.058157750,0,0,1,1,1,1
1.058186792,0,0,1,0,0,0
1.058356042,0,0,1,1,1,1
1.058385083,0,0,1,0,0,0
1.058554292,0,0,1,1,1,1
1.058583333,0,0,1,0,0,0
1.058752542,0,0,1,0,1,1
1.058752583,0,0,1,1,1,1
1.058781583,0,0,1,0,0,0
1.058950833,0,0,1,1,1,1
1.058979875,0,0,1,0,0,0
1.059149125,0,0,1,1,1,1
1.059178167,0,0,1,0,0,0
1.059347458,0,0,1,1,1,1
1.059376500,0,0,1,0,0,0
1.059545750,0,0,1,1,1,1
1.059574792,0,0,1,0,0,0
1.059744000,0,0,1,1,1,1
1.059773042,0,0,1,0,0,0
1.059942333,0,0,1,1,1,1
1.059971375,0,0,1,0,0,0
1.060140667,0,0,1,1,1,1
1.060169708,0,0,1,0,0,0
1.060339000,0,0,1,1,1,1
1.060368042,0,0,1,0,0,0
1.060537333,0,0,1,1,1,1
1.060566417,0,0,1,0,0,0
1.060735708,0,0,1,1,1,1
1.060764750,0,0,1,0,0,0
1.060934000,0,0,1,1,1,1
1.060963042,0,0,1,0,0,0
1.061132292,0,0,1,1,1,1
1.061161333,0,0,1,0,0,0
1.061330583,0,0,1,1,1,1
1.061359625,0,0,1,0,0,0
1.061528875,0,0,1,0,1,1
1.061528917,0,0,1,1,1,1
1.061557958,0,0,1,0,0,0
1.061727167,0,0,1,1,1,1
1.061756208,0,0,1,1,0,1
1.061756250,0,0,1,0,0,0
1.061925458,0,0,1,1,1,1
1.061954500,0,0,1,0,0,0
1.062123750,0,0,1,1,1,1
1.062152792,0,0,1,0,0,0
1.062322000,0,0,1,1,1,1
1.062351042,0,0,1,0,0,0
1.062520250,0,0,1,1,1,1
1.062549292,0,0,1,0,0,0
1.062718542,0,0,1,1,1,1
1.062747583,0,0,1,0,0,0
1.062916833,0,0,1,1,1,1
1.062945875,0,0,1,0,0,0
1.063115125,0,0,1,1,1,1
1.063144167,0,0,1,0,0,0
1.063313417,0,0,1,1,1,1
1.063342500,0,0,1,0,0,0
1.063511750,0,0,1,1,1,1
1.063540792,0,0,1,0,0,0
1.063710042,0,0,1,1,1,1
1.063739083,0,0,1,0,0,0
1.063908375,0,0,1,1,1,1
1.063937417,0,0,1,0,0,0
1.064106708,0,0,1,1,1,1
1.064135750,0,0,1,0,0,0
1.064305000,0,0,1,1,1,1
1.064334042,0,0,1,0,0,0
1.064503333,0,0,1,1,1,1
1.064532375,0,0,1,0,0,0
1.064701625,0,0,1,1,1,1
1.064730708,0,0,1,0,0,0
1.064899958,0,0,1,1,1,1
1.064929000,0,0,1,0,0,0
1.065098250,0,0,1,1,1,1
1.065127292,0,0,1,0,0,0
1.065296500,0,0,1,0,1,1
1.065296542,0,0,1,1,1,1
1.065325583,0,0,1,0,0,0
1.065494792,0,0,1,1,1,1
1.065523833,0,0,1,0,0,0
1.065693083,0,0,1,1,1,1
1.065722125,0,0,1,0,0,0
1.065891333,0,0,1,1,1,1
1.065920375,0,0,1,0,0,0
1.066089625,0,0,1,1,1,1
1.066118667,0,0,1,0,0,0
1.066287917,0,0,1,1,1,1
1.066316958,0,0,1,0,0,0
1.066486208,0,0,1,1,1,1
1.066515250,0,0,1,0,0,0
1.066684542,0,0,1,1,1,1
1.066713583,0,0,1,0,0,0
1.066882875,0,0,1,1,1,1
1.066911917,0,0,1,0,0,0
1.067081208,0,0,1,1,1,1
1.067110250,0,0,1,0,0,0
1.067279542,0,0,1,1,1,1
1.067308583,0,0,1,0,0,0
1.067477875,0,0,1,1,1,1
1.067506917,0,0,1,0,0,0
1.067676208,0,0,1,1,1,1
1.067705250,0,0,1,0,0,0
1.067874542,0,0,1,1,1,1
1.067903625,0,0,1,0,0,0
1.068072875,0,0,1,1,1,1
1.068101917,0,0,1,0,0,0
1.068271208,0,0,1,1,1,1
1.068300250,0,0,1,0,0,0
1.068469458,0,0,1,1,1,1
1.068498500,0,0,1,0,0,0
1.068667750,0,0,1,1,1,1
1.068696792,0,0,1,0,0,0
1.068866083,0,0,1,1,1,1
1.068895125,0,0,1,0,0,0
1.069064375,0,0,1,1,1,1
1.069093417,0,0,1,0,0,0
1.069262625,0,0,1,1,1,1
1.069291667,0,0,1,0,0,0
1.069460917,0,0,1,1,1,1
1.069489958,0,0,1,0,0,0
1.069659208,0,0,1,1,1,1
1.069688250,0,0,1,0,0,0
1.069857458,0,0,1,1,1,1
1.069886500,0,0,1,0,0,0
1.070055708,0,0,1,1,1,1
1.070084750,0,0,1,0,0,0
1.070253958,0,0,1,1,1,1
1.070283000,0,0,1,0,0,0
1.070452167,0,0,1,1,1,1
1.070481208,0,0,1,0,0,0
1.070650417,0,0,1,1,1,1
1.070679458,0,0,1,0,0,0
1.070848667,0,0,1,1,1,1
1.070877708,0,0,1,0,0,0
1.071046917,0,0,1,1,1,1
1.071075958,0,0,1,0,0,0
1.071245125,0,0,1,1,1,1
1.071274167,0,0,1,0,0,0
1.071443417,0,0,1,1,1,1
1.071472500,0,0,1,0,0,0
1.071641708,0,0,1,1,1,1
1.071670750,0,0,1,0,0,0
1.071840000,0,0,1,1,1,1
1.071869042,0,0,1,0,0,0
1.072038250,0,0,1,1,1,1
1.072067292,0,0,1,0,0,0
1.072236542,0,0,1,1,1,1
1.072265583,0,0,1,0,0,0
1.072434833,0,0,1,1,1,1
1.072463875,0,0,1,0,0,0
1.072633125,0,0,1,1,1,1
1.072662167,0,0,1,0,0,0
1.072831417,0,0,1,1,1,1
1.072860458,0,0,1,0,0,0
1.073029708,0,0,1,1,1,1
1.073058750,0,0,1,0,0,0
1.073228042,0,0,1,1,1,1
1.073257083,0,0,1,0,0,0
1.073426292,0,0,1,1,1,1
1.073455333,0,0,1,0,0,0
1.073624583,0,0,1,1,1,1
1.073653625,0,0,1,0,0,0
1.073822875,0,0,1,1,1,1
1.073851917,0,0,1,0,0,0
1.074021125,0,0,1,1,1,1
1.074050167,0,0,1,0,0,0
1.074219375,0,0,1,1,1,1
1.074248417,0,0,1,0,0,0
1.074417625,0,0,1,1,1,1
1.074446667,0,0,1,0,0,0
1.074615833,0,0,1,1,1,1
1.074644875,0,0,1,0,0,0
1.074814083,0,0,1,1,1,1
1.074843125,0,0,1,0,0,0
1.075012333,0,0,1,1,1,1
1.075041375,0,0,1,0,0,0
1.075210583,0,0,1,1,1,1
1.075239625,0,0,1,0,0,0
1.075408833,0,0,1,1,1,1
1.075437875,0,0,1,0,0,0
1.075607083,0,0,1,1,1,1
1.075636083,0,0,1,0,0,0
1.075805292,0,0,1,1,1,1
1.075834333,0,0,1,0,0,0
1.076003583,0,0,1,1,1,1
1.076032625,0,0,1,0,0,0
1.076201875,0,0,1,1,1,1
1.076230917,0,0,1,0,0,0
1.076400208,0,0,1,1,1,1
1.076429250,0,0,1,0,0,0
1.076598500,0,0,1,1,1,1
1.076627542,0,0,1,0,0,0
1.076796792,0,0,1,1,1,1
1.076825833,0,0,1,0,0,0
1.076995083,0,0,1,1,1,1
1.077024167,0,0,1,0,0,0
1.077193417,0,0,1,1,1,1
1.077222458,0,0,1,0,0,0
1.077391708,0,0,1,1,1,1
1.077420750,0,0,1,0,0,0
1.077590000,0,0,1,1,1,1
1.077619083,0,0,1,0,0,0
1.077788333,0,0,1,1,1,1
1.077817375,0,0,1,0,0,0
1.077986625,0,0,1,1,1,1
1.078015667,0,0,1,0,0,0
1.078184958,0,0,1,1,1,1
1.078214000,0,0,1,0,0,0
1.078383250,0,0,1,1,1,1
1.078412292,0,0,1,0,0,0
1.078581542,0,0,1,1,1,1
1.078610583,0,0,1,0,0,0
1.078779833,0,0,1,1,1,1
1.078808875,0,0,1,0,0,0
1.078978083,0,0,1,1,1,1
1.079007125,0,0,1,0,0,0
1.079176375,0,0,1,1,1,1
1.079205417,0,0,1,0,0,0
1.079374667,0,0,1,1,1,1
1.079403750,0,0,1,0,0,0
1.079573000,0,0,1,1,1,1
1.079602042,0,0,1,1,0,0
1.079602083,0,0,1,0,0,0
1.079771375,0,0,1,1,1,1
1.079800417,0,0,1,0,0,0
1.079969708,0,0,1,1,1,1
1.079998750,0,0,1,0,0,0
1.080168000,0,0,1,1,1,1
1.080197042,0,0,1,0,0,0
1.080366333,0,0,1,1,1,1
1.080395375,0,0,1,0,0,0
1.080564625,0,0,1,1,1,1
1.080593667,0,0,1,0,0,0
1.080762917,0,0,1,1,1,1
1.080791958,0,0,1,0,0,0
1.080961250,0,0,1,1,1,1
1.080990292,0,0,1,0,0,0
1.081159583,0,0,1,1,1,1
1.081188625,0,0,1,0,0,0
1.081357917,0,0,1,1,1,1
1.081386958,0,0,1,0,0,0
1.081556208,0,0,1,1,1,1
1.081585250,0,0,1,0,0,0
1.081754458,0,0,1,1,1,1
1.081783500,0,0,1,0,0,0
1.081952750,0,0,1,1,1,1
1.081981792,0,0,1,0,0,0
1.082151000,0,0,1,1,1,1
1.082180042,0,0,1,0,0,0
1.082349292,0,0,1,1,1,1
1.082378333,0,0,1,0,0,0
1.082547542,0,0,1,1,1,1
1.082576583,0,0,1,0,0,0
1.082745792,0,0,1,1,1,1
1.082774792,0,0,1,0,0,0
1.082944083,0,0,1,1,1,1
1.082973125,0,0,1,0,0,0
1.083142333,0,0,1,1,1,1
1.083171417,0,0,1,0,0,0
1.083340625,0,0,1,1,1,1
1.083369708,0,0,1,0,0,0
1.083538958,0,0,1,1,1,1
1.083568000,0,0,1,0,0,0
1.083737208,0,0,1,0,1,0
1.083737250,0,0,1,1,1,1
1.083766250,0,0,1,0,0,0
1.083935458,0,0,1,1,1,1
1.083964500,0,0,1,0,0,0
1.084133708,0,0,1,1,1,1
1.084162750,0,0,1,0,0,0
1.084332000,0,0,1,1,1,1
1.084361042,0,0,1,0,0,0
1.084530250,0,0,1,1,1,1
1.084559292,0,0,1,0,0,0
1.084728542,0,0,1,1,1,1
1.084757583,0,0,1,0,0,0
1.084926792,0,0,1,1,1,1
1.084955833,0,0,1,0,0,0
1.085125083,0,0,1,1,1,1
1.085154125,0,0,1,0,0,0
1.085323333,0,0,1,1,1,1
1.085352375,0,0,1,0,0,0
1.085521583,0,0,1,1,1,1
1.085550625,0,0,1,0,0,0
1.085719833,0,0,1,1,1,1
1.085748875,0,0,1,0,0,0
1.085918125,0,0,1,1,1,1
1.085947167,0,0,1,0,0,0
1.086116417,0,0,1,1,1,1
1.086145458,0,0,1,0,0,0
1.086314708,0,0,1,1,1,1
1.086343750,0,0,1,0,0,0
1.086512958,0,0,1,1,1,1
1.086542000,0,0,1,0,0,0
1.086711208,0,0,1,1,1,1
1.086740250,0,0,1,1,0,0
1.086740292,0,0,1,0,0,0
1.086909542,0,0,1,1,1,1
1.086938542,0,0,1,1,0,0
1.086938583,0,0,1,0,0,0
1.087107792,0,0,1,1,1,1
1.087136833,0,0,1,0,0,0
1.087306042,0,0,1,1,1,1
1.087335083,0,0,1,0,0,0
1.087504333,0,0,1,1,1,1
1.087533375,0,0,1,0,0,0
1.087702625,0,0,1,1,1,1
1.087731667,0,0,1,0,0,0
1.087900917,0,0,1,1,1,1
1.087929958,0,0,1,0,0,0
1.088099208,0,0,1,1,1,1
1.088128250,0,0,1,0,0,0
1.088297500,0,0,1,1,1,1
1.088326542,0,0,1,1,0,0
1.088326583,0,0,1,0,0,0
1.088495833,0,0,1,1,1,1
1.088524875,0,0,1,0,0,0
1.088694125,0,0,1,1,1,1
1.088723167,0,0,1,0,0,0
1.088892417,0,0,1,1,1,1
1.088921458,0,0,1,0,0,0
1.089090667,0,0,1,1,1,1
1.089119750,0,0,1,0,0,0
1.089289000,0,0,1,1,1,1
1.089318042,0,0,1,0,0,0
1.089487292,0,0,1,1,1,1
1.089516333,0,0,1,0,0,0
1.089685583,0,0,1,1,1,1
1.089714625,0,0,1,0,0,0
1.089883833,0,0,1,1,1,1
1.089912875,0,0,1,0,0,0
1.090082083,0,0,1,1,1,1
1.090111125,0,0,1,0,0,0
1.090280333,0,0,1,1,1,1
1.090309375,0,0,1,0,0,0
1.090478667,0,0,1,1,1,1
1.090507708,0,0,1,0,0,0
1.090676958,0,0,1,1,1,1
1.090706000,0,0,1,0,0,0
1.090875208,0,0,1,1,1,1
1.090904250,0,0,1,0,0,0
1.091073458,0,0,1,0,1,0
1.091073500,0,0,1,1,1,1
1.091102500,0,0,1,0,0,0
1.091271750,0,0,1,1,1,1
1.091300792,0,0,1,0,0,0
1.091470042,0,0,1,1,1,1
1.091499083,0,0,1,0,0,0
1.091668375,0,0,1,1,1,1
1.091697417,0,0,1,0,0,0
1.091866708,0,0,1,1,1,1
1.091895750,0,0,1,0,0,0
1.092065042,0,0,1,1,1,1
1.092094083,0,0,1,0,0,0
1.092263375,0,0,1,1,1,1
1.092292417,0,0,1,0,0,0
1.092461667,0,0,1,1,1,1
1.092490708,0,0,1,0,0,0
1.092660000,0,0,1,1,1,1
1.092689042,0,0,1,0,0,0
1.092858333,0,0,1,1,1,1
1.092887375,0,0,1,0,0,0
1.093056667,0,0,1,1,1,1
1.093085708,0,0,1,0,0,0
1.093255000,0,0,1,1,1,1
1.093284042,0,0,1,0,0,0
1.093453292,0,0,1,1,1,1
1.093482333,0,0,1,0,0,0
1.093651583,0,0,1,1,1,1
1.093680625,0,0,1,0,0,0
1.093849875,0,0,1,1,1,1
1.093878917,0,0,1,0,0,0
1.094048208,0,0,1,1,1,1
1.094077250,0,0,1,0,0,0
1.094246500,0,0,1,1,1,1
1.094275583,0,0,1,0,0,0
1.094444833,0,0,1,1,1,1
1.094473875,0,0,1,1,0,1
1.094473917,0,0,1,0,0,0
1.094643167,0,0,1,1,1,1
1.094672250,0,0,1,0,0,0
1.094841542,0,0,1,1,1,1
1.094870625,0,0,1,0,0,0
1.095039917,0,0,1,1,1,1
1.095068958,0,0,1,0,0,0
1.095238292,0,0,1,1,1,1
1.095267333,0,0,1,0,0,0
1.095436583,0,0,1,1,1,1
1.095465667,0,0,1,0,0,0
1.095634958,0,0,1,1,1,1
1.095664000,0,0,1,0,0,0
1.095833292,0,0,1,1,1,1
1.095862375,0,0,1,0,0,0
1.096031625,0,0,1,1,1,1
1.096060667,0,0,1,0,0,0
1.096229917,0,0,1,1,1,1
1.096259000,0,0,1,0,0,0
1.096428250,0,0,1,1,1,1
1.096457292,0,0,1,0,0,0
1.096626583,0,0,1,1,1,1
1.096655625,0,0,1,0,0,0
1.096824875,0,0,1,1,1,1
1.096853917,0,0,1,0,0,0
1.097023167,0,0,1,1,1,1
1.097052208,0,0,1,0,0,0
1.097221458,0,0,1,1,1,1
1.097250500,0,0,1,0,0,0
1.097419667,0,0,1,1,1,1
1.097448708,0,0,1,0,0,0
1.097617958,0,0,1,1,1,1
1.097647000,0,0,1,0,0,0
1.097816208,0,0,1,1,1,1
1.097845250,0,0,1,0,0,0
1.098014500,0,0,1,1,1,1
1.098043542,0,0,1,0,0,0
1.098212750,0,0,1,1,1,1
1.098241792,0,0,1,0,0,0
1.098411042,0,0,1,1,1,1
1.098440083,0,0,1,0,0,0
1.098609292,0,0,1,1,1,1
1.098638333,0,0,1,0,0,0
1.098807583,0,0,1,1,1,1
1.098836625,0,0,1,0,0,0
1.099005833,0,0,1,1,1,1
1.099034875,0,0,1,0,0,0
1.099204125,0,0,1,1,1,1
1.099233167,0,0,1,0,0,0
1.099402375,0,0,1,0,1,1
1.099402417,0,0,1,1,1,1
1.099431417,0,0,1,0,0,0
1.099600667,0,0,1,1,1,1
1.099629708,0,0,1,0,0,0
1.099799000,0,0,1,1,1,1
1.099828042,0,0,1,0,0,0
1.099997250,0,0,1,1,1,1
1.100026292,0,0,1,0,0,0
1.100195542,0,0,1,1,1,1
1.100224583,0,0,1,0,0,0
1.100393833,0,0,1,1,1,1
1.100422875,0,0,1,0,0,0
1.100592125,0,0,1,1,1,1
1.100621167,0,0,1,0,0,0
1.100790417,0,0,1,1,1,1
1.100819500,0,0,1,0,0,0
1.100988750,0,0,1,1,1,1
1.101017792,0,0,1,0,0,0
1.101187042,0,0,1,1,1,1
1.101216083,0,0,1,0,0,0
1.101385333,0,0,1,1,1,1
1.101414375,0,0,1,0,0,0
1.101583625,0,0,1,1,1,1
1.101612667,0,0,1,0,0,0
1.101781917,0,0,1,1,1,1
1.101810958,0,0,1,0,0,0
1.101980208,0,0,1,1,1,1
1.102009250,0,0,1,0,0,0
1.102178542,0,0,1,1,1,1
1.102207583,0,0,1,0,0,0
1.102376917,0,0,1,1,1,1
1.102405958,0,0,1,0,0,0
1.102575292,0,0,1,1,1,1
1.102604375,0,0,1,0,0,0
1.102773625,0,0,1,1,1,1
1.102802667,0,0,1,0,0,0
1.102971958,0,0,1,1,1,1
1.103001000,0,0,1,0,0,0
1.103170250,0,0,1,1,1,1
1.103199292,0,0,1,0,0,0
1.103368500,0,0,1,1,1,1
1.103397542,0,0,1,0,0,0
1.103566750,0,0,1,1,1,1
1.103595792,0,0,1,0,0,0
1.103765042,0,0,1,1,1,1
1.103794042,0,0,1,0,0,0
1.103963250,0,0,1,1,1,1
1.103992292,0,0,1,0,0,0
1.104161458,0,0,1,1,1,1
1.104190500,0,0,1,0,0,0
1.104359708,0,0,1,1,1,1
1.104388750,0,0,1,0,0,0
1.104558000,0,0,1,1,1,1
1.104587000,0,0,1,0,0,0
1.104756250,0,0,1,1,1,1
1.104785292,0,0,1,0,0,0
1.104954542,0,0,1,1,1,1
1.104983583,0,0,1,0,0,0
1.105152750,0,0,1,1,1,1
1.105181792,0,0,1,0,0,0
1.105351042,0,0,1,1,1,1
1.105380083,0,0,1,0,0,0
1.105549292,0,0,1,0,1,1
1.105549333,0,0,1,1,1,1
1.105578375,0,0,1,0,0,0
1.105747625,0,0,1,1,1,1
1.105776708,0,0,1,0,0,0
1.105945958,0,0,1,1,1,1
1.105975000,0,0,1,0,0,0
1.106144250,0,0,1,1,1,1
1.106173333,0,0,1,0,0,0
1.106342583,0,0,1,1,1,1
1.106371625,0,0,1,0,0,0
1.106540917,0,0,1,1,1,1
1.106569958,0,0,1,0,0,0
1.106739167,0,0,1,1,1,1
1.106768208,0,0,1,0,0,0
1.106937458,0,0,1,1,1,1
1.106966500,0,0,1,0,0,0
1.107135708,0,0,1,1,1,1
1.107164750,0,0,1,0,0,0
1.107333958,0,0,1,1,1,1
1.107363000,0,0,1,0,0,0
1.107532250,0,0,1,1,1,1
1.107561292,0,0,1,0,0,0
1.107730542,0,0,1,1,1,1
1.107759583,0,0,1,0,0,0
1.107928875,0,0,1,1,1,1
1.107957917,0,0,1,0,0,0
1.108127208,0,0,1,1,1,1
1.108156292,0,0,1,0,0,0
1.108325542,0,0,1,1,1,1
1.108354625,0,0,1,0,0,0
1.108523875,0,0,1,1,1,1
1.108552958,0,0,1,0,0,0
1.108722208,0,0,1,1,1,1
1.108751250,0,0,1,0,0,0
1.108920542,0,0,1,1,1,1
1.108949583,0,0,1,0,0,0
1.109118875,0,0,1,1,1,1
1.109147917,0,0,1,0,0,0
1.109317167,0,0,1,1,1,1
1.109346208,0,0,1,0,0,0
1.109515500,0,0,1,1,1,1
1.109544542,0,0,1,0,0,0
1.109713833,0,0,1,1,1,1
1.109742875,0,0,1,0,0,0
1.109912167,0,0,1,1,1,1
1.109941250,0,0,1,0,0,0
1.110110542,0,0,1,1,1,1
1.110139625,0,0,1,0,0,0
1.110308875,0,0,1,1,1,1
1.110337917,0,0,1,0,0,0
1.110507167,0,0,1,1,1,1
1.110536208,0,0,1,0,0,0
1.110705500,0,0,1,1,1,1
1.110734542,0,0,1,0,0,0
1.110903833,0,0,1,1,1,1
1.110932875,0,0,1,0,0,0
1.111102125,0,0,1,1,1,1
1.111131208,0,0,1,0,0,0
1.111300458,0,0,1,0,1,0
1.111300500,0,0,1,1,1,1
1.111329542,0,0,1,0,0,0
1.111498833,0,0,1,1,1,1
1.111527875,0,0,1,0,0,0
1.111697208,0,0,1,1,1,1
1.111726250,0,0,1,0,0,0
1.111895542,0,0,1,1,1,1
1.111924625,0,0,1,0,0,0
1.112093917,0,0,1,1,1,1
1.112122958,0,0,1,0,0,0
1.112292292,0,0,1,1,1,1
1.112321333,0,0,1,0,0,0
1.112490625,0,0,1,1,1,1
1.112519667,0,0,1,0,0,0
1.112689000,0,0,1,1,1,1
1.112718042,0,0,1,0,0,0
1.112887333,0,0,1,1,1,1
1.112916375,0,0,1,0,0,0
1.113085667,0,0,1,1,1,1
1.113114750,0,0,1,0,0,0
1.113284042,0,0,1,1,1,1
1.113313083,0,0,1,0,0,0
1.113482417,0,0,1,1,1,1
1.113511458,0,0,1,0,0,0
1.113680792,0,0,1,1,1,1
1.113709833,0,0,1,0,0,0
1.113879167,0,0,1,1,1,1
1.113908208,0,0,1,0,0,0
1.114077500,0,0,1,1,1,1
1.114106542,0,0,1,0,0,0
1.114275833,0,0,1,1,1,1
1.114304875,0,0,1,0,0,0
1.114474083,0,0,1,1,1,1
1.114503125,0,0,1,0,0,0
1.114672333,0,0,1,1,1,1
1.114701375,0,0,1,0,0,0
1.114870667,0,0,1,1,1,1
1.114899708,0,0,1,0,0,0
1.115068958,0,0,1,1,1,1
1.115098042,0,0,1,0,0,0
1.115267292,0,0,1,1,1,1
1.115296333,0,0,1,0,0,0
1.115465583,0,0,1,1,1,1
1.115494625,0,0,1,0,0,0
1.115663875,0,0,1,1,1,1
1.115692917,0,0,1,0,0,0
1.115862167,0,0,1,1,1,1
1.115891208,0,0,1,0,0,0
1.116060417,0,0,1,1,1,1
1.116089458,0,0,1,0,0,0
1.116258708,0,0,1,1,1,1
1.116287792,0,0,1,0,0,0
1.116457042,0,0,1,1,1,1
1.116486083,0,0,1,0,0,0
1.116655375,0,0,1,1,1,1
1.116684417,0,0,1,0,0,0
1.116853708,0,0,1,1,1,1
1.116882750,0,0,1,0,0,0
1.117052042,0,0,1,1,1,1
1.117081125,0,0,1,0,0,0
1.117250417,0,0,1,1,1,1
1.117279458,0,0,1,0,0,0
1.117448792,0,0,1,1,1,1
1.117477833,0,0,1,0,0,0
1.117647167,0,0,1,1,1,1
1.117676208,0,0,1,0,0,0
1.117845500,0,0,1,1,1,1
1.117874542,0,0,1,0,0,0
1.118043875,0,0,1,1,1,1
1.118072958,0,0,1,0,0,0
1.118242250,0,0,1,1,1,1
1.118271292,0,0,1,0,0,0
1.118440583,0,0,1,1,1,1
1.118469625,0,0,1,0,0,0
1.118638875,0,0,1,1,1,1
1.118667958,0,0,1,0,0,0
1.118837250,0,0,1,1,1,1
1.118866292,0,0,1,0,0,0
1.119035542,0,0,1,1,1,1
1.119064583,0,0,1,0,0,0
1.119233833,0,0,1,1,1,1
1.119262875,0,0,1,0,0,0
1.119432167,0,0,1,1,1,1
1.119461208,0,0,1,0,0,0
1.119630458,0,0,1,1,1,1
1.119659500,0,0,1,0,0,0
1.119828750,0,0,1,1,1,1
1.119857792,0,0,1,0,0,0
1.120027000,0,0,1,1,1,1
1.120056042,0,0,1,1,0,0
1.120056083,0,0,1,0,0,0
1.120225292,0,0,1,1,1,1
1.120254333,0,0,1,0,0,0
1.120423583,0,0,1,1,1,1
1.120452667,0,0,1,0,0,0
1.120621917,0,0,1,1,1,1
1.120650958,0,0,1,0,0,0
1.120820250,0,0,1,1,1,1
1.120849292,0,0,1,0,0,0
1.121018500,0,0,1,1,1,1
1.121047583,0,0,1,0,0,0
1.121216875,0,0,1,1,1,1
1.121245917,0,0,1,0,0,0
1.121415208,0,0,1,1,1,1
1.121444292,0,0,1,0,0,0
1.121613542,0,0,1,1,1,1
1.121642583,0,0,1,0,0,0
1.121811875,0,0,1,1,1,1
1.121840958,0,0,1,0,0,0
1.122010250,0,0,1,1,1,1
1.122039292,0,0,1,0,0,0
1.122208542,0,0,1,1,1,1
1.122237583,0,0,1,0,0,0
1.122406875,0,0,1,1,1,1
1.122435917,0,0,1,0,0,0
1.122605167,0,0,1,1,1,1
1.122634208,0,0,1,0,0,0
1.122803500,0,0,1,1,1,1
1.122832583,0,0,1,0,0,0
1.123001792,0,0,1,1,1,1
1.123030875,0,0,1,0,0,0
1.123200125,0,0,1,1,1,1
1.123229208,0,0,1,0,0,0
1.123398458,0,0,1,1,1,1
1.123427500,0,0,1,0,0,0
1.123596750,0,0,1,1,1,1
1.123625833,0,0,1,0,0,0
1.123795083,0,0,1,1,1,1
1.123824167,0,0,1,0,0,0
1.123993458,0,0,1,1,1,1
1.124022500,0,0,1,0,0,0
1.124191792,0,0,1,1,1,1
1.124220875,0,0,1,0,0,0
1.124390083,0,0,1,1,1,1
1.124419125,0,0,1,0,0,0
1.124588375,0,0,1,1,1,1
1.124617417,0,0,1,0,0,0
1.124786708,0,0,1,1,1,1
1.124815750,0,0,1,0,0,0
1.124985042,0,0,1,1,1,1
1.125014083,0,0,1,0,0,0
1.125183375,0,0,1,1,1,1
1.125212417,0,0,1,0,0,0
1.125381667,0,0,1,1,1,1
1.125410708,0,0,1,1,0,0
1.125410750,0,0,1,0,0,0
1.125580000,0,0,1,1,1,1
1.125609042,0,0,1,0,0,0
1.125778333,0,0,1,1,1,1
1.125807417,0,0,1,0,0,0
1.125976667,0,0,1,1,1,1
1.126005708,0,0,1,0,0,0
1.126175000,0,0,1,1,1,1
1.126204042,0,0,1,0,0,0
1.126373292,0,0,1,1,1,1
1.126402333,0,0,1,0,0,0
1.126571583,0,0,1,1,1,1
1.126600625,0,0,1,0,0,0
1.126769875,0,0,1,1,1,1
1.126798917,0,0,1,0,0,0
1.126968167,0,0,1,1,1,1
1.126997208,0,0,1,0,0,0
1.127166458,0,0,1,1,1,1
1.127195500,0,0,1,0,0,0
1.127364750,0,0,1,1,1,1
1.127393792,0,0,1,0,0,0
1.127563042,0,0,1,1,1,1
1.127592083,0,0,1,0,0,0
1.127761333,0,0,1,1,1,1
1.127790375,0,0,1,1,0,0
1.127790417,0,0,1,0,0,0
1.127959667,0,0,1,1,1,1
1.127988708,0,0,1,0,0,0
1.128157958,0,0,1,1,1,1
1.128187000,0,0,1,0,0,0
1.128356333,0,0,1,1,1,1
1.128385375,0,0,1,0,0,0
1.128554667,0,0,1,1,1,1
1.128583750,0,0,1,0,0,0
1.128753083,0,0,1,1,1,1
1.128782125,0,0,1,0,0,0
1.128951458,0,0,1,1,1,1
1.128980500,0,0,1,0,0,0
1.129149833,0,0,1,1,1,1
1.129178917,0,0,1,0,0,0
1.129348250,0,0,1,1,1,1
1.129377292,0,0,1,0,0,0
1.129546625,0,0,1,1,1,1
1.129575667,0,0,1,0,0,0
1.129744958,0,0,1,1,1,1
1.129774042,0,0,1,0,0,0
1.129943333,0,0,1,1,1,1
1.129972417,0,0,1,0,0,0
1.130141750,0,0,1,1,1,1
1.130170792,0,0,1,0,0,0
1.130340167,0,0,1,1,1,1
1.130369208,0,0,1,0,0,0
1.130538542,0,0,1,1,1,1
1.130567625,0,0,1,0,0,0
1.130736958,0,0,1,1,1,1
1.130766000,0,0,1,0,0,0
1.130935333,0,0,1,1,1,1
1.130964375,0,0,1,0,0,0
1.131133750,0,0,1,1,1,1
1.131162792,0,0,1,0,0,0
1.131332125,0,0,1,1,1,1
1.131361208,0,0,1,0,0,0
1.131530542,0,0,1,1,1,1
1.131559583,0,0,1,0,0,0
1.131728917,0,0,1,1,1,1
1.131758000,0,0,1,0,0,0
1.131927292,0,0,1,1,1,1
1.131956333,0,0,1,0,0,0
1.132125667,0,0,1,1,1,1
1.132154750,0,0,1,0,0,0
1.132324083,0,0,1,1,1,1
1.132353125,0,0,1,0,0,0
1.132522458,0,0,1,1,1,1
1.132551542,0,0,1,0,0,0
1.132720833,0,0,1,1,1,1
1.132749917,0,0,1,0,0,0
1.132919208,0,0,1,1,1,1
1.132948250,0,0,1,0,0,0
1.133117542,0,0,1,1,1,1
1.133146583,0,0,1,0,0,0
1.133315833,0,0,1,1,1,1
1.133344917,0,0,1,0,0,0
1.133514167,0,0,1,1,1,1
1.133543208,0,0,1,0,0,0
1.133712500,0,0,1,1,1,1
1.133741542,0,0,1,0,0,0
1.133910875,0,0,1,1,1,1
1.133939917,0,0,1,1,0,0
1.133939958,0,0,1,0,0,0
1.134109250,0,0,1,1,1,1
1.134138292,0,0,1,0,0,0
1.134307625,0,0,1,1,1,1
1.134336667,0,0,1,0,0,0
1.134506000,0,0,1,1,1,1
1.134535042,0,0,1,0,0,0
1.134704292,0,0,1,1,1,1
1.134733333,0,0,1,0,0,0
1.134902625,0,0,1,1,1,1
1.134931667,0,0,1,0,0,0
1.135100917,0,0,1,1,1,1
1.135130000,0,0,1,0,0,0
1.135299292,0,0,1,1,1,1
1.135328333,0,0,1,0,0,0
1.135497583,0,0,1,1,1,1
1.135526625,0,0,1,0,0,0
1.135695875,0,0,1,1,1,1
1.135724917,0,0,1,0,0,0
1.135894208,0,0,1,1,1,1
1.135923250,0,0,1,1,0,0
1.135923292,0,0,1,0,0,0
1.136092583,0,0,1,1,1,1
1.136121625,0,0,1,0,0,0
1.136290917,0,0,1,1,1,1
1.136320000,0,0,1,0,0,0
1.136489292,0,0,1,1,1,1
1.136518375,0,0,1,0,0,0
1.136687667,0,0,1,1,1,1
1.136716708,0,0,1,0,0,0
1.136886000,0,0,1,1,1,1
1.136915042,0,0,1,0,0,0
1.137084250,0,0,1,1,1,1
1.137113292,0,0,1,0,0,0
1.137282542,0,0,1,1,1,1
1.137311583,0,0,1,1,0,0
1.137311625,0,0,1,0,0,0
1.137480833,0,0,1,1,1,1
1.137509917,0,0,1,0,0,0
1.137679167,0,0,1,1,1,1
1.137708208,0,0,1,0,0,0
1.137877500,0,0,1,1,1,1
1.137906542,0,0,1,0,0,0
1.138075833,0,0,1,1,1,1
1.138104875,0,0,1,0,0,0
1.138274167,0,0,1,0,1,1
1.138274208,0,0,1,1,1,1
1.138303250,0,0,1,0,0,0
1.138472542,0,0,1,1,1,1
1.138501583,0,0,1,0,0,0
1.138670875,0,0,1,1,1,1
1.138699917,0,0,1,0,0,0
1.138869167,0,0,1,1,1,1
1.138898250,0,0,1,0,0,0
1.139067500,0,0,1,1,1,1
1.139096542,0,0,1,0,0,0
1.139265792,0,0,1,1,1,1
1.139294833,0,0,1,0,0,0
1.139464083,0,0,1,1,1,1
1.139493125,0,0,1,0,0,0
1.139662375,0,0,1,1,1,1
1.139691417,0,0,1,0,0,0
1.139860708,0,0,1,1,1,1
1.139889750,0,0,1,0,0,0
1.140059000,0,0,1,1,1,1
1.140088042,0,0,1,0,0,0
1.140257333,0,0,1,1,1,1
1.140286375,0,0,1,0,0,0
1.140455625,0,0,1,1,1,1
1.140484667,0,0,1,0,0,0
1.140653917,0,0,1,1,1,1
1.140683000,0,0,1,0,0,0
1.140852250,0,0,1,1,1,1
1.140881292,0,0,1,0,0,0
1.141050542,0,0,1,1,1,1
1.141079583,0,0,1,1,0,0
1.141079625,0,0,1,0,0,0
1.141248917,0,0,1,1,1,1
1.141277958,0,0,1,0,0,0
1.141447292,0,0,1,1,1,1
1.141476333,0,0,1,0,0,0
1.141645625,0,0,1,1,1,1
1.141674667,0,0,1,0,0,0
1.141844000,0,0,1,1,1,1
1.141873042,0,0,1,0,0,0
1.142042375,0,0,1,1,1,1
1.142071417,0,0,1,0,0,0
1.142240792,0,0,1,1,1,1
1.142269875,0,0,1,0,0,0
1.142439208,0,0,1,1,1,1
1.142468292,0,0,1,0,0,0
1.142637625,0,0,1,1,1,1
1.142666667,0,0,1,0,0,0
1.142836000,0,0,1,1,1,1
1.142865083,0,0,1,0,0,0
1.143034417,0,0,1,1,1,1
1.143063500,0,0,1,0,0,0
1.143232875,0,0,1,1,1,1
1.143261917,0,0,1,0,0,0
1.143431292,0,0,1,1,1,1
1.143460375,0,0,1,0,0,0
1.143629708,0,0,1,1,1,1
1.143658750,0,0,1,0,0,0
1.143828083,0,0,1,1,1,1
1.143857125,0,0,1,0,0,0
1.144026500,0,0,1,1,1,1
1.144055542,0,0,1,0,0,0
1.144224875,0,0,1,1,1,1
1.144253917,0,0,1,0,0,0
1.144423208,0,0,1,1,1,1
1.144452250,0,0,1,0,0,0
1.144621583,0,0,1,1,1,1
1.144650625,0,0,1,0,0,0
1.144819958,0,0,1,1,1,1
1.144849042,0,0,1,0,0,0
1.145018375,0,0,1,1,1,1
1.145047417,0,0,1,0,0,0
1.145216750,0,0,1,1,1,1
1.145245833,0,0,1,0,0,0
1.145415125,0,0,1,1,1,1
1.145444208,0,0,1,0,0,0
1.145613542,0,0,1,1,1,1
1.145642583,0,0,1,0,0,0
1.145811917,0,0,1,1,1,1
1.145841000,0,0,1,0,0,0
1.146010333,0,0,1,1,1,1
1.146039375,0,0,1,0,0,0
1.146208708,0,0,1,1,1,1
1.146237750,0,0,1,0,0,0
1.146407083,0,0,1,1,1,1
1.146436167,0,0,1,0,0,0
1.146605500,0,0,1,1,1,1
1.146634542,0,0,1,0,0,0
1.146803875,0,0,1,1,1,1
1.146832958,0,0,1,0,0,0
1.147002292,0,0,1,1,1,1
1.147031375,0,0,1,0,0,0
1.147200708,0,0,1,1,1,1
1.147229792,0,0,1,0,0,0
1.147399125,0,0,1,1,1,1
1.147428167,0,0,1,0,0,0
1.147597500,0,0,1,1,1,1
1.147626542,0,0,1,1,0,1
1.147626583,0,0,1,0,0,0
1.147795875,0,0,1,1,1,1
1.147824958,0,0,1,0,0,0
1.147994292,0,0,1,1,1,1
1.148023333,0,0,1,0,0,0
1.148192667,0,0,1,1,1,1
1.148221750,0,0,1,0,0,0
1.148391083,0,0,1,1,1,1
1.148420167,0,0,1,0,0,0
1.148589500,0,0,1,1,1,1
1.148618583,0,0,1,0,0,0
1.148787917,0,0,1,1,1,1
1.148816958,0,0,1,0,0,0
1.148986250,0,0,1,1,1,1
1.149015333,0,0,1,0,0,0
1.149184625,0,0,1,1,1,1
1.149213667,0,0,1,0,0,0
1.149382958,0,0,1,1,1,1
1.149412000,0,0,1,0,0,0
1.149581292,0,0,1,1,1,1
1.149610375,0,0,1,0,0,0
1.149779667,0,0,1,1,1,1
1.149808708,0,0,1,0,0,0
1.149978042,0,0,1,1,1,1
1.150007083,0,0,1,0,0,0
1.150176417,0,0,1,1,1,1
1.150205458,0,0,1,0,0,0
1.150374750,0,0,1,1,1,1
1.150403792,0,0,1,0,0,0
1.150573042,0,0,1,1,1,1
1.150602083,0,0,1,0,0,0
1.150771333,0,0,1,1,1,1
1.150800417,0,0,1,0,0,0
1.150969750,0,0,1,1,1,1
1.150998792,0,0,1,0,0,0
1.151168125,0,0,1,1,1,1
1.151197208,0,0,1,0,0,0
1.151366500,0,0,1,1,1,1
1.151395583,0,0,1,0,0,0
1.151564917,0,0,1,1,1,1
1.151593958,0,0,1,0,0,0
1.151763250,0,0,1,1,1,1
1.151792333,0,0,1,0,0,0
1.151961625,0,0,1,1,1,1
1.151990667,0,0,1,0,0,0
1.152159917,0,0,1,1,1,1
1.152188958,0,0,1,0,0,0
1.152358250,0,0,1,1,1,1
1.152387292,0,0,1,0,0,0
1.152556542,0,0,1,1,1,1
1.152585583,0,0,1,0,0,0
1.152754833,0,0,1,1,1,1
1.152783917,0,0,1,0,0,0
1.152953208,0,0,1,1,1,1
1.152982250,0,0,1,0,0,0
1.153151542,0,0,1,1,1,1
1.153180583,0,0,1,0,0,0
1.153349875,0,0,1,1,1,1
1.153378917,0,0,1,0,0,0
1.153548208,0,0,1,1,1,1
1.153577250,0,0,1,0,0,0
1.153746583,0,0,1,1,1,1
1.153775625,0,0,1,0,0,0
1.153944917,0,0,1,1,1,1
1.153973958,0,0,1,1,0,0
1.153974000,0,0,1,0,0,0
1.154143292,0,0,1,1,1,1
1.154172333,0,0,1,0,0,0
1.154341625,0,0,1,1,1,1
1.154370708,0,0,1,0,0,0
1.154540000,0,0,1,1,1,1
1.154569042,0,0,1,0,0,0
1.154738333,0,0,1,1,1,1
1.154767375,0,0,1,0,0,0
1.154936667,0,0,1,1,1,1
1.154965750,0,0,1,0,0,0
1.155135083,0,0,1,1,1,1
1.155164125,0,0,1,0,0,0
1.155333458,0,0,1,1,1,1
1.155362542,0,0,1,0,0,0
1.155531875,0,0,1,1,1,1
1.155560917,0,0,1,0,0,0
1.155730250,0,0,1,1,1,1
1.155759292,0,0,1,0,0,0
1.155928542,0,0,1,1,1,1
1.155957583,0,0,1,0,0,0
1.156126875,0,0,1,1,1,1
1.156155917,0,0,1,0,0,0
1.156325250,0,0,1,1,1,1
1.156354292,0,0,1,0,0,0
1.156523667,0,0,1,1,1,1
1.156552708,0,0,1,0,0,0
1.156722000,0,0,1,1,1,1
1.156751042,0,0,1,1,0,0
1.156751083,0,0,1,0,0,0
1.156920333,0,0,1,1,1,1
1.156949375,0,0,1,0,0,0
1.157118625,0,0,1,1,1,1
1.157147708,0,0,1,0,0,0
1.157316958,0,0,1,1,1,1
1.157346000,0,0,1,0,0,0
1.157515250,0,0,1,1,1,1
1.157544292,0,0,1,0,0,0
1.157713542,0,0,1,1,1,1
1.157742583,0,0,1,0,0,0
1.157911875,0,0,1,1,1,1
1.157940917,0,0,1,0,0,0
1.158110208,0,0,1,1,1,1
1.158139250,0,0,1,0,0,0
1.158308500,0,0,1,1,1,1
1.158337583,0,0,1,0,0,0
1.158506833,0,0,1,1,1,1
1.158535875,0,0,1,0,0,0
1.158705125,0,0,1,1,1,1
1.158734208,0,0,1,0,0,0
1.158903500,0,0,1,1,1,1
1.158932542,0,0,1,0,0,0
1.159101833,0,0,1,1,1,1
1.159130875,0,0,1,0,0,0
1.159300125,0,0,1,1,1,1
1.159329208,0,0,1,0,0,0
1.159498500,0,0,1,1,1,1
1.159527542,0,0,1,0,0,0
1.159696833,0,0,1,1,1,1
1.159725875,0,0,1,0,0,0
1.159895208,0,0,1,1,1,1
1.159924250,0,0,1,0,0,0
1.160093583,0,0,1,1,1,1
1.160122625,0,0,1,0,0,0
1.160291958,0,0,1,1,1,1
1.160321000,0,0,1,0,0,0
1.160490333,0,0,1,1,1,1
1.160519375,0,0,1,0,0,0
1.160688625,0,0,1,1,1,1
1.160717667,0,0,1,0,0,0
1.160886917,0,0,1,1,1,1
1.160915958,0,0,1,0,0,0
1.161085208,0,0,1,1,1,1
1.161114250,0,0,1,0,0,0
1.161283500,0,0,1,1,1,1
1.161312542,0,0,1,0,0,0
1.161481875,0,0,1,1,1,1
1.161510917,0,0,1,0,0,0
1.161680292,0,0,1,1,1,1
1.161709333,0,0,1,0,0,0
1.161878625,0,0,1,1,1,1
1.161907667,0,0,1,0,0,0
1.162076958,0,0,1,1,1,1
1.162106042,0,0,1,0,0,0
1.162275333,0,0,1,1,1,1
1.162304375,0,0,1,0,0,0
1.162473667,0,0,1,1,1,1
1.162502708,0,0,1,0,0,0
1.162672000,0,0,1,1,1,1
1.162701042,0,0,1,0,0,0
1.162870333,0,0,1,1,1,1
1.162899375,0,0,1,0,0,0
1.163068708,0,0,1,1,1,1
1.163097750,0,0,1,0,0,0
1.163267042,0,0,1,1,1,1
1.163296083,0,0,1,0,0,0
1.163465375,0,0,1,1,1,1
1.163494417,0,0,1,0,0,0
1.163663708,0,0,1,1,1,1
1.163692792,0,0,1,0,0,0
1.163862083,0,0,1,1,1,1
1.163891167,0,0,1,0,0,0
1.164060417,0,0,1,1,1,1
1.164089500,0,0,1,0,0,0
1.164258792,0,0,1,1,1,1
1.164287833,0,0,1,0,0,0
1.164457125,0,0,1,1,1,1
1.164486167,0,0,1,0,0,0
1.164655500,0,0,1,1,1,1
1.164684542,0,0,1,0,0,0
1.164853833,0,0,1,1,1,1
1.164882917,0,0,1,0,0,0
1.165052208,0,0,1,1,1,1
1.165081292,0,0,1,0,0,0
1.165250625,0,0,1,1,1,1
1.165279667,0,0,1,0,0,0
1.165449000,0,0,1,1,1,1
1.165478042,0,0,1,0,0,0
1.165647292,0,0,1,1,1,1
1.165676333,0,0,1,0,0,0
1.165845583,0,0,1,1,1,1
1.165874667,0,0,1,0,0,0
1.166043917,0,0,1,1,1,1
1.166072958,0,0,1,0,0,0
1.166242250,0,0,1,1,1,1
1.166271333,0,0,1,0,0,0
1.166440625,0,0,1,1,1,1
1.166469667,0,0,1,0,0,0
1.166639000,0,0,1,1,1,1
1.166668042,0,0,1,0,0,0
1.166837375,0,0,1,1,1,1
1.166866417,0,0,1,0,0,0
1.167035708,0,0,1,1,1,1
1.167064750,0,0,1,0,0,0
1.167234083,0,0,1,1,1,1
1.167263167,0,0,1,0,0,0
1.167432458,0,0,1,1,1,1
1.167461500,0,0,1,0,0,0
1.167630833,0,0,1,1,1,1
1.167659875,0,0,1,0,0,0
1.167829208,0,0,1,1,1,1
1.167858250,0,0,1,0,0,0
1.168027542,0,0,1,1,1,1
1.168056583,0,0,1,0,0,0
1.168225875,0,0,1,1,1,1
1.168254917,0,0,1,1,0,0
1.168254958,0,0,1,0,0,0
1.168424250,0,0,1,1,1,1
1.168453292,0,0,1,0,0,0
1.168622583,0,0,1,1,1,1
1.168651625,0,0,1,0,0,0
1.168820917,0,0,1,1,1,1
1.168849958,0,0,1,0,0,0
1.169019250,0,0,1,1,1,1
1.169048292,0,0,1,0,0,0
1.169217583,0,0,1,1,1,1
1.169246625,0,0,1,0,0,0
1.169415917,0,0,1,1,1,1
1.169444958,0,0,1,0,0,0
1.169614250,0,0,1,1,1,1
1.169643292,0,0,1,1,0,0
1.169643333,0,0,1,0,0,0
1.169812583,0,0,1,1,1,1
1.169841625,0,0,1,0,0,0
1.170010917,0,0,1,1,1,1
1.170039958,0,0,1,0,0,0
1.170209208,0,0,1,1,1,1
1.170238250,0,0,1,0,0,0
1.170407542,0,0,1,1,1,1
1.170436583,0,0,1,0,0,0
1.170605917,0,0,1,1,1,1
1.170634958,0,0,1,0,0,0
1.170804250,0,0,1,1,1,1
1.170833292,0,0,1,0,0,0
1.171002625,0,0,1,1,1,1
1.171031667,0,0,1,0,0,0
1.171200917,0,0,1,1,1,1
1.171229958,0,0,1,0,0,0
1.171399250,0,0,1,1,1,1
1.171428292,0,0,1,0,0,0
1.171597583,0,0,1,1,1,1
1.171626625,0,0,1,0,0,0
1.171795875,0,0,1,0,1,0
1.171795917,0,0,1,1,1,1
1.171824958,0,0,1,0,0,0
1.171994208,0,0,1,1,1,1
1.172023250,0,0,1,0,0,0
1.172192500,0,0,1,1,1,1
1.172221542,0,0,1,1,0,1
1.172221583,0,0,1,0,0,0
1.172390875,0,0,1,1,1,1
1.172419917,0,0,1,0,0,0
1.172589208,0,0,1,1,1,1
1.172618250,0,0,1,0,0,0
1.172787542,0,0,1,1,1,1
1.172816583,0,0,1,0,0,0
1.172985875,0,0,1,1,1,1
1.173014917,0,0,1,0,0,0
1.173184167,0,0,1,1,1,1
1.173213208,0,0,1,0,0,0
1.173382500,0,0,1,1,1,1
1.173411583,0,0,1,0,0,0
1.173580875,0,0,1,1,1,1
1.173609917,0,0,1,0,0,0
1.173779208,0,0,1,1,1,1
1.173808250,0,0,1,0,0,0
1.173977542,0,0,1,1,1,1
1.174006625,0,0,1,0,0,0
1.174175917,0,0,1,1,1,1
1.174204958,0,0,1,0,0,0
1.174374250,0,0,1,1,1,1
1.174403292,0,0,1,0,0,0
1.174572625,0,0,1,1,1,1
1.174601667,0,0,1,0,0,0
1.174771042,0,0,1,1,1,1
1.174800083,0,0,1,0,0,0
1.174969458,0,0,1,1,1,1
1.174998500,0,0,1,0,0,0
1.175167833,0,0,1,1,1,1
1.175196917,0,0,1,0,0,0
1.175366250,0,0,1,1,1,1
1.175395333,0,0,1,0,0,0
1.175564667,0,0,1,1,1,1
1.175593708,0,0,1,0,0,0
1.175763042,0,0,1,1,1,1
1.175792125,0,0,1,0,0,0
1.175961458,0,0,1,1,1,1
1.175990500,0,0,1,0,0,0
1.176159833,0,0,1,1,1,1
1.176188917,0,0,1,0,0,0
1.176358292,0,0,1,1,1,1
1.176387333,0,0,1,0,0,0
1.176556667,0,0,1,1,1,1
1.176585708,0,0,1,0,0,0
1.176755000,0,0,1,1,1,1
1.176784042,0,0,1,0,0,0
1.176953375,0,0,1,1,1,1
1.176982417,0,0,1,0,0,0
1.177151708,0,0,1,1,1,1
1.177180792,0,0,1,0,0,0
1.177350125,0,0,1,1,1,1
1.177379167,0,0,1,0,0,0
1.177548500,0,0,1,1,1,1
1.177577542,0,0,1,0,0,0
1.177746875,0,0,1,1,1,1
1.177775958,0,0,1,0,0,0
1.177945250,0,0,1,1,1,1
1.177974333,0,0,1,0,0,0
1.178143667,0,0,1,1,1,1
1.178172708,0,0,1,0,0,0
1.178342000,0,0,1,1,1,1
1.178371083,0,0,1,0,0,0
1.178540375,0,0,1,1,1,1
1.178569417,0,0,1,0,0,0
1.178738750,0,0,1,1,1,1
1.178767792,0,0,1,1,0,0
1.178767833,0,0,1,0,0,0
1.178937167,0,0,1,1,1,1
1.178966208,0,0,1,0,0,0
1.179135542,0,0,1,1,1,1
1.179164583,0,0,1,0,0,0
1.179333958,0,0,1,1,1,1
1.179363000,0,0,1,0,0,0
1.179532333,0,0,1,1,1,1
1.179561375,0,0,1,0,0,0
1.179730708,0,0,1,1,1,1
1.179759750,0,0,1,0,0,0
1.179929083,0,0,1,1,1,1
1.179958125,0,0,1,0,0,0
1.180127458,0,0,1,1,1,1
1.180156500,0,0,1,0,0,0
1.180325875,0,0,1,1,1,1
1.180354917,0,0,1,0,0,0
1.180524250,0,0,1,1,1,1
1.180553333,0,0,1,0,0,0
1.180722667,0,0,1,1,1,1
1.180751708,0,0,1,0,0,0
1.180921042,0,0,1,1,1,1
1.180950125,0,0,1,0,0,0
1.181119458,0,0,1,1,1,1
1.181148500,0,0,1,0,0,0
1.181317833,0,0,1,1,1,1
1.181346917,0,0,1,0,0,0
1.181516208,0,0,1,0,1,1
1.181516250,0,0,1,1,1,1
1.181545292,0,0,1,0,0,0
1.181714625,0,0,1,1,1,1
1.181743667,0,0,1,0,0,0
1.181913000,0,0,1,1,1,1
1.181942042,0,0,1,0,0,0
1.182111292,0,0,1,1,1,1
1.182140375,0,0,1,0,0,0
1.182309625,0,0,1,1,1,1
1.182338667,0,0,1,0,0,0
1.182507958,0,0,1,1,1,1
1.182537000,0,0,1,0,0,0
1.182706292,0,0,1,1,1,1
1.182735333,0,0,1,0,0,0
1.182904625,0,0,1,1,1,1
1.182933708,0,0,1,0,0,0
1.183102958,0,0,1,1,1,1
1.183132000,0,0,1,0,0,0
1.183301292,0,0,1,1,1,1
1.183330333,0,0,1,0,0,0
1.183499625,0,0,1,1,1,1
1.183528708,0,0,1,0,0,0
1.183697958,0,0,1,1,1,1
1.183727042,0,0,1,0,0,0
1.183896333,0,0,1,1,1,1
1.183925375,0,0,1,0,0,0
1.184094708,0,0,1,1,1,1
1.184123750,0,0,1,0,0,0
1.184293042,0,0,1,1,1,1
1.184322083,0,0,1,0,0,0
1.184491417,0,0,1,1,1,1
1.184520500,0,0,1,0,0,0
1.184689792,0,0,1,1,1,1
1.184718833,0,0,1,0,0,0
1.184888125,0,0,1,1,1,1
1.184917208,0,0,1,0,0,0
1.185086500,0,0,1,1,1,1
1.185115583,0,0,1,0,0,0
1.185284875,0,0,1,1,1,1
1.185313958,0,0,1,0,0,0
1.185483292,0,0,1,1,1,1
1.185512375,0,0,1,0,0,0
1.185681708,0,0,1,1,1,1
1.185710750,0,0,1,0,0,0
1.185880083,0,0,1,1,1,1
1.185909167,0,0,1,0,0,0
1.186078458,0,0,1,1,1,1
1.186107500,0,0,1,1,0,0
1.186107542,0,0,1,0,0,0
1.186276833,0,0,1,1,1,1
1.186305875,0,0,1,0,0,0
1.186475250,0,0,1,1,1,1
1.186504292,0,0,1,0,0,0
1.186673625,0,0,1,1,1,1
1.186702667,0,0,1,0,0,0
1.186872000,0,0,1,1,1,1
1.186901042,0,0,1,0,0,0
1.187070375,0,0,1,1,1,1
1.187099458,0,0,1,0,0,0
1.187268792,0,0,1,1,1,1
1.187297833,0,0,1,0,0,0
1.187467167,0,0,1,1,1,1
1.187496208,0,0,1,0,0,0
1.187665542,0,0,1,1,1,1
1.187694583,0,0,1,0,0,0
1.187863917,0,0,1,1,1,1
1.187892958,0,0,1,0,0,0
1.188062292,0,0,1,1,1,1
1.188091333,0,0,1,0,0,0
1.188260667,0,0,1,1,1,1
1.188289750,0,0,1,0,0,0
1.188459083,0,0,1,1,1,1
1.188488125,0,0,1,0,0,0
1.188657458,0,0,1,1,1,1
1.188686542,0,0,1,0,0,0
1.188855875,0,0,1,1,1,1
1.188884917,0,0,1,0,0,0
1.189054250,0,0,1,1,1,1
1.189083292,0,0,1,0,0,0
1.189252583,0,0,1,1,1,1
1.189281625,0,0,1,0,0,0
1.189450917,0,0,1,1,1,1
1.189479958,0,0,1,0,0,0
1.189649292,0,0,1,1,1,1
1.189678333,0,0,1,0,0,0
1.189847583,0,0,1,1,1,1
1.189876625,0,0,1,0,0,0
1.190045917,0,0,1,1,1,1
1.190075000,0,0,1,0,0,0
1.190244250,0,0,1,1,1,1
1.190273333,0,0,1,0,0,0
1.190442542,0,0,1,1,1,1
1.190471583,0,0,1,1,0,0
1.190471625,0,0,1,0,0,0
1.190640833,0,0,1,1,1,1
1.190669875,0,0,1,1,0,0
1.190669917,0,0,1,0,0,0
1.190839167,0,0,1,1,1,1
1.190868208,0,0,1,0,0,0
1.191037500,0,0,1,1,1,1
1.191066542,0,0,1,0,0,0
1.191235833,0,0,1,1,1,1
1.191264875,0,0,1,0,0,0
1.191434208,0,0,1,1,1,1
1.191463250,0,0,1,0,0,0
1.191632583,0,0,1,1,1,1
1.191661625,0,0,1,0,0,0
1.191830917,0,0,1,1,1,1
1.191860000,0,0,1,0,0,0
1.192029250,0,0,1,1,1,1
1.192058333,0,0,1,0,0,0
1.192227583,0,0,1,1,1,1
1.192256667,0,0,1,0,0,0
1.192425917,0,0,1,1,1,1
1.192454958,0,0,1,0,0,0
1.192624250,0,0,1,1,1,1
1.192653292,0,0,1,0,0,0
1.192822500,0,0,1,1,1,1
1.192851542,0,0,1,0,0,0
1.193020750,0,0,1,1,1,1
1.193049833,0,0,1,0,0,0
1.193219125,0,0,1,1,1,1
1.193248167,0,0,1,0,0,0
1.193417375,0,0,1,1,1,1
1.193446417,0,0,1,0,0,0
1.193615667,0,0,1,1,1,1
1.193644708,0,0,1,0,0,0
1.193813958,0,0,1,1,1,1
1.193843000,0,0,1,0,0,0
1.194012250,0,0,1,1,1,1
1.194041292,0,0,1,0,0,0
1.194210542,0,0,1,1,1,1
1.194239583,0,0,1,0,0,0
1.194408875,0,0,1,1,1,1
1.194437917,0,0,1,0,0,0
1.194607167,0,0,1,1,1,1
1.194636250,0,0,1,0,0,0
1.194805500,0,0,1,1,1,1
1.194834542,0,0,1,0,0,0
1.195003833,0,0,1,1,1,1
1.195032875,0,0,1,0,0,0
1.195202167,0,0,1,1,1,1
1.195231208,0,0,1,0,0,0
1.195400458,0,0,1,0,1,1
1.195400500,0,0,1,1,1,1
1.195429542,0,0,1,0,0,0
1.195598750,0,0,1,1,1,1
1.195627792,0,0,1,0,0,0
1.195797083,0,0,1,1,1,1
1.195826125,0,0,1,0,0,0
1.195995375,0,0,1,1,1,1
1.196024417,0,0,1,0,0,0
1.196193625,0,0,1,0,1,1
1.196193667,0,0,1,1,1,1
1.196222708,0,0,1,0,0,0
1.196391958,0,0,1,1,1,1
1.196421042,0,0,1,0,0,0
1.196590292,0,0,1,1,1,1
1.196619333,0,0,1,0,0,0
1.196788542,0,0,1,1,1,1
1.196817583,0,0,1,0,0,0
1.196986833,0,0,1,1,1,1
1.197015875,0,0,1,0,0,0
1.197185125,0,0,1,1,1,1
1.197214167,0,0,1,0,0,0
1.197383375,0,0,1,1,1,1
1.197412417,0,0,1,0,0,0
1.197581667,0,0,1,1,1,1
1.197610708,0,0,1,0,0,0
1.197780000,0,0,1,1,1,1
1.197809042,0,0,1,0,0,0
1.197978333,0,0,1,1,1,1
1.198007375,0,0,1,0,0,0
1.198176625,0,0,1,1,1,1
1.198205667,0,0,1,0,0,0
1.198374958,0,0,1,1,1,1
1.198404000,0,0,1,0,0,0
1.198573333,0,0,1,1,1,1
1.198602375,0,0,1,0,0,0
1.198771667,0,0,1,1,1,1
1.198800708,0,0,1,0,0,0
1.198970042,0,0,1,1,1,1
1.198999083,0,0,1,0,0,0
1.199168375,0,0,1,1,1,1
1.199197417,0,0,1,0,0,0
1.199366667,0,0,1,1,1,1
1.199395708,0,0,1,0,0,0
1.199565000,0,0,1,1,1,1
1.199594042,0,0,1,0,0,0
1.199763375,0,0,1,1,1,1
1.199792458,0,0,1,0,0,0
1.199961792,0,0,1,1,1,1
1.199990833,0,0,1,0,0,0
1.200160167,0,0,1,1,1,1
1.200189250,0,0,1,0,0,0
1.200358542,0,0,1,1,1,1
1.200387625,0,0,1,0,0,0
1.200556917,0,0,1,1,1,1
1.200585958,0,0,1,0,0,0
1.200755250,0,0,1,1,1,1
1.200784292,0,0,1,0,0,0
1.200953542,0,0,1,1,1,1
1.200982583,0,0,1,0,0,0
1.201151792,0,0,1,1,1,1
1.201180833,0,0,1,0,0,0
1.201350042,0,0,1,0,1,0
1.201350083,0,0,1,1,1,1
1.201379083,0,0,1,0,0,0
1.201548333,0,0,1,1,1,1
1.201577375,0,0,1,0,0,0
1.201746625,0,0,1,1,1,1
1.201775667,0,0,1,0,0,0
1.201944917,0,0,1,1,1,1
1.201973958,0,0,1,0,0,0
1.202143208,0,0,1,1,1,1
1.202172250,0,0,1,0,0,0
1.202341542,0,0,1,1,1,1
1.202370583,0,0,1,0,0,0
1.202539833,0,0,1,1,1,1
1.202568875,0,0,1,0,0,0
1.202738125,0,0,1,1,1,1
1.202767167,0,0,1,0,0,0
1.202936458,0,0,1,1,1,1
1.202965542,0,0,1,0,0,0
1.203134792,0,0,1,1,1,1
1.203163833,0,0,1,0,0,0
1.203333083,0,0,1,1,1,1
1.203362125,0,0,1,0,0,0
1.203531417,0,0,1,1,1,1
1.203560458,0,0,1,1,0,0
1.203560500,0,0,1,0,0,0
1.203729750,0,0,1,1,1,1
1.203758792,0,0,1,0,0,0
1.203928083,0,0,1,1,1,1
1.203957125,0,0,1,0,0,0
1.204126333,0,0,1,1,1,1
1.204155375,0,0,1,0,0,0
1.204324625,0,0,1,1,1,1
1.204353667,0,0,1,0,0,0
1.204522875,0,0,1,1,1,1
1.204551917,0,0,1,0,0,0
1.204721125,0,0,1,1,1,1
1.204750167,0,0,1,0,0,0
1.204919375,0,0,1,1,1,1
1.204948417,0,0,1,0,0,0
1.205117625,0,0,1,1,1,1
1.205146667,0,0,1,0,0,0
1.205315875,0,0,1,1,1,1
1.205344917,0,0,1,0,0,0
1.205514125,0,0,1,1,1,1
1.205543167,0,0,1,0,0,0
1.205712417,0,0,1,1,1,1
1.205741458,0,0,1,0,0,0
1.205910708,0,0,1,1,1,1
1.205939750,0,0,1,0,0,0
1.206108958,0,0,1,1,1,1
1.206138000,0,0,1,0,0,0
1.206307208,0,0,1,1,1,1
1.206336250,0,0,1,0,0,0
1.206505417,0,0,1,1,1,1
1.206534458,0,0,1,0,0,0
1.206703667,0,0,1,0,1,1
1.206703708,0,0,1,1,1,1
1.206732708,0,0,1,0,0,0
1.206901958,0,0,1,1,1,1
1.206931000,0,0,1,0,0,0
1.207100167,0,0,1,1,1,1
1.207129208,0,0,1,0,0,0
1.207298458,0,0,1,1,1,1
1.207327458,0,0,1,1,0,1
1.207327500,0,0,1,0,0,0
1.207496667,0,0,1,1,1,1
1.207525708,0,0,1,0,0,0
1.207694958,0,0,1,1,1,1
1.207724000,0,0,1,0,0,0
1.207893208,0,0,1,1,1,1
1.207922250,0,0,1,0,0,0
1.208091458,0,0,1,1,1,1
1.208120500,0,0,1,0,0,0
1.208289708,0,0,1,1,1,1
1.208318750,0,0,1,0,0,0
1.208488042,0,0,1,1,1,1
1.208517083,0,0,1,0,0,0
1.208686333,0,0,1,1,1,1
1.208715375,0,0,1,0,0,0
1.208884583,0,0,1,1,1,1
1.208913625,0,0,1,0,0,0
1.209082875,0,0,1,1,1,1
1.209111917,0,0,1,0,0,0
1.209281167,0,0,1,1,1,1
1.209310208,0,0,1,0,0,0
1.209479458,0,0,1,1,1,1
1.209508500,0,0,1,0,0,0
1.209677708,0,0,1,1,1,1
1.209706750,0,0,1,0,0,0
1.209876000,0,0,1,1,1,1
1.209905042,0,0,1,0,0,0
1.210074250,0,0,1,1,1,1
1.210103292,0,0,1,0,0,0
1.210272500,0,0,1,1,1,1
1.210301542,0,0,1,0,0,0
1.210470792,0,0,1,1,1,1
1.210499833,0,0,1,0,0,0
1.210669042,0,0,1,1,1,1
1.210698042,0,0,1,0,0,0
1.210867292,0,0,1,1,1,1
1.210896333,0,0,1,0,0,0
1.211065542,0,0,1,1,1,1
1.211094583,0,0,1,0,0,0
1.211263833,0,0,1,1,1,1
1.211292875,0,0,1,0,0,0
1.211462083,0,0,1,1,1,1
1.211491125,0,0,1,0,0,0
1.211660375,0,0,1,1,1,1
1.211689417,0,0,1,1,0,0
1.211689458,0,0,1,0,0,0
1.211858667,0,0,1,1,1,1
1.211887708,0,0,1,0,0,0
1.212057000,0,0,1,1,1,1
1.212086042,0,0,1,0,0,0
1.212255292,0,0,1,1,1,1
1.212284333,0,0,1,0,0,0
1.212453583,0,0,1,1,1,1
1.212482625,0,0,1,0,0,0
1.212651875,0,0,1,1,1,1
1.212680917,0,0,1,0,0,0
1.212850167,0,0,1,1,1,1
1.212879208,0,0,1,0,0,0
1.213048458,0,0,1,1,1,1
1.213077500,0,0,1,0,0,0
1.213246750,0,0,1,1,1,1
1.213275792,0,0,1,0,0,0
1.213445000,0,0,1,1,1,1
1.213474042,0,0,1,0,0,0
1.213643292,0,0,1,1,1,1
1.213672333,0,0,1,0,0,0
1.213841583,0,0,1,1,1,1
1.213870625,0,0,1,0,0,0
1.214039833,0,0,1,1,1,1
1.214068917,0,0,1,0,0,0
1.214238125,0,0,1,0,1,1
1.214238167,0,0,1,1,1,1
1.214267208,0,0,1,0,0,0
1.214436458,0,0,1,1,1,1
1.214465500,0,0,1,0,0,0
1.214634750,0,0,1,1,1,1
1.214663833,0,0,1,0,0,0
1.214833042,0,0,1,1,1,1
1.214862083,0,0,1,0,0,0
1.215031333,0,0,1,1,1,1
1.215060375,0,0,1,0,0,0
1.215229667,0,0,1,1,1,1
1.215258708,0,0,1,0,0,0
1.215427958,0,0,1,1,1,1
1.215457000,0,0,1,0,0,0
1.215626292,0,0,1,1,1,1
1.215655333,0,0,1,0,0,0
1.215824625,0,0,1,1,1,1
1.215853667,0,0,1,0,0,0
1.216022958,0,0,1,1,1,1
1.216052000,0,0,1,0,0,0
1.216221250,0,0,1,1,1,1
1.216250292,0,0,1,1,0,0
1.216250333,0,0,1,0,0,0
1.216419583,0,0,1,1,1,1
1.216448667,0,0,1,0,0,0
1.216617875,0,0,1,0,1,1
1.216617917,0,0,1,1,1,1
1.216646917,0,0,1,0,0,0
1.216816167,0,0,1,1,1,1
1.216845208,0,0,1,0,0,0
1.217014458,0,0,1,1,1,1
1.217043500,0,0,1,0,0,0
1.217212750,0,0,1,1,1,1
1.217241792,0,0,1,0,0,0
1.217411083,0,0,1,1,1,1
1.217440083,0,0,1,0,0,0
1.217609333,0,0,1,1,1,1
1.217638417,0,0,1,0,0,0
1.217807667,0,0,1,1,1,1
1.217836708,0,0,1,0,0,0
1.218005958,0,0,1,1,1,1
1.218035000,0,0,1,0,0,0
1.218204292,0,0,1,1,1,1
1.218233333,0,0,1,0,0,0
1.218402583,0,0,1,1,1,1
1.218431625,0,0,1,0,0,0
1.218600833,0,0,1,1,1,1
1.218629875,0,0,1,0,0,0
1.218799125,0,0,1,1,1,1
1.218828167,0,0,1,0,0,0
1.218997375,0,0,1,1,1,1
1.219026417,0,0,1,0,0,0
1.219195667,0,0,1,1,1,1
1.219224708,0,0,1,0,0,0
1.219393958,0,0,1,1,1,1
1.219423000,0,0,1,0,0,0
1.219592250,0,0,1,1,1,1
1.219621292,0,0,1,0,0,0
1.219790542,0,0,1,1,1,1
1.219819583,0,0,1,0,0,0
1.219988750,0,0,1,1,1,1
1.220017792,0,0,1,0,0,0
1.220187000,0,0,1,1,1,1
1.220216042,0,0,1,0,0,0
1.220385250,0,0,1,1,1,1
1.220414292,0,0,1,0,0,0
1.220583458,0,0,1,1,1,1
1.220612500,0,0,1,0,0,0
1.220781708,0,0,1,1,1,1
1.220810708,0,0,1,0,0,0
1.220979958,0,0,1,1,1,1
1.221009000,0,0,1,0,0,0
1.221178250,0,0,1,1,1,1
1.221207292,0,0,1,0,0,0
1.221376500,0,0,1,1,1,1
1.221405542,0,0,1,0,0,0
1.221574792,0,0,1,1,1,1
1.221603833,0,0,1,0,0,0
1.221773042,0,0,1,1,1,1
1.221802083,0,0,1,0,0,0
1.221971250,0,0,1,1,1,1
1.222000292,0,0,1,0,0,0
1.222169583,0,0,1,1,1,1
1.222198625,0,0,1,0,0,0
1.222367875,0,0,1,1,1,1
1.222396917,0,0,1,0,0,0
1.222566125,0,0,1,1,1,1
1.222595167,0,0,1,0,0,0
1.222764417,0,0,1,1,1,1
1.222793458,0,0,1,0,0,0
1.222962708,0,0,1,1,1,1
1.222991750,0,0,1,0,0,0
1.223160958,0,0,1,1,1,1
1.223190000,0,0,1,0,0,0
1.223359250,0,0,1,1,1,1
1.223388292,0,0,1,0,0,0
1.223557583,0,0,1,1,1,1
1.223586667,0,0,1,0,0,0
1.223755958,0,0,1,1,1,1
1.223785000,0,0,1,0,0,0
1.223954250,0,0,1,1,1,1
1.223983292,0,0,1,0,0,0
1.224152583,0,0,1,1,1,1
1.224181625,0,0,1,0,0,0
1.224350875,0,0,1,1,1,1
1.224379917,0,0,1,0,0,0
1.224549167,0,0,1,1,1,1
1.224578208,0,0,1,0,0,0
1.224747458,0,0,1,1,1,1
1.224776500,0,0,1,0,0,0
1.224945708,0,0,1,1,1,1
1.224974750,0,0,1,0,0,0
1.225143958,0,0,1,1,1,1
1.225173000,0,0,1,0,0,0
1.225342250,0,0,1,1,1,1
1.225371292,0,0,1,0,0,0
1.225540542,0,0,1,1,1,1
1.225569583,0,0,1,0,0,0
1.225738833,0,0,1,1,1,1
1.225767875,0,0,1,0,0,0
1.225937083,0,0,1,1,1,1
1.225966125,0,0,1,0,0,0
1.226135292,0,0,1,1,1,1
1.226164333,0,0,1,0,0,0
1.226333500,0,0,1,1,1,1
1.226362542,0,0,1,0,0,0
1.226531750,0,0,1,1,1,1
1.226560792,0,0,1,0,0,0
1.226730000,0,0,1,1,1,1
1.226759042,0,0,1,0,0,0
1.226928250,0,0,1,1,1,1
1.226957292,0,0,1,0,0,0
1.227126500,0,0,1,1,1,1
1.227155542,0,0,1,0,0,0
1.227324792,0,0,1,1,1,1
1.227353833,0,0,1,0,0,0
1.227523083,0,0,1,1,1,1
1.227552125,0,0,1,0,0,0
1.227721333,0,0,1,1,1,1
1.227750375,0,0,1,0,0,0
1.227919583,0,0,1,1,1,1
1.227948625,0,0,1,0,0,0
1.228117833,0,0,1,1,1,1
1.228146875,0,0,1,0,0,0
1.228316042,0,0,1,1,1,1
1.228345083,0,0,1,0,0,0
1.228514292,0,0,1,1,1,1
1.228543333,0,0,1,0,0,0
1.228712542,0,0,1,1,1,1
1.228741542,0,0,1,0,0,0
1.228910750,0,0,1,1,1,1
1.228939792,0,0,1,0,0,0
1.229109000,0,0,1,1,1,1
1.229138042,0,0,1,0,0,0
1.229307250,0,0,1,1,1,1
1.229336292,0,0,1,0,0,0
1.229505458,0,0,1,1,1,1
1.229534458,0,0,1,0,0,0
1.229703667,0,0,1,1,1,1
1.229732667,0,0,1,0,0,0
1.229901833,0,0,1,1,1,1
1.229930875,0,0,1,0,0,0
1.230100042,0,0,1,1,1,1
1.230129083,0,0,1,0,0,0
1.230298250,0,0,1,1,1,1
1.230327292,0,0,1,0,0,0
1.230496458,0,0,1,1,1,1
1.230525500,0,0,1,0,0,0
1.230694667,0,0,1,1,1,1
1.230723708,0,0,1,0,0,0
1.230892875,0,0,1,1,1,1
1.230921875,0,0,1,0,0,0
1.231091042,0,0,1,1,1,1
1.231120083,0,0,1,0,0,0
1.231289333,0,0,1,1,1,1
1.231318375,0,0,1,0,0,0
1.231487583,0,0,1,1,1,1
1.231516625,0,0,1,0,0,0
1.231685875,0,0,1,1,1,1
1.231714917,0,0,1,0,0,0
1.231884125,0,0,1,1,1,1
1.231913167,0,0,1,0,0,0
1.232082417,0,0,1,1,1,1
1.232111458,0,0,1,0,0,0
1.232280708,0,0,1,1,1,1
1.232309750,0,0,1,0,0,0
1.232478958,0,0,1,1,1,1
1.232508000,0,0,1,0,0,0
1.232677208,0,0,1,1,1,1
1.232706250,0,0,1,0,0,0
1.232875417,0,0,1,1,1,1
1.232904458,0,0,1,0,0,0
1.233073625,0,0,1,0,1,1
1.233073667,0,0,1,1,1,1
1.233102667,0,0,1,0,0,0
1.233271875,0,0,1,1,1,1
1.233300917,0,0,1,0,0,0
1.233470125,0,0,1,1,1,1
1.233499125,0,0,1,0,0,0
1.233668375,0,0,1,1,1,1
1.233697417,0,0,1,0,0,0
1.233866625,0,0,1,1,1,1
1.233895667,0,0,1,0,0,0
1.234064917,0,0,1,1,1,1
1.234093958,0,0,1,0,0,0
1.234263208,0,0,1,1,1,1
1.234292250,0,0,1,0,0,0
1.234461500,0,0,1,1,1,1
1.234490542,0,0,1,0,0,0
1.234659833,0,0,1,1,1,1
1.234688875,0,0,1,0,0,0
1.234858125,0,0,1,1,1,1
1.234887167,0,0,1,0,0,0
1.235056417,0,0,1,1,1,1
1.235085458,0,0,1,0,0,0
1.235254708,0,0,1,1,1,1
1.235283750,0,0,1,0,0,0
1.235452958,0,0,1,1,1,1
1.235482000,0,0,1,0,0,0
1.235651250,0,0,1,1,1,1
1.235680250,0,0,1,0,0,0
1.235849500,0,0,1,1,1,1
1.235878542,0,0,1,0,0,0
1.236047750,0,0,1,1,1,1
1.236076792,0,0,1,0,0,0
1.236246000,0,0,1,1,1,1
1.236275042,0,0,1,0,0,0
1.236444208,0,0,1,1,1,1
1.236473250,0,0,1,0,0,0
1.236642500,0,0,1,1,1,1
1.236671500,0,0,1,0,0,0
1.236840750,0,0,1,1,1,1
1.236869792,0,0,1,0,0,0
1.237039000,0,0,1,1,1,1
1.237068042,0,0,1,0,0,0
1.237237250,0,0,1,0,1,1
1.237237292,0,0,1,1,1,1
1.237266292,0,0,1,0,0,0
1.237435542,0,0,1,1,1,1
1.237464583,0,0,1,0,0,0
1.237633792,0,0,1,1,1,1
1.237662792,0,0,1,1,0,0
1.237662833,0,0,1,0,0,0
1.237832000,0,0,1,1,1,1
1.237861042,0,0,1,0,0,0
1.238030292,0,0,1,1,1,1
1.238059333,0,0,1,0,0,0
1.238228583,0,0,1,1,1,1
1.238257625,0,0,1,0,0,0
1.238426792,0,0,1,1,1,1
1.238455833,0,0,1,0,0,0
1.238625042,0,0,1,1,1,1
1.238654042,0,0,1,0,0,0
1.238823250,0,0,1,1,1,1
1.238852292,0,0,1,0,0,0
1.239021458,0,0,1,1,1,1
1.239050500,0,0,1,0,0,0
1.239219750,0,0,1,1,1,1
1.239248792,0,0,1,0,0,0
1.239418042,0,0,1,1,1,1
1.239447083,0,0,1,0,0,0
1.239616333,0,0,1,1,1,1
1.239645375,0,0,1,0,0,0
1.239814625,0,0,1,1,1,1
1.239843667,0,0,1,0,0,0
1.240012875,0,0,1,1,1,1
1.240041917,0,0,1,0,0,0
1.240211167,0,0,1,1,1,1
1.240240208,0,0,1,0,0,0
1.240409417,0,0,1,1,1,1
1.240438458,0,0,1,0,0,0
1.240607708,0,0,1,1,1,1
1.240636750,0,0,1,0,0,0
1.240805958,0,0,1,1,1,1
1.240835000,0,0,1,0,0,0
1.241004250,0,0,1,1,1,1
1.241033292,0,0,1,0,0,0
1.241202500,0,0,1,1,1,1
1.241231542,0,0,1,0,0,0
1.241400792,0,0,1,1,1,1
1.241429833,0,0,1,0,0,0
1.241599000,0,0,1,1,1,1
1.241628042,0,0,1,0,0,0
1.241797250,0,0,1,1,1,1
1.241826292,0,0,1,0,0,0
1.241995500,0,0,1,1,1,1
1.242024542,0,0,1,0,0,0
1.242193750,0,0,1,1,1,1
1.242222792,0,0,1,0,0,0
1.242392000,0,0,1,1,1,1
1.242421042,0,0,1,0,0,0
1.242590292,0,0,1,1,1,1
1.242619333,0,0,1,0,0,0
1.242788542,0,0,1,1,1,1
1.242817583,0,0,1,0,0,0
1.242986792,0,0,1,1,1,1
1.243015833,0,0,1,0,0,0
1.243185083,0,0,1,1,1,1
1.243214125,0,0,1,0,0,0
1.243383333,0,0,1,1,1,1
1.243412375,0,0,1,0,0,0
1.243581583,0,0,1,1,1,1
1.243610625,0,0,1,0,0,0
1.243779833,0,0,1,1,1,1
1.243808875,0,0,1,0,0,0
1.243978083,0,0,1,1,1,1
1.244007125,0,0,1,0,0,0
1.244176333,0,0,1,1,1,1
1.244205375,0,0,1,0,0,0
1.244374625,0,0,1,1,1,1
1.244403667,0,0,1,0,0,0
1.244572958,0,0,1,1,1,1
1.244602000,0,0,1,0,0,0
1.244771250,0,0,1,1,1,1
1.244800292,0,0,1,0,0,0
1.244969542,0,0,1,1,1,1
1.244998583,0,0,1,0,0,0
1.245167833,0,0,1,1,1,1
1.245196875,0,0,1,0,0,0
1.245366083,0,0,1,1,1,1
1.245395125,0,0,1,0,0,0
1.245564375,0,0,1,1,1,1
1.245593417,0,0,1,0,0,0
1.245762667,0,0,1,1,1,1
1.245791708,0,0,1,0,0,0
1.245960917,0,0,1,1,1,1
1.245989958,0,0,1,0,0,0
1.246159208,0,0,1,1,1,1
1.246188250,0,0,1,0,0,0
1.246357500,0,0,1,1,1,1
1.246386542,0,0,1,0,0,0
1.246555792,0,0,1,1,1,1
1.246584833,0,0,1,0,0,0
1.246754042,0,0,1,1,1,1
1.246783083,0,0,1,0,0,0
1.246952333,0,0,1,1,1,1
1.246981375,0,0,1,0,0,0
1.247150625,0,0,1,1,1,1
1.247179667,0,0,1,0,0,0
1.247348917,0,0,1,1,1,1
1.247377958,0,0,1,0,0,0
1.247547167,0,0,1,1,1,1
1.247576208,0,0,1,0,0,0
1.247745500,0,0,1,1,1,1
1.247774542,0,0,1,0,0,0
1.247943792,0,0,1,1,1,1
1.247972833,0,0,1,0,0,0
1.248142042,0,0,1,1,1,1
1.248171125,0,0,1,0,0,0
1.248340333,0,0,1,1,1,1
1.248369375,0,0,1,1,0,0
1.248369417,0,0,1,0,0,0
1.248538625,0,0,1,1,1,1
1.248567667,0,0,1,0,0,0
1.248736917,0,0,1,1,1,1
1.248765958,0,0,1,0,0,0
1.248935208,0,0,1,1,1,1
1.248964292,0,0,1,0,0,0
1.249133542,0,0,1,1,1,1
1.249162583,0,0,1,0,0,0
1.249331833,0,0,1,1,1,1
1.249360875,0,0,1,0,0,0
1.249530083,0,0,1,1,1,1
1.249559125,0,0,1,0,0,0
1.249728333,0,0,1,1,1,1
1.249757375,0,0,1,0,0,0
1.249926583,0,0,1,1,1,1
1.249955625,0,0,1,0,0,0
1.250124875,0,0,1,1,1,1
1.250153917,0,0,1,0,0,0
1.250323167,0,0,1,1,1,1
1.250352208,0,0,1,0,0,0
1.250521500,0,0,1,1,1,1
1.250550542,0,0,1,0,0,0
1.250719750,0,0,1,1,1,1
1.250748792,0,0,1,0,0,0
1.250918000,0,0,1,1,1,1
1.250947042,0,0,1,0,0,0
1.251116292,0,0,1,1,1,1
1.251145333,0,0,1,0,0,0
1.251314542,0,0,1,1,1,1
1.251343583,0,0,1,0,0,0
1.251512792,0,0,1,1,1,1
1.251541833,0,0,1,0,0,0
1.251711083,0,0,1,1,1,1
1.251740125,0,0,1,0,0,0
1.251909333,0,0,1,1,1,1
1.251938375,0,0,1,0,0,0
1.252107708,0,0,1,1,1,1
1.252136750,0,0,1,0,0,0
1.252306042,0,0,1,1,1,1
1.252335083,0,0,1,0,0,0
1.252504375,0,0,1,1,1,1
1.252533417,0,0,1,0,0,0
1.252702625,0,0,1,1,1,1
1.252731667,0,0,1,0,0,0
1.252900875,0,0,1,1,1,1
1.252929917,0,0,1,0,0,0
1.253099125,0,0,1,1,1,1
1.253128167,0,0,1,0,0,0
1.253297375,0,0,1,1,1,1
1.253326417,0,0,1,0,0,0
1.253495583,0,0,1,1,1,1
1.253524583,0,0,1,0,0,0
1.253693792,0,0,1,1,1,1
1.253722833,0,0,1,0,0,0
1.253892000,0,0,1,1,1,1
1.253921042,0,0,1,0,0,0
1.254090250,0,0,1,1,1,1
1.254119250,0,0,1,0,0,0
1.254288417,0,0,1,1,1,1
1.254317458,0,0,1,0,0,0
1.254486625,0,0,1,1,1,1
1.254515667,0,0,1,0,0,0
1.254684875,0,0,1,1,1,1
1.254713917,0,0,1,0,0,0
1.254883083,0,0,1,1,1,1
1.254912125,0,0,1,0,0,0
1.255081333,0,0,1,1,1,1
1.255110375,0,0,1,0,0,0
1.255279542,0,0,1,1,1,1
1.255308583,0,0,1,0,0,0
1.255477792,0,0,1,1,1,1
1.255506792,0,0,1,0,0,0
1.255675958,0,0,1,1,1,1
1.255705000,0,0,1,0,0,0
1.255874208,0,0,1,1,1,1
1.255903208,0,0,1,1,0,0
1.255903250,0,0,1,0,0,0
1.256072417,0,0,1,1,1,1
1.256101417,0,0,1,0,0,0
1.256270625,0,0,1,1,1,1
1.256299667,0,0,1,0,0,0
1.256468875,0,0,1,1,1,1
1.256497917,0,0,1,0,0,0
1.256667167,0,0,1,1,1,1
1.256696208,0,0,1,0,0,0
1.256865417,0,0,1,1,1,1
1.256894458,0,0,1,0,0,0
1.257063667,0,0,1,1,1,1
1.257092708,0,0,1,0,0,0
1.257261958,0,0,1,1,1,1
1.257291000,0,0,1,0,0,0
1.257460167,0,0,1,1,1,1
1.257489208,0,0,1,0,0,0
1.257658375,0,0,1,1,1,1
1.257687417,0,0,1,0,0,0
1.257856625,0,0,1,1,1,1
1.257885667,0,0,1,0,0,0
1.258054833,0,0,1,1,1,1
1.258083875,0,0,1,0,0,0
1.258253083,0,0,1,1,1,1
1.258282125,0,0,1,0,0,0
1.258451333,0,0,1,1,1,1
1.258480375,0,0,1,0,0,0
1.258649583,0,0,1,1,1,1
1.258678625,0,0,1,0,0,0
1.258847792,0,0,1,1,1,1
1.258876833,0,0,1,0,0,0
1.259046042,0,0,1,1,1,1
1.259075042,0,0,1,0,0,0
1.259244250,0,0,1,1,1,1
1.259273292,0,0,1,0,0,0
1.259442458,0,0,1,1,1,1
1.259471500,0,0,1,0,0,0
1.259640708,0,0,1,1,1,1
1.259669750,0,0,1,0,0,0
1.259838917,0,0,1,1,1,1
1.259867958,0,0,1,0,0,0
1.260037208,0,0,1,1,1,1
1.260066250,0,0,1,0,0,0
1.260235458,0,0,1,1,1,1
1.260264500,0,0,1,0,0,0
1.260433667,0,0,1,1,1,1
1.260462708,0,0,1,0,0,0
1.260631833,0,0,1,1,1,1
1.260660875,0,0,1,0,0,0
1.260830042,0,0,1,1,1,1
1.260859083,0,0,1,0,0,0
1.261028250,0,0,1,1,1,1
1.261057292,0,0,1,0,0,0
1.261226500,0,0,1,1,1,1
1.261255583,0,0,1,0,0,0
1.261424792,0,0,1,1,1,1
1.261453833,0,0,1,0,0,0
1.261623042,0,0,1,1,1,1
1.261652083,0,0,1,0,0,0
1.261821292,0,0,1,1,1,1
1.261850292,0,0,1,0,0,0
1.262019458,0,0,1,1,1,1
1.262048500,0,0,1,0,0,0
1.262217667,0,0,1,1,1,1
1.262246667,0,0,1,0,0,0
1.262415875,0,0,1,1,1,1
1.262444917,0,0,1,0,0,0
1.262614125,0,0,1,1,1,1
1.262643125,0,0,1,0,0,0
1.262812333,0,0,1,1,1,1
1.262841375,0,0,1,0,0,0
1.263010542,0,0,1,1,1,1
1.263039583,0,0,1,0,0,0
1.263208792,0,0,1,1,1,1
1.263237792,0,0,1,0,0,0
1.263407042,0,0,1,1,1,1
1.263436083,0,0,1,0,0,0
1.263605292,0,0,1,1,1,1
1.263634292,0,0,1,0,0,0
1.263803542,0,0,1,1,1,1
1.263832583,0,0,1,0,0,0
1.264001750,0,0,1,1,1,1
1.264030792,0,0,1,0,0,0
1.264200000,0,0,1,1,1,1
1.264229042,0,0,1,0,0,0
1.264398250,0,0,1,1,1,1
1.264427292,0,0,1,0,0,0
1.264596542,0,0,1,1,1,1
1.264625542,0,0,1,0,0,0
1.264794750,0,0,1,1,1,1
1.264823792,0,0,1,0,0,0
1.264993042,0,0,1,1,1,1
1.265022083,0,0,1,0,0,0
1.265191292,0,0,1,1,1,1
1.265220333,0,0,1,0,0,0
1.265389500,0,0,1,1,1,1
1.265418542,0,0,1,0,0,0
1.265587708,0,0,1,1,1,1
1.265616750,0,0,1,0,0,0
1.265786000,0,0,1,1,1,1
1.265815042,0,0,1,0,0,0
1.265984250,0,0,1,1,1,1
1.266013292,0,0,1,0,0,0
1.266182542,0,0,1,1,1,1
1.266211583,0,0,1,0,0,0
1.266380792,0,0,1,1,1,1
1.266409833,0,0,1,0,0,0
1.266579083,0,0,1,1,1,1
1.266608125,0,0,1,0,0,0
1.266777333,0,0,1,1,1,1
1.266806333,0,0,1,0,0,0
1.266975583,0,0,1,1,1,1
1.267004583,0,0,1,0,0,0
1.267173792,0,0,1,1,1,1
1.267202833,0,0,1,0,0,0
1.267372000,0,0,1,1,1,1
1.267401042,0,0,1,0,0,0
1.267570250,0,0,1,1,1,1
1.267599292,0,0,1,0,0,0
1.267768500,0,0,1,1,1,1
1.267797500,0,0,1,0,0,0
1.267966708,0,0,1,1,1,1
1.267995750,0,0,1,0,0,0
1.268164958,0,0,1,1,1,1
1.268194000,0,0,1,0,0,0
1.268363208,0,0,1,1,1,1
1.268392250,0,0,1,0,0,0
1.268561417,0,0,1,1,1,1
1.268590458,0,0,1,0,0,0
1.268759667,0,0,1,1,1,1
1.268788708,0,0,1,0,0,0
1.268957917,0,0,1,1,1,1
1.268986958,0,0,1,0,0,0
1.269156167,0,0,1,1,1,1
1.269185208,0,0,1,0,0,0
1.269354417,0,0,1,1,1,1
1.269383458,0,0,1,0,0,0
1.269552583,0,0,1,1,1,1
1.269581625,0,0,1,0,0,0
1.269750792,0,0,1,1,1,1
1.269779833,0,0,1,0,0,0
1.269949083,0,0,1,1,1,1
1.269978125,0,0,1,0,0,0
1.270147375,0,0,1,1,1,1
1.270176417,0,0,1,0,0,0
1.270345625,0,0,1,0,1,0
1.270345667,0,0,1,1,1,1
1.270374667,0,0,1,0,0,0
1.270543917,0,0,1,1,1,1
1.270572958,0,0,1,0,0,0
1.270742208,0,0,1,1,1,1
1.270771250,0,0,1,0,0,0
1.270940500,0,0,1,1,1,1
1.270969542,0,0,1,0,0,0
1.271138792,0,0,1,1,1,1
1.271167833,0,0,1,0,0,0
1.271337042,0,0,1,1,1,1
1.271366083,0,0,1,0,0,0
1.271535292,0,0,1,1,1,1
1.271564333,0,0,1,0,0,0
1.271733542,0,0,1,1,1,1
1.271762583,0,0,1,0,0,0
1.271931833,0,0,1,1,1,1
1.271960875,0,0,1,0,0,0
1.272130083,0,0,1,1,1,1
1.272159125,0,0,1,0,0,0
1.272328375,0,0,1,1,1,1
1.272357417,0,0,1,0,0,0
1.272526625,0,0,1,1,1,1
1.272555667,0,0,1,0,0,0
1.272724833,0,0,1,1,1,1
1.272753875,0,0,1,0,0,0
1.272923083,0,0,1,1,1,1
1.272952125,0,0,1,0,0,0
1.273121292,0,0,1,1,1,1
1.273150333,0,0,1,0,0,0
1.273319542,0,0,1,1,1,1
1.273348583,0,0,1,0,0,0
1.273517750,0,0,1,1,1,1
1.273546792,0,0,1,0,0,0
1.273715958,0,0,1,1,1,1
1.273744958,0,0,1,0,0,0
1.273914167,0,0,1,1,1,1
1.273943208,0,0,1,0,0,0
1.274112417,0,0,1,1,1,1
1.274141458,0,0,1,0,0,0
1.274310708,0,0,1,1,1,1
1.274339750,0,0,1,0,0,0
1.274508958,0,0,1,1,1,1
1.274538000,0,0,1,0,0,0
1.274707208,0,0,1,1,1,1
1.274736208,0,0,1,0,0,0
1.274905417,0,0,1,1,1,1
1.274934417,0,0,1,0,0,0
1.275103625,0,0,1,1,1,1
1.275132667,0,0,1,0,0,0
1.275301875,0,0,1,1,1,1
1.275330875,0,0,1,0,0,0
1.275500042,0,0,1,1,1,1
1.275529083,0,0,1,0,0,0
1.275698250,0,0,1,1,1,1
1.275727292,0,0,1,0,0,0
1.275896500,0,0,1,1,1,1
1.275925542,0,0,1,0,0,0
1.276094750,0,0,1,1,1,1
1.276123792,0,0,1,0,0,0
1.276293042,0,0,1,1,1,1
1.276322083,0,0,1,0,0,0
1.276491292,0,0,1,1,1,1
1.276520333,0,0,1,0,0,0
1.276689542,0,0,1,1,1,1
1.276718583,0,0,1,0,0,0
1.276887792,0,0,1,1,1,1
1.276916833,0,0,1,0,0,0
1.277086042,0,0,1,1,1,1
1.277115083,0,0,1,0,0,0
1.277284375,0,0,1,1,1,1
1.277313417,0,0,1,0,0,0
1.277482625,0,0,1,1,1,1
1.277511667,0,0,1,0,0,0
1.277680917,0,0,1,1,1,1
1.277709958,0,0,1,0,0,0
1.277879208,0,0,1,1,1,1
1.277908292,0,0,1,0,0,0
1.278077500,0,0,1,1,1,1
1.278106542,0,0,1,0,0,0
1.278275792,0,0,1,1,1,1
1.278304833,0,0,1,0,0,0
1.278474042,0,0,1,1,1,1
1.278503083,0,0,1,0,0,0
1.278672333,0,0,1,1,1,1
1.278701375,0,0,1,0,0,0
1.278870625,0,0,1,1,1,1
1.278899667,0,0,1,0,0,0
1.279068875,0,0,1,1,1,1
1.279097917,0,0,1,0,0,0
1.279267167,0,0,1,1,1,1
1.279296208,0,0,1,0,0,0
1.279465458,0,0,1,1,1,1
1.279494500,0,0,1,0,0,0
1.279663708,0,0,1,1,1,1
1.279692750,0,0,1,0,0,0
1.279862000,0,0,1,1,1,1
1.279891083,0,0,1,0,0,0
1.280060333,0,0,1,1,1,1
1.280089375,0,0,1,0,0,0
1.280258625,0,0,1,1,1,1
1.280287667,0,0,1,0,0,0
1.280456917,0,0,1,1,1,1
1.280485958,0,0,1,0,0,0
1.280655208,0,0,1,1,1,1
1.280684250,0,0,1,0,0,0
1.280853458,0,0,1,1,1,1
1.280882500,0,0,1,0,0,0
1.281051708,0,0,1,1,1,1
1.281080750,0,0,1,0,0,0
1.281249917,0,0,1,1,1,1
1.281278958,0,0,1,0,0,0
1.281448125,0,0,1,1,1,1
1.281477167,0,0,1,0,0,0
1.281646333,0,0,1,1,1,1
1.281675375,0,0,1,0,0,0
1.281844542,0,0,1,1,1,1
1.281873583,0,0,1,0,0,0
1.282042750,0,0,1,1,1,1
1.282071792,0,0,1,0,0,0
1.282241000,0,0,1,1,1,1
1.282270042,0,0,1,0,0,0
1.282439250,0,0,1,1,1,1
1.282468292,0,0,1,0,0,0
1.282637458,0,0,1,1,1,1
1.282666500,0,0,1,0,0,0
1.282835708,0,0,1,1,1,1
1.282864750,0,0,1,0,0,0
1.283034000,0,0,1,1,1,1
1.283063042,0,0,1,0,0,0
1.283232292,0,0,1,1,1,1
1.283261292,0,0,1,1,0,0
1.283261333,0,0,1,0,0,0
1.283430542,0,0,1,1,1,1
1.283459583,0,0,1,0,0,0
1.283628833,0,0,1,1,1,1
1.283657875,0,0,1,0,0,0
1.283827083,0,0,1,1,1,1
1.283856083,0,0,1,0,0,0
1.284025250,0,0,1,1,1,1
1.284054292,0,0,1,0,0,0
1.284223458,0,0,1,1,1,1
1.284252500,0,0,1,0,0,0
1.284421667,0,0,1,1,1,1
1.284450708,0,0,1,0,0,0
1.284619875,0,0,1,1,1,1
1.284648917,0,0,1,0,0,0
1.284818083,0,0,1,1,1,1
1.284847083,0,0,1,0,0,0
1.285016292,0,0,1,1,1,1
1.285045333,0,0,1,0,0,0
1.285214542,0,0,1,1,1,1
1.285243583,0,0,1,0,0,0
1.285412833,0,0,1,1,1,1
1.285441875,0,0,1,0,0,0
1.285611083,0,0,1,1,1,1
1.285640125,0,0,1,0,0,0
1.285809375,0,0,1,1,1,1
1.285838417,0,0,1,0,0,0
1.286007625,0,0,1,1,1,1
1.286036667,0,0,1,0,0,0
1.286205917,0,0,1,1,1,1
1.286234958,0,0,1,0,0,0
1.286404167,0,0,1,1,1,1
1.286433208,0,0,1,0,0,0
1.286602458,0,0,1,1,1,1
1.286631500,0,0,1,0,0,0
1.286800708,0,0,1,1,1,1
1.286829750,0,0,1,0,0,0
1.286998958,0,0,1,1,1,1
1.287028000,0,0,1,0,0,0
1.287197208,0,0,1,1,1,1
1.287226250,0,0,1,0,0,0
1.287395458,0,0,1,1,1,1
1.287424500,0,0,1,0,0,0
1.287593750,0,0,1,1,1,1
1.287622792,0,0,1,0,0,0
1.287792000,0,0,1,1,1,1
1.287821083,0,0,1,0,0,0
1.287990333,0,0,1,1,1,1
1.288019375,0,0,1,0,0,0
1.288188625,0,0,1,1,1,1
1.288217667,0,0,1,0,0,0
1.288386917,0,0,1,1,1,1
1.288415958,0,0,1,0,0,0
1.288585167,0,0,1,1,1,1
1.288614208,0,0,1,0,0,0
1.288783417,0,0,1,1,1,1
1.288812458,0,0,1,0,0,0
1.288981625,0,0,1,1,1,1
1.289010667,0,0,1,0,0,0
1.289179875,0,0,1,1,1,1
1.289208917,0,0,1,0,0,0
1.289378125,0,0,1,1,1,1
1.289407167,0,0,1,0,0,0
1.289576375,0,0,1,1,1,1
1.289605375,0,0,1,0,0,0
1.289774542,0,0,1,1,1,1
1.289803583,0,0,1,0,0,0
1.289972750,0,0,1,1,1,1
1.290001750,0,0,1,0,0,0
1.290170958,0,0,1,1,1,1
1.290200000,0,0,1,0,0,0
1.290369208,0,0,1,1,1,1
1.290398250,0,0,1,0,0,0
1.290567458,0,0,1,1,1,1
1.290596500,0,0,1,0,0,0
1.290765792,0,0,1,1,1,1
1.290794833,0,0,1,0,0,0
1.290964125,0,0,1,1,1,1
1.290993167,0,0,1,0,0,0
1.291162417,0,0,1,1,1,1
1.291191500,0,0,1,0,0,0
1.291360708,0,0,1,1,1,1
1.291389750,0,0,1,0,0,0
1.291558958,0,0,1,1,1,1
1.291588000,0,0,1,0,0,0
1.291757208,0,0,1,1,1,1
1.291786250,0,0,1,0,0,0
1.291955417,0,0,1,1,1,1
1.291984458,0,0,1,0,0,0
1.292153667,0,0,1,1,1,1
1.292182667,0,0,1,0,0,0
1.292351833,0,0,1,1,1,1
1.292380875,0,0,1,0,0,0
1.292550042,0,0,1,1,1,1
1.292579083,0,0,1,0,0,0
1.292748292,0,0,1,1,1,1
1.292777333,0,0,1,0,0,0
1.292946542,0,0,1,1,1,1
1.292975583,0,0,1,0,0,0
1.293144792,0,0,1,1,1,1
1.293173833,0,0,1,0,0,0
1.293343042,0,0,1,0,1,1
1.293343083,0,0,1,1,1,1
1.293372083,0,0,1,0,0,0
1.293541333,0,0,1,1,1,1
1.293570375,0,0,1,0,0,0
1.293739625,0,0,1,1,1,1
1.293768667,0,0,1,0,0,0
1.293937833,0,0,1,1,1,1
1.293966875,0,0,1,0,0,0
1.294136042,0,0,1,1,1,1
1.294165083,0,0,1,0,0,0
1.294334250,0,0,1,1,1,1
1.294363292,0,0,1,0,0,0
1.294532458,0,0,1,1,1,1
1.294561500,0,0,1,0,0,0
1.294730708,0,0,1,1,1,1
1.294759708,0,0,1,0,0,0
1.294928917,0,0,1,1,1,1
1.294957917,0,0,1,0,0,0
1.295127125,0,0,1,1,1,1
1.295156167,0,0,1,0,0,0
1.295325375,0,0,1,1,1,1
1.295354417,0,0,1,0,0,0
1.295523625,0,0,1,1,1,1
1.295552667,0,0,1,0,0,0
1.295721875,0,0,1,1,1,1
1.295750917,0,0,1,0,0,0
1.295920125,0,0,1,1,1,1
1.295949167,0,0,1,0,0,0
1.296118417,0,0,1,1,1,1
1.296147458,0,0,1,0,0,0
1.296316667,0,0,1,1,1,1
1.296345708,0,0,1,1,0,0
1.296345750,0,0,1,0,0,0
1.296514958,0,0,1,1,1,1
1.296544000,0,0,1,0,0,0
1.296713250,0,0,1,1,1,1
1.296742292,0,0,1,0,0,0
1.296911542,0,0,1,1,1,1
1.296940583,0,0,1,0,0,0
1.297109833,0,0,1,1,1,1
1.297138875,0,0,1,0,0,0
1.297308083,0,0,1,1,1,1
1.297337125,0,0,1,0,0,0
1.297506333,0,0,1,1,1,1
1.297535417,0,0,1,0,0,0
1.297704625,0,0,1,1,1,1
1.297733667,0,0,1,0,0,0
1.297902875,0,0,1,1,1,1
1.297931917,0,0,1,0,0,0
1.298101125,0,0,1,1,1,1
1.298130167,0,0,1,0,0,0
1.298299333,0,0,1,1,1,1
1.298328375,0,0,1,0,0,0
1.298497583,0,0,1,1,1,1
1.298526625,0,0,1,0,0,0
1.298695792,0,0,1,1,1,1
1.298724833,0,0,1,0,0,0
1.298894042,0,0,1,1,1,1
1.298923083,0,0,1,0,0,0
1.299092333,0,0,1,1,1,1
1.299121375,0,0,1,0,0,0
1.299290542,0,0,1,1,1,1
1.299319583,0,0,1,0,0,0
1.299488792,0,0,1,1,1,1
1.299517833,0,0,1,0,0,0
1.299687042,0,0,1,1,1,1
1.299716083,0,0,1,0,0,0
1.299885292,0,0,1,0,1,1
1.299885333,0,0,1,1,1,1
1.299914333,0,0,1,0,0,0
1.300083583,0,0,1,1,1,1
1.300112625,0,0,1,0,0,0
1.300281833,0,0,1,1,1,1
1.300310875,0,0,1,0,0,0
1.300480042,0,0,1,1,1,1
1.300509042,0,0,1,0,0,0
1.300678250,0,0,1,1,1,1
1.300707292,0,0,1,0,0,0
1.300876458,0,0,1,1,1,1
1.300905500,0,0,1,0,0,0
1.301074708,0,0,1,1,1,1
1.301103750,0,0,1,0,0,0
1.301272917,0,0,1,1,1,1
1.301301958,0,0,1,0,0,0
1.301471167,0,0,1,1,1,1
1.301500208,0,0,1,0,0,0
1.301669375,0,0,1,1,1,1
1.301698417,0,0,1,0,0,0
1.301867625,0,0,1,1,1,1
1.301896667,0,0,1,0,0,0
1.302065833,0,0,1,1,1,1
1.302094875,0,0,1,0,0,0
1.302264083,0,0,1,1,1,1
1.302293125,0,0,1,0,0,0
1.302462333,0,0,1,1,1,1
1.302491375,0,0,1,0,0,0
1.302660583,0,0,1,1,1,1
1.302689625,0,0,1,0,0,0
1.302858833,0,0,1,1,1,1
1.302887833,0,0,1,0,0,0
1.303057083,0,0,1,1,1,1
1.303086125,0,0,1,0,0,0
1.303255333,0,0,1,1,1,1
1.303284375,0,0,1,0,0,0
1.303453583,0,0,1,1,1,1
1.303482625,0,0,1,0,0,0
1.303651833,0,0,1,1,1,1
1.303680875,0,0,1,0,0,0
1.303850125,0,0,1,1,1,1
1.303879167,0,0,1,0,0,0
1.304048375,0,0,1,0,1,1
1.304048417,0,0,1,1,1,1
1.304077417,0,0,1,0,0,0
1.304246667,0,0,1,1,1,1
1.304275750,0,0,1,0,0,0
1.304445000,0,0,1,1,1,1
1.304474042,0,0,1,0,0,0
1.304643375,0,0,1,1,1,1
1.304672417,0,0,1,0,0,0
1.304841667,0,0,1,1,1,1
1.304870708,0,0,1,0,0,0
1.305040000,0,0,1,1,1,1
1.305069042,0,0,1,0,0,0
1.305238333,0,0,1,1,1,1
1.305267375,0,0,1,0,0,0
1.305436667,0,0,1,1,1,1
1.305465708,0,0,1,0,0,0
1.305635000,0,0,1,1,1,1
1.305664042,0,0,1,0,0,0
1.305833333,0,0,1,1,1,1
1.305862375,0,0,1,0,0,0
1.306031667,0,0,1,1,1,1
1.306060708,0,0,1,0,0,0
1.306230000,0,0,1,1,1,1
1.306259042,0,0,1,0,0,0
1.306428292,0,0,1,1,1,1
1.306457375,0,0,1,0,0,0
1.306626583,0,0,1,1,1,1
1.306655625,0,0,1,0,0,0
1.306824833,0,0,1,1,1,1
1.306853875,0,0,1,0,0,0
1.307023083,0,0,1,1,1,1
1.307052083,0,0,1,1,0,0
1.307052125,0,0,1,0,0,0
1.307221292,0,0,1,1,1,1
1.307250333,0,0,1,0,0,0
1.307419583,0,0,1,1,1,1
1.307448625,0,0,1,0,0,0
1.307617833,0,0,1,1,1,1
1.307646875,0,0,1,0,0,0
1.307816125,0,0,1,1,1,1
1.307845167,0,0,1,0,0,0
1.308014417,0,0,1,1,1,1
1.308043458,0,0,1,0,0,0
1.308212708,0,0,1,1,1,1
1.308241750,0,0,1,0,0,0
1.308411000,0,0,1,1,1,1
1.308440042,0,0,1,0,0,0
1.308609292,0,0,1,1,1,1
1.308638375,0,0,1,0,0,0
1.308807625,0,0,1,1,1,1
1.308836667,0,0,1,0,0,0
1.309005917,0,0,1,1,1,1
1.309034958,0,0,1,0,0,0
1.309204208,0,0,1,1,1,1
1.309233208,0,0,1,0,0,0
1.309402458,0,0,1,1,1,1
1.309431500,0,0,1,0,0,0
1.309600750,0,0,1,1,1,1
1.309629792,0,0,1,0,0,0
1.309799042,0,0,1,1,1,1
1.309828083,0,0,1,0,0,0
1.309997375,0,0,1,1,1,1
1.310026417,0,0,1,0,0,0
1.310195667,0,0,1,1,1,1
1.310224708,0,0,1,0,0,0
1.310393917,0,0,1,1,1,1
1.310422958,0,0,1,0,0,0
1.310592208,0,0,1,1,1,1
1.310621292,0,0,1,0,0,0
1.310790542,0,0,1,1,1,1
1.310819583,0,0,1,0,0,0
1.310988833,0,0,1,1,1,1
1.311017875,0,0,1,0,0,0
1.311187167,0,0,1,1,1,1
1.311216208,0,0,1,0,0,0
1.311385417,0,0,1,1,1,1
1.311414458,0,0,1,0,0,0
1.311583667,0,0,1,1,1,1
1.311612667,0,0,1,0,0,0
1.311781875,0,0,1,1,1,1
1.311810917,0,0,1,0,0,0
1.311980125,0,0,1,1,1,1
1.312009167,0,0,1,0,0,0
1.312178375,0,0,1,1,1,1
1.312207417,0,0,1,0,0,0
1.312376625,0,0,1,1,1,1
1.312405667,0,0,1,0,0,0
1.312574875,0,0,1,0,1,1
1.312574917,0,0,1,1,1,1
1.312603917,0,0,1,0,0,0
1.312773167,0,0,1,1,1,1
1.312802167,0,0,1,1,0,0
1.312802208,0,0,1,0,0,0
1.312971375,0,0,1,1,1,1
1.313000417,0,0,1,0,0,0
1.313169625,0,0,1,1,1,1
1.313198667,0,0,1,0,0,0
1.313367875,0,0,1,1,1,1
1.313396917,0,0,1,0,0,0
1.313566167,0,0,1,1,1,1
1.313595208,0,0,1,0,0,0
1.313764417,0,0,1,1,1,1
1.313793458,0,0,1,0,0,0
1.313962667,0,0,1,1,1,1
1.313991708,0,0,1,0,0,0
1.314160917,0,0,1,1,1,1
1.314189958,0,0,1,0,0,0
1.314359208,0,0,1,1,1,1
1.314388250,0,0,1,0,0,0
1.314557458,0,0,1,1,1,1
1.314586500,0,0,1,0,0,0
1.314755708,0,0,1,1,1,1
1.314784750,0,0,1,0,0,0
1.314954000,0,0,1,1,1,1
1.314983042,0,0,1,0,0,0
1.315152250,0,0,1,1,1,1
1.315181292,0,0,1,0,0,0
1.315350542,0,0,1,1,1,1
1.315379583,0,0,1,0,0,0
1.315548833,0,0,1,0,1,1
1.315548875,0,0,1,1,1,1
1.315577917,0,0,1,0,0,0
1.315747167,0,0,1,1,1,1
1.315776208,0,0,1,0,0,0
1.315945417,0,0,1,1,1,1
1.315974458,0,0,1,0,0,0
1.316143708,0,0,1,1,1,1
1.316172750,0,0,1,0,0,0
1.316342000,0,0,1,1,1,1
1.316371042,0,0,1,0,0,0
1.316540333,0,0,1,1,1,1
1.316569375,0,0,1,0,0,0
1.316738625,0,0,1,1,1,1
1.316767667,0,0,1,0,0,0
1.316936875,0,0,1,1,1,1
1.316965917,0,0,1,0,0,0
1.317135125,0,0,1,1,1,1
1.317164167,0,0,1,0,0,0
1.317333375,0,0,1,1,1,1
1.317362417,0,0,1,0,0,0
1.317531625,0,0,1,1,1,1
1.317560667,0,0,1,0,0,0
1.317729917,0,0,1,1,1,1
1.317758958,0,0,1,0,0,0
1.317928167,0,0,1,1,1,1
1.317957208,0,0,1,0,0,0
1.318126417,0,0,1,1,1,1
1.318155458,0,0,1,0,0,0
1.318324667,0,0,1,1,1,1
1.318353708,0,0,1,0,0,0
1.318522917,0,0,1,1,1,1
1.318551958,0,0,1,0,0,0
1.318721167,0,0,1,1,1,1
1.318750208,0,0,1,0,0,0
1.318919417,0,0,1,1,1,1
1.318948458,0,0,1,0,0,0
1.319117667,0,0,1,1,1,1
1.319146708,0,0,1,0,0,0
1.319315917,0,0,1,1,1,1
1.319344958,0,0,1,0,0,0
1.319514250,0,0,1,1,1,1
1.319543292,0,0,1,0,0,0
1.319712542,0,0,1,1,1,1
1.319741583,0,0,1,0,0,0
1.319910875,0,0,1,1,1,1
1.319939917,0,0,1,0,0,0
1.320109208,0,0,1,1,1,1
1.320138250,0,0,1,0,0,0
1.320307500,0,0,1,1,1,1
1.320336542,0,0,1,0,0,0
1.320505750,0,0,1,1,1,1
1.320534792,0,0,1,0,0,0
1.320703958,0,0,1,1,1,1
1.320733000,0,0,1,0,0,0
1.320902208,0,0,1,1,1,1
1.320931250,0,0,1,0,0,0
1.321100500,0,0,1,1,1,1
1.321129542,0,0,1,0,0,0
1.321298750,0,0,1,1,1,1
1.321327792,0,0,1,0,0,0
1.321497000,0,0,1,1,1,1
1.321526042,0,0,1,0,0,0
1.321695208,0,0,1,1,1,1
1.321724250,0,0,1,0,0,0
1.321893458,0,0,1,1,1,1
1.321922500,0,0,1,0,0,0
1.322091750,0,0,1,1,1,1
1.322120792,0,0,1,0,0,0
1.322290000,0,0,1,1,1,1
1.322319042,0,0,1,0,0,0
1.322488292,0,0,1,1,1,1
1.322517333,0,0,1,0,0,0
1.322686583,0,0,1,1,1,1
1.322715625,0,0,1,0,0,0
1.322884875,0,0,1,1,1,1
1.322913917,0,0,1,0,0,0
1.323083208,0,0,1,1,1,1
1.323112250,0,0,1,0,0,0
1.323281458,0,0,1,1,1,1
1.323310500,0,0,1,0,0,0
1.323479750,0,0,1,1,1,1
1.323508792,0,0,1,0,0,0
1.323678042,0,0,1,1,1,1
1.323707083,0,0,1,0,0,0
1.323876333,0,0,1,1,1,1
1.323905375,0,0,1,0,0,0
1.324074625,0,0,1,1,1,1
1.324103667,0,0,1,0,0,0
1.324272917,0,0,1,1,1,1
1.324301958,0,0,1,0,0,0
1.324471167,0,0,1,1,1,1
1.324500208,0,0,1,0,0,0
1.324669458,0,0,1,1,1,1
1.324698500,0,0,1,0,0,0
1.324867708,0,0,1,1,1,1
1.324896750,0,0,1,0,0,0
1.325065958,0,0,1,1,1,1
1.325095000,0,0,1,0,0,0
1.325264167,0,0,1,1,1,1
1.325293208,0,0,1,1,0,0
1.325293250,0,0,1,0,0,0
1.325462500,0,0,1,1,1,1
1.325491542,0,0,1,0,0,0
1.325660750,0,0,1,1,1,1
1.325689792,0,0,1,0,0,0
1.325859000,0,0,1,1,1,1
1.325888083,0,0,1,0,0,0
1.326057292,0,0,1,1,1,1
1.326086333,0,0,1,0,0,0
1.326255542,0,0,1,1,1,1
1.326284583,0,0,1,0,0,0
1.326453792,0,0,1,0,1,0
1.326453833,0,0,1,1,1,1
1.326482833,0,0,1,0,0,0
1.326652083,0,0,1,1,1,1
1.326681083,0,0,1,0,0,0
1.326850292,0,0,1,1,1,1
1.326879333,0,0,1,0,0,0
1.327048542,0,0,1,1,1,1
1.327077583,0,0,1,0,0,0
1.327246792,0,0,1,1,1,1
1.327275792,0,0,1,0,0,0
1.327445000,0,0,1,1,1,1
1.327474042,0,0,1,0,0,0
1.327643333,0,0,1,1,1,1
1.327672375,0,0,1,0,0,0
1.327841583,0,0,1,1,1,1
1.327870625,0,0,1,0,0,0
1.328039917,0,0,1,1,1,1
1.328068958,0,0,1,0,0,0
1.328238167,0,0,1,1,1,1
1.328267208,0,0,1,0,0,0
1.328436458,0,0,1,1,1,1
1.328465500,0,0,1,0,0,0
1.328634708,0,0,1,1,1,1
1.328663750,0,0,1,0,0,0
1.328833000,0,0,1,1,1,1
1.328862042,0,0,1,0,0,0
1.329031250,0,0,1,1,1,1
1.329060250,0,0,1,0,0,0
1.329229458,0,0,1,1,1,1
1.329258500,0,0,1,0,0,0
1.329427708,0,0,1,1,1,1
1.329456750,0,0,1,0,0,0
1.329625958,0,0,1,1,1,1
1.329655000,0,0,1,0,0,0
1.329824208,0,0,1,1,1,1
1.329853208,0,0,1,0,0,0
1.330022417,0,0,1,1,1,1
1.330051458,0,0,1,0,0,0
1.330220667,0,0,1,1,1,1
1.330249708,0,0,1,0,0,0
1.330418958,0,0,1,1,1,1
1.330448000,0,0,1,0,0,0
1.330617208,0,0,1,1,1,1
1.330646250,0,0,1,0,0,0
1.330815417,0,0,1,1,1,1
1.330844458,0,0,1,0,0,0
1.331013667,0,0,1,1,1,1
1.331042708,0,0,1,0,0,0
1.331211917,0,0,1,1,1,1
1.331240958,0,0,1,0,0,0
1.331410125,0,0,1,1,1,1
1.331439167,0,0,1,0,0,0
1.331608417,0,0,1,1,1,1
1.331637500,0,0,1,0,0,0
1.331806750,0,0,1,1,1,1
1.331835792,0,0,1,0,0,0
1.332005000,0,0,1,1,1,1
1.332034000,0,0,1,1,0,0
1.332034042,0,0,1,0,0,0
1.332203208,0,0,1,1,1,1
1.332232250,0,0,1,0,0,0
1.332401458,0,0,1,1,1,1
1.332430500,0,0,1,0,0,0
1.332599708,0,0,1,1,1,1
1.332628750,0,0,1,0,0,0
1.332797917,0,0,1,1,1,1
1.332826958,0,0,1,0,0,0
1.332996125,0,0,1,1,1,1
1.333025167,0,0,1,0,0,0
1.333194375,0,0,1,1,1,1
1.333223417,0,0,1,0,0,0
1.333392667,0,0,1,1,1,1
1.333421708,0,0,1,0,0,0
1.333590917,0,0,1,1,1,1
1.333619958,0,0,1,0,0,0
1.333789167,0,0,1,1,1,1
1.333818208,0,0,1,0,0,0
1.333987417,0,0,1,1,1,1
1.334016458,0,0,1,0,0,0
1.334185667,0,0,1,1,1,1
1.334214708,0,0,1,0,0,0
1.334383958,0,0,1,1,1,1
1.334413000,0,0,1,0,0,0
1.334582208,0,0,1,1,1,1
1.334611250,0,0,1,0,0,0
1.334780458,0,0,1,1,1,1
1.334809500,0,0,1,0,0,0
1.334978708,0,0,1,1,1,1
1.335007750,0,0,1,0,0,0
1.335176958,0,0,1,1,1,1
1.335206000,0,0,1,0,0,0
1.335375208,0,0,1,1,1,1
1.335404250,0,0,1,0,0,0
1.335573500,0,0,1,1,1,1
1.335602583,0,0,1,0,0,0
1.335771833,0,0,1,1,1,1
1.335800875,0,0,1,0,0,0
1.335970083,0,0,1,1,1,1
1.335999125,0,0,1,0,0,0
1.336168375,0,0,1,1,1,1
1.336197458,0,0,1,0,0,0
1.336366708,0,0,1,1,1,1
1.336395750,0,0,1,0,0,0
1.336564958,0,0,1,1,1,1
1.336594000,0,0,1,0,0,0
1.336763250,0,0,1,1,1,1
1.336792292,0,0,1,0,0,0
1.336961542,0,0,1,1,1,1
1.336990583,0,0,1,0,0,0
1.337159875,0,0,1,1,1,1
1.337188917,0,0,1,0,0,0
1.337358125,0,0,1,1,1,1
1.337387208,0,0,1,0,0,0
1.337556458,0,0,1,1,1,1
1.337585500,0,0,1,0,0,0
1.337754750,0,0,1,1,1,1
1.337783833,0,0,1,0,0,0
1.337953083,0,0,1,1,1,1
1.337982125,0,0,1,0,0,0
1.338151375,0,0,1,1,1,1
1.338180417,0,0,1,0,0,0
1.338349625,0,0,1,1,1,1
1.338378667,0,0,1,0,0,0
1.338547875,0,0,1,1,1,1
1.338576917,0,0,1,0,0,0
1.338746125,0,0,1,1,1,1
1.338775167,0,0,1,0,0,0
1.338944417,0,0,1,1,1,1
1.338973458,0,0,1,0,0,0
1.339142667,0,0,1,1,1,1
1.339171708,0,0,1,0,0,0
1.339340958,0,0,1,1,1,1
1.339370000,0,0,1,0,0,0
1.339539208,0,0,1,1,1,1
1.339568250,0,0,1,0,0,0
1.339737458,0,0,1,1,1,1
1.339766458,0,0,1,0,0,0
1.339935667,0,0,1,1,1,1
1.339964708,0,0,1,0,0,0
1.340133875,0,0,1,1,1,1
1.340162917,0,0,1,0,0,0
1.340332125,0,0,1,1,1,1
1.340361125,0,0,1,0,0,0
1.340530333,0,0,1,1,1,1
1.340559333,0,0,1,0,0,0
1.340728542,0,0,1,1,1,1
1.340757583,0,0,1,0,0,0
1.340926792,0,0,1,1,1,1
1.340955833,0,0,1,0,0,0
1.341125042,0,0,1,1,1,1
1.341154083,0,0,1,0,0,0
1.341323292,0,0,1,1,1,1
1.341352333,0,0,1,0,0,0
1.341521500,0,0,1,1,1,1
1.341550542,0,0,1,0,0,0
1.341719708,0,0,1,1,1,1
1.341748750,0,0,1,0,0,0
1.341917958,0,0,1,1,1,1
1.341947000,0,0,1,0,0,0
1.342116208,0,0,1,1,1,1
1.342145208,0,0,1,0,0,0
1.342314417,0,0,1,1,1,1
1.342343458,0,0,1,0,0,0
1.342512667,0,0,1,1,1,1
1.342541708,0,0,1,0,0,0
1.342710958,0,0,1,1,1,1
1.342740000,0,0,1,0,0,0
1.342909250,0,0,1,1,1,1
1.342938292,0,0,1,0,0,0
1.343107583,0,0,1,1,1,1
1.343136625,0,0,1,0,0,0
1.343305875,0,0,1,1,1,1
1.343334958,0,0,1,0,0,0
1.343504208,0,0,1,0,1,1
1.343504250,0,0,1,1,1,1
1.343533292,0,0,1,0,0,0
1.343702583,0,0,1,1,1,1
1.343731625,0,0,1,0,0,0
1.343900917,0,0,1,1,1,1
1.343929958,0,0,1,0,0,0
1.344099208,0,0,1,1,1,1
1.344128250,0,0,1,0,0,0
1.344297500,0,0,1,1,1,1
1.344326542,0,0,1,0,0,0
1.344495833,0,0,1,1,1,1
1.344524917,0,0,1,0,0,0
1.344694167,0,0,1,1,1,1
1.344723208,0,0,1,0,0,0
1.344892417,0,0,1,1,1,1
1.344921458,0,0,1,0,0,0
1.345090708,0,0,1,1,1,1
1.345119750,0,0,1,0,0,0
1.345288958,0,0,1,1,1,1
1.345318000,0,0,1,0,0,0
1.345487250,0,0,1,1,1,1
1.345516292,0,0,1,1,0,0
1.345516333,0,0,1,0,0,0
1.345685583,0,0,1,1,1,1
1.345714625,0,0,1,0,0,0
1.345883875,0,0,1,1,1,1
1.345912917,0,0,1,0,0,0
1.346082125,0,0,1,1,1,1
1.346111167,0,0,1,0,0,0
1.346280417,0,0,1,1,1,1
1.346309458,0,0,1,0,0,0
1.346478708,0,0,1,1,1,1
1.346507750,0,0,1,0,0,0
1.346677000,0,0,1,1,1,1
1.346706083,0,0,1,0,0,0
1.346875333,0,0,1,1,1,1
1.346904375,0,0,1,0,0,0
1.347073667,0,0,1,1,1,1
1.347102708,0,0,1,0,0,0
1.347272000,0,0,1,1,1,1
1.347301042,0,0,1,0,0,0
1.347470333,0,0,1,1,1,1
1.347499375,0,0,1,0,0,0
1.347668625,0,0,1,1,1,1
1.347697667,0,0,1,0,0,0
1.347866917,0,0,1,1,1,1
1.347895958,0,0,1,0,0,0
1.348065167,0,0,1,1,1,1
1.348094208,0,0,1,0,0,0
1.348263458,0,0,1,1,1,1
1.348292500,0,0,1,0,0,0
1.348461750,0,0,1,1,1,1
1.348490792,0,0,1,0,0,0
1.348660083,0,0,1,1,1,1
1.348689125,0,0,1,0,0,0
1.348858417,0,0,1,1,1,1
1.348887458,0,0,1,0,0,0
1.349056750,0,0,1,1,1,1
1.349085792,0,0,1,0,0,0
1.349255083,0,0,1,1,1,1
1.349284125,0,0,1,0,0,0
1.349453375,0,0,1,1,1,1
1.349482417,0,0,1,0,0,0
1.349651708,0,0,1,1,1,1
1.349680750,0,0,1,0,0,0
1.349849958,0,0,1,1,1,1
1.349879000,0,0,1,0,0,0
1.350048292,0,0,1,1,1,1
1.350077333,0,0,1,0,0,0
1.350246583,0,0,1,1,1,1
1.350275625,0,0,1,0,0,0
1.350444833,0,0,1,1,1,1
1.350473875,0,0,1,0,0,0
1.350643125,0,0,1,1,1,1
1.350672167,0,0,1,0,0,0
1.350841417,0,0,1,1,1,1
1.350870458,0,0,1,0,0,0
1.351039708,0,0,1,1,1,1
1.351068750,0,0,1,0,0,0
1.351237958,0,0,1,1,1,1
1.351267000,0,0,1,0,0,0
1.351436250,0,0,1,1,1,1
1.351465292,0,0,1,0,0,0
1.351634542,0,0,1,1,1,1
1.351663583,0,0,1,0,0,0
1.351832833,0,0,1,1,1,1
1.351861875,0,0,1,0,0,0
1.352031083,0,0,1,1,1,1
1.352060083,0,0,1,1,0,0
1.352060125,0,0,1,0,0,0
1.352229333,0,0,1,1,1,1
1.352258375,0,0,1,0,0,0
1.352427542,0,0,1,1,1,1
1.352456583,0,0,1,0,0,0
1.352625792,0,0,1,1,1,1
1.352654833,0,0,1,0,0,0
1.352824042,0,0,1,1,1,1
1.352853083,0,0,1,0,0,0
1.353022250,0,0,1,1,1,1
1.353051292,0,0,1,0,0,0
1.353220542,0,0,1,1,1,1
1.353249583,0,0,1,0,0,0
1.353418792,0,0,1,1,1,1
1.353447792,0,0,1,0,0,0
1.353617000,0,0,1,1,1,1
1.353646042,0,0,1,0,0,0
1.353815250,0,0,1,1,1,1
1.353844292,0,0,1,0,0,0
1.354013542,0,0,1,1,1,1
1.354042542,0,0,1,0,0,0
1.354211792,0,0,1,1,1,1
1.354240833,0,0,1,0,0,0
1.354410083,0,0,1,1,1,1
1.354439125,0,0,1,0,0,0
1.354608375,0,0,1,1,1,1
1.354637417,0,0,1,0,0,0
1.354806667,0,0,1,1,1,1
1.354835708,0,0,1,0,0,0
1.355004958,0,0,1,1,1,1
1.355034000,0,0,1,0,0,0
1.355203292,0,0,1,1,1,1
1.355232333,0,0,1,0,0,0
1.355401583,0,0,1,1,1,1
1.355430625,0,0,1,0,0,0
1.355599917,0,0,1,1,1,1
1.355628958,0,0,1,0,0,0
1.355798208,0,0,1,1,1,1
1.355827250,0,0,1,0,0,0
1.355996500,0,0,1,1,1,1
1.356025500,0,0,1,0,0,0
1.356194750,0,0,1,1,1,1
1.356223833,0,0,1,0,0,0
1.356393083,0,0,1,1,1,1
1.356422125,0,0,1,0,0,0
1.356591375,0,0,1,1,1,1
1.356620417,0,0,1,0,0,0
1.356789667,0,0,1,1,1,1
1.356818708,0,0,1,0,0,0
1.356987958,0,0,1,1,1,1
1.357017000,0,0,1,0,0,0
1.357186292,0,0,1,1,1,1
1.357215333,0,0,1,0,0,0
1.357384583,0,0,1,1,1,1
1.357413667,0,0,1,0,0,0
1.357582917,0,0,1,1,1,1
1.357611958,0,0,1,0,0,0
1.357781208,0,0,1,1,1,1
1.357810250,0,0,1,0,0,0
1.357979500,0,0,1,1,1,1
1.358008542,0,0,1,0,0,0
1.358177833,0,0,1,1,1,1
1.358206875,0,0,1,0,0,0
1.358376125,0,0,1,1,1,1
1.358405167,0,0,1,0,0,0
1.358574375,0,0,1,1,1,1
1.358603417,0,0,1,0,0,0
1.358772667,0,0,1,1,1,1
1.358801708,0,0,1,0,0,0
1.358970958,0,0,1,1,1,1
1.358999958,0,0,1,0,0,0
1.359169208,0,0,1,1,1,1
1.359198250,0,0,1,0,0,0
1.359367500,0,0,1,1,1,1
1.359396542,0,0,1,0,0,0
1.359565792,0,0,1,1,1,1
1.359594833,0,0,1,0,0,0
1.359764042,0,0,1,1,1,1
1.359793083,0,0,1,0,0,0
1.359962333,0,0,1,1,1,1
1.359991375,0,0,1,0,0,0
1.360160625,0,0,1,1,1,1
1.360189708,0,0,1,0,0,0
1.360358958,0,0,1,1,1,1
1.360388000,0,0,1,0,0,0
1.360557250,0,0,1,1,1,1
1.360586333,0,0,1,0,0,0
1.360755583,0,0,1,1,1,1
1.360784625,0,0,1,0,0,0
1.360953875,0,0,1,1,1,1
1.360982917,0,0,1,0,0,0
1.361152167,0,0,1,1,1,1
1.361181208,0,0,1,0,0,0
1.361350500,0,0,1,1,1,1
1.361379542,0,0,1,0,0,0
1.361548792,0,0,1,1,1,1
1.361577833,0,0,1,0,0,0
1.361747083,0,0,1,1,1,1
1.361776125,0,0,1,0,0,0
1.361945333,0,0,1,1,1,1
1.361974375,0,0,1,0,0,0
1.362143625,0,0,1,1,1,1
1.362172667,0,0,1,0,0,0
1.362341958,0,0,1,1,1,1
1.362371000,0,0,1,0,0,0
1.362540250,0,0,1,1,1,1
1.362569292,0,0,1,0,0,0
1.362738583,0,0,1,1,1,1
1.362767625,0,0,1,0,0,0
1.362936875,0,0,1,1,1,1
1.362965917,0,0,1,0,0,0
1.363135208,0,0,1,1,1,1
1.363164250,0,0,1,0,0,0
1.363333500,0,0,1,1,1,1
1.363362542,0,0,1,0,0,0
1.363531750,0,0,1,1,1,1
1.363560833,0,0,1,0,0,0
1.363730042,0,0,1,0,1,0
1.363730083,0,0,1,1,1,1
1.363759125,0,0,1,0,0,0
1.363928333,0,0,1,1,1,1
1.363957375,0,0,1,0,0,0
1.364126625,0,0,1,1,1,1
1.364155667,0,0,1,0,0,0
1.364324958,0,0,1,1,1,1
1.364354000,0,0,1,0,0,0
1.364523250,0,0,1,1,1,1
1.364552292,0,0,1,0,0,0
1.364721542,0,0,1,1,1,1
1.364750583,0,0,1,0,0,0
1.364919792,0,0,1,1,1,1
1.364948833,0,0,1,0,0,0
1.365118083,0,0,1,1,1,1
1.365147125,0,0,1,0,0,0
1.365316333,0,0,1,1,1,1
1.365345375,0,0,1,0,0,0
1.365514625,0,0,1,1,1,1
1.365543625,0,0,1,0,0,0
1.365712833,0,0,1,1,1,1
1.365741875,0,0,1,0,0,0
1.365911083,0,0,1,1,1,1
1.365940125,0,0,1,0,0,0
1.366109375,0,0,1,1,1,1
1.366138417,0,0,1,0,0,0
1.366307625,0,0,1,1,1,1
1.366336667,0,0,1,0,0,0
1.366505917,0,0,1,1,1,1
1.366534958,0,0,1,0,0,0
1.366704167,0,0,1,1,1,1
1.366733208,0,0,1,0,0,0
1.366902458,0,0,1,1,1,1
1.366931500,0,0,1,0,0,0
1.367100750,0,0,1,1,1,1
1.367129833,0,0,1,0,0,0
1.367299083,0,0,1,1,1,1
1.367328167,0,0,1,0,0,0
1.367497417,0,0,1,1,1,1
1.367526458,0,0,1,0,0,0
1.367695750,0,0,1,1,1,1
1.367724750,0,0,1,0,0,0
1.367894042,0,0,1,1,1,1
1.367923083,0,0,1,0,0,0
1.368092375,0,0,1,1,1,1
1.368121417,0,0,1,0,0,0
1.368290625,0,0,1,1,1,1
1.368319667,0,0,1,0,0,0
1.368488917,0,0,1,1,1,1
1.368517917,0,0,1,0,0,0
1.368687125,0,0,1,1,1,1
1.368716167,0,0,1,0,0,0
1.368885375,0,0,1,1,1,1
1.368914417,0,0,1,0,0,0
1.369083625,0,0,1,1,1,1
1.369112667,0,0,1,0,0,0
1.369281875,0,0,1,1,1,1
1.369310917,0,0,1,0,0,0
1.369480125,0,0,1,1,1,1
1.369509167,0,0,1,0,0,0
1.369678375,0,0,1,0,1,1
1.369678417,0,0,1,1,1,1
1.369707417,0,0,1,0,0,0
1.369876583,0,0,1,1,1,1
1.369905625,0,0,1,0,0,0
1.370074792,0,0,1,1,1,1
1.370103833,0,0,1,0,0,0
1.370273000,0,0,1,1,1,1
1.370302042,0,0,1,0,0,0
1.370471250,0,0,1,1,1,1
1.370500250,0,0,1,0,0,0
1.370669458,0,0,1,1,1,1
1.370698500,0,0,1,0,0,0
1.370867667,0,0,1,1,1,1
1.370896708,0,0,1,0,0,0
1.371065875,0,0,1,1,1,1
1.371094917,0,0,1,0,0,0
1.371264125,0,0,1,1,1,1
1.371293167,0,0,1,0,0,0
1.371462417,0,0,1,1,1,1
1.371491417,0,0,1,0,0,0
1.371660625,0,0,1,1,1,1
1.371689667,0,0,1,0,0,0
1.371858833,0,0,1,1,1,1
1.371887875,0,0,1,0,0,0
1.372057083,0,0,1,1,1,1
1.372086125,0,0,1,0,0,0
1.372255333,0,0,1,1,1,1
1.372284375,0,0,1,0,0,0
1.372453583,0,0,1,1,1,1
1.372482625,0,0,1,0,0,0
1.372651875,0,0,1,1,1,1
1.372680917,0,0,1,0,0,0
1.372850167,0,0,1,1,1,1
1.372879250,0,0,1,0,0,0
1.373048458,0,0,1,1,1,1
1.373077500,0,0,1,0,0,0
1.373246792,0,0,1,1,1,1
1.373275833,0,0,1,0,0,0
1.373445083,0,0,1,1,1,1
1.373474125,0,0,1,0,0,0
1.373643375,0,0,1,1,1,1
1.373672417,0,0,1,0,0,0
1.373841667,0,0,1,1,1,1
1.373870708,0,0,1,0,0,0
1.374039958,0,0,1,1,1,1
1.374069000,0,0,1,0,0,0
1.374238250,0,0,1,1,1,1
1.374267333,0,0,1,0,0,0
1.374436542,0,0,1,1,1,1
1.374465583,0,0,1,0,0,0
1.374634833,0,0,1,1,1,1
1.374663875,0,0,1,0,0,0
1.374833083,0,0,1,1,1,1
1.374862125,0,0,1,0,0,0
1.375031375,0,0,1,1,1,1
1.375060417,0,0,1,0,0,0
1.375229667,0,0,1,1,1,1
1.375258708,0,0,1,0,0,0
1.375427958,0,0,1,1,1,1
1.375457000,0,0,1,0,0,0
1.375626250,0,0,1,1,1,1
1.375655333,0,0,1,0,0,0
1.375824583,0,0,1,1,1,1
1.375853625,0,0,1,0,0,0
1.376022917,0,0,1,1,1,1
1.376051958,0,0,1,0,0,0
1.376221250,0,0,1,1,1,1
1.376250333,0,0,1,0,0,0
1.376419625,0,0,1,1,1,1
1.376448667,0,0,1,0,0,0
1.376617958,0,0,1,1,1,1
1.376647000,0,0,1,0,0,0
1.376816250,0,0,1,1,1,1
1.376845292,0,0,1,0,0,0
1.377014542,0,0,1,1,1,1
1.377043583,0,0,1,0,0,0
1.377212833,0,0,1,1,1,1
1.377241917,0,0,1,0,0,0
1.377411167,0,0,1,1,1,1
1.377440208,0,0,1,0,0,0
1.377609458,0,0,1,1,1,1
1.377638500,0,0,1,0,0,0
1.377807792,0,0,1,1,1,1
1.377836833,0,0,1,0,0,0
1.378006083,0,0,1,1,1,1
1.378035125,0,0,1,0,0,0
1.378204375,0,0,1,1,1,1
1.378233417,0,0,1,0,0,0
1.378402625,0,0,1,1,1,1
1.378431625,0,0,1,1,0,1
1.378431667,0,0,1,0,0,0
1.378600833,0,0,1,1,1,1
1.378629875,0,0,1,0,0,0
1.378799083,0,0,1,1,1,1
1.378828083,0,0,1,0,0,0
1.378997292,0,0,1,1,1,1
1.379026333,0,0,1,0,0,0
1.379195542,0,0,1,1,1,1
1.379224583,0,0,1,0,0,0
1.379393792,0,0,1,1,1,1
1.379422833,0,0,1,0,0,0
1.379592000,0,0,1,1,1,1
1.379621042,0,0,1,0,0,0
1.379790250,0,0,1,1,1,1
1.379819292,0,0,1,0,0,0
1.379988500,0,0,1,1,1,1
1.380017542,0,0,1,0,0,0
1.380186792,0,0,1,1,1,1
1.380215833,0,0,1,0,0,0
1.380385083,0,0,1,1,1,1
1.380414125,0,0,1,0,0,0
1.380583333,0,0,1,1,1,1
1.380612375,0,0,1,0,0,0
1.380781583,0,0,1,1,1,1
1.380810625,0,0,1,0,0,0
1.380979833,0,0,1,1,1,1
1.381008875,0,0,1,0,0,0
1.381178083,0,0,1,1,1,1
1.381207125,0,0,1,0,0,0
1.381376375,0,0,1,1,1,1
1.381405375,0,0,1,0,0,0
1.381574625,0,0,1,1,1,1
1.381603667,0,0,1,0,0,0
1.381772875,0,0,1,1,1,1
1.381801917,0,0,1,0,0,0
1.381971167,0,0,1,1,1,1
1.382000208,0,0,1,0,0,0
1.382169375,0,0,1,1,1,1
1.382198417,0,0,1,0,0,0
1.382367583,0,0,1,1,1,1
1.382396625,0,0,1,0,0,0
1.382565792,0,0,1,1,1,1
1.382594833,0,0,1,0,0,0
1.382764042,0,0,1,1,1,1
1.382793083,0,0,1,0,0,0
1.382962292,0,0,1,1,1,1
1.382991333,0,0,1,0,0,0
1.383160542,0,0,1,1,1,1
1.383189583,0,0,1,0,0,0
1.383358792,0,0,1,1,1,1
1.383387833,0,0,1,0,0,0
1.383557042,0,0,1,1,1,1
1.383586042,0,0,1,0,0,0
1.383755250,0,0,1,1,1,1
1.383784292,0,0,1,0,0,0
1.383953458,0,0,1,1,1,1
1.383982458,0,0,1,1,0,1
1.383982500,0,0,1,0,0,0
1.384151667,0,0,1,1,1,1
1.384180708,0,0,1,0,0,0
1.384349875,0,0,1,1,1,1
1.384378917,0,0,1,0,0,0
1.384548125,0,0,1,1,1,1
1.384577167,0,0,1,0,0,0
1.384746333,0,0,1,1,1,1
1.384775375,0,0,1,0,0,0
1.384944542,0,0,1,1,1,1
1.384973583,0,0,1,0,0,0
1.385142750,0,0,1,1,1,1
1.385171792,0,0,1,0,0,0
1.385340958,0,0,1,1,1,1
1.385370000,0,0,1,0,0,0
1.385539167,0,0,1,1,1,1
1.385568208,0,0,1,0,0,0
1.385737417,0,0,1,1,1,1
1.385766458,0,0,1,0,0,0
1.385935625,0,0,1,1,1,1
1.385964667,0,0,1,0,0,0
1.386133833,0,0,1,1,1,1
1.386162875,0,0,1,0,0,0
1.386332125,0,0,1,1,1,1
1.386361167,0,0,1,0,0,0
1.386530333,0,0,1,1,1,1
1.386559375,0,0,1,0,0,0
1.386728542,0,0,1,1,1,1
1.386757583,0,0,1,0,0,0
1.386926750,0,0,1,1,1,1
1.386955750,0,0,1,0,0,0
1.387124958,0,0,1,1,1,1
1.387154000,0,0,1,0,0,0
1.387323167,0,0,1,1,1,1
1.387352167,0,0,1,1,0,0
1.387352208,0,0,1,0,0,0
1.387521375,0,0,1,1,1,1
1.387550417,0,0,1,0,0,0
1.387719625,0,0,1,1,1,1
1.387748667,0,0,1,0,0,0
1.387917875,0,0,1,1,1,1
1.387946917,0,0,1,0,0,0
1.388116167,0,0,1,1,1,1
1.388145208,0,0,1,0,0,0
1.388314417,0,0,1,1,1,1
1.388343417,0,0,1,1,0,0
1.388343458,0,0,1,0,0,0
1.388512625,0,0,1,1,1,1
1.388541667,0,0,1,0,0,0
1.388710792,0,0,1,1,1,1
1.388739833,0,0,1,0,0,0
1.388909000,0,0,1,1,1,1
1.388938042,0,0,1,0,0,0
1.389107208,0,0,1,1,1,1
1.389136250,0,0,1,0,0,0
1.389305417,0,0,1,1,1,1
1.389334417,0,0,1,0,0,0
1.389503625,0,0,1,1,1,1
1.389532667,0,0,1,0,0,0
1.389701833,0,0,1,1,1,1
1.389730875,0,0,1,0,0,0
1.389900000,0,0,1,1,1,1
1.389929042,0,0,1,0,0,0
1.390098208,0,0,1,1,1,1
1.390127208,0,0,1,1,0,0
1.390127250,0,0,1,0,0,0
1.390296417,0,0,1,1,1,1
1.390325417,0,0,1,0,0,0
1.390494625,0,0,1,1,1,1
1.390523667,0,0,1,0,0,0
1.390692917,0,0,1,1,1,1
1.390721958,0,0,1,0,0,0
1.390891208,0,0,1,1,1,1
1.390920250,0,0,1,0,0,0
1.391089417,0,0,1,1,1,1
1.391118458,0,0,1,0,0,0
1.391287667,0,0,1,1,1,1
1.391316708,0,0,1,0,0,0
1.391485917,0,0,1,1,1,1
1.391514958,0,0,1,0,0,0
1.391684125,0,0,1,1,1,1
1.391713167,0,0,1,0,0,0
1.391882333,0,0,1,1,1,1
1.391911333,0,0,1,0,0,0
1.392080542,0,0,1,1,1,1
1.392109542,0,0,1,0,0,0
1.392278708,0,0,1,1,1,1
1.392307750,0,0,1,0,0,0
1.392476917,0,0,1,1,1,1
1.392505958,0,0,1,0,0,0
1.392675167,0,0,1,1,1,1
1.392704208,0,0,1,0,0,0
1.392873375,0,0,1,1,1,1
1.392902417,0,0,1,0,0,0
1.393071583,0,0,1,1,1,1
1.393100625,0,0,1,0,0,0
1.393269833,0,0,1,1,1,1
1.393298833,0,0,1,0,0,0
1.393468042,0,0,1,1,1,1
1.393497083,0,0,1,0,0,0
1.393666292,0,0,1,1,1,1
1.393695333,0,0,1,0,0,0
1.393864542,0,0,1,1,1,1
1.393893583,0,0,1,0,0,0
1.394062792,0,0,1,1,1,1
1.394091833,0,0,1,0,0,0
1.394261042,0,0,1,0,1,1
1.394261083,0,0,1,1,1,1
1.394290125,0,0,1,0,0,0
1.394459333,0,0,1,1,1,1
1.394488375,0,0,1,0,0,0
1.394657583,0,0,1,1,1,1
1.394686625,0,0,1,0,0,0
1.394855875,0,0,1,1,1,1
1.394884875,0,0,1,0,0,0
1.395054125,0,0,1,1,1,1
1.395083167,0,0,1,0,0,0
1.395252375,0,0,1,1,1,1
1.395281417,0,0,1,0,0,0
1.395450667,0,0,1,1,1,1
1.395479708,0,0,1,0,0,0
1.395648917,0,0,1,1,1,1
1.395677958,0,0,1,0,0,0
1.395847208,0,0,1,1,1,1
1.395876250,0,0,1,0,0,0
1.396045500,0,0,1,1,1,1
1.396074542,0,0,1,0,0,0
1.396243792,0,0,1,1,1,1
1.396272792,0,0,1,0,0,0
1.396442042,0,0,1,1,1,1
1.396471083,0,0,1,0,0,0
1.396640292,0,0,1,1,1,1
1.396669333,0,0,1,0,0,0
1.396838583,0,0,1,1,1,1
1.396867625,0,0,1,0,0,0
1.397036792,0,0,1,1,1,1
1.397065833,0,0,1,0,0,0
1.397235083,0,0,1,1,1,1
1.397264125,0,0,1,0,0,0
1.397433333,0,0,1,1,1,1
1.397462375,0,0,1,0,0,0
1.397631583,0,0,1,1,1,1
1.397660625,0,0,1,0,0,0
1.397829833,0,0,1,1,1,1
1.397858875,0,0,1,0,0,0
1.398028083,0,0,1,1,1,1
1.398057125,0,0,1,0,0,0
1.398226375,0,0,1,1,1,1
1.398255417,0,0,1,0,0,0
1.398424625,0,0,1,1,1,1
1.398453667,0,0,1,0,0,0
1.398622875,0,0,1,1,1,1
1.398651917,0,0,1,0,0,0
1.398821125,0,0,1,1,1,1
1.398850167,0,0,1,0,0,0
1.399019375,0,0,1,1,1,1
1.399048417,0,0,1,0,0,0
1.399217625,0,0,1,1,1,1
1.399246667,0,0,1,0,0,0
1.399415875,0,0,1,1,1,1
1.399444958,0,0,1,0,0,0
1.399614167,0,0,1,1,1,1
1.399643208,0,0,1,0,0,0
1.399812458,0,0,1,1,1,1
1.399841500,0,0,1,0,0,0
1.400010792,0,0,1,1,1,1
1.400039875,0,0,1,0,0,0
1.400209125,0,0,1,1,1,1
1.400238167,0,0,1,0,0,0
1.400407417,0,0,1,1,1,1
1.400436458,0,0,1,0,0,0
1.400605667,0,0,1,1,1,1
1.400634708,0,0,1,0,0,0
1.400803917,0,0,1,1,1,1
1.400832958,0,0,1,0,0,0
1.401002167,0,0,1,1,1,1
1.401031208,0,0,1,0,0,0
1.401200417,0,0,1,1,1,1
1.401229458,0,0,1,0,0,0
1.401398667,0,0,1,1,1,1
1.401427750,0,0,1,0,0,0
1.401597000,0,0,1,1,1,1
1.401626042,0,0,1,0,0,0
1.401795250,0,0,1,1,1,1
1.401824292,0,0,1,0,0,0
1.401993500,0,0,1,1,1,1
1.402022542,0,0,1,0,0,0
1.402191750,0,0,1,1,1,1
1.402220792,0,0,1,0,0,0
1.402389958,0,0,1,1,1,1
1.402419000,0,0,1,0,0,0
1.402588250,0,0,1,1,1,1
1.402617292,0,0,1,0,0,0
1.402786500,0,0,1,1,1,1
1.402815542,0,0,1,0,0,0
1.402984750,0,0,1,1,1,1
1.403013792,0,0,1,0,0,0
1.403183000,0,0,1,1,1,1
1.403212042,0,0,1,0,0,0
1.403381292,0,0,1,1,1,1
1.403410333,0,0,1,0,0,0
1.403579583,0,0,1,1,1,1
1.403608625,0,0,1,0,0,0
1.403777875,0,0,1,1,1,1
1.403806917,0,0,1,0,0,0
1.403976167,0,0,1,1,1,1
1.404005208,0,0,1,0,0,0
1.404174417,0,0,1,1,1,1
1.404203458,0,0,1,0,0,0
1.404372667,0,0,1,1,1,1
1.404401708,0,0,1,0,0,0
1.404570917,0,0,1,1,1,1
1.404599958,0,0,1,0,0,0
1.404769167,0,0,1,1,1,1
1.404798208,0,0,1,0,0,0
1.404967417,0,0,1,1,1,1
1.404996458,0,0,1,1,0,1
1.404996500,0,0,1,0,0,0
1.405165708,0,0,1,1,1,1
1.405194750,0,0,1,0,0,0
1.405363958,0,0,1,1,1,1
1.405393000,0,0,1,0,0,0
1.405562208,0,0,1,1,1,1
1.405591250,0,0,1,0,0,0
1.405760458,0,0,1,1,1,1
1.405789500,0,0,1,0,0,0
1.405958708,0,0,1,1,1,1
1.405987750,0,0,1,0,0,0
1.406156958,0,0,1,1,1,1
1.406186000,0,0,1,0,0,0
1.406355208,0,0,1,1,1,1
1.406384250,0,0,1,0,0,0
1.406553417,0,0,1,1,1,1
1.406582458,0,0,1,0,0,0
1.406751667,0,0,1,1,1,1
1.406780708,0,0,1,0,0,0
1.406949875,0,0,1,1,1,1
1.406978917,0,0,1,0,0,0
1.407148125,0,0,1,1,1,1
1.407177167,0,0,1,0,0,0
1.407346375,0,0,1,1,1,1
1.407375375,0,0,1,0,0,0
1.407544583,0,0,1,1,1,1
1.407573625,0,0,1,0,0,0
1.407742792,0,0,1,1,1,1
1.407771833,0,0,1,0,0,0
1.407941042,0,0,1,1,1,1
1.407970083,0,0,1,0,0,0
1.408139292,0,0,1,1,1,1
1.408168333,0,0,1,0,0,0
1.408337583,0,0,1,1,1,1
1.408366625,0,0,1,0,0,0
1.408535875,0,0,1,1,1,1
1.408564917,0,0,1,0,0,0
1.408734125,0,0,1,1,1,1
1.408763167,0,0,1,0,0,0
1.408932375,0,0,1,1,1,1
1.408961417,0,0,1,0,0,0
1.409130625,0,0,1,1,1,1
1.409159625,0,0,1,1,0,1
1.409159667,0,0,1,0,0,0
1.409328875,0,0,1,1,1,1
1.409357875,0,0,1,0,0,0
1.409527083,0,0,1,1,1,1
1.409556125,0,0,1,0,0,0
1.409725375,0,0,1,1,1,1
1.409754417,0,0,1,0,0,0
1.409923625,0,0,1,1,1,1
1.409952667,0,0,1,0,0,0
1.410121917,0,0,1,1,1,1
1.410150958,0,0,1,0,0,0
1.410320167,0,0,1,1,1,1
1.410349208,0,0,1,0,0,0
1.410518417,0,0,1,1,1,1
1.410547458,0,0,1,0,0,0
1.410716667,0,0,1,1,1,1
1.410745708,0,0,1,0,0,0
1.410914917,0,0,1,1,1,1
1.410943958,0,0,1,0,0,0
1.411113167,0,0,1,1,1,1
1.411142208,0,0,1,0,0,0
1.411311417,0,0,1,1,1,1
1.411340458,0,0,1,0,0,0
1.411509708,0,0,1,1,1,1
1.411538750,0,0,1,0,0,0
1.411708042,0,0,1,1,1,1
1.411737083,0,0,1,0,0,0
1.411906333,0,0,1,1,1,1
1.411935417,0,0,1,0,0,0
1.412104667,0,0,1,1,1,1
1.412133708,0,0,1,0,0,0
1.412302958,0,0,1,1,1,1
1.412332000,0,0,1,0,0,0
1.412501292,0,0,1,1,1,1
1.412530333,0,0,1,0,0,0
1.412699583,0,0,1,1,1,1
1.412728625,0,0,1,0,0,0
1.412897917,0,0,1,1,1,1
1.412926958,0,0,1,0,0,0
1.413096208,0,0,1,1,1,1
1.413125250,0,0,1,0,0,0
1.413294500,0,0,1,1,1,1
1.413323583,0,0,1,0,0,0
1.413492875,0,0,1,1,1,1
1.413521917,0,0,1,0,0,0
1.413691250,0,0,1,1,1,1
1.413720292,0,0,1,0,0,0
1.413889583,0,0,1,1,1,1
1.413918625,0,0,1,0,0,0
1.414087917,0,0,1,1,1,1
1.414116958,0,0,1,0,0,0
1.414286208,0,0,1,1,1,1
1.414315250,0,0,1,0,0,0
1.414484500,0,0,1,1,1,1
1.414513542,0,0,1,0,0,0
1.414682792,0,0,1,1,1,1
1.414711833,0,0,1,0,0,0
1.414881042,0,0,1,0,1,1
1.414881083,0,0,1,1,1,1
1.414910083,0,0,1,0,0,0
1.415079333,0,0,1,1,1,1
1.415108375,0,0,1,0,0,0
1.415277667,0,0,1,1,1,1
1.415306708,0,0,1,0,0,0
1.415476000,0,0,1,1,1,1
1.415505083,0,0,1,0,0,0
1.415674375,0,0,1,1,1,1
1.415703458,0,0,1,0,0,0
1.415872750,0,0,1,1,1,1
1.415901833,0,0,1,0,0,0
1.416071125,0,0,1,1,1,1
1.416100208,0,0,1,0,0,0
1.416269500,0,0,1,1,1,1
1.416298542,0,0,1,0,0,0
1.416467875,0,0,1,1,1,1
1.416496917,0,0,1,0,0,0
1.416666208,0,0,1,1,1,1
1.416695250,0,0,1,0,0,0
1.416864542,0,0,1,1,1,1
1.416893583,0,0,1,0,0,0
1.417062833,0,0,1,1,1,1
1.417091875,0,0,1,0,0,0
1.417261125,0,0,1,1,1,1
1.417290167,0,0,1,0,0,0
1.417459375,0,0,1,1,1,1
1.417488417,0,0,1,0,0,0
1.417657625,0,0,1,1,1,1
1.417686667,0,0,1,0,0,0
1.417855833,0,0,1,1,1,1
1.417884875,0,0,1,0,0,0
1.418054125,0,0,1,1,1,1
1.418083167,0,0,1,0,0,0
1.418252417,0,0,1,1,1,1
1.418281458,0,0,1,0,0,0
1.418450708,0,0,1,1,1,1
1.418479750,0,0,1,0,0,0
1.418649000,0,0,1,1,1,1
1.418678042,0,0,1,0,0,0
1.418847333,0,0,1,1,1,1
1.418876417,0,0,1,0,0,0
1.419045667,0,0,1,1,1,1
1.419074708,0,0,1,0,0,0
1.419244000,0,0,1,1,1,1
1.419273042,0,0,1,0,0,0
1.419442250,0,0,1,1,1,1
1.419471292,0,0,1,0,0,0
1.419640542,0,0,1,1,1,1
1.419669583,0,0,1,0,0,0
1.419838792,0,0,1,1,1,1
1.419867833,0,0,1,0,0,0
1.420037042,0,0,1,1,1,1
1.420066083,0,0,1,0,0,0
1.420235292,0,0,1,1,1,1
1.420264333,0,0,1,0,0,0
1.420433583,0,0,1,1,1,1
1.420462625,0,0,1,0,0,0
1.420631833,0,0,1,1,1,1
1.420660875,0,0,1,0,0,0
1.420830125,0,0,1,1,1,1
1.420859167,0,0,1,0,0,0
1.421028417,0,0,1,1,1,1
1.421057458,0,0,1,0,0,0
1.421226708,0,0,1,1,1,1
1.421255750,0,0,1,0,0,0
1.421424958,0,0,1,1,1,1
1.421454000,0,0,1,0,0,0
1.421623250,0,0,1,1,1,1
1.421652333,0,0,1,0,0,0
1.421821583,0,0,1,1,1,1
1.421850625,0,0,1,0,0,0
1.422019917,0,0,1,1,1,1
1.422048958,0,0,1,0,0,0
1.422218208,0,0,1,1,1,1
1.422247250,0,0,1,0,0,0
1.422416500,0,0,1,1,1,1
1.422445542,0,0,1,1,0,1
1.422445583,0,0,1,0,0,0
1.422614833,0,0,1,1,1,1
1.422643875,0,0,1,0,0,0
1.422813125,0,0,1,1,1,1
1.422842208,0,0,1,0,0,0
1.423011458,0,0,1,1,1,1
1.423040500,0,0,1,0,0,0
1.423209792,0,0,1,1,1,1
1.423238833,0,0,1,0,0,0
1.423408125,0,0,1,1,1,1
1.423437167,0,0,1,0,0,0
1.423606417,0,0,1,1,1,1
1.423635458,0,0,1,0,0,0
1.423804750,0,0,1,1,1,1
1.423833792,0,0,1,0,0,0
1.424003083,0,0,1,1,1,1
1.424032125,0,0,1,0,0,0
1.424201417,0,0,1,1,1,1
1.424230458,0,0,1,0,0,0
1.424399708,0,0,1,1,1,1
1.424428792,0,0,1,0,0,0
1.424598042,0,0,1,1,1,1
1.424627083,0,0,1,0,0,0
1.424796333,0,0,1,1,1,1
1.424825375,0,0,1,0,0,0
1.424994667,0,0,1,1,1,1
1.425023708,0,0,1,0,0,0
1.425193000,0,0,1,1,1,1
1.425222042,0,0,1,0,0,0
1.425391292,0,0,1,1,1,1
1.425420333,0,0,1,0,0,0
1.425589542,0,0,1,1,1,1
1.425618583,0,0,1,0,0,0
1.425787792,0,0,1,0,1,0
1.425787833,0,0,1,1,1,1
1.425816833,0,0,1,0,0,0
1.425986083,0,0,1,1,1,1
1.426015125,0,0,1,0,0,0
1.426184375,0,0,1,1,1,1
1.426213417,0,0,1,0,0,0
1.426382625,0,0,1,1,1,1
1.426411667,0,0,1,0,0,0
1.426580875,0,0,1,1,1,1
1.426609917,0,0,1,0,0,0
1.426779167,0,0,1,1,1,1
1.426808250,0,0,1,0,0,0
1.426977458,0,0,1,1,1,1
1.427006500,0,0,1,0,0,0
1.427175750,0,0,1,1,1,1
1.427204792,0,0,1,0,0,0
1.427374000,0,0,1,1,1,1
1.427403042,0,0,1,0,0,0
1.427572250,0,0,1,1,1,1
1.427601292,0,0,1,0,0,0
1.427770500,0,0,1,1,1,1
1.427799542,0,0,1,0,0,0
1.427968750,0,0,1,1,1,1
1.427997792,0,0,1,0,0,0
1.428167042,0,0,1,0,1,1
1.428167083,0,0,1,1,1,1
1.428196083,0,0,1,0,0,0
1.428365333,0,0,1,1,1,1
1.428394375,0,0,1,0,0,0
1.428563583,0,0,1,1,1,1
1.428592625,0,0,1,0,0,0
1.428761875,0,0,1,1,1,1
1.428790917,0,0,1,0,0,0
1.428960125,0,0,1,0,1,0
1.428960167,0,0,1,1,1,1
1.428989167,0,0,1,1,0,0
1.428989208,0,0,1,0,0,0
1.429158417,0,0,1,1,1,1
1.429187458,0,0,1,0,0,0
1.429356708,0,0,1,1,1,1
1.429385750,0,0,1,0,0,0
1.429554958,0,0,1,1,1,1
1.429584000,0,0,1,0,0,0
1.429753208,0,0,1,1,1,1
1.429782250,0,0,1,0,0,0
1.429951458,0,0,1,1,1,1
1.429980500,0,0,1,0,0,0
1.430149708,0,0,1,1,1,1
1.430178792,0,0,1,0,0,0
1.430348000,0,0,1,1,1,1
1.430377042,0,0,1,0,0,0
1.430546250,0,0,1,1,1,1
1.430575292,0,0,1,0,0,0
1.430744458,0,0,1,1,1,1
1.430773500,0,0,1,0,0,0
1.430942708,0,0,1,1,1,1
1.430971750,0,0,1,0,0,0
1.431141000,0,0,1,1,1,1
1.431170042,0,0,1,0,0,0
1.431339292,0,0,1,1,1,1
1.431368333,0,0,1,0,0,0
1.431537542,0,0,1,1,1,1
1.431566583,0,0,1,0,0,0
1.431735833,0,0,1,1,1,1
1.431764875,0,0,1,0,0,0
1.431934083,0,0,1,1,1,1
1.431963125,0,0,1,0,0,0
1.432132333,0,0,1,1,1,1
1.432161375,0,0,1,0,0,0
1.432330542,0,0,1,1,1,1
1.432359583,0,0,1,0,0,0
1.432528750,0,0,1,1,1,1
1.432557792,0,0,1,0,0,0
1.432727000,0,0,1,1,1,1
1.432756042,0,0,1,0,0,0
1.432925208,0,0,1,1,1,1
1.432954250,0,0,1,0,0,0
1.433123417,0,0,1,1,1,1
1.433152458,0,0,1,0,0,0
1.433321625,0,0,1,1,1,1
1.433350667,0,0,1,0,0,0
1.433519833,0,0,1,1,1,1
1.433548875,0,0,1,0,0,0
1.433718042,0,0,1,1,1,1
1.433747083,0,0,1,0,0,0
1.433916250,0,0,1,1,1,1
1.433945292,0,0,1,0,0,0
1.434114500,0,0,1,1,1,1
1.434143542,0,0,1,0,0,0
1.434312750,0,0,1,1,1,1
1.434341833,0,0,1,0,0,0
1.434511042,0,0,1,1,1,1
1.434540083,0,0,1,0,0,0
1.434709333,0,0,1,1,1,1
1.434738375,0,0,1,0,0,0
1.434907583,0,0,1,1,1,1
1.434936583,0,0,1,0,0,0
1.435105833,0,0,1,1,1,1
1.435134875,0,0,1,0,0,0
1.435304125,0,0,1,1,1,1
1.435333167,0,0,1,0,0,0
1.435502417,0,0,1,1,1,1
1.435531458,0,0,1,0,0,0
1.435700708,0,0,1,1,1,1
1.435729750,0,0,1,0,0,0
1.435899042,0,0,1,1,1,1
1.435928083,0,0,1,0,0,0
1.436097333,0,0,1,1,1,1
1.436126375,0,0,1,0,0,0
1.436295625,0,0,1,1,1,1
1.436324667,0,0,1,0,0,0
1.436493958,0,0,1,1,1,1
1.436523000,0,0,1,0,0,0
1.436692208,0,0,1,1,1,1
1.436721208,0,0,1,0,0,0
1.436890417,0,0,1,1,1,1
1.436919458,0,0,1,0,0,0
1.437088667,0,0,1,1,1,1
1.437117708,0,0,1,0,0,0
1.437286917,0,0,1,1,1,1
1.437315958,0,0,1,0,0,0
1.437485167,0,0,1,1,1,1
1.437514167,0,0,1,0,0,0
1.437683375,0,0,1,1,1,1
1.437712417,0,0,1,0,0,0
1.437881667,0,0,1,1,1,1
1.437910708,0,0,1,0,0,0
1.438079917,0,0,1,1,1,1
1.438108958,0,0,1,0,0,0
1.438278125,0,0,1,1,1,1
1.438307167,0,0,1,0,0,0
1.438476375,0,0,1,1,1,1
1.438505417,0,0,1,0,0,0
1.438674625,0,0,1,1,1,1
1.438703667,0,0,1,0,0,0
1.438872875,0,0,1,1,1,1
1.438901917,0,0,1,0,0,0
1.439071125,0,0,1,1,1,1
1.439100167,0,0,1,0,0,0
1.439269333,0,0,1,1,1,1
1.439298375,0,0,1,0,0,0
1.439467583,0,0,1,1,1,1
1.439496625,0,0,1,0,0,0
1.439665792,0,0,1,1,1,1
1.439694833,0,0,1,0,0,0
1.439863958,0,0,1,1,1,1
1.439893000,0,0,1,0,0,0
1.440062250,0,0,1,1,1,1
1.440091292,0,0,1,0,0,0
1.440260542,0,0,1,1,1,1
1.440289583,0,0,1,0,0,0
1.440458833,0,0,1,1,1,1
1.440487875,0,0,1,0,0,0
1.440657125,0,0,1,1,1,1
1.440686167,0,0,1,0,0,0
1.440855417,0,0,1,1,1,1
1.440884458,0,0,1,0,0,0
1.441053667,0,0,1,1,1,1
1.441082708,0,0,1,0,0,0
1.441251917,0,0,1,1,1,1
1.441280958,0,0,1,0,0,0
1.441450167,0,0,1,1,1,1
1.441479208,0,0,1,0,0,0
1.441648417,0,0,1,1,1,1
1.441677458,0,0,1,0,0,0
1.441846667,0,0,1,1,1,1
1.441875708,0,0,1,0,0,0
1.442044917,0,0,1,1,1,1
1.442073958,0,0,1,0,0,0
1.442243125,0,0,1,1,1,1
1.442272167,0,0,1,0,0,0
1.442441417,0,0,1,1,1,1
1.442470458,0,0,1,0,0,0
1.442639708,0,0,1,1,1,1
1.442668750,0,0,1,0,0,0
1.442838000,0,0,1,1,1,1
1.442867042,0,0,1,0,0,0
1.443036292,0,0,1,1,1,1
1.443065333,0,0,1,0,0,0
1.443234583,0,0,1,1,1,1
1.443263625,0,0,1,0,0,0
1.443432917,0,0,1,1,1,1
1.443461958,0,0,1,0,0,0
1.443631208,0,0,1,1,1,1
1.443660250,0,0,1,0,0,0
1.443829500,0,0,1,1,1,1
1.443858542,0,0,1,0,0,0
1.444027750,0,0,1,1,1,1
1.444056792,0,0,1,0,0,0
1.444226000,0,0,1,1,1,1
1.444255042,0,0,1,0,0,0
1.444424250,0,0,1,1,1,1
1.444453292,0,0,1,0,0,0
1.444622542,0,0,1,1,1,1
1.444651583,0,0,1,0,0,0
1.444820833,0,0,1,1,1,1
1.444849875,0,0,1,0,0,0
1.445019083,0,0,1,1,1,1
1.445048125,0,0,1,0,0,0
1.445217333,0,0,1,1,1,1
1.445246375,0,0,1,0,0,0
1.445415583,0,0,1,1,1,1
1.445444583,0,0,1,0,0,0
1.445613833,0,0,1,1,1,1
1.445642875,0,0,1,0,0,0
1.445812083,0,0,1,1,1,1
1.445841125,0,0,1,0,0,0
1.446010417,0,0,1,1,1,1
1.446039458,0,0,1,0,0,0
1.446208708,0,0,1,1,1,1
1.446237792,0,0,1,0,0,0
1.446407042,0,0,1,1,1,1
1.446436083,0,0,1,0,0,0
1.446605333,0,0,1,1,1,1
1.446634375,0,0,1,0,0,0
1.446803625,0,0,1,1,1,1
1.446832667,0,0,1,0,0,0
1.447001917,0,0,1,1,1,1
1.447030958,0,0,1,0,0,0
1.447200167,0,0,1,1,1,1
1.447229208,0,0,1,0,0,0
1.447398375,0,0,1,1,1,1
1.447427417,0,0,1,0,0,0
1.447596625,0,0,1,1,1,1
1.447625667,0,0,1,0,0,0
1.447794917,0,0,1,1,1,1
1.447823958,0,0,1,0,0,0
1.447993208,0,0,1,1,1,1
1.448022250,0,0,1,0,0,0
1.448191500,0,0,1,1,1,1
1.448220542,0,0,1,0,0,0
1.448389792,0,0,1,1,1,1
1.448418833,0,0,1,0,0,0
1.448588167,0,0,1,1,1,1
1.448617208,0,0,1,0,0,0
1.448786500,0,0,1,1,1,1
1.448815542,0,0,1,0,0,0
1.448984792,0,0,1,1,1,1
1.449013875,0,0,1,0,0,0
1.449183125,0,0,1,1,1,1
1.449212167,0,0,1,0,0,0
1.449381458,0,0,1,1,1,1
1.449410500,0,0,1,0,0,0
1.449579750,0,0,1,1,1,1
1.449608792,0,0,1,0,0,0
1.449778000,0,0,1,1,1,1
1.449807042,0,0,1,0,0,0
1.449976250,0,0,1,1,1,1
1.450005292,0,0,1,0,0,0
1.450174500,0,0,1,1,1,1
1.450203500,0,0,1,0,0,0
1.450372708,0,0,1,1,1,1
1.450401750,0,0,1,0,0,0
1.450570958,0,0,1,1,1,1
1.450600000,0,0,1,0,0,0
1.450769208,0,0,1,1,1,1
1.450798250,0,0,1,0,0,0
1.450967458,0,0,1,1,1,1
1.450996500,0,0,1,0,0,0
1.451165708,0,0,1,1,1,1
1.451194750,0,0,1,0,0,0
1.451363958,0,0,1,1,1,1
1.451393000,0,0,1,0,0,0
1.451562167,0,0,1,1,1,1
1.451591208,0,0,1,0,0,0
1.451760417,0,0,1,1,1,1
1.451789458,0,0,1,0,0,0
1.451958625,0,0,1,1,1,1
1.451987667,0,0,1,0,0,0
1.452156875,0,0,1,1,1,1
1.452185917,0,0,1,0,0,0
1.452355125,0,0,1,1,1,1
1.452384167,0,0,1,0,0,0
1.452553333,0,0,1,1,1,1
1.452582375,0,0,1,0,0,0
1.452751583,0,0,1,1,1,1
1.452780625,0,0,1,0,0,0
1.452949833,0,0,1,1,1,1
1.452978875,0,0,1,0,0,0
1.453148083,0,0,1,1,1,1
1.453177083,0,0,1,0,0,0
1.453346292,0,0,1,1,1,1
1.453375333,0,0,1,0,0,0
1.453544583,0,0,1,1,1,1
1.453573583,0,0,1,0,0,0
1.453742792,0,0,1,1,1,1
1.453771833,0,0,1,0,0,0
1.453941042,0,0,1,1,1,1
1.453970083,0,0,1,0,0,0
1.454139292,0,0,1,1,1,1
1.454168333,0,0,1,0,0,0
1.454337542,0,0,1,1,1,1
1.454366583,0,0,1,0,0,0
1.454535833,0,0,1,1,1,1
1.454564917,0,0,1,0,0,0
1.454734167,0,0,1,1,1,1
1.454763208,0,0,1,0,0,0
1.454932417,0,0,1,1,1,1
1.454961458,0,0,1,0,0,0
1.455130667,0,0,1,1,1,1
1.455159708,0,0,1,0,0,0
1.455328958,0,0,1,1,1,1
1.455358000,0,0,1,0,0,0
1.455527208,0,0,1,1,1,1
1.455556208,0,0,1,0,0,0
1.455725417,0,0,1,1,1,1
1.455754458,0,0,1,0,0,0
1.455923708,0,0,1,1,1,1
1.455952792,0,0,1,0,0,0
1.456122042,0,0,1,1,1,1
1.456151083,0,0,1,0,0,0
1.456320292,0,0,1,1,1,1
1.456349333,0,0,1,0,0,0
1.456518500,0,0,1,1,1,1
1.456547542,0,0,1,0,0,0
1.456716750,0,0,1,1,1,1
1.456745792,0,0,1,0,0,0
1.456914958,0,0,1,1,1,1
1.456944000,0,0,1,0,0,0
1.457113167,0,0,1,1,1,1
1.457142208,0,0,1,0,0,0
1.457311458,0,0,1,1,1,1
1.457340500,0,0,1,0,0,0
1.457509708,0,0,1,1,1,1
1.457538750,0,0,1,0,0,0
1.457708000,0,0,1,1,1,1
1.457737042,0,0,1,0,0,0
1.457906250,0,0,1,1,1,1
1.457935250,0,0,1,0,0,0
1.458104458,0,0,1,1,1,1
1.458133500,0,0,1,0,0,0
1.458302708,0,0,1,1,1,1
1.458331750,0,0,1,0,0,0
1.458501000,0,0,1,1,1,1
1.458530042,0,0,1,0,0,0
1.458699292,0,0,1,1,1,1
1.458728333,0,0,1,0,0,0
1.458897625,0,0,1,1,1,1
1.458926667,0,0,1,0,0,0
1.459095917,0,0,1,1,1,1
1.459124958,0,0,1,0,0,0
1.459294208,0,0,1,1,1,1
1.459323250,0,0,1,0,0,0
1.459492500,0,0,1,1,1,1
1.459521542,0,0,1,0,0,0
1.459690708,0,0,1,1,1,1
1.459719750,0,0,1,0,0,0
1.459889000,0,0,1,1,1,1
1.459918042,0,0,1,0,0,0
1.460087250,0,0,1,1,1,1
1.460116292,0,0,1,0,0,0
1.460285500,0,0,1,1,1,1
1.460314542,0,0,1,0,0,0
1.460483750,0,0,1,1,1,1
1.460512792,0,0,1,0,0,0
1.460682000,0,0,1,1,1,1
1.460711042,0,0,1,0,0,0
1.460880250,0,0,1,1,1,1
1.460909292,0,0,1,0,0,0
1.461078542,0,0,1,1,1,1
1.461107583,0,0,1,0,0,0
1.461276833,0,0,1,1,1,1
1.461305875,0,0,1,0,0,0
1.461475125,0,0,1,1,1,1
1.461504167,0,0,1,0,0,0
1.461673417,0,0,1,1,1,1
1.461702458,0,0,1,0,0,0
1.461871667,0,0,1,1,1,1
1.461900708,0,0,1,0,0,0
1.462069958,0,0,1,1,1,1
1.462099000,0,0,1,0,0,0
1.462268250,0,0,1,1,1,1
1.462297292,0,0,1,0,0,0
1.462466542,0,0,1,1,1,1
1.462495583,0,0,1,0,0,0
1.462664875,0,0,1,1,1,1
1.462693917,0,0,1,0,0,0
1.462863167,0,0,1,1,1,1
1.462892208,0,0,1,0,0,0
1.463061458,0,0,1,1,1,1
1.463090500,0,0,1,0,0,0
1.463259667,0,0,1,1,1,1
1.463288708,0,0,1,0,0,0
1.463457917,0,0,1,1,1,1
1.463486958,0,0,1,0,0,0
1.463656167,0,0,1,1,1,1
1.463685208,0,0,1,0,0,0
1.463854417,0,0,1,1,1,1
1.463883500,0,0,1,0,0,0
1.464052708,0,0,1,1,1,1
1.464081708,0,0,1,0,0,0
1.464250917,0,0,1,1,1,1
1.464279958,0,0,1,0,0,0
1.464449125,0,0,1,1,1,1
1.464478167,0,0,1,0,0,0
1.464647333,0,0,1,1,1,1
1.464676375,0,0,1,0,0,0
1.464845583,0,0,1,1,1,1
1.464874625,0,0,1,0,0,0
1.465043833,0,0,1,1,1,1
1.465072875,0,0,1,0,0,0
1.465242083,0,0,1,1,1,1
1.465271125,0,0,1,0,0,0
1.465440333,0,0,1,1,1,1
1.465469333,0,0,1,1,1,0
1.465469375,0,0,1,0,0,0
1.465638583,0,0,1,1,1,1
1.465667625,0,0,1,0,0,0
1.465836833,0,0,1,1,1,1
1.465865875,0,0,1,0,0,0
1.466035042,0,0,1,1,1,1
1.466064083,0,0,1,0,0,0
1.466233292,0,0,1,1,1,1
1.466262333,0,0,1,0,0,0
1.466431542,0,0,1,1,1,1
1.466460583,0,0,1,0,0,0
1.466629792,0,0,1,1,1,1
1.466658833,0,0,1,0,0,0
1.466828083,0,0,1,1,1,1
1.466857125,0,0,1,0,0,0
1.467026375,0,0,1,1,1,1
1.467055417,0,0,1,0,0,0
1.467224667,0,0,1,1,1,1
1.467253708,0,0,1,0,0,0
1.467422958,0,0,1,1,1,1
1.467452000,0,0,1,0,0,0
1.467621208,0,0,1,1,1,1
1.467650250,0,0,1,0,0,0
1.467819458,0,0,1,1,1,1
1.467848500,0,0,1,0,0,0
1.468017750,0,0,1,1,1,1
1.468046750,0,0,1,0,0,0
1.468216000,0,0,1,1,1,1
1.468245000,0,0,1,0,0,0
1.468414250,0,0,1,1,1,1
1.468443292,0,0,1,0,0,0
1.468612500,0,0,1,1,1,1
1.468641542,0,0,1,0,0,0
1.468810750,0,0,1,1,1,1
1.468839792,0,0,1,0,0,0
1.469009000,0,0,1,1,1,1
1.469038042,0,0,1,0,0,0
1.469207250,0,0,1,1,1,1
1.469236250,0,0,1,0,0,0
1.469405458,0,0,1,1,1,1
1.469434500,0,0,1,0,0,0
1.469603750,0,0,1,1,1,1
1.469632792,0,0,1,0,0,0
1.469802000,0,0,1,1,1,1
1.469831042,0,0,1,0,0,0
1.470000292,0,0,1,1,1,1
1.470029333,0,0,1,0,0,0
1.470198625,0,0,1,1,1,1
1.470227667,0,0,1,0,0,0
1.470396917,0,0,1,1,1,1
1.470425958,0,0,1,0,0,0
1.470595250,0,0,1,1,1,1
1.470624292,0,0,1,0,0,0
1.470793500,0,0,1,1,1,1
1.470822542,0,0,1,0,0,0
1.470991792,0,0,1,1,1,1
1.471020833,0,0,1,0,0,0
1.471190083,0,0,1,1,1,1
1.471219125,0,0,1,0,0,0
1.471388375,0,0,1,1,1,1
1.471417417,0,0,1,0,0,0
1.471586667,0,0,1,1,1,1
1.471615708,0,0,1,0,0,0
1.471784958,0,0,1,1,1,1
1.471814000,0,0,1,0,0,0
1.471983208,0,0,1,1,1,1
1.472012250,0,0,1,0,0,0
1.472181458,0,0,1,1,1,1
1.472210542,0,0,1,0,0,0
1.472379750,0,0,1,1,1,1
1.472408792,0,0,1,0,0,0
1.472578042,0,0,1,1,1,1
1.472607083,0,0,1,0,0,0
1.472776333,0,0,1,1,1,1
1.472805333,0,0,1,0,0,0
1.472974583,0,0,1,1,1,1
1.473003625,0,0,1,0,0,0
1.473172875,0,0,1,1,1,1
1.473201875,0,0,1,0,0,0
1.473371125,0,0,1,1,1,1
1.473400167,0,0,1,0,0,0
1.473569375,0,0,1,1,1,1
1.473598417,0,0,1,0,0,0
1.473767667,0,0,1,1,1,1
1.473796708,0,0,1,0,0,0
1.473965917,0,0,1,1,1,1
1.473994958,0,0,1,0,0,0
1.474164208,0,0,1,1,1,1
1.474193250,0,0,1,0,0,0
1.474362500,0,0,1,1,1,1
1.474391542,0,0,1,0,0,0
1.474560792,0,0,1,1,1,1
1.474589833,0,0,1,0,0,0
1.474759083,0,0,1,1,1,1
1.474788125,0,0,1,0,0,0
1.474957333,0,0,1,1,1,1
1.474986375,0,0,1,0,0,0
1.475155625,0,0,1,1,1,1
1.475184667,0,0,1,0,0,0
1.475353958,0,0,1,1,1,1
1.475383000,0,0,1,0,0,0
1.475552250,0,0,1,1,1,1
1.475581292,0,0,1,0,0,0
1.475750542,0,0,1,1,1,1
1.475779583,0,0,1,0,0,0
1.475948833,0,0,1,1,1,1
1.475977875,0,0,1,0,0,0
1.476147125,0,0,1,1,1,1
1.476176208,0,0,1,0,0,0
1.476345500,0,0,1,1,1,1
1.476374542,0,0,1,0,0,0
1.476543833,0,0,1,1,1,1
1.476572875,0,0,1,0,0,0
1.476742167,0,0,1,1,1,1
1.476771208,0,0,1,0,0,0
1.476940458,0,0,1,1,1,1
1.476969542,0,0,1,0,0,0
1.477138792,0,0,1,1,1,1
1.477167833,0,0,1,0,0,0
1.477337125,0,0,1,1,1,1
1.477366167,0,0,1,0,0,0
1.477535417,0,0,1,1,1,1
1.477564458,0,0,1,0,0,0
1.477733708,0,0,1,1,1,1
1.477762750,0,0,1,0,0,0
1.477932000,0,0,1,1,1,1
1.477961042,0,0,1,0,0,0
1.478130333,0,0,1,1,1,1
1.478159375,0,0,1,0,0,0
1.478328667,0,0,1,1,1,1
1.478357708,0,0,1,0,0,0
1.478527000,0,0,1,1,1,1
1.478556042,0,0,1,0,0,0
1.478725375,0,0,1,1,1,1
1.478754417,0,0,1,0,0,0
1.478923708,0,0,1,1,1,1
1.478952750,0,0,1,0,0,0
1.479122000,0,0,1,1,1,1
1.479151042,0,0,1,0,0,0
1.479320292,0,0,1,1,1,1
1.479349333,0,0,1,0,0,0
1.479518625,0,0,1,1,1,1
1.479547667,0,0,1,0,0,0
1.479716958,0,0,1,1,1,1
1.479746000,0,0,1,0,0,0
1.479915292,0,0,1,1,1,1
1.479944333,0,0,1,0,0,0
1.480113625,0,0,1,1,1,1
1.480142708,0,0,1,0,0,0
1.480312000,0,0,1,1,1,1
1.480341042,0,0,1,0,0,0
1.480510375,0,0,1,1,1,1
1.480539417,0,0,1,0,0,0
1.480708708,0,0,1,1,1,1
1.480737750,0,0,1,0,0,0
1.480907042,0,0,1,1,1,1
1.480936125,0,0,1,0,0,0
1.481105417,0,0,1,1,1,1
1.481134458,0,0,1,0,0,0
1.481303792,0,0,1,1,1,1
1.481332833,0,0,1,0,0,0
1.481502083,0,0,1,1,1,1
1.481531125,0,0,1,0,0,0
1.481700458,0,0,1,1,1,1
1.481729500,0,0,1,0,0,0
1.481898792,0,0,1,1,1,1
1.481927833,0,0,1,0,0,0
1.482097042,0,0,1,1,1,1
1.482126083,0,0,1,0,0,0
1.482295333,0,0,1,1,1,1
1.482324375,0,0,1,0,0,0
1.482493625,0,0,1,1,1,1
1.482522667,0,0,1,0,0,0
1.482691917,0,0,1,1,1,1
1.482720958,0,0,1,0,0,0
1.482890250,0,0,1,1,1,1
1.482919292,0,0,1,0,0,0
1.483088583,0,0,1,1,1,1
1.483117625,0,0,1,0,0,0
1.483286917,0,0,1,1,1,1
1.483315958,0,0,1,0,0,0
1.483485250,0,0,1,1,1,1
1.483514292,0,0,1,0,0,0
1.483683583,0,0,1,1,1,1
1.483712625,0,0,1,0,0,0
1.483881917,0,0,1,1,1,1
1.483910958,0,0,1,0,0,0
1.484080208,0,0,1,1,1,1
1.484109250,0,0,1,0,0,0
1.484278500,0,0,1,1,1,1
1.484307542,0,0,1,0,0,0
1.484476792,0,0,1,1,1,1
1.484505833,0,0,1,0,0,0
1.484675083,0,0,1,1,1,1
1.484704125,0,0,1,0,0,0
1.484873417,0,0,1,1,1,1
1.484902458,0,0,1,0,0,0
1.485071750,0,0,1,1,1,1
1.485100833,0,0,1,0,0,0
1.485270125,0,0,1,1,1,1
1.485299167,0,0,1,0,0,0
1.485468458,0,0,1,1,1,1
1.485497500,0,0,1,0,0,0
1.485666750,0,0,1,1,1,1
1.485695792,0,0,1,0,0,0
1.485865083,0,0,1,1,1,1
1.485894125,0,0,1,0,0,0
1.486063375,0,0,1,1,1,1
1.486092458,0,0,1,0,0,0
1.486261708,0,0,1,1,1,1
1.486290750,0,0,1,0,0,0
1.486460042,0,0,1,1,1,1
1.486489083,0,0,1,0,0,0
1.486658333,0,0,1,1,1,1
1.486687417,0,0,1,0,0,0
1.486856667,0,0,1,1,1,1
1.486885708,0,0,1,0,0,0
1.487055000,0,0,1,1,1,1
1.487084042,0,0,1,0,0,0
1.487253292,0,0,1,1,1,1
1.487282333,0,0,1,0,0,0
1.487451625,0,0,1,1,1,1
1.487480667,0,0,1,0,0,0
1.487649958,0,0,1,1,1,1
1.487679000,0,0,1,0,0,0
1.487848250,0,0,1,1,1,1
1.487877292,0,0,1,0,0,0
1.488046542,0,0,1,1,1,1
1.488075583,0,0,1,0,0,0
1.488244833,0,0,1,1,1,1
1.488273875,0,0,1,0,0,0
1.488443083,0,0,1,1,1,1
1.488472125,0,0,1,0,0,0
1.488641375,0,0,1,1,1,1
1.488670417,0,0,1,0,0,0
1.488839625,0,0,1,1,1,1
1.488868667,0,0,1,0,0,0
1.489037917,0,0,1,1,1,1
1.489066958,0,0,1,0,0,0
1.489236167,0,0,1,1,1,1
1.489265208,0,0,1,0,0,0
1.489434417,0,0,1,1,1,1
1.489463458,0,0,1,0,0,0
1.489632625,0,0,1,1,1,1
1.489661667,0,0,1,0,0,0
1.489830875,0,0,1,1,1,1
1.489859958,0,0,1,0,0,0
1.490029167,0,0,1,1,1,1
1.490058208,0,0,1,0,0,0
1.490227458,0,0,1,1,1,1
1.490256542,0,0,1,0,0,0
1.490425750,0,0,1,1,1,1
1.490454833,0,0,1,0,0,0
1.490624042,0,0,1,1,1,1
1.490653083,0,0,1,0,0,0
1.490822333,0,0,1,1,1,1
1.490851375,0,0,1,0,0,0
1.491020625,0,0,1,1,1,1
1.491049667,0,0,1,0,0,0
1.491218875,0,0,1,1,1,1
1.491247917,0,0,1,0,0,0
1.491417125,0,0,1,1,1,1
1.491446125,0,0,1,0,0,0
1.491615333,0,0,1,1,1,1
1.491644333,0,0,1,0,0,0
1.491813542,0,0,1,1,1,1
1.491842583,0,0,1,0,0,0
1.492011792,0,0,1,0,1,0
1.492011833,0,0,1,1,1,1
1.492040875,0,0,1,0,0,0
1.492210125,0,0,1,1,1,1
1.492239167,0,0,1,0,0,0
1.492408375,0,0,1,1,1,1
1.492437417,0,0,1,0,0,0
1.492606667,0,0,1,1,1,1
1.492635708,0,0,1,0,0,0
1.492804958,0,0,1,1,1,1
1.492834000,0,0,1,0,0,0
1.493003250,0,0,1,1,1,1
1.493032292,0,0,1,0,0,0
1.493201500,0,0,1,1,1,1
1.493230542,0,0,1,0,0,0
1.493399750,0,0,1,1,1,1
1.493428792,0,0,1,0,0,0
1.493598042,0,0,1,0,1,1
1.493598083,0,0,1,1,1,1
1.493627083,0,0,1,0,0,0
1.493796333,0,0,1,1,1,1
1.493825375,0,0,1,0,0,0
1.493994625,0,0,1,1,1,1
1.494023667,0,0,1,0,0,0
1.494192875,0,0,1,1,1,1
1.494221917,0,0,1,0,0,0
1.494391125,0,0,1,1,1,1
1.494420167,0,0,1,0,0,0
1.494589375,0,0,1,1,1,1
1.494618417,0,0,1,0,0,0
1.494787625,0,0,1,1,1,1
1.494816667,0,0,1,0,0,0
1.494985917,0,0,1,1,1,1
1.495014958,0,0,1,0,0,0
1.495184250,0,0,1,1,1,1
1.495213292,0,0,1,0,0,0
1.495382542,0,0,1,1,1,1
1.495411583,0,0,1,0,0,0
1.495580833,0,0,1,1,1,1
1.495609875,0,0,1,0,0,0
1.495779125,0,0,1,1,1,1
1.495808167,0,0,1,0,0,0
1.495977417,0,0,1,1,1,1
1.496006458,0,0,1,0,0,0
1.496175667,0,0,1,1,1,1
1.496204708,0,0,1,0,0,0
1.496373958,0,0,1,1,1,1
1.496403000,0,0,1,0,0,0
1.496572208,0,0,1,1,1,1
1.496601250,0,0,1,0,0,0
1.496770542,0,0,1,1,1,1
1.496799583,0,0,1,0,0,0
1.496968792,0,0,1,1,1,1
1.496997833,0,0,1,0,0,0
1.497167083,0,0,1,1,1,1
1.497196125,0,0,1,0,0,0
1.497365375,0,0,1,1,1,1
1.497394417,0,0,1,0,0,0
1.497563667,0,0,1,1,1,1
1.497592750,0,0,1,0,0,0
1.497762042,0,0,1,1,1,1
1.497791083,0,0,1,0,0,0
1.497960375,0,0,1,1,1,1
1.497989417,0,0,1,0,0,0
1.498158708,0,0,1,1,1,1
1.498187750,0,0,1,0,0,0
1.498357000,0,0,1,1,1,1
1.498386042,0,0,1,0,0,0
1.498555250,0,0,1,1,1,1
1.498584292,0,0,1,0,0,0
1.498753542,0,0,1,1,1,1
1.498782583,0,0,1,0,0,0
1.498951750,0,0,1,1,1,1
1.498980792,0,0,1,0,0,0
1.499150000,0,0,1,1,1,1
1.499179042,0,0,1,0,0,0
1.499348250,0,0,1,1,1,1
1.499377292,0,0,1,0,0,0
1.499546458,0,0,1,1,1,1
1.499575500,0,0,1,0,0,0
1.499744708,0,0,1,1,1,1
1.499773750,0,0,1,0,0,0
1.499943000,0,0,1,1,1,1
1.499972042,0,0,1,0,0,0
1.500141292,0,0,1,1,1,1
1.500170333,0,0,1,0,0,0
1.500339583,0,0,1,1,1,1
1.500368625,0,0,1,0,0,0
1.500537833,0,0,1,1,1,1
1.500566875,0,0,1,0,0,0
1.500736125,0,0,1,1,1,1
1.500765167,0,0,1,0,0,0
1.500934417,0,0,1,1,1,1
1.500963458,0,0,1,0,0,0
1.501132667,0,0,1,1,1,1
1.501161708,0,0,1,0,0,0
1.501330917,0,0,1,1,1,1
1.501359958,0,0,1,0,0,0
1.501529208,0,0,1,1,1,1
1.501558250,0,0,1,0,0,0
1.501727458,0,0,1,1,1,1
1.501756500,0,0,1,0,0,0
1.501925750,0,0,1,1,1,1
1.501954792,0,0,1,0,0,0
1.502124042,0,0,1,1,1,1
1.502153083,0,0,1,0,0,0
1.502322333,0,0,1,1,1,1
1.502351375,0,0,1,0,0,0
1.502520625,0,0,1,1,1,1
1.502549667,0,0,1,0,0,0
1.502718958,0,0,1,1,1,1
1.502748000,0,0,1,0,0,0
1.502917250,0,0,1,1,1,1
1.502946333,0,0,1,0,0,0
1.503115583,0,0,1,1,1,1
1.503144625,0,0,1,1,0,0
1.503144667,0,0,1,0,0,0
1.503313917,0,0,1,1,1,1
1.503342958,0,0,1,0,0,0
1.503512250,0,0,1,1,1,1
1.503541292,0,0,1,0,0,0
1.503710583,0,0,1,1,1,1
1.503739625,0,0,1,0,0,0
1.503908875,0,0,1,1,1,1
1.503937917,0,0,1,0,0,0
1.504107208,0,0,1,1,1,1
1.504136250,0,0,1,0,0,0
1.504305542,0,0,1,1,1,1
1.504334583,0,0,1,0,0,0
1.504503833,0,0,1,1,1,1
1.504532833,0,0,1,0,0,0
1.504702083,0,0,1,1,1,1
1.504731125,0,0,1,0,0,0
1.504900375,0,0,1,1,1,1
1.504929417,0,0,1,0,0,0
1.505098708,0,0,1,1,1,1
1.505127750,0,0,1,0,0,0
1.505297042,0,0,1,1,1,1
1.505326083,0,0,1,0,0,0
1.505495333,0,0,1,1,1,1
1.505524375,0,0,1,0,0,0
1.505693667,0,0,1,1,1,1
1.505722750,0,0,1,0,0,0
1.505892042,0,0,1,1,1,1
1.505921083,0,0,1,0,0,0
1.506090375,0,0,1,1,1,1
1.506119417,0,0,1,0,0,0
1.506288708,0,0,1,1,1,1
1.506317750,0,0,1,0,0,0
1.506487042,0,0,1,1,1,1
1.506516083,0,0,1,0,0,0
1.506685375,0,0,1,1,1,1
1.506714417,0,0,1,0,0,0
1.506883750,0,0,1,1,1,1
1.506912792,0,0,1,0,0,0
1.507082042,0,0,1,1,1,1
1.507111083,0,0,1,0,0,0
1.507280333,0,0,1,1,1,1
1.507309375,0,0,1,0,0,0
1.507478667,0,0,1,1,1,1
1.507507708,0,0,1,0,0,0
1.507677042,0,0,1,1,1,1
1.507706083,0,0,1,0,0,0
1.507875333,0,0,1,1,1,1
1.507904417,0,0,1,0,0,0
1.508073708,0,0,1,1,1,1
1.508102750,0,0,1,0,0,0
1.508272000,0,0,1,1,1,1
1.508301042,0,0,1,0,0,0
1.508470292,0,0,1,1,1,1
1.508499333,0,0,1,0,0,0
1.508668583,0,0,1,1,1,1
1.508697625,0,0,1,0,0,0
1.508866917,0,0,1,1,1,1
1.508895958,0,0,1,0,0,0
1.509065250,0,0,1,1,1,1
1.509094292,0,0,1,0,0,0
1.509263583,0,0,1,1,1,1
1.509292625,0,0,1,0,0,0
1.509461917,0,0,1,1,1,1
1.509490958,0,0,1,0,0,0
1.509660250,0,0,1,1,1,1
1.509689292,0,0,1,0,0,0
1.509858542,0,0,1,1,1,1
1.509887583,0,0,1,0,0,0
1.510056875,0,0,1,1,1,1
1.510085917,0,0,1,0,0,0
1.510255167,0,0,1,1,1,1
1.510284208,0,0,1,0,0,0
1.510453500,0,0,1,1,1,1
1.510482542,0,0,1,0,0,0
1.510651792,0,0,1,1,1,1
1.510680833,0,0,1,0,0,0
1.510850042,0,0,1,1,1,1
1.510879083,0,0,1,0,0,0
1.511048292,0,0,1,0,1,1
1.511048333,0,0,1,1,1,1
1.511077375,0,0,1,0,0,0
1.511246625,0,0,1,1,1,1
1.511275667,0,0,1,0,0,0
1.511444875,0,0,1,1,1,1
1.511473958,0,0,1,0,0,0
1.511643167,0,0,1,1,1,1
1.511672250,0,0,1,0,0,0
1.511841500,0,0,1,1,1,1
1.511870583,0,0,1,0,0,0
1.512039875,0,0,1,1,1,1
1.512068917,0,0,1,0,0,0
1.512238167,0,0,1,1,1,1
1.512267208,0,0,1,0,0,0
1.512436458,0,0,1,1,1,1
1.512465500,0,0,1,0,0,0
1.512634750,0,0,1,1,1,1
1.512663792,0,0,1,0,0,0
1.512833083,0,0,1,1,1,1
1.512862125,0,0,1,0,0,0
1.513031375,0,0,1,1,1,1
1.513060417,0,0,1,0,0,0
1.513229625,0,0,1,1,1,1
1.513258667,0,0,1,0,0,0
1.513427875,0,0,1,1,1,1
1.513456917,0,0,1,0,0,0
1.513626125,0,0,1,1,1,1
1.513655167,0,0,1,0,0,0
1.513824375,0,0,1,1,1,1
1.513853417,0,0,1,0,0,0
1.514022583,0,0,1,1,1,1
1.514051625,0,0,1,0,0,0
1.514220833,0,0,1,1,1,1
1.514249875,0,0,1,0,0,0
1.514419125,0,0,1,1,1,1
1.514448167,0,0,1,0,0,0
1.514617417,0,0,1,1,1,1
1.514646458,0,0,1,0,0,0
1.514815708,0,0,1,1,1,1
1.514844792,0,0,1,0,0,0
1.515014000,0,0,1,1,1,1
1.515043042,0,0,1,0,0,0
1.515212292,0,0,1,1,1,1
1.515241333,0,0,1,0,0,0
1.515410583,0,0,1,1,1,1
1.515439625,0,0,1,0,0,0
1.515608875,0,0,1,1,1,1
1.515637917,0,0,1,0,0,0
1.515807167,0,0,1,1,1,1
1.515836208,0,0,1,0,0,0
1.516005458,0,0,1,1,1,1
1.516034500,0,0,1,0,0,0
1.516203750,0,0,1,1,1,1
1.516232833,0,0,1,0,0,0
1.516402083,0,0,1,1,1,1
1.516431125,0,0,1,0,0,0
1.516600333,0,0,1,1,1,1
1.516629375,0,0,1,0,0,0
1.516798625,0,0,1,1,1,1
1.516827667,0,0,1,0,0,0
1.516996875,0,0,1,1,1,1
1.517025917,0,0,1,0,0,0
1.517195167,0,0,1,1,1,1
1.517224208,0,0,1,0,0,0
1.517393417,0,0,1,1,1,1
1.517422458,0,0,1,0,0,0
1.517591708,0,0,1,1,1,1
1.517620750,0,0,1,0,0,0
1.517790000,0,0,1,1,1,1
1.517819042,0,0,1,0,0,0
1.517988292,0,0,1,1,1,1
1.518017333,0,0,1,0,0,0
1.518186583,0,0,1,1,1,1
1.518215625,0,0,1,0,0,0
1.518384833,0,0,1,1,1,1
1.518413875,0,0,1,0,0,0
1.518583083,0,0,1,1,1,1
1.518612125,0,0,1,0,0,0
1.518781417,0,0,1,1,1,1
1.518810458,0,0,1,0,0,0
1.518979750,0,0,1,1,1,1
1.519008833,0,0,1,0,0,0
1.519178083,0,0,1,1,1,1
1.519207125,0,0,1,0,0,0
1.519376417,0,0,1,1,1,1
1.519405500,0,0,1,0,0,0
1.519574750,0,0,1,1,1,1
1.519603792,0,0,1,0,0,0
1.519773042,0,0,1,1,1,1
1.519802083,0,0,1,0,0,0
1.519971333,0,0,1,1,1,1
1.520000375,0,0,1,0,0,0
1.520169625,0,0,1,1,1,1
1.520198667,0,0,1,0,0,0
1.520367917,0,0,1,1,1,1
1.520396958,0,0,1,0,0,0
1.520566208,0,0,1,1,1,1
1.520595250,0,0,1,0,0,0
1.520764542,0,0,1,1,1,1
1.520793583,0,0,1,0,0,0
1.520962875,0,0,1,1,1,1
1.520991917,0,0,1,0,0,0
1.521161167,0,0,1,1,1,1
1.521190250,0,0,1,0,0,0
1.521359500,0,0,1,1,1,1
1.521388542,0,0,1,0,0,0
1.521557792,0,0,1,1,1,1
1.521586833,0,0,1,0,0,0
1.521756083,0,0,1,1,1,1
1.521785125,0,0,1,0,0,0
1.521954417,0,0,1,1,1,1
1.521983458,0,0,1,0,0,0
1.522152750,0,0,1,1,1,1
1.522181792,0,0,1,0,0,0
1.522351083,0,0,1,1,1,1
1.522380125,0,0,1,0,0,0
1.522549417,0,0,1,1,1,1
1.522578458,0,0,1,0,0,0
1.522747708,0,0,1,1,1,1
1.522776792,0,0,1,0,0,0
1.522946000,0,0,1,1,1,1
1.522975083,0,0,1,0,0,0
1.523144333,0,0,1,1,1,1
1.523173375,0,0,1,0,0,0
1.523342625,0,0,1,1,1,1
1.523371708,0,0,1,0,0,0
1.523540917,0,0,1,1,1,1
1.523570000,0,0,1,0,0,0
1.523739208,0,0,1,1,1,1
1.523768250,0,0,1,0,0,0
1.523937500,0,0,1,1,1,1
1.523966542,0,0,1,0,0,0
1.524135833,0,0,1,1,1,1
1.524164875,0,0,1,0,0,0
1.524334125,0,0,1,1,1,1
1.524363167,0,0,1,0,0,0
1.524532417,0,0,1,1,1,1
1.524561458,0,0,1,0,0,0
1.524730750,0,0,1,1,1,1
1.524759833,0,0,1,0,0,0
1.524929083,0,0,1,1,1,1
1.524958167,0,0,1,0,0,0
1.525127417,0,0,1,1,1,1
1.525156500,0,0,1,0,0,0
1.525325750,0,0,1,1,1,1
1.525354833,0,0,1,0,0,0
1.525524125,0,0,1,1,1,1
1.525553167,0,0,1,0,0,0
1.525722417,0,0,1,1,1,1
1.525751458,0,0,1,0,0,0
1.525920750,0,0,1,1,1,1
1.525949792,0,0,1,0,0,0
1.526119083,0,0,1,1,1,1
1.526148167,0,0,1,0,0,0
1.526317417,0,0,1,1,1,1
1.526346458,0,0,1,0,0,0
1.526515708,0,0,1,1,1,1
1.526544750,0,0,1,0,0,0
1.526714042,0,0,1,1,1,1
1.526743083,0,0,1,0,0,0
1.526912375,0,0,1,1,1,1
1.526941417,0,0,1,0,0,0
1.527110667,0,0,1,1,1,1
1.527139708,0,0,1,0,0,0
1.527308958,0,0,1,1,1,1
1.527338000,0,0,1,0,0,0
1.527507208,0,0,1,1,1,1
1.527536250,0,0,1,0,0,0
1.527705500,0,0,1,1,1,1
1.527734542,0,0,1,0,0,0
1.527903792,0,0,1,1,1,1
1.527932833,0,0,1,0,0,0
1.528102083,0,0,1,1,1,1
1.528131125,0,0,1,0,0,0
1.528300375,0,0,1,1,1,1
1.528329417,0,0,1,0,0,0
1.528498667,0,0,1,1,1,1
1.528527708,0,0,1,0,0,0
1.528696958,0,0,1,1,1,1
1.528726000,0,0,1,0,0,0
1.528895292,0,0,1,1,1,1
1.528924333,0,0,1,0,0,0
1.529093583,0,0,1,1,1,1
1.529122625,0,0,1,0,0,0
1.529291917,0,0,1,1,1,1
1.529320958,0,0,1,0,0,0
1.529490167,0,0,1,1,1,1
1.529519208,0,0,1,0,0,0
1.529688458,0,0,1,1,1,1
1.529717500,0,0,1,0,0,0
1.529886708,0,0,1,1,1,1
1.529915750,0,0,1,0,0,0
1.530084958,0,0,1,1,1,1
1.530114000,0,0,1,0,0,0
1.530283250,0,0,1,1,1,1
1.530312292,0,0,1,0,0,0
1.530481542,0,0,1,1,1,1
1.530510583,0,0,1,0,0,0
1.530679833,0,0,1,1,1,1
1.530708875,0,0,1,0,0,0
1.530878125,0,0,1,1,1,1
1.530907167,0,0,1,0,0,0
1.531076375,0,0,1,1,1,1
1.531105417,0,0,1,0,0,0
1.531274667,0,0,1,1,1,1
1.531303708,0,0,1,0,0,0
1.531472958,0,0,1,1,1,1
1.531502000,0,0,1,0,0,0
1.531671292,0,0,1,1,1,1
1.531700333,0,0,1,0,0,0
1.531869542,0,0,1,1,1,1
1.531898583,0,0,1,0,0,0
1.532067792,0,0,1,1,1,1
1.532096833,0,0,1,0,0,0
1.532266042,0,0,1,1,1,1
1.532295083,0,0,1,0,0,0
1.532464333,0,0,1,1,1,1
1.532493375,0,0,1,0,0,0
1.532662625,0,0,1,1,1,1
1.532691667,0,0,1,0,0,0
1.532860875,0,0,1,1,1,1
1.532889917,0,0,1,0,0,0
1.533059125,0,0,1,1,1,1
1.533088125,0,0,1,1,0,1
1.533088167,0,0,1,0,0,0
1.533257375,0,0,1,1,1,1
1.533286417,0,0,1,0,0,0
1.533455625,0,0,1,1,1,1
1.533484667,0,0,1,0,0,0
1.533653917,0,0,1,1,1,1
1.533682958,0,0,1,0,0,0
1.533852208,0,0,1,1,1,1
1.533881250,0,0,1,0,0,0
1.534050500,0,0,1,1,1,1
1.534079542,0,0,1,0,0,0
1.534248792,0,0,1,1,1,1
1.534277833,0,0,1,0,0,0
1.534447125,0,0,1,1,1,1
1.534476167,0,0,1,0,0,0
1.534645458,0,0,1,1,1,1
1.534674500,0,0,1,0,0,0
1.534843708,0,0,1,1,1,1
1.534872750,0,0,1,0,0,0
1.535041958,0,0,1,1,1,1
1.535071000,0,0,1,0,0,0
1.535240208,0,0,1,1,1,1
1.535269250,0,0,1,0,0,0
1.535438458,0,0,1,1,1,1
1.535467500,0,0,1,0,0,0
1.535636708,0,0,1,1,1,1
1.535665750,0,0,1,0,0,0
1.535834958,0,0,1,1,1,1
1.535864000,0,0,1,0,0,0
1.536033208,0,0,1,1,1,1
1.536062250,0,0,1,0,0,0
1.536231542,0,0,1,1,1,1
1.536260583,0,0,1,0,0,0
1.536429833,0,0,1,1,1,1
1.536458875,0,0,1,0,0,0
1.536628125,0,0,1,1,1,1
1.536657167,0,0,1,0,0,0
1.536826375,0,0,1,1,1,1
1.536855417,0,0,1,0,0,0
1.537024667,0,0,1,1,1,1
1.537053750,0,0,1,0,0,0
1.537222958,0,0,1,1,1,1
1.537252000,0,0,1,0,0,0
1.537421208,0,0,1,1,1,1
1.537450208,0,0,1,0,0,0
1.537619458,0,0,1,1,1,1
1.537648500,0,0,1,0,0,0
1.537817708,0,0,1,1,1,1
1.537846750,0,0,1,0,0,0
1.538015958,0,0,1,1,1,1
1.538045000,0,0,1,0,0,0
1.538214250,0,0,1,1,1,1
1.538243292,0,0,1,0,0,0
1.538412542,0,0,1,1,1,1
1.538441583,0,0,1,0,0,0
1.538610833,0,0,1,1,1,1
1.538639875,0,0,1,0,0,0
1.538809125,0,0,1,1,1,1
1.538838167,0,0,1,0,0,0
1.539007417,0,0,1,1,1,1
1.539036458,0,0,1,0,0,0
1.539205750,0,0,1,1,1,1
1.539234792,0,0,1,0,0,0
1.539404042,0,0,1,1,1,1
1.539433083,0,0,1,0,0,0
1.539602333,0,0,1,1,1,1
1.539631375,0,0,1,0,0,0
1.539800667,0,0,1,1,1,1
1.539829708,0,0,1,0,0,0
1.539998958,0,0,1,1,1,1
1.540028000,0,0,1,0,0,0
1.540197292,0,0,1,1,1,1
1.540226333,0,0,1,0,0,0
1.540395583,0,0,1,0,1,1
1.540395625,0,0,1,1,1,1
1.540424667,0,0,1,0,0,0
1.540593875,0,0,1,1,1,1
1.540622917,0,0,1,0,0,0
1.540792125,0,0,1,1,1,1
1.540821167,0,0,1,0,0,0
1.540990417,0,0,1,1,1,1
1.541019458,0,0,1,0,0,0
1.541188708,0,0,1,1,1,1
1.541217750,0,0,1,0,0,0
1.541387042,0,0,1,1,1,1
1.541416083,0,0,1,0,0,0
1.541585333,0,0,1,1,1,1
1.541614375,0,0,1,0,0,0
1.541783625,0,0,1,1,1,1
1.541812667,0,0,1,0,0,0
1.541981875,0,0,1,1,1,1
1.542010917,0,0,1,0,0,0
1.542180167,0,0,1,1,1,1
1.542209208,0,0,1,0,0,0
1.542378458,0,0,1,1,1,1
1.542407500,0,0,1,0,0,0
1.542576750,0,0,1,1,1,1
1.542605792,0,0,1,0,0,0
1.542775083,0,0,1,1,1,1
1.542804125,0,0,1,0,0,0
1.542973375,0,0,1,1,1,1
1.543002417,0,0,1,0,0,0
1.543171667,0,0,1,1,1,1
1.543200708,0,0,1,0,0,0
1.543369917,0,0,1,1,1,1
1.543399000,0,0,1,0,0,0
1.543568250,0,0,1,1,1,1
1.543597333,0,0,1,0,0,0
1.543766583,0,0,1,1,1,1
1.543795625,0,0,1,0,0,0
1.543964875,0,0,1,1,1,1
1.543993917,0,0,1,0,0,0
1.544163208,0,0,1,1,1,1
1.544192250,0,0,1,0,0,0
1.544361542,0,0,1,1,1,1
1.544390583,0,0,1,0,0,0
1.544559875,0,0,1,1,1,1
1.544588917,0,0,1,0,0,0
1.544758208,0,0,1,1,1,1
1.544787292,0,0,1,0,0,0
1.544956542,0,0,1,1,1,1
1.544985583,0,0,1,0,0,0
1.545154875,0,0,1,1,1,1
1.545183917,0,0,1,0,0,0
1.545353167,0,0,1,1,1,1
1.545382208,0,0,1,0,0,0
1.545551458,0,0,1,1,1,1
1.545580500,0,0,1,0,0,0
1.545749792,0,0,1,1,1,1
1.545778833,0,0,1,0,0,0
1.545948042,0,0,1,0,1,0
1.545948083,0,0,1,1,1,1
1.545977125,0,0,1,0,0,0
1.546146375,0,0,1,1,1,1
1.546175417,0,0,1,0,0,0
1.546344667,0,0,1,1,1,1
1.546373708,0,0,1,0,0,0
1.546543000,0,0,1,1,1,1
1.546572042,0,0,1,0,0,0
1.546741250,0,0,1,1,1,1
1.546770292,0,0,1,0,0,0
1.546939542,0,0,1,1,1,1
1.546968583,0,0,1,0,0,0
1.547137833,0,0,1,1,1,1
1.547166875,0,0,1,0,0,0
1.547336125,0,0,1,1,1,1
1.547365167,0,0,1,0,0,0
1.547534417,0,0,1,1,1,1
1.547563458,0,0,1,0,0,0
1.547732708,0,0,1,1,1,1
1.547761792,0,0,1,0,0,0
1.547931042,0,0,1,1,1,1
1.547960083,0,0,1,0,0,0
1.548129375,0,0,1,1,1,1
1.548158375,0,0,1,0,0,0
1.548327625,0,0,1,1,1,1
1.548356667,0,0,1,0,0,0
1.548525875,0,0,1,1,1,1
1.548554917,0,0,1,0,0,0
1.548724167,0,0,1,1,1,1
1.548753208,0,0,1,0,0,0
1.548922500,0,0,1,1,1,1
1.548951542,0,0,1,0,0,0
1.549120792,0,0,1,1,1,1
1.549149833,0,0,1,0,0,0
1.549319125,0,0,1,1,1,1
1.549348167,0,0,1,0,0,0
1.549517458,0,0,1,1,1,1
1.549546500,0,0,1,0,0,0
1.549715792,0,0,1,1,1,1
1.549744833,0,0,1,0,0,0
1.549914083,0,0,1,1,1,1
1.549943125,0,0,1,0,0,0
1.550112375,0,0,1,1,1,1
1.550141417,0,0,1,0,0,0
1.550310667,0,0,1,1,1,1
1.550339750,0,0,1,0,0,0
1.550509000,0,0,1,1,1,1
1.550538042,0,0,1,0,0,0
1.550707333,0,0,1,1,1,1
1.550736375,0,0,1,0,0,0
1.550905667,0,0,1,1,1,1
1.550934708,0,0,1,0,0,0
1.551104000,0,0,1,1,1,1
1.551133042,0,0,1,0,0,0
1.551302250,0,0,1,1,1,1
1.551331292,0,0,1,0,0,0
1.551500500,0,0,1,1,1,1
1.551529542,0,0,1,1,0,0
1.551529583,0,0,1,0,0,0
1.551698792,0,0,1,1,1,1
1.551727833,0,0,1,0,0,0
1.551897083,0,0,1,1,1,1
1.551926167,0,0,1,0,0,0
1.552095417,0,0,1,1,1,1
1.552124500,0,0,1,0,0,0
1.552293792,0,0,1,1,1,1
1.552322833,0,0,1,0,0,0
1.552492125,0,0,1,1,1,1
1.552521208,0,0,1,0,0,0
1.552690458,0,0,1,1,1,1
1.552719500,0,0,1,0,0,0
1.552888833,0,0,1,1,1,1
1.552917917,0,0,1,0,0,0
1.553087208,0,0,1,1,1,1
1.553116250,0,0,1,0,0,0
1.553285500,0,0,1,1,1,1
1.553314583,0,0,1,0,0,0
1.553483875,0,0,1,1,1,1
1.553512917,0,0,1,0,0,0
1.553682208,0,0,1,1,1,1
1.553711292,0,0,1,0,0,0
1.553880583,0,0,1,0,1,1
1.553880625,0,0,1,1,1,1
1.553909667,0,0,1,0,0,0
1.554079000,0,0,1,1,1,1
1.554108042,0,0,1,0,0,0
1.554277333,0,0,1,1,1,1
1.554306375,0,0,1,0,0,0
1.554475667,0,0,1,1,1,1
1.554504750,0,0,1,0,0,0
1.554674042,0,0,1,1,1,1
1.554703083,0,0,1,0,0,0
1.554872375,0,0,1,0,1,0
1.554872417,0,0,1,1,1,1
1.554901458,0,0,1,0,0,0
1.555070750,0,0,1,1,1,1
1.555099792,0,0,1,1,0,0
1.555099833,0,0,1,0,0,0
1.555269125,0,0,1,1,1,1
1.555298167,0,0,1,0,0,0
1.555467417,0,0,1,1,1,1
1.555496458,0,0,1,0,0,0
1.555665750,0,0,1,1,1,1
1.555694792,0,0,1,0,0,0
1.555864042,0,0,1,1,1,1
1.555893083,0,0,1,0,0,0
1.556062375,0,0,1,1,1,1
1.556091417,0,0,1,0,0,0
1.556260667,0,0,1,1,1,1
1.556289708,0,0,1,0,0,0
1.556458917,0,0,1,1,1,1
1.556487958,0,0,1,0,0,0
1.556657208,0,0,1,1,1,1
1.556686292,0,0,1,0,0,0
1.556855542,0,0,1,1,1,1
1.556884583,0,0,1,0,0,0
1.557053875,0,0,1,1,1,1
1.557082917,0,0,1,0,0,0
1.557252208,0,0,1,1,1,1
1.557281250,0,0,1,0,0,0
1.557450583,0,0,1,1,1,1
1.557479625,0,0,1,0,0,0
1.557648917,0,0,1,1,1,1
1.557677958,0,0,1,0,0,0
1.557847250,0,0,1,1,1,1
1.557876292,0,0,1,0,0,0
1.558045583,0,0,1,1,1,1
1.558074667,0,0,1,0,0,0
1.558243958,0,0,1,1,1,1
1.558273000,0,0,1,0,0,0
1.558442292,0,0,1,1,1,1
1.558471333,0,0,1,0,0,0
1.558640625,0,0,1,1,1,1
1.558669708,0,0,1,0,0,0
1.558839000,0,0,1,1,1,1
1.558868042,0,0,1,0,0,0
1.559037333,0,0,1,1,1,1
1.559066375,0,0,1,0,0,0
1.559235708,0,0,1,1,1,1
1.559264750,0,0,1,0,0,0
1.559434042,0,0,1,1,1,1
1.559463125,0,0,1,0,0,0
1.559632417,0,0,1,1,1,1
1.559661458,0,0,1,0,0,0
1.559830667,0,0,1,1,1,1
1.559859708,0,0,1,0,0,0
1.560028958,0,0,1,1,1,1
1.560058000,0,0,1,0,0,0
1.560227250,0,0,1,1,1,1
1.560256292,0,0,1,0,0,0
1.560425542,0,0,1,1,1,1
1.560454583,0,0,1,0,0,0
1.560623833,0,0,1,1,1,1
1.560652875,0,0,1,0,0,0
1.560822125,0,0,1,1,1,1
1.560851167,0,0,1,0,0,0
1.561020417,0,0,1,1,1,1
1.561049458,0,0,1,0,0,0
1.561218750,0,0,1,1,1,1
1.561247792,0,0,1,0,0,0
1.561417083,0,0,1,1,1,1
1.561446167,0,0,1,0,0,0
1.561615458,0,0,1,1,1,1
1.561644500,0,0,1,0,0,0
1.561813792,0,0,1,1,1,1
1.561842833,0,0,1,0,0,0
1.562012083,0,0,1,1,1,1
1.562041125,0,0,1,0,0,0
1.562210375,0,0,1,1,1,1
1.562239417,0,0,1,0,0,0
1.562408625,0,0,1,1,1,1
1.562437667,0,0,1,0,0,0
1.562606917,0,0,1,1,1,1
1.562635958,0,0,1,0,0,0
1.562805208,0,0,1,1,1,1
1.562834250,0,0,1,0,0,0
1.563003500,0,0,1,1,1,1
1.563032542,0,0,1,0,0,0
1.563201833,0,0,1,1,1,1
1.563230875,0,0,1,0,0,0
1.563400167,0,0,1,1,1,1
1.563429250,0,0,1,0,0,0
1.563598542,0,0,1,1,1,1
1.563627583,0,0,1,0,0,0
1.563796833,0,0,1,1,1,1
1.563825875,0,0,1,0,0,0
1.563995125,0,0,1,1,1,1
1.564024167,0,0,1,0,0,0
1.564193417,0,0,1,1,1,1
1.564222458,0,0,1,0,0,0
1.564391708,0,0,1,1,1,1
1.564420750,0,0,1,0,0,0
1.564589958,0,0,1,1,1,1
1.564619000,0,0,1,0,0,0
1.564788292,0,0,1,1,1,1
1.564817333,0,0,1,0,0,0
1.564986625,0,0,1,1,1,1
1.565015708,0,0,1,0,0,0
1.565184958,0,0,1,1,1,1
1.565214000,0,0,1,0,0,0
1.565383292,0,0,1,1,1,1
1.565412333,0,0,1,0,0,0
1.565581625,0,0,1,1,1,1
1.565610667,0,0,1,0,0,0
1.565779875,0,0,1,1,1,1
1.565808917,0,0,1,0,0,0
1.565978167,0,0,1,1,1,1
1.566007167,0,0,1,0,0,0
1.566176417,0,0,1,1,1,1
1.566205458,0,0,1,0,0,0
1.566374667,0,0,1,1,1,1
1.566403708,0,0,1,0,0,0
1.566572958,0,0,1,1,1,1
1.566602000,0,0,1,0,0,0
1.566771250,0,0,1,1,1,1
1.566800292,0,0,1,0,0,0
1.566969500,0,0,1,1,1,1
1.566998542,0,0,1,0,0,0
1.567167792,0,0,1,1,1,1
1.567196833,0,0,1,0,0,0
1.567366083,0,0,1,1,1,1
1.567395125,0,0,1,0,0,0
1.567564375,0,0,1,1,1,1
1.567593417,0,0,1,0,0,0
1.567762667,0,0,1,1,1,1
1.567791708,0,0,1,0,0,0
1.567960958,0,0,1,1,1,1
1.567990000,0,0,1,0,0,0
1.568159250,0,0,1,1,1,1
1.568188292,0,0,1,0,0,0
1.568357542,0,0,1,1,1,1
1.568386583,0,0,1,0,0,0
1.568555792,0,0,1,1,1,1
1.568584833,0,0,1,0,0,0
1.568754125,0,0,1,1,1,1
1.568783167,0,0,1,0,0,0
1.568952417,0,0,1,1,1,1
1.568981458,0,0,1,0,0,0
1.569150708,0,0,1,1,1,1
1.569179750,0,0,1,0,0,0
1.569349042,0,0,1,1,1,1
1.569378083,0,0,1,0,0,0
1.569547375,0,0,1,1,1,1
1.569576417,0,0,1,0,0,0
1.569745708,0,0,1,1,1,1
1.569774750,0,0,1,0,0,0
1.569944000,0,0,1,1,1,1
1.569973042,0,0,1,0,0,0
1.570142292,0,0,1,1,1,1
1.570171375,0,0,1,0,0,0
1.570340625,0,0,1,1,1,1
1.570369667,0,0,1,0,0,0
1.570538917,0,0,1,1,1,1
1.570568000,0,0,1,0,0,0
1.570737208,0,0,1,1,1,1
1.570766250,0,0,1,0,0,0
1.570935542,0,0,1,1,1,1
1.570964583,0,0,1,0,0,0
1.571133833,0,0,1,1,1,1
1.571162917,0,0,1,0,0,0
1.571332208,0,0,1,1,1,1
1.571361250,0,0,1,0,0,0
1.571530500,0,0,1,1,1,1
1.571559542,0,0,1,0,0,0
1.571728875,0,0,1,1,1,1
1.571757917,0,0,1,0,0,0
1.571927167,0,0,1,1,1,1
1.571956208,0,0,1,0,0,0
1.572125500,0,0,1,1,1,1
1.572154542,0,0,1,0,0,0
1.572323833,0,0,1,1,1,1
1.572352875,0,0,1,0,0,0
1.572522125,0,0,1,1,1,1
1.572551208,0,0,1,0,0,0
1.572720500,0,0,1,1,1,1
1.572749542,0,0,1,0,0,0
1.572918833,0,0,1,1,1,1
1.572947875,0,0,1,0,0,0
1.573117167,0,0,1,1,1,1
1.573146208,0,0,1,0,0,0
1.573315500,0,0,1,1,1,1
1.573344542,0,0,1,0,0,0
1.573513833,0,0,1,1,1,1
1.573542875,0,0,1,0,0,0
1.573712125,0,0,1,1,1,1
1.573741208,0,0,1,0,0,0
1.573910458,0,0,1,1,1,1
1.573939500,0,0,1,0,0,0
1.574108792,0,0,1,1,1,1
1.574137833,0,0,1,0,0,0
1.574307125,0,0,1,1,1,1
1.574336167,0,0,1,0,0,0
1.574505417,0,0,1,1,1,1
1.574534458,0,0,1,0,0,0
1.574703708,0,0,1,1,1,1
1.574732750,0,0,1,0,0,0
1.574902042,0,0,1,1,1,1
1.574931083,0,0,1,0,0,0
1.575100333,0,0,1,1,1,1
1.575129417,0,0,1,0,0,0
1.575298667,0,0,1,1,1,1
1.575327708,0,0,1,0,0,0
1.575497000,0,0,1,1,1,1
1.575526042,0,0,1,0,0,0
1.575695333,0,0,1,1,1,1
1.575724375,0,0,1,0,0,0
1.575893667,0,0,1,1,1,1
1.575922708,0,0,1,0,0,0
1.576092000,0,0,1,1,1,1
1.576121083,0,0,1,0,0,0
1.576290375,0,0,1,1,1,1
1.576319417,0,0,1,0,0,0
1.576488667,0,0,1,1,1,1
1.576517708,0,0,1,0,0,0
1.576686917,0,0,1,1,1,1
1.576715958,0,0,1,0,0,0
1.576885208,0,0,1,1,1,1
1.576914250,0,0,1,0,0,0
1.577083542,0,0,1,1,1,1
1.577112583,0,0,1,0,0,0
1.577281833,0,0,1,1,1,1
1.577310875,0,0,1,0,0,0
1.577480125,0,0,1,1,1,1
1.577509167,0,0,1,0,0,0
1.577678417,0,0,1,1,1,1
1.577707458,0,0,1,0,0,0
1.577876667,0,0,1,1,1,1
1.577905708,0,0,1,0,0,0
1.578074917,0,0,1,1,1,1
1.578104000,0,0,1,0,0,0
1.578273208,0,0,1,1,1,1
1.578302250,0,0,1,0,0,0
1.578471500,0,0,1,1,1,1
1.578500542,0,0,1,0,0,0
1.578669833,0,0,1,1,1,1
1.578698875,0,0,1,0,0,0
1.578868167,0,0,1,1,1,1
1.578897208,0,0,1,0,0,0
1.579066500,0,0,1,1,1,1
1.579095542,0,0,1,0,0,0
1.579264792,0,0,1,1,1,1
1.579293833,0,0,1,0,0,0
1.579463042,0,0,1,1,1,1
1.579492125,0,0,1,0,0,0
1.579661333,0,0,1,1,1,1
1.579690375,0,0,1,0,0,0
1.579859625,0,0,1,1,1,1
1.579888667,0,0,1,0,0,0
1.580057875,0,0,1,1,1,1
1.580086917,0,0,1,0,0,0
1.580256167,0,0,1,1,1,1
1.580285208,0,0,1,0,0,0
1.580454458,0,0,1,1,1,1
1.580483500,0,0,1,0,0,0
1.580652708,0,0,1,1,1,1
1.580681750,0,0,1,0,0,0
1.580851000,0,0,1,1,1,1
1.580880042,0,0,1,0,0,0
1.581049292,0,0,1,1,1,1
1.581078333,0,0,1,0,0,0
1.581247625,0,0,1,1,1,1
1.581276667,0,0,1,0,0,0
1.581445917,0,0,1,1,1,1
1.581474958,0,0,1,0,0,0
1.581644208,0,0,1,1,1,1
1.581673250,0,0,1,0,0,0
1.581842500,0,0,1,1,1,1
1.581871542,0,0,1,0,0,0
1.582040833,0,0,1,1,1,1
1.582069875,0,0,1,0,0,0
1.582239167,0,0,1,1,1,1
1.582268250,0,0,1,0,0,0
1.582437583,0,0,1,1,1,1
1.582466625,0,0,1,0,0,0
1.582635958,0,0,1,1,1,1
1.582665042,0,0,1,0,0,0
1.582834333,0,0,1,1,1,1
1.582863375,0,0,1,0,0,0
1.583032708,0,0,1,1,1,1
1.583061750,0,0,1,0,0,0
1.583231083,0,0,1,1,1,1
1.583260125,0,0,1,0,0,0
1.583429458,0,0,1,1,1,1
1.583458500,0,0,1,0,0,0
1.583627792,0,0,1,1,1,1
1.583656833,0,0,1,0,0,0
1.583826125,0,0,1,1,1,1
1.583855208,0,0,1,0,0,0
1.584024458,0,0,1,1,1,1
1.584053500,0,0,1,0,0,0
1.584222750,0,0,1,1,1,1
1.584251792,0,0,1,0,0,0
1.584421042,0,0,1,1,1,1
1.584450083,0,0,1,0,0,0
1.584619375,0,0,1,1,1,1
1.584648417,0,0,1,0,0,0
1.584817667,0,0,1,1,1,1
1.584846750,0,0,1,0,0,0
1.585016000,0,0,1,1,1,1
1.585045042,0,0,1,0,0,0
1.585214333,0,0,1,1,1,1
1.585243417,0,0,1,0,0,0
1.585412667,0,0,1,0,1,1
1.585412708,0,0,1,1,1,1
1.585441750,0,0,1,0,0,0
1.585611000,0,0,1,0,1,1
1.585611042,0,0,1,1,1,1
1.585640083,0,0,1,0,0,0
1.585809333,0,0,1,1,1,1
1.585838375,0,0,1,0,0,0
1.586007625,0,0,1,1,1,1
1.586036667,0,0,1,0,0,0
1.586205917,0,0,1,1,1,1
1.586234958,0,0,1,0,0,0
1.586404208,0,0,1,0,1,0
1.586404250,0,0,1,1,1,1
1.586433250,0,0,1,0,0,0
1.586602500,0,0,1,1,1,1
1.586631542,0,0,1,0,0,0
1.586800750,0,0,1,1,1,1
1.586829792,0,0,1,0,0,0
1.586999042,0,0,1,1,1,1
1.587028083,0,0,1,0,0,0
1.587197375,0,0,1,1,1,1
1.587226417,0,0,1,0,0,0
1.587395708,0,0,1,1,1,1
1.587424792,0,0,1,0,0,0
1.587594083,0,0,1,1,1,1
1.587623125,0,0,1,0,0,0
1.587792375,0,0,1,1,1,1
1.587821417,0,0,1,0,0,0
1.587990708,0,0,1,1,1,1
1.588019750,0,0,1,0,0,0
1.588189042,0,0,1,1,1,1
1.588218083,0,0,1,0,0,0
1.588387375,0,0,1,1,1,1
1.588416417,0,0,1,0,0,0
1.588585625,0,0,1,0,1,1
1.588585667,0,0,1,1,1,1
1.588614708,0,0,1,0,0,0
1.588783917,0,0,1,1,1,1
1.588813000,0,0,1,0,0,0
1.588982292,0,0,1,1,1,1
1.589011333,0,0,1,0,0,0
1.589180625,0,0,1,1,1,1
1.589209708,0,0,1,0,0,0
1.589378958,0,0,1,1,1,1
1.589408042,0,0,1,0,0,0
1.589577292,0,0,1,1,1,1
1.589606333,0,0,1,0,0,0
1.589775542,0,0,1,1,1,1
1.589804583,0,0,1,0,0,0
1.589973833,0,0,1,1,1,1
1.590002875,0,0,1,0,0,0
1.590172125,0,0,1,0,1,0
1.590172167,0,0,1,1,1,1
1.590201208,0,0,1,0,0,0
1.590370458,0,0,1,1,1,1
1.590399500,0,0,1,0,0,0
1.590568792,0,0,1,1,1,1
1.590597875,0,0,1,0,0,0
1.590767167,0,0,1,1,1,1
1.590796208,0,0,1,0,0,0
1.590965500,0,0,1,1,1,1
1.590994542,0,0,1,0,0,0
1.591163875,0,0,1,1,1,1
1.591192958,0,0,1,0,0,0
1.591362250,0,0,1,1,1,1
1.591391292,0,0,1,0,0,0
1.591560583,0,0,1,1,1,1
1.591589625,0,0,1,0,0,0
1.591758917,0,0,1,1,1,1
1.591787958,0,0,1,0,0,0
1.591957208,0,0,1,1,1,1
1.591986250,0,0,1,0,0,0
1.592155542,0,0,1,1,1,1
1.592184583,0,0,1,0,0,0
1.592353875,0,0,1,1,1,1
1.592382917,0,0,1,0,0,0
1.592552208,0,0,1,1,1,1
1.592581250,0,0,1,0,0,0
1.592750583,0,0,1,1,1,1
1.592779667,0,0,1,0,0,0
1.592948958,0,0,1,1,1,1
1.592978042,0,0,1,0,0,0
1.593147375,0,0,1,1,1,1
1.593176417,0,0,1,0,0,0
1.593345750,0,0,1,1,1,1
1.593374792,0,0,1,0,0,0
1.593544125,0,0,1,1,1,1
1.593573167,0,0,1,0,0,0
1.593742458,0,0,1,1,1,1
1.593771500,0,0,1,0,0,0
1.593940750,0,0,1,1,1,1
1.593969833,0,0,1,0,0,0
1.594139083,0,0,1,1,1,1
1.594168167,0,0,1,0,0,0
1.594337417,0,0,1,1,1,1
1.594366458,0,0,1,0,0,0
1.594535708,0,0,1,1,1,1
1.594564750,0,0,1,0,0,0
1.594734000,0,0,1,1,1,1
1.594763042,0,0,1,0,0,0
1.594932250,0,0,1,1,1,1
1.594961333,0,0,1,0,0,0
1.595130625,0,0,1,1,1,1
1.595159708,0,0,1,0,0,0
1.595329000,0,0,1,1,1,1
1.595358042,0,0,1,0,0,0
1.595527333,0,0,1,1,1,1
1.595556375,0,0,1,0,0,0
1.595725667,0,0,1,1,1,1
1.595754708,0,0,1,0,0,0
1.595924000,0,0,1,1,1,1
1.595953042,0,0,1,0,0,0
1.596122292,0,0,1,1,1,1
1.596151333,0,0,1,1,0,0
1.596151375,0,0,1,0,0,0
1.596320625,0,0,1,1,1,1
1.596349667,0,0,1,0,0,0
1.596518917,0,0,1,1,1,1
1.596547958,0,0,1,0,0,0
1.596717208,0,0,1,0,1,1
1.596717250,0,0,1,1,1,1
1.596746292,0,0,1,0,0,0
1.596915583,0,0,1,1,1,1
1.596944625,0,0,1,0,0,0
1.597113875,0,0,1,1,1,1
1.597142917,0,0,1,0,0,0
1.597312208,0,0,1,1,1,1
1.597341250,0,0,1,0,0,0
1.597510542,0,0,1,1,1,1
1.597539583,0,0,1,0,0,0
1.597708833,0,0,1,1,1,1
1.597737917,0,0,1,0,0,0
1.597907208,0,0,1,1,1,1
1.597936250,0,0,1,0,0,0
1.598105500,0,0,1,1,1,1
1.598134542,0,0,1,0,0,0
1.598303792,0,0,1,1,1,1
1.598332833,0,0,1,0,0,0
1.598502125,0,0,1,1,1,1
1.598531167,0,0,1,0,0,0
1.598700417,0,0,1,1,1,1
1.598729458,0,0,1,0,0,0
1.598898708,0,0,1,1,1,1
1.598927750,0,0,1,0,0,0
1.599097042,0,0,1,1,1,1
1.599126083,0,0,1,0,0,0
1.599295333,0,0,1,1,1,1
1.599324375,0,0,1,0,0,0
1.599493625,0,0,1,1,1,1
1.599522667,0,0,1,0,0,0
1.599691917,0,0,1,1,1,1
1.599721000,0,0,1,0,0,0
1.599890250,0,0,1,1,1,1
1.599919292,0,0,1,0,0,0
1.600088542,0,0,1,1,1,1
1.600117583,0,0,1,0,0,0
1.600286833,0,0,1,1,1,1
1.600315875,0,0,1,0,0,0
1.600485167,0,0,1,1,1,1
1.600514208,0,0,1,0,0,0
1.600683458,0,0,1,1,1,1
1.600712500,0,0,1,0,0,0
1.600881708,0,0,1,1,1,1
1.600910750,0,0,1,0,0,0
1.601080000,0,0,1,1,1,1
1.601109042,0,0,1,0,0,0
1.601278292,0,0,1,1,1,1
1.601307333,0,0,1,1,0,0
1.601307375,0,0,1,0,0,0
1.601476625,0,0,1,1,1,1
1.601505667,0,0,1,0,0,0
1.601674958,0,0,1,1,1,1
1.601704000,0,0,1,0,0,0
1.601873250,0,0,1,1,1,1
1.601902292,0,0,1,0,0,0
1.602071583,0,0,1,1,1,1
1.602100625,0,0,1,0,0,0
1.602269833,0,0,1,1,1,1
1.602298875,0,0,1,0,0,0
1.602468125,0,0,1,1,1,1
1.602497125,0,0,1,1,0,0
1.602497167,0,0,1,0,0,0
1.602666375,0,0,1,1,1,1
1.602695417,0,0,1,0,0,0
1.602864625,0,0,1,1,1,1
1.602893667,0,0,1,0,0,0
1.603062875,0,0,1,1,1,1
1.603091917,0,0,1,0,0,0
1.603261167,0,0,1,1,1,1
1.603290208,0,0,1,0,0,0
1.603459458,0,0,1,1,1,1
1.603488500,0,0,1,0,0,0
1.603657708,0,0,1,1,1,1
1.603686750,0,0,1,0,0,0
1.603855958,0,0,1,1,1,1
1.603885000,0,0,1,0,0,0
1.604054208,0,0,1,1,1,1
1.604083250,0,0,1,0,0,0
1.604252458,0,0,1,1,1,1
1.604281500,0,0,1,0,0,0
1.604450708,0,0,1,1,1,1
1.604479750,0,0,1,0,0,0
1.604649000,0,0,1,1,1,1
1.604678042,0,0,1,0,0,0
1.604847292,0,0,1,1,1,1
1.604876333,0,0,1,0,0,0
1.605045625,0,0,1,1,1,1
1.605074667,0,0,1,0,0,0
1.605243958,0,0,1,1,1,1
1.605273000,0,0,1,0,0,0
1.605442292,0,0,1,1,1,1
1.605471333,0,0,1,0,0,0
1.605640583,0,0,1,1,1,1
1.605669625,0,0,1,0,0,0
1.605838875,0,0,1,1,1,1
1.605867917,0,0,1,0,0,0
1.606037250,0,0,1,1,1,1
1.606066292,0,0,1,0,0,0
1.606235625,0,0,1,1,1,1
1.606264667,0,0,1,0,0,0
1.606434000,0,0,1,1,1,1
1.606463042,0,0,1,0,0,0
1.606632333,0,0,1,1,1,1
1.606661375,0,0,1,0,0,0
1.606830625,0,0,1,1,1,1
1.606859667,0,0,1,0,0,0
1.607028917,0,0,1,1,1,1
1.607058000,0,0,1,0,0,0
1.607227292,0,0,1,1,1,1
1.607256333,0,0,1,0,0,0
1.607425625,0,0,1,1,1,1
1.607454667,0,0,1,0,0,0
1.607623917,0,0,1,1,1,1
1.607653000,0,0,1,0,0,0
1.607822250,0,0,1,1,1,1
1.607851333,0,0,1,0,0,0
1.608020625,0,0,1,1,1,1
1.608049708,0,0,1,0,0,0
1.608218958,0,0,1,1,1,1
1.608248042,0,0,1,0,0,0
1.608417292,0,0,1,1,1,1
1.608446333,0,0,1,0,0,0
1.608615625,0,0,1,1,1,1
1.608644667,0,0,1,0,0,0
1.608813917,0,0,1,1,1,1
1.608843000,0,0,1,0,0,0
1.609012250,0,0,1,1,1,1
1.609041292,0,0,1,0,0,0
1.609210500,0,0,1,0,1,1
1.609210542,0,0,1,1,1,1
1.609239583,0,0,1,0,0,0
1.609408833,0,0,1,1,1,1
1.609437875,0,0,1,0,0,0
1.609607208,0,0,1,1,1,1
1.609636250,0,0,1,0,0,0
1.609805500,0,0,1,1,1,1
1.609834583,0,0,1,0,0,0
1.610003833,0,0,1,1,1,1
1.610032875,0,0,1,0,0,0
1.610202167,0,0,1,1,1,1
1.610231208,0,0,1,0,0,0
1.610400458,0,0,1,1,1,1
1.610429500,0,0,1,0,0,0
1.610598792,0,0,1,1,1,1
1.610627833,0,0,1,0,0,0
1.610797083,0,0,1,1,1,1
1.610826125,0,0,1,0,0,0
1.610995375,0,0,1,1,1,1
1.611024417,0,0,1,0,0,0
1.611193708,0,0,1,1,1,1
1.611222750,0,0,1,0,0,0
1.611392000,0,0,1,1,1,1
1.611421042,0,0,1,0,0,0
1.611590250,0,0,1,1,1,1
1.611619292,0,0,1,0,0,0
1.611788542,0,0,1,1,1,1
1.611817583,0,0,1,0,0,0
1.611986833,0,0,1,1,1,1
1.612015875,0,0,1,0,0,0
1.612185083,0,0,1,1,1,1
1.612214125,0,0,1,0,0,0
1.612383375,0,0,1,1,1,1
1.612412417,0,0,1,0,0,0
1.612581667,0,0,1,1,1,1
1.612610708,0,0,1,0,0,0
1.612779958,0,0,1,0,1,1
1.612780000,0,0,1,1,1,1
1.612809042,0,0,1,0,0,0
1.612978292,0,0,1,1,1,1
1.613007375,0,0,1,0,0,0
1.613176625,0,0,1,1,1,1
1.613205667,0,0,1,0,0,0
1.613374917,0,0,1,1,1,1
1.613403958,0,0,1,0,0,0
1.613573250,0,0,1,1,1,1
1.613602292,0,0,1,0,0,0
1.613771542,0,0,1,1,1,1
1.613800583,0,0,1,0,0,0
1.613969875,0,0,1,1,1,1
1.613998917,0,0,1,0,0,0
1.614168167,0,0,1,1,1,1
1.614197208,0,0,1,0,0,0
1.614366458,0,0,1,1,1,1
1.614395500,0,0,1,0,0,0
1.614564750,0,0,1,1,1,1
1.614593792,0,0,1,0,0,0
1.614763083,0,0,1,1,1,1
1.614792167,0,0,1,0,0,0
1.614961417,0,0,1,1,1,1
1.614990458,0,0,1,0,0,0
1.615159750,0,0,1,1,1,1
1.615188792,0,0,1,0,0,0
1.615358042,0,0,1,1,1,1
1.615387083,0,0,1,0,0,0
1.615556333,0,0,1,1,1,1
1.615585375,0,0,1,0,0,0
1.615754667,0,0,1,1,1,1
1.615783708,0,0,1,0,0,0
1.615952958,0,0,1,0,1,1
1.615953000,0,0,1,1,1,1
1.615982042,0,0,1,0,0,0
1.616151333,0,0,1,1,1,1
1.616180375,0,0,1,0,0,0
1.616349708,0,0,1,1,1,1
1.616378750,0,0,1,0,0,0
1.616548042,0,0,1,1,1,1
1.616577125,0,0,1,0,0,0
1.616746375,0,0,1,1,1,1
1.616775458,0,0,1,0,0,0
1.616944750,0,0,1,1,1,1
1.616973792,0,0,1,0,0,0
1.617143042,0,0,1,1,1,1
1.617172083,0,0,1,0,0,0
1.617341375,0,0,1,1,1,1
1.617370458,0,0,1,0,0,0
1.617539750,0,0,1,1,1,1
1.617568792,0,0,1,0,0,0
1.617738125,0,0,1,1,1,1
1.617767167,0,0,1,0,0,0
1.617936500,0,0,1,1,1,1
1.617965542,0,0,1,1,0,1
1.617965583,0,0,1,0,0,0
1.618134917,0,0,1,1,1,1
1.618163958,0,0,1,0,0,0
1.618333292,0,0,1,1,1,1
1.618362333,0,0,1,0,0,0
1.618531667,0,0,1,1,1,1
1.618560708,0,0,1,0,0,0
1.618730000,0,0,1,1,1,1
1.618759083,0,0,1,0,0,0
1.618928417,0,0,1,1,1,1
1.618957458,0,0,1,0,0,0
1.619126792,0,0,1,1,1,1
1.619155833,0,0,1,0,0,0
1.619325125,0,0,1,1,1,1
1.619354167,0,0,1,0,0,0
1.619523458,0,0,1,1,1,1
1.619552500,0,0,1,0,0,0
1.619721792,0,0,1,1,1,1
1.619750833,0,0,1,0,0,0
1.619920083,0,0,1,1,1,1
1.619949125,0,0,1,0,0,0
1.620118417,0,0,1,1,1,1
1.620147458,0,0,1,0,0,0
1.620316750,0,0,1,1,1,1
1.620345833,0,0,1,0,0,0
1.620515125,0,0,1,1,1,1
1.620544167,0,0,1,0,0,0
1.620713458,0,0,1,1,1,1
1.620742500,0,0,1,0,0,0
1.620911833,0,0,1,1,1,1
1.620940875,0,0,1,0,0,0
1.621110208,0,0,1,1,1,1
1.621139292,0,0,1,0,0,0
1.621308625,0,0,1,1,1,1
1.621337667,0,0,1,0,0,0
1.621506958,0,0,1,1,1,1
1.621536000,0,0,1,0,0,0
1.621705292,0,0,1,1,1,1
1.621734333,0,0,1,0,0,0
1.621903667,0,0,1,1,1,1
1.621932708,0,0,1,0,0,0
1.622102000,0,0,1,1,1,1
1.622131042,0,0,1,0,0,0
1.622300333,0,0,1,1,1,1
1.622329375,0,0,1,0,0,0
1.622498625,0,0,1,1,1,1
1.622527667,0,0,1,0,0,0
1.622696958,0,0,1,1,1,1
1.622726000,0,0,1,0,0,0
1.622895250,0,0,1,1,1,1
1.622924292,0,0,1,0,0,0
1.623093583,0,0,1,1,1,1
1.623122625,0,0,1,1,0,0
1.623122667,0,0,1,0,0,0
1.623291917,0,0,1,1,1,1
1.623321000,0,0,1,0,0,0
1.623490292,0,0,1,1,1,1
1.623519375,0,0,1,0,0,0
1.623688667,0,0,1,1,1,1
1.623717708,0,0,1,0,0,0
1.623887000,0,0,1,1,1,1
1.623916083,0,0,1,0,0,0
1.624085417,0,0,1,1,1,1
1.624114458,0,0,1,0,0,0
1.624283792,0,0,1,1,1,1
1.624312833,0,0,1,0,0,0
1.624482167,0,0,1,1,1,1
1.624511208,0,0,1,0,0,0
1.624680542,0,0,1,1,1,1
1.624709583,0,0,1,0,0,0
1.624878917,0,0,1,1,1,1
1.624907958,0,0,1,0,0,0
1.625077292,0,0,1,1,1,1
1.625106333,0,0,1,0,0,0
1.625275625,0,0,1,1,1,1
1.625304667,0,0,1,0,0,0
1.625474000,0,0,1,1,1,1
1.625503042,0,0,1,0,0,0
1.625672333,0,0,1,1,1,1
1.625701375,0,0,1,0,0,0
1.625870708,0,0,1,1,1,1
1.625899750,0,0,1,0,0,0
1.626069042,0,0,1,1,1,1
1.626098083,0,0,1,0,0,0
1.626267375,0,0,1,1,1,1
1.626296458,0,0,1,0,0,0
1.626465750,0,0,1,1,1,1
1.626494792,0,0,1,0,0,0
1.626664083,0,0,1,1,1,1
1.626693125,0,0,1,0,0,0
1.626862417,0,0,1,1,1,1
1.626891458,0,0,1,0,0,0
1.627060750,0,0,1,1,1,1
1.627089792,0,0,1,0,0,0
1.627259042,0,0,1,1,1,1
1.627288125,0,0,1,0,0,0
1.627457375,0,0,1,1,1,1
1.627486458,0,0,1,0,0,0
1.627655708,0,0,1,1,1,1
1.627684792,0,0,1,0,0,0
1.627854083,0,0,1,1,1,1
1.627883125,0,0,1,0,0,0
1.628052458,0,0,1,1,1,1
1.628081500,0,0,1,0,0,0
1.628250792,0,0,1,0,1,1
1.628250833,0,0,1,1,1,1
1.628279875,0,0,1,0,0,0
1.628449167,0,0,1,1,1,1
1.628478208,0,0,1,0,0,0
1.628647500,0,0,1,1,1,1
1.628676542,0,0,1,0,0,0
1.628845792,0,0,1,0,1,1
1.628845833,0,0,1,1,1,1
1.628874875,0,0,1,0,0,0
1.629044167,0,0,1,1,1,1
1.629073208,0,0,1,0,0,0
1.629242417,0,0,1,1,1,1
1.629271458,0,0,1,0,0,0
1.629440708,0,0,1,1,1,1
1.629469750,0,0,1,0,0,0
1.629639000,0,0,1,1,1,1
1.629668042,0,0,1,0,0,0
1.629837292,0,0,1,1,1,1
1.629866333,0,0,1,0,0,0
1.630035625,0,0,1,1,1,1
1.630064667,0,0,1,0,0,0
1.630233958,0,0,1,1,1,1
1.630263000,0,0,1,0,0,0
1.630432292,0,0,1,1,1,1
1.630461333,0,0,1,0,0,0
1.630630625,0,0,1,1,1,1
1.630659708,0,0,1,0,0,0
1.630828958,0,0,1,0,1,0
1.630829000,0,0,1,1,1,1
1.630858042,0,0,1,0,0,0
1.631027333,0,0,1,1,1,1
1.631056375,0,0,1,0,0,0
1.631225667,0,0,1,1,1,1
1.631254708,0,0,1,1,0,0
1.631254750,0,0,1,0,0,0
1.631424042,0,0,1,1,1,1
1.631453083,0,0,1,0,0,0
1.631622417,0,0,1,1,1,1
1.631651500,0,0,1,0,0,0
1.631820792,0,0,1,1,1,1
1.631849833,0,0,1,0,0,0
1.632019125,0,0,1,1,1,1
1.632048167,0,0,1,0,0,0
1.632217458,0,0,1,0,1,0
1.632217500,0,0,1,1,1,1
1.632246542,0,0,1,0,0,0
1.632415833,0,0,1,1,1,1
1.632444917,0,0,1,0,0,0
1.632614208,0,0,1,1,1,1
1.632643292,0,0,1,0,0,0
1.632812542,0,0,1,1,1,1
1.632841583,0,0,1,0,0,0
1.633010833,0,0,1,1,1,1
1.633039875,0,0,1,0,0,0
1.633209125,0,0,1,1,1,1
1.633238167,0,0,1,0,0,0
1.633407458,0,0,1,1,1,1
1.633436500,0,0,1,0,0,0
1.633605792,0,0,1,1,1,1
1.633634833,0,0,1,0,0,0
1.633804125,0,0,1,1,1,1
1.633833167,0,0,1,0,0,0
1.634002458,0,0,1,1,1,1
1.634031500,0,0,1,0,0,0
1.634200833,0,0,1,1,1,1
1.634229875,0,0,1,0,0,0
1.634399167,0,0,1,1,1,1
1.634428208,0,0,1,0,0,0
1.634597458,0,0,1,1,1,1
1.634626500,0,0,1,0,0,0
1.634795708,0,0,1,1,1,1
1.634824750,0,0,1,0,0,0
1.634994000,0,0,1,1,1,1
1.635023042,0,0,1,0,0,0
1.635192292,0,0,1,1,1,1
1.635221333,0,0,1,0,0,0
1.635390542,0,0,1,1,1,1
1.635419583,0,0,1,0,0,0
1.635588875,0,0,1,1,1,1
1.635617917,0,0,1,0,0,0
1.635787167,0,0,1,1,1,1
1.635816250,0,0,1,0,0,0
1.635985458,0,0,1,1,1,1
1.636014542,0,0,1,0,0,0
1.636183792,0,0,1,1,1,1
1.636212833,0,0,1,0,0,0
1.636382125,0,0,1,1,1,1
1.636411167,0,0,1,0,0,0
1.636580458,0,0,1,1,1,1
1.636609500,0,0,1,0,0,0
1.636778792,0,0,1,1,1,1
1.636807833,0,0,1,0,0,0
1.636977125,0,0,1,1,1,1
1.637006167,0,0,1,0,0,0
1.637175458,0,0,1,1,1,1
1.637204500,0,0,1,0,0,0
1.637373750,0,0,1,1,1,1
1.637402792,0,0,1,0,0,0
1.637572083,0,0,1,1,1,1
1.637601125,0,0,1,0,0,0
1.637770375,0,0,1,1,1,1
1.637799417,0,0,1,0,0,0
1.637968708,0,0,1,1,1,1
1.637997750,0,0,1,0,0,0
1.638167000,0,0,1,1,1,1
1.638196042,0,0,1,0,0,0
1.638365292,0,0,1,1,1,1
1.638394333,0,0,1,0,0,0
1.638563583,0,0,1,1,1,1
1.638592625,0,0,1,0,0,0
1.638761875,0,0,1,1,1,1
1.638790958,0,0,1,0,0,0
1.638960250,0,0,1,1,1,1
1.638989292,0,0,1,0,0,0
1.639158542,0,0,1,1,1,1
1.639187625,0,0,1,0,0,0
1.639356875,0,0,1,1,1,1
1.639385958,0,0,1,0,0,0
1.639555208,0,0,1,0,1,0
1.639555250,0,0,1,1,1,1
1.639584292,0,0,1,0,0,0
1.639753583,0,0,1,1,1,1
1.639782625,0,0,1,0,0,0
1.639951875,0,0,1,1,1,1
1.639980958,0,0,1,0,0,0
1.640150208,0,0,1,1,1,1
1.640179250,0,0,1,0,0,0
1.640348500,0,0,1,0,1,1
1.640348542,0,0,1,1,1,1
1.640377583,0,0,1,0,0,0
1.640546833,0,0,1,1,1,1
1.640575875,0,0,1,0,0,0
1.640745167,0,0,1,1,1,1
1.640774208,0,0,1,0,0,0
1.640943500,0,0,1,1,1,1
1.640972542,0,0,1,0,0,0
1.641141833,0,0,1,1,1,1
1.641170875,0,0,1,0,0,0
1.641340125,0,0,1,1,1,1
1.641369167,0,0,1,0,0,0
1.641538458,0,0,1,1,1,1
1.641567500,0,0,1,0,0,0
1.641736792,0,0,1,1,1,1
1.641765833,0,0,1,0,0,0
1.641935083,0,0,1,1,1,1
1.641964125,0,0,1,0,0,0
1.642133375,0,0,1,1,1,1
1.642162417,0,0,1,0,0,0
1.642331667,0,0,1,1,1,1
1.642360708,0,0,1,0,0,0
1.642529917,0,0,1,1,1,1
1.642558958,0,0,1,0,0,0
1.642728250,0,0,1,1,1,1
1.642757292,0,0,1,0,0,0
1.642926583,0,0,1,1,1,1
1.642955625,0,0,1,0,0,0
1.643124875,0,0,1,0,1,0
1.643124917,0,0,1,1,1,1
1.643153958,0,0,1,0,0,0
1.643323208,0,0,1,1,1,1
1.643352250,0,0,1,0,0,0
1.643521542,0,0,1,1,1,1
1.643550583,0,0,1,0,0,0
1.643719875,0,0,1,1,1,1
1.643748958,0,0,1,0,0,0
1.643918208,0,0,1,1,1,1
1.643947250,0,0,1,0,0,0
1.644116500,0,0,1,1,1,1
1.644145583,0,0,1,0,0,0
1.644314792,0,0,1,1,1,1
1.644343833,0,0,1,0,0,0
1.644513083,0,0,1,1,1,1
1.644542125,0,0,1,0,0,0
1.644711333,0,0,1,1,1,1
1.644740375,0,0,1,0,0,0
1.644909625,0,0,1,1,1,1
1.644938667,0,0,1,0,0,0
1.645107875,0,0,1,1,1,1
1.645136917,0,0,1,0,0,0
1.645306125,0,0,1,1,1,1
1.645335167,0,0,1,0,0,0
1.645504417,0,0,1,1,1,1
1.645533458,0,0,1,0,0,0
1.645702750,0,0,1,1,1,1
1.645731792,0,0,1,0,0,0
1.645901042,0,0,1,1,1,1
1.645930125,0,0,1,0,0,0
1.646099375,0,0,1,1,1,1
1.646128417,0,0,1,0,0,0
1.646297625,0,0,1,1,1,1
1.646326667,0,0,1,0,0,0
1.646495917,0,0,1,1,1,1
1.646524958,0,0,1,0,0,0
1.646694167,0,0,1,1,1,1
1.646723208,0,0,1,0,0,0
1.646892417,0,0,1,1,1,1
1.646921458,0,0,1,0,0,0
1.647090708,0,0,1,1,1,1
1.647119750,0,0,1,0,0,0
1.647289000,0,0,1,1,1,1
1.647318042,0,0,1,0,0,0
1.647487333,0,0,1,1,1,1
1.647516375,0,0,1,0,0,0
1.647685667,0,0,1,1,1,1
1.647714750,0,0,1,0,0,0
1.647884042,0,0,1,1,1,1
1.647913125,0,0,1,0,0,0
1.648082417,0,0,1,1,1,1
1.648111500,0,0,1,0,0,0
1.648280792,0,0,1,1,1,1
1.648309875,0,0,1,0,0,0
1.648479125,0,0,1,1,1,1
1.648508208,0,0,1,0,0,0
1.648677458,0,0,1,1,1,1
1.648706500,0,0,1,0,0,0
1.648875792,0,0,1,1,1,1
1.648904833,0,0,1,0,0,0
1.649074125,0,0,1,1,1,1
1.649103167,0,0,1,0,0,0
1.649272417,0,0,1,1,1,1
1.649301458,0,0,1,0,0,0
1.649470792,0,0,1,1,1,1
1.649499833,0,0,1,0,0,0
1.649669083,0,0,1,1,1,1
1.649698125,0,0,1,0,0,0
1.649867375,0,0,1,1,1,1
1.649896417,0,0,1,0,0,0
1.650065708,0,0,1,1,1,1
1.650094750,0,0,1,0,0,0
1.650264000,0,0,1,1,1,1
1.650293042,0,0,1,0,0,0
1.650462333,0,0,1,1,1,1
1.650491375,0,0,1,0,0,0
1.650660667,0,0,1,1,1,1
1.650689708,0,0,1,0,0,0
1.650858958,0,0,1,1,1,1
1.650888000,0,0,1,0,0,0
1.651057292,0,0,1,1,1,1
1.651086333,0,0,1,0,0,0
1.651255583,0,0,1,1,1,1
1.651284625,0,0,1,0,0,0
1.651453917,0,0,1,1,1,1
1.651482958,0,0,1,0,0,0
1.651652208,0,0,1,1,1,1
1.651681250,0,0,1,0,0,0
1.651850542,0,0,1,1,1,1
1.651879583,0,0,1,0,0,0
1.652048875,0,0,1,1,1,1
1.652077917,0,0,1,0,0,0
1.652247208,0,0,1,1,1,1
1.652276250,0,0,1,0,0,0
1.652445500,0,0,1,1,1,1
1.652474542,0,0,1,0,0,0
1.652643792,0,0,1,1,1,1
1.652672833,0,0,1,0,0,0
1.652842083,0,0,1,1,1,1
1.652871125,0,0,1,0,0,0
1.653040375,0,0,1,1,1,1
1.653069458,0,0,1,0,0,0
1.653238708,0,0,1,1,1,1
1.653267750,0,0,1,0,0,0
1.653437000,0,0,1,1,1,1
1.653466083,0,0,1,0,0,0
1.653635333,0,0,1,1,1,1
1.653664375,0,0,1,0,0,0
1.653833583,0,0,1,1,1,1
1.653862625,0,0,1,0,0,0
1.654031875,0,0,1,1,1,1
1.654060917,0,0,1,0,0,0
1.654230208,0,0,1,1,1,1
1.654259250,0,0,1,0,0,0
1.654428542,0,0,1,1,1,1
1.654457583,0,0,1,0,0,0
1.654626833,0,0,1,1,1,1
1.654655917,0,0,1,0,0,0
1.654825208,0,0,1,1,1,1
1.654854250,0,0,1,0,0,0
1.655023542,0,0,1,1,1,1
1.655052583,0,0,1,0,0,0
1.655221875,0,0,1,1,1,1
1.655250917,0,0,1,0,0,0
1.655420167,0,0,1,1,1,1
1.655449208,0,0,1,0,0,0
1.655618500,0,0,1,1,1,1
1.655647542,0,0,1,0,0,0
1.655816833,0,0,1,1,1,1
1.655845875,0,0,1,0,0,0
1.656015167,0,0,1,1,1,1
1.656044250,0,0,1,0,0,0
1.656213542,0,0,1,1,1,1
1.656242583,0,0,1,0,0,0
1.656411875,0,0,1,1,1,1
1.656440917,0,0,1,0,0,0
1.656610208,0,0,1,1,1,1
1.656639292,0,0,1,0,0,0
1.656808542,0,0,1,1,1,1
1.656837583,0,0,1,0,0,0
1.657006917,0,0,1,1,1,1
1.657035958,0,0,1,0,0,0
1.657205250,0,0,1,1,1,1
1.657234292,0,0,1,0,0,0
1.657403625,0,0,1,1,1,1
1.657432667,0,0,1,0,0,0
1.657602000,0,0,1,1,1,1
1.657631042,0,0,1,0,0,0
1.657800375,0,0,1,1,1,1
1.657829417,0,0,1,0,0,0
1.657998750,0,0,1,1,1,1
1.658027792,0,0,1,0,0,0
1.658197125,0,0,1,1,1,1
1.658226167,0,0,1,0,0,0
1.658395417,0,0,1,1,1,1
1.658424458,0,0,1,0,0,0
1.658593750,0,0,1,1,1,1
1.658622833,0,0,1,0,0,0
1.658792125,0,0,1,1,1,1
1.658821167,0,0,1,0,0,0
1.658990417,0,0,1,1,1,1
1.659019500,0,0,1,0,0,0
1.659188792,0,0,1,1,1,1
1.659217875,0,0,1,0,0,0
1.659387167,0,0,1,1,1,1
1.659416208,0,0,1,0,0,0
1.659585500,0,0,1,1,1,1
1.659614583,0,0,1,0,0,0
1.659783875,0,0,1,1,1,1
1.659812917,0,0,1,0,0,0
1.659982208,0,0,1,1,1,1
1.660011250,0,0,1,0,0,0
1.660180542,0,0,1,1,1,1
1.660209625,0,0,1,0,0,0
1.660378917,0,0,1,1,1,1
1.660407958,0,0,1,0,0,0
1.660577250,0,0,1,1,1,1
1.660606333,0,0,1,0,0,0
1.660775625,0,0,1,1,1,1
1.660804667,0,0,1,0,0,0
1.660973917,0,0,1,1,1,1
1.661002958,0,0,1,0,0,0
1.661172208,0,0,1,1,1,1
1.661201250,0,0,1,0,0,0
1.661370500,0,0,1,1,1,1
1.661399542,0,0,1,0,0,0
1.661568792,0,0,1,1,1,1
1.661597833,0,0,1,0,0,0
1.661767125,0,0,1,1,1,1
1.661796167,0,0,1,0,0,0
1.661965417,0,0,1,1,1,1
1.661994500,0,0,1,0,0,0
1.662163708,0,0,1,1,1,1
1.662192750,0,0,1,0,0,0
1.662361958,0,0,1,1,1,1
1.662391000,0,0,1,0,0,0
1.662560292,0,0,1,1,1,1
1.662589333,0,0,1,0,0,0
1.662758583,0,0,1,1,1,1
1.662787625,0,0,1,0,0,0
1.662956917,0,0,1,1,1,1
1.662985958,0,0,1,0,0,0
1.663155208,0,0,1,1,1,1
1.663184250,0,0,1,0,0,0
1.663353542,0,0,1,1,1,1
1.663382583,0,0,1,0,0,0
1.663551833,0,0,1,1,1,1
1.663580875,0,0,1,0,0,0
1.663750167,0,0,1,1,1,1
1.663779208,0,0,1,0,0,0
1.663948458,0,0,1,1,1,1
1.663977542,0,0,1,0,0,0
1.664146833,0,0,1,1,1,1
1.664175875,0,0,1,0,0,0
1.664345167,0,0,1,1,1,1
1.664374208,0,0,1,0,0,0
1.664543500,0,0,1,1,1,1
1.664572542,0,0,1,0,0,0
1.664741792,0,0,1,1,1,1
1.664770833,0,0,1,0,0,0
1.664940083,0,0,1,1,1,1
1.664969125,0,0,1,0,0,0
1.665138333,0,0,1,1,1,1
1.665167417,0,0,1,0,0,0
1.665336667,0,0,1,1,1,1
1.665365708,0,0,1,0,0,0
1.665534917,0,0,1,1,1,1
1.665563958,0,0,1,0,0,0
1.665733208,0,0,1,1,1,1
1.665762250,0,0,1,0,0,0
1.665931500,0,0,1,1,1,1
1.665960542,0,0,1,0,0,0
1.666129792,0,0,1,1,1,1
1.666158833,0,0,1,0,0,0
1.666328083,0,0,1,1,1,1
1.666357125,0,0,1,0,0,0
1.666526375,0,0,1,1,1,1
1.666555417,0,0,1,0,0,0
1.666724667,0,0,1,1,1,1
1.666753708,0,0,1,0,0,0
1.666922958,0,0,1,1,1,1
1.666952000,0,0,1,0,0,0
1.667121208,0,0,1,1,1,1
1.667150250,0,0,1,0,0,0
1.667319500,0,0,1,1,1,1
1.667348542,0,0,1,0,0,0
1.667517750,0,0,1,1,1,1
1.667546792,0,0,1,0,0,0
1.667716042,0,0,1,1,1,1
1.667745083,0,0,1,0,0,0
1.667914333,0,0,1,1,1,1
1.667943375,0,0,1,0,0,0
1.668112625,0,0,1,1,1,1
1.668141667,0,0,1,0,0,0
1.668310875,0,0,1,1,1,1
1.668339917,0,0,1,0,0,0
1.668509125,0,0,1,1,1,1
1.668538167,0,0,1,0,0,0
1.668707375,0,0,1,1,1,1
1.668736417,0,0,1,0,0,0
1.668905625,0,0,1,1,1,1
1.668934667,0,0,1,0,0,0
1.669103917,0,0,1,1,1,1
1.669132958,0,0,1,0,0,0
1.669302208,0,0,1,1,1,1
1.669331250,0,0,1,0,0,0
1.669500458,0,0,1,1,1,1
1.669529500,0,0,1,0,0,0
1.669698750,0,0,1,1,1,1
1.669727792,0,0,1,0,0,0
1.669897042,0,0,1,1,1,1
1.669926083,0,0,1,0,0,0
1.670095333,0,0,1,1,1,1
1.670124375,0,0,1,0,0,0
1.670293667,0,0,1,1,1,1
1.670322708,0,0,1,0,0,0
1.670491958,0,0,1,1,1,1
1.670521000,0,0,1,0,0,0
1.670690292,0,0,1,1,1,1
1.670719333,0,0,1,0,0,0
1.670888625,0,0,1,1,1,1
1.670917667,0,0,1,0,0,0
1.671086917,0,0,1,1,1,1
1.671115958,0,0,1,0,0,0
1.671285167,0,0,1,1,1,1
1.671314208,0,0,1,0,0,0
1.671483458,0,0,1,1,1,1
1.671512500,0,0,1,0,0,0
1.671681750,0,0,1,1,1,1
1.671710792,0,0,1,0,0,0
1.671880042,0,0,1,1,1,1
1.671909083,0,0,1,0,0,0
1.672078333,0,0,1,1,1,1
1.672107375,0,0,1,0,0,0
1.672276625,0,0,1,1,1,1
1.672305667,0,0,1,0,0,0
1.672474875,0,0,1,1,1,1
1.672503917,0,0,1,0,0,0
1.672673167,0,0,1,1,1,1
1.672702208,0,0,1,0,0,0
1.672871500,0,0,1,1,1,1
1.672900542,0,0,1,0,0,0
1.673069792,0,0,1,1,1,1
1.673098833,0,0,1,0,0,0
1.673268083,0,0,1,1,1,1
1.673297125,0,0,1,1,0,0
1.673297167,0,0,1,0,0,0
1.673466417,0,0,1,1,1,1
1.673495458,0,0,1,0,0,0
1.673664708,0,0,1,1,1,1
1.673693750,0,0,1,0,0,0
1.673863000,0,0,1,1,1,1
1.673892042,0,0,1,0,0,0
1.674061250,0,0,1,0,0,1
1.674061292,0,0,1,1,1,1
1.674090333,0,0,1,0,0,0
1.674259542,0,0,1,1,1,1
1.674288583,0,0,1,1,0,0
1.674288625,0,0,1,0,0,0
1.674457875,0,0,1,1,1,1
1.674486917,0,0,1,0,0,0
1.674656167,0,0,1,1,1,1
1.674685208,0,0,1,0,0,0
1.674854458,0,0,1,1,1,1
1.674883500,0,0,1,0,0,0
1.675052750,0,0,1,1,1,1
1.675081792,0,0,1,0,0,0
1.675251000,0,0,1,1,1,1
1.675280042,0,0,1,0,0,0
1.675449292,0,0,1,1,1,1
1.675478333,0,0,1,0,0,0
1.675647542,0,0,1,1,1,1
1.675676583,0,0,1,0,0,0
1.675845833,0,0,1,1,1,1
1.675874875,0,0,1,0,0,0
1.676044125,0,0,1,1,1,1
1.676073167,0,0,1,0,0,0
1.676242375,0,0,1,1,1,1
1.676271458,0,0,1,0,0,0
1.676440667,0,0,1,1,1,1
1.676469708,0,0,1,0,0,0
1.676638917,0,0,1,1,1,1
1.676667958,0,0,1,0,0,0
1.676837208,0,0,1,1,1,1
1.676866250,0,0,1,0,0,0
1.677035500,0,0,1,1,1,1
1.677064542,0,0,1,0,0,0
1.677233750,0,0,1,1,1,1
1.677262792,0,0,1,0,0,0
1.677432000,0,0,1,1,1,1
1.677461042,0,0,1,0,0,0
1.677630250,0,0,1,1,1,1
1.677659292,0,0,1,0,0,0
1.677828542,0,0,1,1,1,1
1.677857583,0,0,1,0,0,0
1.678026833,0,0,1,1,1,1
1.678055875,0,0,1,1,0,0
1.678055917,0,0,1,0,0,0
1.678225167,0,0,1,1,1,1
1.678254208,0,0,1,0,0,0
1.678423458,0,0,1,1,1,1
1.678452542,0,0,1,0,0,0
1.678621792,0,0,1,1,1,1
1.678650833,0,0,1,0,0,0
1.678820125,0,0,1,1,1,1
1.678849167,0,0,1,0,0,0
1.679018375,0,0,1,1,1,1
1.679047417,0,0,1,0,0,0
1.679216625,0,0,1,1,1,1
1.679245667,0,0,1,0,0,0
1.679414875,0,0,1,1,1,1
1.679443917,0,0,1,0,0,0
1.679613167,0,0,1,1,1,1
1.679642208,0,0,1,0,0,0
1.679811417,0,0,1,1,1,1
1.679840458,0,0,1,0,0,0
1.680009667,0,0,1,1,1,1
1.680038708,0,0,1,0,0,0
1.680207917,0,0,1,1,1,1
1.680236958,0,0,1,0,0,0
1.680406208,0,0,1,1,1,1
1.680435250,0,0,1,0,0,0
1.680604500,0,0,1,1,1,1
1.680633542,0,0,1,0,0,0
1.680802750,0,0,1,1,1,1
1.680831792,0,0,1,0,0,0
1.681001042,0,0,1,1,1,1
1.681030083,0,0,1,0,0,0
1.681199333,0,0,1,1,1,1
1.681228375,0,0,1,0,0,0
1.681397625,0,0,1,1,1,1
1.681426667,0,0,1,0,0,0
1.681595875,0,0,1,1,1,1
1.681624917,0,0,1,0,0,0
1.681794167,0,0,1,1,1,1
1.681823208,0,0,1,0,0,0
1.681992458,0,0,1,1,1,1
1.682021500,0,0,1,0,0,0
1.682190750,0,0,1,1,1,1
1.682219792,0,0,1,0,0,0
1.682389042,0,0,1,1,1,1
1.682418125,0,0,1,0,0,0
1.682587375,0,0,1,1,1,1
1.682616417,0,0,1,0,0,0
1.682785708,0,0,1,1,1,1
1.682814750,0,0,1,0,0,0
1.682984000,0,0,1,1,1,1
1.683013042,0,0,1,0,0,0
1.683182250,0,0,1,1,1,1
1.683211292,0,0,1,0,0,0
1.683380542,0,0,1,1,1,1
1.683409583,0,0,1,0,0,0
1.683578833,0,0,1,1,1,1
1.683607875,0,0,1,0,0,0
1.683777125,0,0,1,1,1,1
1.683806167,0,0,1,0,0,0
1.683975375,0,0,1,1,1,1
1.684004417,0,0,1,0,0,0
1.684173667,0,0,1,1,1,1
1.684202708,0,0,1,0,0,0
1.684371958,0,0,1,1,1,1
1.684401000,0,0,1,0,0,0
1.684570250,0,0,1,1,1,1
1.684599292,0,0,1,0,0,0
1.684768542,0,0,1,1,1,1
1.684797583,0,0,1,0,0,0
1.684966792,0,0,1,1,1,1
1.684995833,0,0,1,0,0,0
1.685165042,0,0,1,1,1,1
1.685194042,0,0,1,0,0,0
1.685363250,0,0,1,1,1,1
1.685392292,0,0,1,0,0,0
1.685561542,0,0,1,1,1,1
1.685590583,0,0,1,0,0,0
1.685759833,0,0,1,1,1,1
1.685788875,0,0,1,0,0,0
1.685958125,0,0,1,1,1,1
1.685987167,0,0,1,0,0,0
1.686156458,0,0,1,1,1,1
1.686185500,0,0,1,0,0,0
1.686354792,0,0,1,1,1,1
1.686383833,0,0,1,0,0,0
1.686553125,0,0,1,1,1,1
1.686582167,0,0,1,0,0,0
1.686751417,0,0,1,1,1,1
1.686780458,0,0,1,0,0,0
1.686949708,0,0,1,1,1,1
1.686978750,0,0,1,0,0,0
1.687148000,0,0,1,1,1,1
1.687177042,0,0,1,0,0,0
1.687346333,0,0,1,1,1,1
1.687375333,0,0,1,1,0,0
1.687375375,0,0,1,0,0,0
1.687544583,0,0,1,1,1,1
1.687573625,0,0,1,0,0,0
1.687742958,0,0,1,1,1,1
1.687772000,0,0,1,0,0,0
1.687941250,0,0,1,1,1,1
1.687970292,0,0,1,1,0,0
1.687970333,0,0,1,0,0,0
1.688139583,0,0,1,1,1,1
1.688168667,0,0,1,0,0,0
1.688337958,0,0,1,1,1,1
1.688367000,0,0,1,0,0,0
1.688536250,0,0,1,1,1,1
1.688565292,0,0,1,0,0,0
1.688734542,0,0,1,1,1,1
1.688763625,0,0,1,0,0,0
1.688932917,0,0,1,1,1,1
1.688961958,0,0,1,0,0,0
1.689131292,0,0,1,1,1,1
1.689160333,0,0,1,0,0,0
1.689329625,0,0,1,1,1,1
1.689358667,0,0,1,0,0,0
1.689527958,0,0,1,1,1,1
1.689557000,0,0,1,0,0,0
1.689726250,0,0,1,1,1,1
1.689755333,0,0,1,0,0,0
1.689924583,0,0,1,1,1,1
1.689953667,0,0,1,0,0,0
1.690122875,0,0,1,1,1,1
1.690151917,0,0,1,0,0,0
1.690321125,0,0,1,1,1,1
1.690350167,0,0,1,0,0,0
1.690519375,0,0,1,1,1,1
1.690548417,0,0,1,0,0,0
1.690717625,0,0,1,1,1,1
1.690746667,0,0,1,0,0,0
1.690915875,0,0,1,1,1,1
1.690944917,0,0,1,0,0,0
1.691114167,0,0,1,1,1,1
1.691143167,0,0,1,0,0,0
1.691312417,0,0,1,1,1,1
1.691341458,0,0,1,0,0,0
1.691510667,0,0,1,1,1,1
1.691539708,0,0,1,0,0,0
1.691708958,0,0,1,1,1,1
1.691738000,0,0,1,0,0,0
1.691907250,0,0,1,1,1,1
1.691936292,0,0,1,0,0,0
1.692105542,0,0,1,1,1,1
1.692134583,0,0,1,0,0,0
1.692303875,0,0,1,1,1,1
1.692332917,0,0,1,0,0,0
1.692502208,0,0,1,1,1,1
1.692531292,0,0,1,0,0,0
1.692700625,0,0,1,1,1,1
1.692729667,0,0,1,0,0,0
1.692898958,0,0,1,1,1,1
1.692928000,0,0,1,0,0,0
1.693097292,0,0,1,1,1,1
1.693126375,0,0,1,0,0,0
1.693295667,0,0,1,1,1,1
1.693324708,0,0,1,0,0,0
1.693494000,0,0,1,1,1,1
1.693523042,0,0,1,0,0,0
1.693692333,0,0,1,1,1,1
1.693721417,0,0,1,0,0,0
1.693890667,0,0,1,1,1,1
1.693919708,0,0,1,1,0,0
1.693919750,0,0,1,0,0,0
1.694089000,0,0,1,1,1,1
1.694118042,0,0,1,0,0,0
1.694287333,0,0,1,1,1,1
1.694316375,0,0,1,0,0,0
1.694485667,0,0,1,1,1,1
1.694514708,0,0,1,0,0,0
1.694684000,0,0,1,1,1,1
1.694713042,0,0,1,0,0,0
1.694882333,0,0,1,1,1,1
1.694911375,0,0,1,0,0,0
1.695080667,0,0,1,1,1,1
1.695109708,0,0,1,0,0,0
1.695278958,0,0,1,1,1,1
1.695308042,0,0,1,0,0,0
1.695477292,0,0,1,1,1,1
1.695506333,0,0,1,0,0,0
1.695675625,0,0,1,1,1,1
1.695704667,0,0,1,0,0,0
1.695873958,0,0,1,1,1,1
1.695903000,0,0,1,0,0,0
1.696072292,0,0,1,1,1,1
1.696101333,0,0,1,0,0,0
1.696270583,0,0,1,1,1,1
1.696299667,0,0,1,0,0,0
1.696468958,0,0,1,1,1,1
1.696498000,0,0,1,0,0,0
1.696667292,0,0,1,1,1,1
1.696696333,0,0,1,0,0,0
1.696865583,0,0,1,1,1,1
1.696894625,0,0,1,0,0,0
1.697063875,0,0,1,1,1,1
1.697092917,0,0,1,0,0,0
1.697262208,0,0,1,1,1,1
1.697291250,0,0,1,0,0,0
1.697460500,0,0,1,1,1,1
1.697489542,0,0,1,0,0,0
1.697658792,0,0,1,1,1,1
1.697687833,0,0,1,0,0,0
1.697857083,0,0,1,1,1,1
1.697886125,0,0,1,0,0,0
1.698055333,0,0,1,1,1,1
1.698084375,0,0,1,1,0,1
1.698084417,0,0,1,0,0,0
1.698253667,0,0,1,1,1,1
1.698282708,0,0,1,0,0,0
1.698451958,0,0,1,1,1,1
1.698481000,0,0,1,0,0,0
1.698650292,0,0,1,1,1,1
1.698679333,0,0,1,0,0,0
1.698848667,0,0,1,1,1,1
1.698877708,0,0,1,0,0,0
1.699047000,0,0,1,1,1,1
1.699076083,0,0,1,0,0,0
1.699245375,0,0,1,1,1,1
1.699274417,0,0,1,0,0,0
1.699443667,0,0,1,1,1,1
1.699472708,0,0,1,0,0,0
1.699642000,0,0,1,1,1,1
1.699671042,0,0,1,0,0,0
1.699840292,0,0,1,1,1,1
1.699869333,0,0,1,0,0,0
1.700038542,0,0,1,1,1,1
1.700067583,0,0,1,1,0,0
1.700067625,0,0,1,0,0,0
1.700236875,0,0,1,1,1,1
1.700265917,0,0,1,0,0,0
1.700435167,0,0,1,1,1,1
1.700464250,0,0,1,0,0,0
1.700633500,0,0,1,1,1,1
1.700662542,0,0,1,0,0,0
1.700831792,0,0,1,1,1,1
1.700860833,0,0,1,0,0,0
1.701030083,0,0,1,1,1,1
1.701059125,0,0,1,0,0,0
1.701228333,0,0,1,1,1,1
1.701257375,0,0,1,0,0,0
1.701426625,0,0,1,1,1,1
1.701455667,0,0,1,0,0,0
1.701624875,0,0,1,1,1,1
1.701653917,0,0,1,0,0,0
1.701823167,0,0,1,1,1,1
1.701852208,0,0,1,0,0,0
1.702021500,0,0,1,1,1,1
1.702050542,0,0,1,0,0,0
1.702219792,0,0,1,1,1,1
1.702248833,0,0,1,0,0,0
1.702418125,0,0,1,1,1,1
1.702447167,0,0,1,0,0,0
1.702616458,0,0,1,1,1,1
1.702645500,0,0,1,0,0,0
1.702814792,0,0,1,1,1,1
1.702843875,0,0,1,0,0,0
1.703013208,0,0,1,1,1,1
1.703042250,0,0,1,0,0,0
1.703211542,0,0,1,0,1,1
1.703211583,0,0,1,1,1,1
1.703240625,0,0,1,0,0,0
1.703409875,0,0,1,1,1,1
1.703438917,0,0,1,0,0,0
1.703608167,0,0,1,1,1,1
1.703637208,0,0,1,0,0,0
1.703806458,0,0,1,1,1,1
1.703835500,0,0,1,0,0,0
1.704004750,0,0,1,1,1,1
1.704033792,0,0,1,0,0,0
1.704203000,0,0,1,1,1,1
1.704232042,0,0,1,1,0,0
1.704232083,0,0,1,0,0,0
1.704401292,0,0,1,1,1,1
1.704430375,0,0,1,0,0,0
1.704599583,0,0,1,1,1,1
1.704628625,0,0,1,0,0,0
1.704797917,0,0,1,1,1,1
1.704826958,0,0,1,0,0,0
1.704996208,0,0,1,1,1,1
1.705025250,0,0,1,0,0,0
1.705194500,0,0,1,1,1,1
1.705223583,0,0,1,0,0,0
1.705392792,0,0,1,1,1,1
1.705421833,0,0,1,0,0,0
1.705591083,0,0,1,1,1,1
1.705620125,0,0,1,0,0,0
1.705789375,0,0,1,1,1,1
1.705818417,0,0,1,0,0,0
1.705987667,0,0,1,1,1,1
1.706016708,0,0,1,0,0,0
1.706186000,0,0,1,1,1,1
1.706215042,0,0,1,0,0,0
1.706384333,0,0,1,1,1,1
1.706413375,0,0,1,0,0,0
1.706582625,0,0,1,1,1,1
1.706611667,0,0,1,0,0,0
1.706780958,0,0,1,1,1,1
1.706810000,0,0,1,0,0,0
1.706979250,0,0,1,1,1,1
1.707008292,0,0,1,0,0,0
1.707177542,0,0,1,1,1,1
1.707206583,0,0,1,0,0,0
1.707375833,0,0,1,1,1,1
1.707404875,0,0,1,0,0,0
1.707574125,0,0,1,1,1,1
1.707603167,0,0,1,0,0,0
1.707772375,0,0,1,1,1,1
1.707801417,0,0,1,0,0,0
1.707970625,0,0,1,1,1,1
1.707999667,0,0,1,0,0,0
1.708168875,0,0,1,1,1,1
1.708197917,0,0,1,0,0,0
1.708367167,0,0,1,1,1,1
1.708396167,0,0,1,0,0,0
1.708565417,0,0,1,1,1,1
1.708594458,0,0,1,0,0,0
1.708763750,0,0,1,1,1,1
1.708792792,0,0,1,0,0,0
1.708962042,0,0,1,1,1,1
1.708991083,0,0,1,0,0,0
1.709160375,0,0,1,1,1,1
1.709189417,0,0,1,0,0,0
1.709358667,0,0,1,0,1,1
1.709358708,0,0,1,1,1,1
1.709387750,0,0,1,0,0,0
1.709557000,0,0,1,1,1,1
1.709586042,0,0,1,0,0,0
1.709755292,0,0,1,1,1,1
1.709784333,0,0,1,0,0,0
1.709953542,0,0,1,1,1,1
1.709982583,0,0,1,0,0,0
1.710151792,0,0,1,1,1,1
1.710180833,0,0,1,0,0,0
1.710350083,0,0,1,1,1,1
1.710379125,0,0,1,0,0,0
1.710548375,0,0,1,1,1,1
1.710577417,0,0,1,0,0,0
1.710746625,0,0,1,1,1,1
1.710775667,0,0,1,0,0,0
1.710944917,0,0,1,1,1,1
1.710973958,0,0,1,0,0,0
1.711143208,0,0,1,1,1,1
1.711172250,0,0,1,0,0,0
1.711341458,0,0,1,1,1,1
1.711370500,0,0,1,0,0,0
1.711539708,0,0,1,1,1,1
1.711568750,0,0,1,0,0,0
1.711738000,0,0,1,1,1,1
1.711767042,0,0,1,0,0,0
1.711936292,0,0,1,1,1,1
1.711965333,0,0,1,0,0,0
1.712134583,0,0,1,1,1,1
1.712163667,0,0,1,0,0,0
1.712332917,0,0,1,1,1,1
1.712361958,0,0,1,0,0,0
1.712531250,0,0,1,1,1,1
1.712560292,0,0,1,0,0,0
1.712729583,0,0,1,1,1,1
1.712758625,0,0,1,0,0,0
1.712927917,0,0,1,1,1,1
1.712956958,0,0,1,0,0,0
1.713126250,0,0,1,1,1,1
1.713155292,0,0,1,1,0,0
1.713155333,0,0,1,0,0,0
1.713324583,0,0,1,1,1,1
1.713353625,0,0,1,0,0,0
1.713522875,0,0,1,1,1,1
1.713551917,0,0,1,0,0,0
1.713721125,0,0,1,1,1,1
1.713750208,0,0,1,0,0,0
1.713919458,0,0,1,1,1,1
1.713948500,0,0,1,0,0,0
1.714117750,0,0,1,1,1,1
1.714146792,0,0,1,0,0,0
1.714316042,0,0,1,1,1,1
1.714345083,0,0,1,0,0,0
1.714514333,0,0,1,0,1,1
1.714514375,0,0,1,1,1,1
1.714543417,0,0,1,0,0,0
1.714712667,0,0,1,1,1,1
1.714741708,0,0,1,0,0,0
1.714910958,0,0,1,1,1,1
1.714940000,0,0,1,0,0,0
1.715109250,0,0,1,1,1,1
1.715138333,0,0,1,0,0,0
1.715307583,0,0,1,1,1,1
1.715336625,0,0,1,0,0,0
1.715505833,0,0,1,1,1,1
1.715534875,0,0,1,0,0,0
1.715704083,0,0,1,1,1,1
1.715733125,0,0,1,0,0,0
1.715902375,0,0,1,1,1,1
1.715931417,0,0,1,0,0,0
1.716100667,0,0,1,1,1,1
1.716129708,0,0,1,0,0,0
1.716298958,0,0,1,1,1,1
1.716328000,0,0,1,0,0,0
1.716497208,0,0,1,1,1,1
1.716526250,0,0,1,0,0,0
1.716695500,0,0,1,1,1,1
1.716724500,0,0,1,0,0,0
1.716893708,0,0,1,1,1,1
1.716922750,0,0,1,0,0,0
1.717091958,0,0,1,1,1,1
1.717121000,0,0,1,0,0,0
1.717290208,0,0,1,1,1,1
1.717319250,0,0,1,0,0,0
1.717488458,0,0,1,1,1,1
1.717517500,0,0,1,0,0,0
1.717686708,0,0,1,1,1,1
1.717715750,0,0,1,0,0,0
1.717884958,0,0,1,1,1,1
1.717914000,0,0,1,0,0,0
1.718083208,0,0,1,1,1,1
1.718112250,0,0,1,0,0,0
1.718281500,0,0,1,1,1,1
1.718310542,0,0,1,0,0,0
1.718479792,0,0,1,1,1,1
1.718508833,0,0,1,0,0,0
1.718678083,0,0,1,1,1,1
1.718707125,0,0,1,0,0,0
1.718876375,0,0,1,1,1,1
1.718905417,0,0,1,0,0,0
1.719074708,0,0,1,1,1,1
1.719103750,0,0,1,1,0,0
1.719103792,0,0,1,0,0,0
1.719273000,0,0,1,1,1,1
1.719302042,0,0,1,0,0,0
1.719471333,0,0,1,1,1,1
1.719500375,0,0,1,0,0,0
1.719669625,0,0,1,1,1,1
1.719698667,0,0,1,0,0,0
1.719867958,0,0,1,1,1,1
1.719897000,0,0,1,0,0,0
1.720066292,0,0,1,1,1,1
1.720095333,0,0,1,0,0,0
1.720264625,0,0,1,1,1,1
1.720293667,0,0,1,0,0,0
1.720462917,0,0,1,1,1,1
1.720492000,0,0,1,0,0,0
1.720661250,0,0,1,1,1,1
1.720690292,0,0,1,0,0,0
1.720859583,0,0,1,1,1,1
1.720888667,0,0,1,0,0,0
1.721057958,0,0,1,1,1,1
1.721087000,0,0,1,0,0,0
1.721256292,0,0,1,1,1,1
1.721285333,0,0,1,0,0,0
1.721454583,0,0,1,1,1,1
1.721483625,0,0,1,1,0,0
1.721483667,0,0,1,0,0,0
1.721652875,0,0,1,1,1,1
1.721681917,0,0,1,0,0,0
1.721851125,0,0,1,1,1,1
1.721880208,0,0,1,0,0,0
1.722049458,0,0,1,1,1,1
1.722078500,0,0,1,0,0,0
1.722247750,0,0,1,1,1,1
1.722276792,0,0,1,0,0,0
1.722446042,0,0,1,1,1,1
1.722475083,0,0,1,0,0,0
1.722644333,0,0,1,1,1,1
1.722673375,0,0,1,0,0,0
1.722842583,0,0,1,1,1,1
1.722871625,0,0,1,0,0,0
1.723040833,0,0,1,1,1,1
1.723069875,0,0,1,0,0,0
1.723239125,0,0,1,1,1,1
1.723268167,0,0,1,0,0,0
1.723437417,0,0,1,1,1,1
1.723466458,0,0,1,0,0,0
1.723635667,0,0,1,1,1,1
1.723664708,0,0,1,0,0,0
1.723833875,0,0,1,1,1,1
1.723862917,0,0,1,0,0,0
1.724032167,0,0,1,1,1,1
1.724061167,0,0,1,0,0,0
1.724230375,0,0,1,1,1,1
1.724259417,0,0,1,0,0,0
1.724428625,0,0,1,0,1,1
1.724428667,0,0,1,1,1,1
1.724457708,0,0,1,0,0,0
1.724626917,0,0,1,1,1,1
1.724655958,0,0,1,0,0,0
1.724825208,0,0,1,1,1,1
1.724854250,0,0,1,0,0,0
1.725023458,0,0,1,1,1,1
1.725052500,0,0,1,0,0,0
1.725221750,0,0,1,1,1,1
1.725250792,0,0,1,0,0,0
1.725420042,0,0,1,1,1,1
1.725449083,0,0,1,1,0,0
1.725449125,0,0,1,0,0,0
1.725618375,0,0,1,1,1,1
1.725647417,0,0,1,0,0,0
1.725816667,0,0,1,1,1,1
1.725845708,0,0,1,0,0,0
1.726014958,0,0,1,1,1,1
1.726044000,0,0,1,0,0,0
1.726213208,0,0,1,1,1,1
1.726242250,0,0,1,0,0,0
1.726411500,0,0,1,1,1,1
1.726440542,0,0,1,0,0,0
1.726609750,0,0,1,1,1,1
1.726638792,0,0,1,0,0,0
1.726808000,0,0,1,1,1,1
1.726837042,0,0,1,0,0,0
1.727006292,0,0,1,1,1,1
1.727035292,0,0,1,0,0,0
1.727204542,0,0,1,1,1,1
1.727233583,0,0,1,0,0,0
1.727402792,0,0,1,1,1,1
1.727431833,0,0,1,0,0,0
1.727601083,0,0,1,1,1,1
1.727630125,0,0,1,0,0,0
1.727799333,0,0,1,1,1,1
1.727828375,0,0,1,0,0,0
1.727997583,0,0,1,1,1,1
1.728026625,0,0,1,0,0,0
1.728195833,0,0,1,1,1,1
1.728224875,0,0,1,0,0,0
1.728394125,0,0,1,1,1,1
1.728423167,0,0,1,0,0,0
1.728592417,0,0,1,1,1,1
1.728621417,0,0,1,0,0,0
1.728790667,0,0,1,1,1,1
1.728819708,0,0,1,0,0,0
1.728989000,0,0,1,1,1,1
1.729018042,0,0,1,0,0,0
1.729187333,0,0,1,1,1,1
1.729216417,0,0,1,0,0,0
1.729385667,0,0,1,1,1,1
1.729414750,0,0,1,0,0,0
1.729584000,0,0,1,1,1,1
1.729613083,0,0,1,0,0,0
1.729782333,0,0,1,0,1,1
1.729782375,0,0,1,1,1,1
1.729811417,0,0,1,0,0,0
1.729980667,0,0,1,1,1,1
1.730009750,0,0,1,0,0,0
1.730179042,0,0,1,1,1,1
1.730208083,0,0,1,0,0,0
1.730377375,0,0,1,1,1,1
1.730406458,0,0,1,0,0,0
1.730575708,0,0,1,1,1,1
1.730604792,0,0,1,0,0,0
1.730774083,0,0,1,1,1,1
1.730803125,0,0,1,0,0,0
1.730972375,0,0,1,1,1,1
1.731001417,0,0,1,0,0,0
1.731170708,0,0,1,1,1,1
1.731199792,0,0,1,0,0,0
1.731369125,0,0,1,1,1,1
1.731398167,0,0,1,0,0,0
1.731567458,0,0,1,1,1,1
1.731596500,0,0,1,0,0,0
1.731765792,0,0,1,1,1,1
1.731794875,0,0,1,0,0,0
1.731964125,0,0,1,1,1,1
1.731993167,0,0,1,0,0,0
1.732162375,0,0,1,1,1,1
1.732191417,0,0,1,0,0,0
1.732360625,0,0,1,1,1,1
1.732389667,0,0,1,0,0,0
1.732558875,0,0,1,1,1,1
1.732587917,0,0,1,0,0,0
1.732757167,0,0,1,1,1,1
1.732786208,0,0,1,0,0,0
1.732955458,0,0,1,1,1,1
1.732984500,0,0,1,0,0,0
1.733153750,0,0,1,1,1,1
1.733182833,0,0,1,0,0,0
1.733352083,0,0,1,1,1,1
1.733381125,0,0,1,0,0,0
1.733550375,0,0,1,1,1,1
1.733579417,0,0,1,0,0,0
1.733748667,0,0,1,1,1,1
1.733777750,0,0,1,0,0,0
1.733946958,0,0,1,1,1,1
1.733976000,0,0,1,0,0,0
1.734145208,0,0,1,1,1,1
1.734174250,0,0,1,0,0,0
1.734343500,0,0,1,1,1,1
1.734372500,0,0,1,0,0,0
1.734541750,0,0,1,1,1,1
1.734570792,0,0,1,0,0,0
1.734740000,0,0,1,1,1,1
1.734769042,0,0,1,0,0,0
1.734938292,0,0,1,1,1,1
1.734967333,0,0,1,0,0,0
1.735136542,0,0,1,0,1,0
1.735136583,0,0,1,1,1,1
1.735165625,0,0,1,0,0,0
1.735334875,0,0,1,1,1,1
1.735363917,0,0,1,0,0,0
1.735533167,0,0,1,1,1,1
1.735562208,0,0,1,0,0,0
1.735731458,0,0,1,1,1,1
1.735760500,0,0,1,0,0,0
1.735929750,0,0,1,1,1,1
1.735958792,0,0,1,0,0,0
1.736128125,0,0,1,1,1,1
1.736157167,0,0,1,0,0,0
1.736326500,0,0,1,1,1,1
1.736355542,0,0,1,0,0,0
1.736524875,0,0,1,1,1,1
1.736553917,0,0,1,0,0,0
1.736723250,0,0,1,1,1,1
1.736752292,0,0,1,0,0,0
1.736921542,0,0,1,1,1,1
1.736950583,0,0,1,0,0,0
1.737119875,0,0,1,1,1,1
1.737148917,0,0,1,0,0,0
1.737318167,0,0,1,1,1,1
1.737347208,0,0,1,0,0,0
1.737516500,0,0,1,1,1,1
1.737545542,0,0,1,0,0,0
1.737714833,0,0,1,1,1,1
1.737743875,0,0,1,0,0,0
1.737913167,0,0,1,1,1,1
1.737942208,0,0,1,0,0,0
1.738111458,0,0,1,1,1,1
1.738140500,0,0,1,0,0,0
1.738309750,0,0,1,1,1,1
1.738338833,0,0,1,0,0,0
1.738508083,0,0,1,1,1,1
1.738537125,0,0,1,0,0,0
1.738706375,0,0,1,1,1,1
1.738735458,0,0,1,0,0,0
1.738904750,0,0,1,1,1,1
1.738933792,0,0,1,0,0,0
1.739103083,0,0,1,1,1,1
1.739132125,0,0,1,0,0,0
1.739301458,0,0,1,1,1,1
1.739330500,0,0,1,0,0,0
1.739499792,0,0,1,1,1,1
1.739528833,0,0,1,0,0,0
1.739698083,0,0,1,1,1,1
1.739727167,0,0,1,0,0,0
1.739896458,0,0,1,1,1,1
1.739925500,0,0,1,0,0,0
1.740094792,0,0,1,1,1,1
1.740123833,0,0,1,0,0,0
1.740293167,0,0,1,1,1,1
1.740322208,0,0,1,0,0,0
1.740491583,0,0,1,1,1,1
1.740520625,0,0,1,0,0,0
1.740689958,0,0,1,1,1,1
1.740719000,0,0,1,0,0,0
1.740888333,0,0,1,1,1,1
1.740917417,0,0,1,0,0,0
1.741086792,0,0,1,1,1,1
1.741115833,0,0,1,0,0,0
1.741285208,0,0,1,1,1,1
1.741314250,0,0,1,0,0,0
1.741483583,0,0,1,1,1,1
1.741512625,0,0,1,0,0,0
1.741681917,0,0,1,1,1,1
1.741710958,0,0,1,1,0,0
1.741711000,0,0,1,0,0,0
1.741880250,0,0,1,1,1,1
1.741909292,0,0,1,0,0,0
1.742078583,0,0,1,1,1,1
1.742107625,0,0,1,0,0,0
1.742276917,0,0,1,1,1,1
1.742305958,0,0,1,0,0,0
1.742475250,0,0,1,1,1,1
1.742504292,0,0,1,0,0,0
1.742673542,0,0,1,1,1,1
1.742702583,0,0,1,0,0,0
1.742871875,0,0,1,1,1,1
1.742900917,0,0,1,0,0,0
1.743070208,0,0,1,1,1,1
1.743099250,0,0,1,0,0,0
1.743268542,0,0,1,1,1,1
1.743297583,0,0,1,0,0,0
1.743466875,0,0,1,1,1,1
1.743495917,0,0,1,0,0,0
1.743665208,0,0,1,0,1,1
1.743665250,0,0,1,1,1,1
1.743694292,0,0,1,0,0,0
1.743863583,0,0,1,1,1,1
1.743892625,0,0,1,0,0,0
1.744061958,0,0,1,1,1,1
1.744091000,0,0,1,0,0,0
1.744260250,0,0,1,1,1,1
1.744289292,0,0,1,0,0,0
1.744458542,0,0,1,0,1,1
1.744458583,0,0,1,1,1,1
1.744487625,0,0,1,0,0,0
1.744656875,0,0,1,1,1,1
1.744685917,0,0,1,0,0,0
1.744855167,0,0,1,1,1,1
1.744884208,0,0,1,0,0,0
1.745053458,0,0,1,1,1,1
1.745082500,0,0,1,0,0,0
1.745251750,0,0,1,1,1,1
1.745280792,0,0,1,0,0,0
1.745450000,0,0,1,1,1,1
1.745479000,0,0,1,0,0,0
1.745648250,0,0,1,1,1,1
1.745677292,0,0,1,0,0,0
1.745846542,0,0,1,1,1,1
1.745875583,0,0,1,0,0,0
1.746044750,0,0,1,1,1,1
1.746073792,0,0,1,0,0,0
1.746243000,0,0,1,1,1,1
1.746272042,0,0,1,0,0,0
1.746441292,0,0,1,1,1,1
1.746470333,0,0,1,0,0,0
1.746639583,0,0,1,1,1,1
1.746668625,0,0,1,0,0,0
1.746837833,0,0,1,1,1,1
1.746866875,0,0,1,0,0,0
1.747036083,0,0,1,1,1,1
1.747065125,0,0,1,0,0,0
1.747234375,0,0,1,1,1,1
1.747263417,0,0,1,0,0,0
1.747432625,0,0,1,1,1,1
1.747461667,0,0,1,0,0,0
1.747630917,0,0,1,1,1,1
1.747659958,0,0,1,0,0,0
1.747829208,0,0,1,1,1,1
1.747858250,0,0,1,0,0,0
1.748027458,0,0,1,1,1,1
1.748056500,0,0,1,0,0,0
1.748225750,0,0,1,1,1,1
1.748254792,0,0,1,0,0,0
1.748424000,0,0,1,1,1,1
1.748453042,0,0,1,0,0,0
1.748622292,0,0,1,1,1,1
1.748651333,0,0,1,0,0,0
1.748820583,0,0,1,1,1,1
1.748849625,0,0,1,0,0,0
1.749018875,0,0,1,1,1,1
1.749047917,0,0,1,0,0,0
1.749217167,0,0,1,1,1,1
1.749246208,0,0,1,0,0,0
1.749415542,0,0,1,1,1,1
1.749444583,0,0,1,0,0,0
1.749613875,0,0,1,1,1,1
1.749642917,0,0,1,0,0,0
1.749812125,0,0,1,1,1,1
1.749841167,0,0,1,0,0,0
1.750010417,0,0,1,1,1,1
1.750039458,0,0,1,0,0,0
1.750208708,0,0,1,1,1,1
1.750237750,0,0,1,0,0,0
1.750407000,0,0,1,1,1,1
1.750436042,0,0,1,1,0,0
1.750436083,0,0,1,0,0,0
1.750605292,0,0,1,1,1,1
1.750634333,0,0,1,0,0,0
1.750803542,0,0,1,0,1,0
1.750803583,0,0,1,1,1,1
1.750832625,0,0,1,0,0,0
1.751001833,0,0,1,1,1,1
1.751030917,0,0,1,0,0,0
1.751200125,0,0,1,1,1,1
1.751229167,0,0,1,0,0,0
1.751398375,0,0,1,1,1,1
1.751427417,0,0,1,0,0,0
1.751596625,0,0,1,1,1,1
1.751625667,0,0,1,0,0,0
1.751794917,0,0,1,1,1,1
1.751823958,0,0,1,1,0,1
1.751824000,0,0,1,0,0,0
1.751993250,0,0,1,1,1,1
1.752022333,0,0,1,0,0,0
1.752191583,0,0,1,1,1,1
1.752220625,0,0,1,0,0,0
1.752389958,0,0,1,1,1,1
1.752419000,0,0,1,0,0,0
1.752588250,0,0,1,1,1,1
1.752617292,0,0,1,0,0,0
1.752786542,0,0,1,1,1,1
1.752815583,0,0,1,0,0,0
1.752984875,0,0,1,1,1,1
1.753013917,0,0,1,0,0,0
1.753183208,0,0,1,1,1,1
1.753212250,0,0,1,0,0,0
1.753381542,0,0,1,1,1,1
1.753410583,0,0,1,0,0,0
1.753579875,0,0,1,1,1,1
1.753608917,0,0,1,0,0,0
1.753778208,0,0,1,1,1,1
1.753807250,0,0,1,0,0,0
1.753976542,0,0,1,1,1,1
1.754005583,0,0,1,0,0,0
1.754174833,0,0,1,1,1,1
1.754203917,0,0,1,0,0,0
1.754373167,0,0,1,1,1,1
1.754402208,0,0,1,0,0,0
1.754571458,0,0,1,0,1,1
1.754571500,0,0,1,1,1,1
1.754600542,0,0,1,0,0,0
1.754769750,0,0,1,1,1,1
1.754798792,0,0,1,0,0,0
1.754968042,0,0,1,1,1,1
1.754997083,0,0,1,0,0,0
1.755166375,0,0,1,1,1,1
1.755195417,0,0,1,0,0,0
1.755364708,0,0,1,1,1,1
1.755393750,0,0,1,0,0,0
1.755563042,0,0,1,1,1,1
1.755592083,0,0,1,0,0,0
1.755761375,0,0,1,1,1,1
1.755790417,0,0,1,0,0,0
1.755959708,0,0,1,1,1,1
1.755988750,0,0,1,0,0,0
1.756158000,0,0,1,1,1,1
1.756187042,0,0,1,0,0,0
1.756356292,0,0,1,1,1,1
1.756385333,0,0,1,0,0,0
1.756554583,0,0,1,1,1,1
1.756583667,0,0,1,0,0,0
1.756752958,0,0,1,1,1,1
1.756782000,0,0,1,0,0,0
1.756951250,0,0,1,1,1,1
1.756980292,0,0,1,0,0,0
1.757149500,0,0,1,1,1,1
1.757178542,0,0,1,0,0,0
1.757347792,0,0,1,1,1,1
1.757376833,0,0,1,0,0,0
1.757546083,0,0,1,1,1,1
1.757575125,0,0,1,0,0,0
1.757744417,0,0,1,1,1,1
1.757773458,0,0,1,0,0,0
1.757942708,0,0,1,1,1,1
1.757971750,0,0,1,0,0,0
1.758141000,0,0,1,1,1,1
1.758170042,0,0,1,0,0,0
1.758339250,0,0,1,1,1,1
1.758368292,0,0,1,0,0,0
1.758537500,0,0,1,1,1,1
1.758566542,0,0,1,0,0,0
1.758735750,0,0,1,1,1,1
1.758764792,0,0,1,0,0,0
1.758934042,0,0,1,1,1,1
1.758963083,0,0,1,0,0,0
1.759132333,0,0,1,1,1,1
1.759161375,0,0,1,0,0,0
1.759330625,0,0,1,1,1,1
1.759359667,0,0,1,0,0,0
1.759528875,0,0,1,1,1,1
1.759557958,0,0,1,0,0,0
1.759727167,0,0,1,1,1,1
1.759756250,0,0,1,0,0,0
1.759925500,0,0,1,1,1,1
1.759954583,0,0,1,0,0,0
1.760123875,0,0,1,1,1,1
1.760152917,0,0,1,0,0,0
1.760322208,0,0,1,1,1,1
1.760351250,0,0,1,0,0,0
1.760520542,0,0,1,1,1,1
1.760549625,0,0,1,0,0,0
1.760718917,0,0,1,1,1,1
1.760747958,0,0,1,0,0,0
1.760917250,0,0,1,1,1,1
1.760946292,0,0,1,0,0,0
1.761115583,0,0,1,1,1,1
1.761144625,0,0,1,1,0,0
1.761144667,0,0,1,0,0,0
1.761313958,0,0,1,1,1,1
1.761343000,0,0,1,0,0,0
1.761512250,0,0,1,1,1,1
1.761541292,0,0,1,0,0,0
1.761710542,0,0,1,1,1,1
1.761739583,0,0,1,0,0,0
1.761908792,0,0,1,1,1,1
1.761937833,0,0,1,0,0,0
1.762107042,0,0,1,1,1,1
1.762136083,0,0,1,0,0,0
1.762305333,0,0,1,0,1,1
1.762305375,0,0,1,1,1,1
1.762334417,0,0,1,0,0,0
1.762503708,0,0,1,1,1,1
1.762532750,0,0,1,0,0,0
1.762702042,0,0,1,1,1,1
1.762731083,0,0,1,0,0,0
1.762900375,0,0,1,1,1,1
1.762929417,0,0,1,0,0,0
1.763098667,0,0,1,1,1,1
1.763127708,0,0,1,0,0,0
1.763297000,0,0,1,1,1,1
1.763326042,0,0,1,0,0,0
1.763495292,0,0,1,1,1,1
1.763524333,0,0,1,0,0,0
1.763693583,0,0,1,1,1,1
1.763722625,0,0,1,0,0,0
1.763891833,0,0,1,1,1,1
1.763920875,0,0,1,0,0,0
1.764090125,0,0,1,1,1,1
1.764119208,0,0,1,0,0,0
1.764288458,0,0,1,1,1,1
1.764317500,0,0,1,0,0,0
1.764486750,0,0,1,1,1,1
1.764515792,0,0,1,0,0,0
1.764685083,0,0,1,1,1,1
1.764714125,0,0,1,0,0,0
1.764883375,0,0,1,1,1,1
1.764912458,0,0,1,0,0,0
1.765081708,0,0,1,1,1,1
1.765110750,0,0,1,0,0,0
1.765280000,0,0,1,1,1,1
1.765309042,0,0,1,0,0,0
1.765478292,0,0,1,1,1,1
1.765507333,0,0,1,0,0,0
1.765676625,0,0,1,1,1,1
1.765705667,0,0,1,0,0,0
1.765874917,0,0,1,1,1,1
1.765904000,0,0,1,0,0,0
1.766073292,0,0,1,1,1,1
1.766102333,0,0,1,0,0,0
1.766271625,0,0,1,1,1,1
1.766300708,0,0,1,0,0,0
1.766469958,0,0,1,1,1,1
1.766499000,0,0,1,0,0,0
1.766668250,0,0,1,1,1,1
1.766697333,0,0,1,0,0,0
1.766866583,0,0,1,1,1,1
1.766895667,0,0,1,0,0,0
1.767064958,0,0,1,1,1,1
1.767094000,0,0,1,0,0,0
1.767263292,0,0,1,1,1,1
1.767292333,0,0,1,0,0,0
1.767461625,0,0,1,1,1,1
1.767490667,0,0,1,0,0,0
1.767659958,0,0,1,1,1,1
1.767689000,0,0,1,0,0,0
1.767858292,0,0,1,1,1,1
1.767887333,0,0,1,0,0,0
1.768056625,0,0,1,1,1,1
1.768085667,0,0,1,0,0,0
1.768254958,0,0,1,1,1,1
1.768284000,0,0,1,0,0,0
1.768453292,0,0,1,1,1,1
1.768482333,0,0,1,0,0,0
1.768651625,0,0,1,1,1,1
1.768680667,0,0,1,0,0,0
1.768850000,0,0,1,1,1,1
1.768879042,0,0,1,0,0,0
1.769048333,0,0,1,1,1,1
1.769077417,0,0,1,0,0,0
1.769246708,0,0,1,1,1,1
1.769275750,0,0,1,0,0,0
1.769445042,0,0,1,1,1,1
1.769474083,0,0,1,0,0,0
1.769643375,0,0,1,1,1,1
1.769672417,0,0,1,0,0,0
1.769841667,0,0,1,1,1,1
1.769870750,0,0,1,0,0,0
1.770040000,0,0,1,1,1,1
1.770069042,0,0,1,0,0,0
1.770238292,0,0,1,1,1,1
1.770267333,0,0,1,0,0,0
1.770436583,0,0,1,1,1,1
1.770465625,0,0,1,0,0,0
1.770634917,0,0,1,1,1,1
1.770663958,0,0,1,0,0,0
1.770833208,0,0,1,1,1,1
1.770862250,0,0,1,0,0,0
1.771031542,0,0,1,1,1,1
1.771060583,0,0,1,0,0,0
1.771229792,0,0,1,1,1,1
1.771258833,0,0,1,0,0,0
1.771428083,0,0,1,1,1,1
1.771457125,0,0,1,0,0,0
1.771626417,0,0,1,1,1,1
1.771655458,0,0,1,0,0,0
1.771824708,0,0,1,1,1,1
1.771853750,0,0,1,0,0,0
1.772023000,0,0,1,1,1,1
1.772052042,0,0,1,0,0,0
1.772221292,0,0,1,1,1,1
1.772250333,0,0,1,0,0,0
1.772419583,0,0,1,1,1,1
1.772448625,0,0,1,0,0,0
1.772617833,0,0,1,1,1,1
1.772646875,0,0,1,0,0,0
1.772816125,0,0,1,1,1,1
1.772845167,0,0,1,0,0,0
1.773014375,0,0,1,1,1,1
1.773043417,0,0,1,0,0,0
1.773212625,0,0,1,1,1,1
1.773241667,0,0,1,0,0,0
1.773410875,0,0,1,1,1,1
1.773439917,0,0,1,0,0,0
1.773609167,0,0,1,1,1,1
1.773638208,0,0,1,0,0,0
1.773807458,0,0,1,1,1,1
1.773836500,0,0,1,0,0,0
1.774005792,0,0,1,1,1,1
1.774034833,0,0,1,0,0,0
1.774204125,0,0,1,1,1,1
1.774233167,0,0,1,0,0,0
1.774402458,0,0,1,1,1,1
1.774431500,0,0,1,0,0,0
1.774600750,0,0,1,1,1,1
1.774629792,0,0,1,0,0,0
1.774799083,0,0,1,1,1,1
1.774828125,0,0,1,0,0,0
1.774997417,0,0,1,1,1,1
1.775026458,0,0,1,0,0,0
1.775195750,0,0,1,1,1,1
1.775224792,0,0,1,0,0,0
1.775394083,0,0,1,1,1,1
1.775423125,0,0,1,0,0,0
1.775592417,0,0,1,1,1,1
1.775621458,0,0,1,0,0,0
1.775790667,0,0,1,1,1,1
1.775819708,0,0,1,0,0,0
1.775988917,0,0,1,1,1,1
1.776017958,0,0,1,0,0,0
1.776187167,0,0,1,1,1,1
1.776216208,0,0,1,0,0,0
1.776385417,0,0,1,1,1,1
1.776414500,0,0,1,0,0,0
1.776583750,0,0,1,1,1,1
1.776612792,0,0,1,0,0,0
1.776782000,0,0,1,1,1,1
1.776811042,0,0,1,0,0,0
1.776980333,0,0,1,1,1,1
1.777009375,0,0,1,0,0,0
1.777178625,0,0,1,1,1,1
1.777207667,0,0,1,0,0,0
1.777376917,0,0,1,1,1,1
1.777405958,0,0,1,0,0,0
1.777575250,0,0,1,1,1,1
1.777604292,0,0,1,0,0,0
1.777773583,0,0,1,1,1,1
1.777802625,0,0,1,0,0,0
1.777971917,0,0,1,1,1,1
1.778000958,0,0,1,0,0,0
1.778170250,0,0,1,1,1,1
1.778199292,0,0,1,0,0,0
1.778368583,0,0,1,1,1,1
1.778397625,0,0,1,0,0,0
1.778566833,0,0,1,1,1,1
1.778595875,0,0,1,0,0,0
1.778765167,0,0,1,1,1,1
1.778794208,0,0,1,0,0,0
1.778963458,0,0,1,1,1,1
1.778992458,0,0,1,1,0,1
1.778992500,0,0,1,0,0,0
1.779161708,0,0,1,1,1,1
1.779190750,0,0,1,0,0,0
1.779360042,0,0,1,1,1,1
1.779389083,0,0,1,0,0,0
1.779558333,0,0,1,1,1,1
1.779587417,0,0,1,0,0,0
1.779756667,0,0,1,1,1,1
1.779785708,0,0,1,0,0,0
1.779954958,0,0,1,1,1,1
1.779984000,0,0,1,0,0,0
1.780153250,0,0,1,1,1,1
1.780182292,0,0,1,0,0,0
1.780351500,0,0,1,1,1,1
1.780380542,0,0,1,0,0,0
1.780549792,0,0,1,1,1,1
1.780578833,0,0,1,0,0,0
1.780748125,0,0,1,1,1,1
1.780777167,0,0,1,0,0,0
1.780946458,0,0,1,1,1,1
1.780975500,0,0,1,0,0,0
1.781144792,0,0,1,1,1,1
1.781173833,0,0,1,0,0,0
1.781343083,0,0,1,1,1,1
1.781372125,0,0,1,0,0,0
1.781541375,0,0,1,1,1,1
1.781570458,0,0,1,0,0,0
1.781739750,0,0,1,1,1,1
1.781768792,0,0,1,0,0,0
1.781938125,0,0,1,1,1,1
1.781967167,0,0,1,0,0,0
1.782136458,0,0,1,1,1,1
1.782165500,0,0,1,0,0,0
1.782334792,0,0,1,1,1,1
1.782363875,0,0,1,0,0,0
1.782533167,0,0,1,1,1,1
1.782562208,0,0,1,0,0,0
1.782731458,0,0,1,1,1,1
1.782760500,0,0,1,0,0,0
1.782929750,0,0,1,1,1,1
1.782958792,0,0,1,0,0,0
1.783128000,0,0,1,1,1,1
1.783157042,0,0,1,0,0,0
1.783326292,0,0,1,1,1,1
1.783355333,0,0,1,0,0,0
1.783524583,0,0,1,1,1,1
1.783553625,0,0,1,0,0,0
1.783722875,0,0,1,1,1,1
1.783751958,0,0,1,0,0,0
1.783921208,0,0,1,1,1,1
1.783950250,0,0,1,0,0,0
1.784119500,0,0,1,1,1,1
1.784148542,0,0,1,0,0,0
1.784317833,0,0,1,1,1,1
1.784346875,0,0,1,0,0,0
1.784516125,0,0,1,1,1,1
1.784545208,0,0,1,0,0,0
1.784714500,0,0,1,1,1,1
1.784743542,0,0,1,0,0,0
1.784912792,0,0,1,1,1,1
1.784941833,0,0,1,0,0,0
1.785111083,0,0,1,1,1,1
1.785140125,0,0,1,0,0,0
1.785309375,0,0,1,1,1,1
1.785338417,0,0,1,0,0,0
1.785507625,0,0,1,1,1,1
1.785536667,0,0,1,0,0,0
1.785705958,0,0,1,1,1,1
1.785735000,0,0,1,0,0,0
1.785904292,0,0,1,1,1,1
1.785933333,0,0,1,0,0,0
1.786102583,0,0,1,1,1,1
1.786131625,0,0,1,1,0,1
1.786131667,0,0,1,0,0,0
1.786300917,0,0,1,1,1,1
1.786330000,0,0,1,0,0,0
1.786499250,0,0,1,1,1,1
1.786528292,0,0,1,0,0,0
1.786697583,0,0,1,1,1,1
1.786726625,0,0,1,0,0,0
1.786895917,0,0,1,1,1,1
1.786924958,0,0,1,0,0,0
1.787094250,0,0,1,1,1,1
1.787123292,0,0,1,0,0,0
1.787292500,0,0,1,1,1,1
1.787321542,0,0,1,0,0,0
1.787490750,0,0,1,1,1,1
1.787519792,0,0,1,0,0,0
1.787689083,0,0,1,1,1,1
1.787718125,0,0,1,0,0,0
1.787887375,0,0,1,1,1,1
1.787916417,0,0,1,0,0,0
1.788085667,0,0,1,1,1,1
1.788114750,0,0,1,0,0,0
1.788284000,0,0,1,1,1,1
1.788313042,0,0,1,0,0,0
1.788482333,0,0,1,1,1,1
1.788511375,0,0,1,0,0,0
1.788680625,0,0,1,1,1,1
1.788709667,0,0,1,0,0,0
1.788878917,0,0,1,1,1,1
1.788907958,0,0,1,0,0,0
1.789077250,0,0,1,1,1,1
1.789106292,0,0,1,0,0,0
1.789275542,0,0,1,1,1,1
1.789304583,0,0,1,0,0,0
1.789473875,0,0,1,1,1,1
1.789502917,0,0,1,0,0,0
1.789672167,0,0,1,1,1,1
1.789701208,0,0,1,0,0,0
1.789870417,0,0,1,1,1,1
1.789899458,0,0,1,0,0,0
1.790068667,0,0,1,1,1,1
1.790097708,0,0,1,0,0,0
1.790266958,0,0,1,1,1,1
1.790296000,0,0,1,0,0,0
1.790465208,0,0,1,1,1,1
1.790494250,0,0,1,0,0,0
1.790663458,0,0,1,1,1,1
1.790692500,0,0,1,0,0,0
1.790861750,0,0,1,1,1,1
1.790890792,0,0,1,0,0,0
1.791060042,0,0,1,1,1,1
1.791089083,0,0,1,0,0,0
1.791258333,0,0,1,1,1,1
1.791287375,0,0,1,0,0,0
1.791456583,0,0,1,1,1,1
1.791485625,0,0,1,0,0,0
1.791654875,0,0,1,1,1,1
1.791683917,0,0,1,0,0,0
1.791853167,0,0,1,1,1,1
1.791882208,0,0,1,0,0,0
1.792051500,0,0,1,1,1,1
1.792080542,0,0,1,0,0,0
1.792249792,0,0,1,1,1,1
1.792278875,0,0,1,0,0,0
1.792448125,0,0,1,1,1,1
1.792477167,0,0,1,0,0,0
1.792646417,0,0,1,1,1,1
1.792675458,0,0,1,0,0,0
1.792844750,0,0,1,1,1,1
1.792873792,0,0,1,0,0,0
1.793043042,0,0,1,1,1,1
1.793072083,0,0,1,0,0,0
1.793241333,0,0,1,1,1,1
1.793270375,0,0,1,0,0,0
1.793439625,0,0,1,1,1,1
1.793468667,0,0,1,0,0,0
1.793637875,0,0,1,1,1,1
1.793666917,0,0,1,0,0,0
1.793836167,0,0,1,1,1,1
1.793865208,0,0,1,0,0,0
1.794034458,0,0,1,1,1,1
1.794063500,0,0,1,0,0,0
1.794232750,0,0,1,1,1,1
1.794261792,0,0,1,0,0,0
1.794431042,0,0,1,1,1,1
1.794460083,0,0,1,0,0,0
1.794629292,0,0,1,1,1,1
1.794658333,0,0,1,0,0,0
1.794827625,0,0,1,1,1,1
1.794856667,0,0,1,0,0,0
1.795025917,0,0,1,1,1,1
1.795054958,0,0,1,0,0,0
1.795224208,0,0,1,1,1,1
1.795253250,0,0,1,0,0,0
1.795422500,0,0,1,1,1,1
1.795451500,0,0,1,0,0,0
1.795620750,0,0,1,1,1,1
1.795649792,0,0,1,0,0,0
1.795819000,0,0,1,0,1,1
1.795819042,0,0,1,1,1,1
1.795848083,0,0,1,0,0,0
1.796017333,0,0,1,1,1,1
1.796046375,0,0,1,0,0,0
1.796215625,0,0,1,1,1,1
1.796244667,0,0,1,0,0,0
1.796413917,0,0,1,1,1,1
1.796442958,0,0,1,0,0,0
1.796612208,0,0,1,1,1,1
1.796641250,0,0,1,0,0,0
1.796810500,0,0,1,1,1,1
1.796839542,0,0,1,0,0,0
1.797008750,0,0,1,1,1,1
1.797037792,0,0,1,0,0,0
1.797207000,0,0,1,1,1,1
1.797236042,0,0,1,0,0,0
1.797405250,0,0,1,1,1,1
1.797434292,0,0,1,0,0,0
1.797603542,0,0,1,1,1,1
1.797632583,0,0,1,0,0,0
1.797801792,0,0,1,1,1,1
1.797830833,0,0,1,0,0,0
1.798000042,0,0,1,1,1,1
1.798029083,0,0,1,0,0,0
1.798198292,0,0,1,1,1,1
1.798227333,0,0,1,0,0,0
1.798396542,0,0,1,1,1,1
1.798425583,0,0,1,0,0,0
1.798594833,0,0,1,1,1,1
1.798623875,0,0,1,0,0,0
1.798793083,0,0,1,1,1,1
1.798822167,0,0,1,0,0,0
1.798991375,0,0,1,1,1,1
1.799020417,0,0,1,0,0,0
1.799189667,0,0,1,1,1,1
1.799218708,0,0,1,0,0,0
1.799387958,0,0,1,1,1,1
1.799417000,0,0,1,0,0,0
1.799586250,0,0,1,1,1,1
1.799615292,0,0,1,0,0,0
1.799784542,0,0,1,1,1,1
1.799813625,0,0,1,0,0,0
1.799982875,0,0,1,1,1,1
1.800011917,0,0,1,0,0,0
1.800181167,0,0,1,1,1,1
1.800210208,0,0,1,0,0,0
1.800379417,0,0,1,1,1,1
1.800408458,0,0,1,0,0,0
1.800577667,0,0,1,1,1,1
1.800606708,0,0,1,0,0,0
1.800775917,0,0,1,1,1,1
1.800804958,0,0,1,0,0,0
1.800974167,0,0,1,1,1,1
1.801003208,0,0,1,0,0,0
1.801172417,0,0,1,1,1,1
1.801201458,0,0,1,0,0,0
1.801370708,0,0,1,1,1,1
1.801399750,0,0,1,0,0,0
1.801568958,0,0,1,1,1,1
1.801598000,0,0,1,0,0,0
1.801767208,0,0,1,1,1,1
1.801796250,0,0,1,0,0,0
1.801965500,0,0,1,1,1,1
1.801994542,0,0,1,0,0,0
1.802163750,0,0,1,1,1,1
1.802192750,0,0,1,0,0,0
1.802362000,0,0,1,1,1,1
1.802391042,0,0,1,0,0,0
1.802560292,0,0,1,1,1,1
1.802589333,0,0,1,0,0,0
1.802758542,0,0,1,1,1,1
1.802787583,0,0,1,0,0,0
1.802956792,0,0,1,1,1,1
1.802985833,0,0,1,0,0,0
1.803155083,0,0,1,1,1,1
1.803184125,0,0,1,0,0,0
1.803353375,0,0,1,1,1,1
1.803382417,0,0,1,0,0,0
1.803551625,0,0,1,1,1,1
1.803580667,0,0,1,0,0,0
1.803749917,0,0,1,1,1,1
1.803778958,0,0,1,0,0,0
1.803948208,0,0,1,1,1,1
1.803977250,0,0,1,0,0,0
1.804146500,0,0,1,1,1,1
1.804175542,0,0,1,0,0,0
1.804344792,0,0,1,1,1,1
1.804373833,0,0,1,0,0,0
1.804543083,0,0,1,1,1,1
1.804572125,0,0,1,0,0,0
1.804741375,0,0,1,1,1,1
1.804770417,0,0,1,0,0,0
1.804939708,0,0,1,1,1,1
1.804968750,0,0,1,0,0,0
1.805138042,0,0,1,1,1,1
1.805167083,0,0,1,0,0,0
1.805336333,0,0,1,1,1,1
1.805365417,0,0,1,0,0,0
1.805534667,0,0,1,1,1,1
1.805563750,0,0,1,0,0,0
1.805733042,0,0,1,1,1,1
1.805762083,0,0,1,0,0,0
1.805931333,0,0,1,1,1,1
1.805960375,0,0,1,0,0,0
1.806129667,0,0,1,1,1,1
1.806158708,0,0,1,0,0,0
1.806328000,0,0,1,1,1,1
1.806357042,0,0,1,0,0,0
1.806526333,0,0,1,1,1,1
1.806555375,0,0,1,0,0,0
1.806724667,0,0,1,1,1,1
1.806753708,0,0,1,0,0,0
1.806922958,0,0,1,1,1,1
1.806952042,0,0,1,0,0,0
1.807121292,0,0,1,0,1,0
1.807121333,0,0,1,1,1,1
1.807150375,0,0,1,0,0,0
1.807319625,0,0,1,1,1,1
1.807348708,0,0,1,0,0,0
1.807518000,0,0,1,1,1,1
1.807547042,0,0,1,0,0,0
1.807716333,0,0,1,1,1,1
1.807745417,0,0,1,0,0,0
1.807914708,0,0,1,1,1,1
1.807943750,0,0,1,0,0,0
1.808113083,0,0,1,1,1,1
1.808142125,0,0,1,0,0,0
1.808311417,0,0,1,1,1,1
1.808340500,0,0,1,0,0,0
1.808509792,0,0,1,1,1,1
1.808538833,0,0,1,0,0,0
1.808708125,0,0,1,1,1,1
1.808737167,0,0,1,1,0,0
1.808737208,0,0,1,0,0,0
1.808906458,0,0,1,1,1,1
1.808935542,0,0,1,0,0,0
1.809104792,0,0,1,1,1,1
1.809133792,0,0,1,0,0,0
1.809303042,0,0,1,0,1,1
1.809303083,0,0,1,1,1,1
1.809332125,0,0,1,0,0,0
1.809501375,0,0,1,1,1,1
1.809530417,0,0,1,0,0,0
1.809699667,0,0,1,1,1,1
1.809728708,0,0,1,0,0,0
1.809897917,0,0,1,1,1,1
1.809926958,0,0,1,0,0,0
1.810096167,0,0,1,1,1,1
1.810125250,0,0,1,0,0,0
1.810294500,0,0,1,1,1,1
1.810323542,0,0,1,0,0,0
1.810492792,0,0,1,1,1,1
1.810521833,0,0,1,0,0,0
1.810691125,0,0,1,1,1,1
1.810720167,0,0,1,0,0,0
1.810889417,0,0,1,1,1,1
1.810918500,0,0,1,0,0,0
1.811087750,0,0,1,1,1,1
1.811116792,0,0,1,0,0,0
1.811286125,0,0,1,1,1,1
1.811315167,0,0,1,0,0,0
1.811484458,0,0,1,1,1,1
1.811513500,0,0,1,0,0,0
1.811682792,0,0,1,1,1,1
1.811711875,0,0,1,0,0,0
1.811881167,0,0,1,1,1,1
1.811910208,0,0,1,0,0,0
1.812079500,0,0,1,1,1,1
1.812108542,0,0,1,0,0,0
1.812277833,0,0,1,1,1,1
1.812306875,0,0,1,0,0,0
1.812476167,0,0,1,1,1,1
1.812505208,0,0,1,0,0,0
1.812674542,0,0,1,1,1,1
1.812703583,0,0,1,0,0,0
1.812872875,0,0,1,1,1,1
1.812901917,0,0,1,0,0,0
1.813071250,0,0,1,1,1,1
1.813100292,0,0,1,0,0,0
1.813269542,0,0,1,1,1,1
1.813298625,0,0,1,0,0,0
1.813467917,0,0,1,1,1,1
1.813496958,0,0,1,0,0,0
1.813666208,0,0,1,1,1,1
1.813695250,0,0,1,0,0,0
1.813864542,0,0,1,1,1,1
1.813893583,0,0,1,0,0,0
1.814062875,0,0,1,1,1,1
1.814091958,0,0,1,0,0,0
1.814261250,0,0,1,1,1,1
1.814290292,0,0,1,0,0,0
1.814459583,0,0,1,1,1,1
1.814488625,0,0,1,0,0,0
1.814657958,0,0,1,1,1,1
1.814687000,0,0,1,0,0,0
1.814856292,0,0,1,1,1,1
1.814885333,0,0,1,0,0,0
1.815054667,0,0,1,1,1,1
1.815083708,0,0,1,0,0,0
1.815253042,0,0,1,1,1,1
1.815282083,0,0,1,0,0,0
1.815451417,0,0,1,1,1,1
1.815480458,0,0,1,0,0,0
1.815649792,0,0,1,1,1,1
1.815678875,0,0,1,0,0,0
1.815848167,0,0,1,1,1,1
1.815877250,0,0,1,0,0,0
1.816046542,0,0,1,1,1,1
1.816075583,0,0,1,0,0,0
1.816244875,0,0,1,1,1,1
1.816273958,0,0,1,0,0,0
1.816443250,0,0,1,1,1,1
1.816472333,0,0,1,0,0,0
1.816641667,0,0,1,1,1,1
1.816670708,0,0,1,0,0,0
1.816840042,0,0,1,1,1,1
1.816869083,0,0,1,0,0,0
1.817038417,0,0,1,1,1,1
1.817067458,0,0,1,0,0,0
1.817236833,0,0,1,1,1,1
1.817265875,0,0,1,0,0,0
1.817435167,0,0,1,0,1,1
1.817435208,0,0,1,1,1,1
1.817464250,0,0,1,0,0,0
1.817633542,0,0,1,1,1,1
1.817662583,0,0,1,1,0,0
1.817662625,0,0,1,0,0,0
1.817831875,0,0,1,1,1,1
1.817860917,0,0,1,0,0,0
1.818030208,0,0,1,1,1,1
1.818059292,0,0,1,0,0,0
1.818228583,0,0,1,1,1,1
1.818257667,0,0,1,0,0,0
1.818426958,0,0,1,1,1,1
1.818456000,0,0,1,0,0,0
1.818625292,0,0,1,1,1,1
1.818654333,0,0,1,0,0,0
1.818823667,0,0,1,1,1,1
1.818852708,0,0,1,0,0,0
1.819022042,0,0,1,1,1,1
1.819051083,0,0,1,0,0,0
1.819220417,0,0,1,1,1,1
1.819249458,0,0,1,0,0,0
1.819418792,0,0,1,1,1,1
1.819447833,0,0,1,0,0,0
1.819617167,0,0,1,1,1,1
1.819646208,0,0,1,0,0,0
1.819815583,0,0,1,1,1,1
1.819844625,0,0,1,0,0,0
1.820013958,0,0,1,1,1,1
1.820043000,0,0,1,0,0,0
1.820212250,0,0,1,1,1,1
1.820241292,0,0,1,0,0,0
1.820410542,0,0,1,1,1,1
1.820439625,0,0,1,0,0,0
1.820608875,0,0,1,1,1,1
1.820637917,0,0,1,0,0,0
1.820807208,0,0,1,1,1,1
1.820836250,0,0,1,0,0,0
1.821005458,0,0,1,1,1,1
1.821034500,0,0,1,0,0,0
1.821203750,0,0,1,1,1,1
1.821232792,0,0,1,0,0,0
1.821402042,0,0,1,1,1,1
1.821431083,0,0,1,0,0,0
1.821600333,0,0,1,1,1,1
1.821629417,0,0,1,0,0,0
1.821798625,0,0,1,1,1,1
1.821827667,0,0,1,0,0,0
1.821996917,0,0,1,1,1,1
1.822025958,0,0,1,0,0,0
1.822195208,0,0,1,1,1,1
1.822224208,0,0,1,0,0,0
1.822393417,0,0,1,1,1,1
1.822422458,0,0,1,0,0,0
1.822591708,0,0,1,1,1,1
1.822620750,0,0,1,0,0,0
1.822790000,0,0,1,1,1,1
1.822819042,0,0,1,0,0,0
1.822988292,0,0,1,1,1,1
1.823017333,0,0,1,0,0,0
1.823186583,0,0,1,1,1,1
1.823215625,0,0,1,0,0,0
1.823384833,0,0,1,1,1,1
1.823413875,0,0,1,0,0,0
1.823583125,0,0,1,1,1,1
1.823612167,0,0,1,0,0,0
1.823781417,0,0,1,1,1,1
1.823810458,0,0,1,0,0,0
1.823979708,0,0,1,1,1,1
1.824008750,0,0,1,0,0,0
1.824178000,0,0,1,1,1,1
1.824207042,0,0,1,0,0,0
1.824376333,0,0,1,1,1,1
1.824405375,0,0,1,0,0,0
1.824574667,0,0,1,1,1,1
1.824603708,0,0,1,0,0,0
1.824772958,0,0,1,0,1,0
1.824773000,0,0,1,1,1,1
1.824802042,0,0,1,0,0,0
1.824971292,0,0,1,1,1,1
1.825000375,0,0,1,0,0,0
1.825169625,0,0,1,1,1,1
1.825198667,0,0,1,0,0,0
1.825367958,0,0,1,1,1,1
1.825397000,0,0,1,0,0,0
1.825566292,0,0,1,1,1,1
1.825595375,0,0,1,0,0,0
1.825764625,0,0,1,1,1,1
1.825793708,0,0,1,0,0,0
1.825963000,0,0,1,1,1,1
1.825992042,0,0,1,0,0,0
1.826161333,0,0,1,1,1,1
1.826190375,0,0,1,0,0,0
1.826359667,0,0,1,1,1,1
1.826388708,0,0,1,0,0,0
1.826558000,0,0,1,1,1,1
1.826587083,0,0,1,0,0,0
1.826756375,0,0,1,1,1,1
1.826785417,0,0,1,0,0,0
1.826954708,0,0,1,1,1,1
1.826983750,0,0,1,0,0,0
1.827153083,0,0,1,1,1,1
1.827182125,0,0,1,0,0,0
1.827351458,0,0,1,1,1,1
1.827380500,0,0,1,0,0,0
1.827549833,0,0,1,1,1,1
1.827578875,0,0,1,0,0,0
1.827748125,0,0,1,1,1,1
1.827777208,0,0,1,0,0,0
1.827946458,0,0,1,1,1,1
1.827975500,0,0,1,0,0,0
1.828144708,0,0,1,1,1,1
1.828173750,0,0,1,0,0,0
1.828343042,0,0,1,1,1,1
1.828372083,0,0,1,0,0,0
1.828541333,0,0,1,1,1,1
1.828570417,0,0,1,0,0,0
1.828739667,0,0,1,1,1,1
1.828768708,0,0,1,0,0,0
1.828937958,0,0,1,1,1,1
1.828967000,0,0,1,0,0,0
1.829136250,0,0,1,1,1,1
1.829165333,0,0,1,0,0,0
1.829334583,0,0,1,1,1,1
1.829363625,0,0,1,0,0,0
1.829532875,0,0,1,1,1,1
1.829561917,0,0,1,0,0,0
1.829731167,0,0,1,1,1,1
1.829760208,0,0,1,0,0,0
1.829929500,0,0,1,1,1,1
1.829958542,0,0,1,0,0,0
1.830127792,0,0,1,1,1,1
1.830156833,0,0,1,0,0,0
1.830326125,0,0,1,1,1,1
1.830355167,0,0,1,0,0,0
1.830524458,0,0,1,1,1,1
1.830553500,0,0,1,0,0,0
1.830722750,0,0,1,1,1,1
1.830751792,0,0,1,0,0,0
1.830921042,0,0,1,1,1,1
1.830950125,0,0,1,0,0,0
1.831119375,0,0,1,1,1,1
1.831148458,0,0,1,0,0,0
1.831317750,0,0,1,1,1,1
1.831346792,0,0,1,0,0,0
1.831516042,0,0,1,1,1,1
1.831545083,0,0,1,0,0,0
1.831714375,0,0,1,1,1,1
1.831743417,0,0,1,0,0,0
1.831912708,0,0,1,1,1,1
1.831941750,0,0,1,0,0,0
1.832111000,0,0,1,1,1,1
1.832140042,0,0,1,0,0,0
1.832309333,0,0,1,1,1,1
1.832338375,0,0,1,0,0,0
1.832507625,0,0,1,1,1,1
1.832536708,0,0,1,0,0,0
1.832705958,0,0,1,1,1,1
1.832735000,0,0,1,0,0,0
1.832904292,0,0,1,1,1,1
1.832933333,0,0,1,0,0,0
1.833102625,0,0,1,1,1,1
1.833131667,0,0,1,0,0,0
1.833300917,0,0,1,1,1,1
1.833329958,0,0,1,0,0,0
1.833499250,0,0,1,1,1,1
1.833528333,0,0,1,0,0,0
1.833697625,0,0,1,1,1,1
1.833726667,0,0,1,0,0,0
1.833895958,0,0,1,1,1,1
1.833925000,0,0,1,0,0,0
1.834094333,0,0,1,1,1,1
1.834123375,0,0,1,0,0,0
1.834292708,0,0,1,1,1,1
1.834321750,0,0,1,0,0,0
1.834491083,0,0,1,1,1,1
1.834520125,0,0,1,0,0,0
1.834689417,0,0,1,1,1,1
1.834718458,0,0,1,0,0,0
1.834887750,0,0,1,1,1,1
1.834916792,0,0,1,0,0,0
1.835086083,0,0,1,1,1,1
1.835115125,0,0,1,0,0,0
1.835284417,0,0,1,1,1,1
1.835313458,0,0,1,0,0,0
1.835482708,0,0,1,1,1,1
1.835511750,0,0,1,0,0,0
1.835681000,0,0,1,1,1,1
1.835710042,0,0,1,0,0,0
1.835879333,0,0,1,1,1,1
1.835908375,0,0,1,0,0,0
1.836077667,0,0,1,1,1,1
1.836106708,0,0,1,0,0,0
1.836276000,0,0,1,1,1,1
1.836305042,0,0,1,0,0,0
1.836474333,0,0,1,1,1,1
1.836503375,0,0,1,0,0,0
1.836672667,0,0,1,1,1,1
1.836701708,0,0,1,0,0,0
1.836871042,0,0,1,1,1,1
1.836900083,0,0,1,0,0,0
1.837069375,0,0,1,1,1,1
1.837098417,0,0,1,0,0,0
1.837267708,0,0,1,1,1,1
1.837296792,0,0,1,0,0,0
1.837466083,0,0,1,1,1,1
1.837495125,0,0,1,0,0,0
1.837664417,0,0,1,1,1,1
1.837693500,0,0,1,0,0,0
1.837862792,0,0,1,1,1,1
1.837891833,0,0,1,0,0,0
1.838061167,0,0,1,1,1,1
1.838090208,0,0,1,0,0,0
1.838259542,0,0,1,1,1,1
1.838288583,0,0,1,0,0,0
1.838457875,0,0,1,1,1,1
1.838486917,0,0,1,0,0,0
1.838656250,0,0,1,1,1,1
1.838685292,0,0,1,0,0,0
1.838854583,0,0,1,1,1,1
1.838883625,0,0,1,0,0,0
1.839052917,0,0,1,1,1,1
1.839082000,0,0,1,0,0,0
1.839251333,0,0,1,1,1,1
1.839280375,0,0,1,0,0,0
1.839449625,0,0,1,1,1,1
1.839478667,0,0,1,0,0,0
1.839647958,0,0,1,1,1,1
1.839677000,0,0,1,0,0,0
1.839846250,0,0,1,1,1,1
1.839875292,0,0,1,0,0,0
1.840044542,0,0,1,1,1,1
1.840073625,0,0,1,0,0,0
1.840242875,0,0,1,1,1,1
1.840271917,0,0,1,0,0,0
1.840441125,0,0,1,1,1,1
1.840470167,0,0,1,0,0,0
1.840639417,0,0,1,1,1,1
1.840668458,0,0,1,0,0,0
1.840837708,0,0,1,1,1,1
1.840866750,0,0,1,0,0,0
1.841036000,0,0,1,1,1,1
1.841065083,0,0,1,0,0,0
1.841234375,0,0,1,1,1,1
1.841263375,0,0,1,1,0,1
1.841263417,0,0,1,0,0,0
1.841432625,0,0,1,1,1,1
1.841461667,0,0,1,0,0,0
1.841630917,0,0,1,1,1,1
1.841659958,0,0,1,0,0,0
1.841829167,0,0,1,1,1,1
1.841858208,0,0,1,0,0,0
1.842027458,0,0,1,1,1,1
1.842056500,0,0,1,0,0,0
1.842225708,0,0,1,1,1,1
1.842254750,0,0,1,0,0,0
1.842424000,0,0,1,1,1,1
1.842453042,0,0,1,0,0,0
1.842622333,0,0,1,1,1,1
1.842651375,0,0,1,0,0,0
1.842820625,0,0,1,1,1,1
1.842849667,0,0,1,0,0,0
1.843018917,0,0,1,1,1,1
1.843047958,0,0,1,0,0,0
1.843217250,0,0,1,1,1,1
1.843246292,0,0,1,0,0,0
1.843415542,0,0,1,1,1,1
1.843444583,0,0,1,0,0,0
1.843613875,0,0,1,1,1,1
1.843642917,0,0,1,0,0,0
1.843812208,0,0,1,1,1,1
1.843841250,0,0,1,0,0,0
1.844010500,0,0,1,1,1,1
1.844039542,0,0,1,0,0,0
1.844208833,0,0,1,1,1,1
1.844237875,0,0,1,0,0,0
1.844407167,0,0,1,1,1,1
1.844436208,0,0,1,0,0,0
1.844605500,0,0,1,1,1,1
1.844634583,0,0,1,0,0,0
1.844803917,0,0,1,1,1,1
1.844832958,0,0,1,0,0,0
1.845002292,0,0,1,1,1,1
1.845031333,0,0,1,0,0,0
1.845200667,0,0,1,1,1,1
1.845229708,0,0,1,0,0,0
1.845399000,0,0,1,1,1,1
1.845428083,0,0,1,0,0,0
1.845597375,0,0,1,1,1,1
1.845626417,0,0,1,0,0,0
1.845795708,0,0,1,1,1,1
1.845824750,0,0,1,0,0,0
1.845994042,0,0,1,1,1,1
1.846023083,0,0,1,0,0,0
1.846192333,0,0,1,1,1,1
1.846221375,0,0,1,0,0,0
1.846390625,0,0,1,1,1,1
1.846419667,0,0,1,0,0,0
1.846588958,0,0,1,1,1,1
1.846618000,0,0,1,0,0,0
1.846787292,0,0,1,1,1,1
1.846816333,0,0,1,0,0,0
1.846985625,0,0,1,1,1,1
1.847014708,0,0,1,0,0,0
1.847183958,0,0,1,0,1,1
1.847184000,0,0,1,1,1,1
1.847213042,0,0,1,0,0,0
1.847382333,0,0,1,1,1,1
1.847411375,0,0,1,0,0,0
1.847580667,0,0,1,1,1,1
1.847609708,0,0,1,0,0,0
1.847779000,0,0,1,1,1,1
1.847808042,0,0,1,0,0,0
1.847977292,0,0,1,1,1,1
1.848006333,0,0,1,0,0,0
1.848175667,0,0,1,1,1,1
1.848204708,0,0,1,0,0,0
1.848374000,0,0,1,1,1,1
1.848403042,0,0,1,0,0,0
1.848572292,0,0,1,1,1,1
1.848601333,0,0,1,0,0,0
1.848770583,0,0,1,1,1,1
1.848799625,0,0,1,0,0,0
1.848968917,0,0,1,1,1,1
1.848997958,0,0,1,0,0,0
1.849167250,0,0,1,1,1,1
1.849196292,0,0,1,0,0,0
1.849365583,0,0,1,1,1,1
1.849394625,0,0,1,0,0,0
1.849563875,0,0,1,1,1,1
1.849592917,0,0,1,0,0,0
1.849762167,0,0,1,1,1,1
1.849791208,0,0,1,0,0,0
1.849960458,0,0,1,1,1,1
1.849989500,0,0,1,0,0,0
1.850158708,0,0,1,1,1,1
1.850187750,0,0,1,0,0,0
1.850357000,0,0,1,1,1,1
1.850386083,0,0,1,0,0,0
1.850555333,0,0,1,1,1,1
1.850584375,0,0,1,0,0,0
1.850753625,0,0,1,1,1,1
1.850782667,0,0,1,0,0,0
1.850951958,0,0,1,1,1,1
1.850981000,0,0,1,0,0,0
1.851150250,0,0,1,1,1,1
1.851179292,0,0,1,0,0,0
1.851348583,0,0,1,1,1,1
1.851377625,0,0,1,0,0,0
1.851546917,0,0,1,1,1,1
1.851575958,0,0,1,0,0,0
1.851745208,0,0,1,1,1,1
1.851774292,0,0,1,0,0,0
1.851943583,0,0,1,1,1,1
1.851972625,0,0,1,0,0,0
1.852142000,0,0,1,1,1,1
1.852171042,0,0,1,0,0,0
1.852340375,0,0,1,1,1,1
1.852369458,0,0,1,0,0,0
1.852538750,0,0,1,1,1,1
1.852567833,0,0,1,0,0,0
1.852737167,0,0,1,1,1,1
1.852766250,0,0,1,0,0,0
1.852935542,0,0,1,1,1,1
1.852964625,0,0,1,0,0,0
1.853133917,0,0,1,1,1,1
1.853162958,0,0,1,0,0,0
1.853332250,0,0,1,0,1,1
1.853332292,0,0,1,1,1,1
1.853361333,0,0,1,0,0,0
1.853530625,0,0,1,1,1,1
1.853559667,0,0,1,0,0,0
1.853729000,0,0,1,1,1,1
1.853758083,0,0,1,0,0,0
1.853927375,0,0,1,1,1,1
1.853956417,0,0,1,0,0,0
1.854125708,0,0,1,1,1,1
1.854154750,0,0,1,0,0,0
1.854323958,0,0,1,1,1,1
1.854353000,0,0,1,0,0,0
1.854522250,0,0,1,1,1,1
1.854551292,0,0,1,0,0,0
1.854720542,0,0,1,1,1,1
1.854749583,0,0,1,0,0,0
1.854918833,0,0,1,1,1,1
1.854947875,0,0,1,0,0,0
1.855117125,0,0,1,1,1,1
1.855146167,0,0,1,0,0,0
1.855315417,0,0,1,1,1,1
1.855344458,0,0,1,0,0,0
1.855513667,0,0,1,0,1,1
1.855513708,0,0,1,1,1,1
1.855542750,0,0,1,0,0,0
1.855711958,0,0,1,1,1,1
1.855741000,0,0,1,0,0,0
1.855910292,0,0,1,1,1,1
1.855939333,0,0,1,0,0,0
1.856108583,0,0,1,1,1,1
1.856137583,0,0,1,1,0,0
1.856137625,0,0,1,0,0,0
1.856306833,0,0,1,1,1,1
1.856335875,0,0,1,0,0,0
1.856505083,0,0,1,1,1,1
1.856534125,0,0,1,0,0,0
1.856703417,0,0,1,1,1,1
1.856732458,0,0,1,0,0,0
1.856901750,0,0,1,1,1,1
1.856930792,0,0,1,0,0,0
1.857100042,0,0,1,0,1,0
1.857100083,0,0,1,1,1,1
1.857129125,0,0,1,0,0,0
1.857298417,0,0,1,1,1,1
1.857327458,0,0,1,0,0,0
1.857496708,0,0,1,1,1,1
1.857525750,0,0,1,0,0,0
1.857695042,0,0,1,1,1,1
1.857724125,0,0,1,0,0,0
1.857893417,0,0,1,1,1,1
1.857922458,0,0,1,0,0,0
1.858091750,0,0,1,1,1,1
1.858120792,0,0,1,0,0,0
1.858290083,0,0,1,1,1,1
1.858319125,0,0,1,0,0,0
1.858488458,0,0,1,1,1,1
1.858517500,0,0,1,0,0,0
1.858686792,0,0,1,1,1,1
1.858715833,0,0,1,0,0,0
1.858885125,0,0,1,1,1,1
1.858914167,0,0,1,0,0,0
1.859083500,0,0,1,1,1,1
1.859112542,0,0,1,0,0,0
1.859281833,0,0,1,1,1,1
1.859310875,0,0,1,0,0,0
1.859480125,0,0,1,1,1,1
1.859509208,0,0,1,0,0,0
1.859678458,0,0,1,1,1,1
1.859707500,0,0,1,0,0,0
1.859876792,0,0,1,1,1,1
1.859905833,0,0,1,0,0,0
1.860075083,0,0,1,1,1,1
1.860104125,0,0,1,0,0,0
1.860273375,0,0,1,1,1,1
1.860302417,0,0,1,0,0,0
1.860471708,0,0,1,1,1,1
1.860500750,0,0,1,0,0,0
1.860669958,0,0,1,0,1,1
1.860670000,0,0,1,1,1,1
1.860699042,0,0,1,0,0,0
1.860868292,0,0,1,1,1,1
1.860897333,0,0,1,0,0,0
1.861066500,0,0,1,1,1,1
1.861095542,0,0,1,0,0,0
1.861264750,0,0,1,1,1,1
1.861293792,0,0,1,0,0,0
1.861463000,0,0,1,1,1,1
1.861492042,0,0,1,0,0,0
1.861661250,0,0,1,1,1,1
1.861690292,0,0,1,0,0,0
1.861859542,0,0,1,1,1,1
1.861888583,0,0,1,0,0,0
1.862057833,0,0,1,1,1,1
1.862086875,0,0,1,0,0,0
1.862256125,0,0,1,1,1,1
1.862285167,0,0,1,0,0,0
1.862454375,0,0,1,1,1,1
1.862483417,0,0,1,0,0,0
1.862652667,0,0,1,1,1,1
1.862681667,0,0,1,0,0,0
1.862850917,0,0,1,0,1,1
1.862850958,0,0,1,1,1,1
1.862879958,0,0,1,0,0,0
1.863049208,0,0,1,1,1,1
1.863078250,0,0,1,0,0,0
1.863247500,0,0,1,1,1,1
1.863276542,0,0,1,0,0,0
1.863445750,0,0,1,1,1,1
1.863474792,0,0,1,0,0,0
1.863644083,0,0,1,1,1,1
1.863673167,0,0,1,0,0,0
1.863842458,0,0,1,1,1,1
1.863871542,0,0,1,0,0,0
1.864040792,0,0,1,1,1,1
1.864069875,0,0,1,0,0,0
1.864239125,0,0,1,1,1,1
1.864268167,0,0,1,0,0,0
1.864437458,0,0,1,1,1,1
1.864466500,0,0,1,0,0,0
1.864635792,0,0,1,1,1,1
1.864664875,0,0,1,0,0,0
1.864834167,0,0,1,1,1,1
1.864863208,0,0,1,0,0,0
1.865032542,0,0,1,1,1,1
1.865061583,0,0,1,0,0,0
1.865230875,0,0,1,1,1,1
1.865259917,0,0,1,0,0,0
1.865429208,0,0,1,1,1,1
1.865458250,0,0,1,0,0,0
1.865627500,0,0,1,0,1,1
1.865627542,0,0,1,1,1,1
1.865656542,0,0,1,1,0,0
1.865656583,0,0,1,0,0,0
1.865825833,0,0,1,1,1,1
1.865854875,0,0,1,0,0,0
1.866024167,0,0,1,1,1,1
1.866053208,0,0,1,0,0,0
1.866222458,0,0,1,1,1,1
1.866251500,0,0,1,0,0,0
1.866420750,0,0,1,0,1,1
1.866420792,0,0,1,1,1,1
1.866449833,0,0,1,0,0,0
1.866619083,0,0,1,1,1,1
1.866648125,0,0,1,0,0,0
1.866817417,0,0,1,1,1,1
1.866846458,0,0,1,1,0,1
1.866846500,0,0,1,0,0,0
1.867015750,0,0,1,1,1,1
1.867044792,0,0,1,0,0,0
1.867214042,0,0,1,1,1,1
1.867243083,0,0,1,0,0,0
1.867412333,0,0,1,1,1,1
1.867441375,0,0,1,0,0,0
1.867610667,0,0,1,1,1,1
1.867639708,0,0,1,0,0,0
1.867808958,0,0,1,1,1,1
1.867838000,0,0,1,0,0,0
1.868007250,0,0,1,1,1,1
1.868036333,0,0,1,0,0,0
1.868205583,0,0,1,1,1,1
1.868234625,0,0,1,1,0,0
1.868234667,0,0,1,0,0,0
1.868403917,0,0,1,1,1,1
1.868432958,0,0,1,0,0,0
1.868602167,0,0,1,1,1,1
1.868631208,0,0,1,0,0,0
1.868800458,0,0,1,1,1,1
1.868829500,0,0,1,0,0,0
1.868998750,0,0,1,1,1,1
1.869027833,0,0,1,0,0,0
1.869197125,0,0,1,1,1,1
1.869226167,0,0,1,0,0,0
1.869395458,0,0,1,1,1,1
1.869424542,0,0,1,0,0,0
1.869593833,0,0,1,1,1,1
1.869622917,0,0,1,0,0,0
1.869792208,0,0,1,1,1,1
1.869821292,0,0,1,0,0,0
1.869990583,0,0,1,1,1,1
1.870019625,0,0,1,0,0,0
1.870188958,0,0,1,1,1,1
1.870218000,0,0,1,0,0,0
1.870387250,0,0,1,1,1,1
1.870416292,0,0,1,0,0,0
1.870585500,0,0,1,1,1,1
1.870614542,0,0,1,0,0,0
1.870783833,0,0,1,1,1,1
1.870812875,0,0,1,0,0,0
1.870982167,0,0,1,1,1,1
1.871011208,0,0,1,0,0,0
1.871180458,0,0,1,1,1,1
1.871209500,0,0,1,0,0,0
1.871378750,0,0,1,1,1,1
1.871407792,0,0,1,0,0,0
1.871577042,0,0,1,1,1,1
1.871606083,0,0,1,0,0,0
1.871775333,0,0,1,1,1,1
1.871804417,0,0,1,0,0,0
1.871973708,0,0,1,1,1,1
1.872002708,0,0,1,1,0,1
1.872002750,0,0,1,0,0,0
1.872171958,0,0,1,1,1,1
1.872201000,0,0,1,0,0,0
1.872370250,0,0,1,1,1,1
1.872399292,0,0,1,0,0,0
1.872568583,0,0,1,1,1,1
1.872597625,0,0,1,0,0,0
1.872766917,0,0,1,1,1,1
1.872795958,0,0,1,0,0,0
1.872965208,0,0,1,1,1,1
1.872994250,0,0,1,0,0,0
1.873163458,0,0,1,1,1,1
1.873192500,0,0,1,0,0,0
1.873361750,0,0,1,1,1,1
1.873390792,0,0,1,0,0,0
1.873560042,0,0,1,1,1,1
1.873589083,0,0,1,0,0,0
1.873758292,0,0,1,1,1,1
1.873787333,0,0,1,0,0,0
1.873956583,0,0,1,1,1,1
1.873985625,0,0,1,0,0,0
1.874154875,0,0,1,1,1,1
1.874183917,0,0,1,0,0,0
1.874353208,0,0,1,1,1,1
1.874382292,0,0,1,0,0,0
1.874551625,0,0,1,1,1,1
1.874580667,0,0,1,0,0,0
1.874749958,0,0,1,1,1,1
1.874779000,0,0,1,0,0,0
1.874948292,0,0,1,1,1,1
1.874977333,0,0,1,0,0,0
1.875146667,0,0,1,1,1,1
1.875175708,0,0,1,0,0,0
1.875345000,0,0,1,1,1,1
1.875374042,0,0,1,0,0,0
1.875543333,0,0,1,1,1,1
1.875572417,0,0,1,0,0,0
1.875741667,0,0,1,1,1,1
1.875770708,0,0,1,0,0,0
1.875940000,0,0,1,1,1,1
1.875969042,0,0,1,0,0,0
1.876138333,0,0,1,1,1,1
1.876167375,0,0,1,0,0,0
1.876336625,0,0,1,1,1,1
1.876365667,0,0,1,0,0,0
1.876534875,0,0,1,1,1,1
1.876563917,0,0,1,0,0,0
1.876733125,0,0,1,1,1,1
1.876762167,0,0,1,0,0,0
1.876931417,0,0,1,1,1,1
1.876960458,0,0,1,0,0,0
1.877129708,0,0,1,1,1,1
1.877158750,0,0,1,0,0,0
1.877328000,0,0,1,1,1,1
1.877357042,0,0,1,0,0,0
1.877526250,0,0,1,1,1,1
1.877555292,0,0,1,0,0,0
1.877724542,0,0,1,1,1,1
1.877753583,0,0,1,0,0,0
1.877922833,0,0,1,1,1,1
1.877951875,0,0,1,0,0,0
1.878121125,0,0,1,1,1,1
1.878150167,0,0,1,0,0,0
1.878319417,0,0,1,1,1,1
1.878348458,0,0,1,0,0,0
1.878517667,0,0,1,1,1,1
1.878546708,0,0,1,0,0,0
1.878715958,0,0,1,1,1,1
1.878745000,0,0,1,0,0,0
1.878914250,0,0,1,1,1,1
1.878943292,0,0,1,0,0,0
1.879112583,0,0,1,1,1,1
1.879141625,0,0,1,0,0,0
1.879310833,0,0,1,1,1,1
1.879339875,0,0,1,0,0,0
1.879509167,0,0,1,1,1,1
1.879538208,0,0,1,0,0,0
1.879707500,0,0,1,1,1,1
1.879736542,0,0,1,0,0,0
1.879905875,0,0,1,1,1,1
1.879934917,0,0,1,0,0,0
1.880104250,0,0,1,1,1,1
1.880133333,0,0,1,0,0,0
1.880302667,0,0,1,1,1,1
1.880331750,0,0,1,0,0,0
1.880501083,0,0,1,1,1,1
1.880530167,0,0,1,0,0,0
1.880699458,0,0,1,1,1,1
1.880728500,0,0,1,0,0,0
1.880897833,0,0,1,1,1,1
1.880926875,0,0,1,0,0,0
1.881096167,0,0,1,1,1,1
1.881125250,0,0,1,0,0,0
1.881294500,0,0,1,1,1,1
1.881323542,0,0,1,0,0,0
1.881492833,0,0,1,1,1,1
1.881521875,0,0,1,0,0,0
1.881691125,0,0,1,1,1,1
1.881720167,0,0,1,0,0,0
1.881889417,0,0,1,1,1,1
1.881918458,0,0,1,0,0,0
1.882087708,0,0,1,1,1,1
1.882116792,0,0,1,0,0,0
1.882286042,0,0,1,1,1,1
1.882315083,0,0,1,0,0,0
1.882484375,0,0,1,1,1,1
1.882513417,0,0,1,0,0,0
1.882682708,0,0,1,1,1,1
1.882711750,0,0,1,0,0,0
1.882881000,0,0,1,1,1,1
1.882910042,0,0,1,0,0,0
1.883079333,0,0,1,1,1,1
1.883108375,0,0,1,0,0,0
1.883277667,0,0,1,1,1,1
1.883306708,0,0,1,0,0,0
1.883476000,0,0,1,1,1,1
1.883505042,0,0,1,0,0,0
1.883674333,0,0,1,1,1,1
1.883703375,0,0,1,0,0,0
1.883872708,0,0,1,1,1,1
1.883901792,0,0,1,0,0,0
1.884071125,0,0,1,1,1,1
1.884100167,0,0,1,0,0,0
1.884269500,0,0,1,1,1,1
1.884298583,0,0,1,0,0,0
1.884467917,0,0,1,1,1,1
1.884496958,0,0,1,0,0,0
1.884666250,0,0,1,1,1,1
1.884695333,0,0,1,0,0,0
1.884864625,0,0,1,1,1,1
1.884893667,0,0,1,0,0,0
1.885063000,0,0,1,1,1,1
1.885092083,0,0,1,0,0,0
1.885261417,0,0,1,1,1,1
1.885290458,0,0,1,0,0,0
1.885459792,0,0,1,1,1,1
1.885488833,0,0,1,0,0,0
1.885658125,0,0,1,1,1,1
1.885687208,0,0,1,0,0,0
1.885856500,0,0,1,1,1,1
1.885885542,0,0,1,0,0,0
1.886054833,0,0,1,1,1,1
1.886083875,0,0,1,0,0,0
1.886253125,0,0,1,1,1,1
1.886282167,0,0,1,0,0,0
1.886451458,0,0,1,1,1,1
1.886480500,0,0,1,0,0,0
1.886649792,0,0,1,1,1,1
1.886678833,0,0,1,0,0,0
1.886848083,0,0,1,1,1,1
1.886877125,0,0,1,0,0,0
1.887046458,0,0,1,1,1,1
1.887075500,0,0,1,0,0,0
1.887244792,0,0,1,1,1,1
1.887273875,0,0,1,0,0,0
1.887443167,0,0,1,1,1,1
1.887472208,0,0,1,0,0,0
1.887641500,0,0,1,1,1,1
1.887670542,0,0,1,0,0,0
1.887839833,0,0,1,1,1,1
1.887868875,0,0,1,0,0,0
1.888038167,0,0,1,1,1,1
1.888067208,0,0,1,0,0,0
1.888236500,0,0,1,1,1,1
1.888265542,0,0,1,0,0,0
1.888434875,0,0,1,1,1,1
1.888463958,0,0,1,0,0,0
1.888633250,0,0,1,1,1,1
1.888662292,0,0,1,0,0,0
1.888831542,0,0,1,1,1,1
1.888860583,0,0,1,1,0,0
1.888860625,0,0,1,0,0,0
1.889029875,0,0,1,1,1,1
1.889058917,0,0,1,0,0,0
1.889228208,0,0,1,1,1,1
1.889257250,0,0,1,0,0,0
1.889426542,0,0,1,1,1,1
1.889455583,0,0,1,0,0,0
1.889624917,0,0,1,1,1,1
1.889653958,0,0,1,0,0,0
1.889823167,0,0,1,1,1,1
1.889852167,0,0,1,0,0,0
1.890021417,0,0,1,1,1,1
1.890050458,0,0,1,0,0,0
1.890219667,0,0,1,1,1,1
1.890248708,0,0,1,0,0,0
1.890418000,0,0,1,1,1,1
1.890447042,0,0,1,0,0,0
1.890616250,0,0,1,1,1,1
1.890645292,0,0,1,0,0,0
1.890814542,0,0,1,1,1,1
1.890843542,0,0,1,1,0,1
1.890843583,0,0,1,0,0,0
1.891012833,0,0,1,1,1,1
1.891041875,0,0,1,0,0,0
1.891211125,0,0,1,1,1,1
1.891240167,0,0,1,0,0,0
1.891409375,0,0,1,1,1,1
1.891438417,0,0,1,0,0,0
1.891607625,0,0,1,1,1,1
1.891636667,0,0,1,0,0,0
1.891805875,0,0,1,1,1,1
1.891834875,0,0,1,0,0,0
1.892004125,0,0,1,1,1,1
1.892033167,0,0,1,0,0,0
1.892202375,0,0,1,1,1,1
1.892231417,0,0,1,0,0,0
1.892400625,0,0,1,1,1,1
1.892429667,0,0,1,0,0,0
1.892598917,0,0,1,1,1,1
1.892627958,0,0,1,0,0,0
1.892797167,0,0,1,1,1,1
1.892826208,0,0,1,0,0,0
1.892995417,0,0,1,1,1,1
1.893024458,0,0,1,0,0,0
1.893193750,0,0,1,1,1,1
1.893222792,0,0,1,0,0,0
1.893392042,0,0,1,1,1,1
1.893421083,0,0,1,0,0,0
1.893590292,0,0,1,1,1,1
1.893619333,0,0,1,0,0,0
1.893788583,0,0,1,1,1,1
1.893817625,0,0,1,0,0,0
1.893986917,0,0,1,1,1,1
1.894015958,0,0,1,0,0,0
1.894185208,0,0,1,1,1,1
1.894214292,0,0,1,0,0,0
1.894383542,0,0,1,1,1,1
1.894412583,0,0,1,0,0,0
1.894581833,0,0,1,1,1,1
1.894610875,0,0,1,0,0,0
1.894780125,0,0,1,1,1,1
1.894809167,0,0,1,0,0,0
1.894978458,0,0,1,1,1,1
1.895007500,0,0,1,0,0,0
1.895176750,0,0,1,1,1,1
1.895205792,0,0,1,0,0,0
1.895375042,0,0,1,1,1,1
1.895404083,0,0,1,0,0,0
1.895573333,0,0,1,1,1,1
1.895602375,0,0,1,0,0,0
1.895771625,0,0,1,1,1,1
1.895800667,0,0,1,0,0,0
1.895969917,0,0,1,1,1,1
1.895999000,0,0,1,0,0,0
1.896168250,0,0,1,1,1,1
1.896197292,0,0,1,0,0,0
1.896366583,0,0,1,1,1,1
1.896395625,0,0,1,0,0,0
1.896564917,0,0,1,1,1,1
1.896594000,0,0,1,0,0,0
1.896763292,0,0,1,1,1,1
1.896792333,0,0,1,0,0,0
1.896961625,0,0,1,1,1,1
1.896990667,0,0,1,0,0,0
1.897159958,0,0,1,1,1,1
1.897189000,0,0,1,0,0,0
1.897358292,0,0,1,1,1,1
1.897387333,0,0,1,0,0,0
1.897556667,0,0,1,1,1,1
1.897585708,0,0,1,0,0,0
1.897755042,0,0,1,1,1,1
1.897784083,0,0,1,0,0,0
1.897953375,0,0,1,1,1,1
1.897982417,0,0,1,0,0,0
1.898151708,0,0,1,1,1,1
1.898180750,0,0,1,0,0,0
1.898350000,0,0,1,1,1,1
1.898379042,0,0,1,0,0,0
1.898548333,0,0,1,1,1,1
1.898577375,0,0,1,0,0,0
1.898746625,0,0,1,1,1,1
1.898775667,0,0,1,0,0,0
1.898944958,0,0,1,1,1,1
1.898974000,0,0,1,0,0,0
1.899143250,0,0,1,1,1,1
1.899172292,0,0,1,0,0,0
1.899341583,0,0,1,1,1,1
1.899370625,0,0,1,0,0,0
1.899539875,0,0,1,1,1,1
1.899568917,0,0,1,0,0,0
1.899738167,0,0,1,1,1,1
1.899767250,0,0,1,0,0,0
1.899936500,0,0,1,1,1,1
1.899965500,0,0,1,1,0,0
1.899965542,0,0,1,0,0,0
1.900134750,0,0,1,1,1,1
1.900163792,0,0,1,0,0,0
1.900333000,0,0,1,1,1,1
1.900362000,0,0,1,0,0,0
1.900531208,0,0,1,1,1,1
1.900560250,0,0,1,0,0,0
1.900729458,0,0,1,1,1,1
1.900758500,0,0,1,0,0,0
1.900927708,0,0,1,1,1,1
1.900956750,0,0,1,0,0,0
1.901125958,0,0,1,0,1,0
1.901126000,0,0,1,1,1,1
1.901155042,0,0,1,0,0,0
1.901324250,0,0,1,1,1,1
1.901353292,0,0,1,0,0,0
1.901522500,0,0,1,1,1,1
1.901551542,0,0,1,0,0,0
1.901720833,0,0,1,1,1,1
1.901749875,0,0,1,0,0,0
1.901919083,0,0,1,1,1,1
1.901948167,0,0,1,0,0,0
1.902117375,0,0,1,1,1,1
1.902146375,0,0,1,1,0,0
1.902146417,0,0,1,0,0,0
1.902315583,0,0,1,1,1,1
1.902344625,0,0,1,0,0,0
1.902513875,0,0,1,1,1,1
1.902542917,0,0,1,0,0,0
1.902712208,0,0,1,1,1,1
1.902741250,0,0,1,0,0,0
1.902910500,0,0,1,1,1,1
1.902939542,0,0,1,0,0,0
1.903108875,0,0,1,1,1,1
1.903137917,0,0,1,0,0,0
1.903307208,0,0,1,1,1,1
1.903336250,0,0,1,0,0,0
1.903505542,0,0,1,1,1,1
1.903534625,0,0,1,0,0,0
1.903703833,0,0,1,1,1,1
1.903732917,0,0,1,0,0,0
1.903902125,0,0,1,1,1,1
1.903931167,0,0,1,0,0,0
1.904100458,0,0,1,1,1,1
1.904129500,0,0,1,0,0,0
1.904298750,0,0,1,1,1,1
1.904327792,0,0,1,0,0,0
1.904497083,0,0,1,1,1,1
1.904526125,0,0,1,0,0,0
1.904695375,0,0,1,1,1,1
1.904724417,0,0,1,0,0,0
1.904893625,0,0,1,1,1,1
1.904922667,0,0,1,0,0,0
1.905091875,0,0,1,1,1,1
1.905120917,0,0,1,0,0,0
1.905290167,0,0,1,1,1,1
1.905319208,0,0,1,0,0,0
1.905488458,0,0,1,1,1,1
1.905517500,0,0,1,0,0,0
1.905686750,0,0,1,1,1,1
1.905715792,0,0,1,0,0,0
1.905885000,0,0,1,1,1,1
1.905914042,0,0,1,0,0,0
1.906083250,0,0,1,1,1,1
1.906112292,0,0,1,0,0,0
1.906281500,0,0,1,1,1,1
1.906310542,0,0,1,0,0,0
1.906479792,0,0,1,1,1,1
1.906508833,0,0,1,0,0,0
1.906678042,0,0,1,1,1,1
1.906707083,0,0,1,0,0,0
1.906876333,0,0,1,1,1,1
1.906905333,0,0,1,1,0,0
1.906905375,0,0,1,0,0,0
1.907074583,0,0,1,1,1,1
1.907103625,0,0,1,0,0,0
1.907272833,0,0,1,1,1,1
1.907301875,0,0,1,0,0,0
1.907471125,0,0,1,1,1,1
1.907500167,0,0,1,0,0,0
1.907669417,0,0,1,1,1,1
1.907698458,0,0,1,0,0,0
1.907867708,0,0,1,1,1,1
1.907896750,0,0,1,0,0,0
1.908066000,0,0,1,1,1,1
1.908095000,0,0,1,0,0,0
1.908264250,0,0,1,1,1,1
1.908293292,0,0,1,0,0,0
1.908462500,0,0,1,1,1,1
1.908491542,0,0,1,0,0,0
1.908660792,0,0,1,1,1,1
1.908689833,0,0,1,0,0,0
1.908859083,0,0,1,1,1,1
1.908888125,0,0,1,0,0,0
1.909057333,0,0,1,1,1,1
1.909086375,0,0,1,0,0,0
1.909255583,0,0,1,1,1,1
1.909284667,0,0,1,0,0,0
1.909453875,0,0,1,1,1,1
1.909482917,0,0,1,0,0,0
1.909652167,0,0,1,1,1,1
1.909681208,0,0,1,0,0,0
1.909850417,0,0,1,1,1,1
1.909879458,0,0,1,0,0,0
1.910048708,0,0,1,1,1,1
1.910077750,0,0,1,0,0,0
1.910247000,0,0,1,1,1,1
1.910276042,0,0,1,0,0,0
1.910445292,0,0,1,1,1,1
1.910474333,0,0,1,0,0,0
1.910643583,0,0,1,1,1,1
1.910672625,0,0,1,0,0,0
1.910841875,0,0,1,1,1,1
1.910870917,0,0,1,0,0,0
1.911040167,0,0,1,1,1,1
1.911069208,0,0,1,0,0,0
1.911238458,0,0,1,1,1,1
1.911267542,0,0,1,0,0,0
1.911436750,0,0,1,1,1,1
1.911465792,0,0,1,0,0,0
1.911635000,0,0,1,1,1,1
1.911664042,0,0,1,0,0,0
1.911833250,0,0,1,1,1,1
1.911862292,0,0,1,0,0,0
1.912031500,0,0,1,1,1,1
1.912060542,0,0,1,0,0,0
1.912229792,0,0,1,1,1,1
1.912258833,0,0,1,0,0,0
1.912428083,0,0,1,1,1,1
1.912457125,0,0,1,0,0,0
1.912626333,0,0,1,1,1,1
1.912655375,0,0,1,0,0,0
1.912824583,0,0,1,1,1,1
1.912853625,0,0,1,0,0,0
1.913022875,0,0,1,1,1,1
1.913051917,0,0,1,0,0,0
1.913221125,0,0,1,1,1,1
1.913250167,0,0,1,0,0,0
1.913419375,0,0,1,1,1,1
1.913448417,0,0,1,0,0,0
1.913617667,0,0,1,1,1,1
1.913646708,0,0,1,0,0,0
1.913815958,0,0,1,1,1,1
1.913845000,0,0,1,0,0,0
1.914014250,0,0,1,1,1,1
1.914043250,0,0,1,1,0,0
1.914043292,0,0,1,0,0,0
1.914212500,0,0,1,1,1,1
1.914241542,0,0,1,0,0,0
1.914410792,0,0,1,1,1,1
1.914439833,0,0,1,0,0,0
1.914609083,0,0,1,1,1,1
1.914638125,0,0,1,0,0,0
1.914807375,0,0,1,1,1,1
1.914836417,0,0,1,0,0,0
1.915005625,0,0,1,1,1,1
1.915034708,0,0,1,0,0,0
1.915203958,0,0,1,1,1,1
1.915233000,0,0,1,0,0,0
1.915402292,0,0,1,1,1,1
1.915431333,0,0,1,0,0,0
1.915600625,0,0,1,1,1,1
1.915629667,0,0,1,0,0,0
1.915798958,0,0,1,1,1,1
1.915828000,0,0,1,0,0,0
1.915997292,0,0,1,1,1,1
1.916026375,0,0,1,0,0,0
1.916195667,0,0,1,1,1,1
1.916224750,0,0,1,0,0,0
1.916394000,0,0,1,1,1,1
1.916423042,0,0,1,0,0,0
1.916592375,0,0,1,1,1,1
1.916621417,0,0,1,0,0,0
1.916790708,0,0,1,1,1,1
1.916819750,0,0,1,0,0,0
1.916989000,0,0,1,1,1,1
1.917018042,0,0,1,0,0,0
1.917187292,0,0,1,1,1,1
1.917216333,0,0,1,0,0,0
1.917385583,0,0,1,1,1,1
1.917414625,0,0,1,0,0,0
1.917583875,0,0,1,1,1,1
1.917612958,0,0,1,0,0,0
1.917782250,0,0,1,1,1,1
1.917811292,0,0,1,0,0,0
1.917980583,0,0,1,1,1,1
1.918009625,0,0,1,0,0,0
1.918178917,0,0,1,1,1,1
1.918207958,0,0,1,0,0,0
1.918377250,0,0,1,1,1,1
1.918406292,0,0,1,0,0,0
1.918575583,0,0,1,1,1,1
1.918604625,0,0,1,0,0,0
1.918773875,0,0,1,1,1,1
1.918802958,0,0,1,0,0,0
1.918972250,0,0,1,1,1,1
1.919001292,0,0,1,0,0,0
1.919170625,0,0,1,1,1,1
1.919199667,0,0,1,0,0,0
1.919368958,0,0,1,1,1,1
1.919398000,0,0,1,0,0,0
1.919567333,0,0,1,1,1,1
1.919596375,0,0,1,0,0,0
1.919765708,0,0,1,1,1,1
1.919794750,0,0,1,0,0,0
1.919964083,0,0,1,1,1,1
1.919993125,0,0,1,0,0,0
1.920162458,0,0,1,1,1,1
1.920191500,0,0,1,0,0,0
1.920360833,0,0,1,1,1,1
1.920389917,0,0,1,0,0,0
1.920559250,0,0,1,1,1,1
1.920588292,0,0,1,0,0,0
1.920757625,0,0,1,1,1,1
1.920786667,0,0,1,0,0,0
1.920955958,0,0,1,1,1,1
1.920985042,0,0,1,0,0,0
1.921154333,0,0,1,0,1,1
1.921154375,0,0,1,1,1,1
1.921183417,0,0,1,0,0,0
1.921352708,0,0,1,1,1,1
1.921381792,0,0,1,0,0,0
1.921551083,0,0,1,1,1,1
1.921580125,0,0,1,0,0,0
1.921749458,0,0,1,1,1,1
1.921778500,0,0,1,0,0,0
1.921947792,0,0,1,1,1,1
1.921976833,0,0,1,0,0,0
1.922146167,0,0,1,1,1,1
1.922175208,0,0,1,0,0,0
1.922344500,0,0,1,1,1,1
1.922373542,0,0,1,0,0,0
1.922542833,0,0,1,1,1,1
1.922571875,0,0,1,0,0,0
1.922741167,0,0,1,1,1,1
1.922770250,0,0,1,0,0,0
1.922939500,0,0,1,1,1,1
1.922968542,0,0,1,0,0,0
1.923137833,0,0,1,1,1,1
1.923166875,0,0,1,0,0,0
1.923336125,0,0,1,1,1,1
1.923365167,0,0,1,0,0,0
1.923534458,0,0,1,1,1,1
1.923563500,0,0,1,0,0,0
1.923732792,0,0,1,1,1,1
1.923761833,0,0,1,0,0,0
1.923931083,0,0,1,1,1,1
1.923960125,0,0,1,0,0,0
1.924129417,0,0,1,1,1,1
1.924158458,0,0,1,0,0,0
1.924327750,0,0,1,1,1,1
1.924356792,0,0,1,0,0,0
1.924526000,0,0,1,1,1,1
1.924555042,0,0,1,0,0,0
1.924724292,0,0,1,1,1,1
1.924753333,0,0,1,0,0,0
1.924922583,0,0,1,1,1,1
1.924951625,0,0,1,0,0,0
1.925120917,0,0,1,1,1,1
1.925149958,0,0,1,0,0,0
1.925319208,0,0,1,0,1,1
1.925319250,0,0,1,1,1,1
1.925348292,0,0,1,0,0,0
1.925517583,0,0,1,1,1,1
1.925546625,0,0,1,0,0,0
1.925715917,0,0,1,1,1,1
1.925744958,0,0,1,0,0,0
1.925914250,0,0,1,1,1,1
1.925943292,0,0,1,0,0,0
1.926112625,0,0,1,1,1,1
1.926141667,0,0,1,0,0,0
1.926310958,0,0,1,1,1,1
1.926340000,0,0,1,0,0,0
1.926509250,0,0,1,1,1,1
1.926538292,0,0,1,1,0,1
1.926538333,0,0,1,0,0,0
1.926707625,0,0,1,1,1,1
1.926736667,0,0,1,0,0,0
1.926906000,0,0,1,1,1,1
1.926935042,0,0,1,0,0,0
1.927104375,0,0,1,1,1,1
1.927133458,0,0,1,0,0,0
1.927302792,0,0,1,1,1,1
1.927331833,0,0,1,0,0,0
1.927501167,0,0,1,1,1,1
1.927530208,0,0,1,0,0,0
1.927699542,0,0,1,1,1,1
1.927728583,0,0,1,0,0,0
1.927897875,0,0,1,1,1,1
1.927926958,0,0,1,0,0,0
1.928096167,0,0,1,1,1,1
1.928125208,0,0,1,0,0,0
1.928294500,0,0,1,1,1,1
1.928323542,0,0,1,0,0,0
1.928492833,0,0,1,1,1,1
1.928521875,0,0,1,0,0,0
1.928691125,0,0,1,0,1,0
1.928691167,0,0,1,1,1,1
1.928720208,0,0,1,0,0,0
1.928889417,0,0,1,1,1,1
1.928918458,0,0,1,0,0,0
1.929087708,0,0,1,1,1,1
1.929116750,0,0,1,0,0,0
1.929286000,0,0,1,1,1,1
1.929315042,0,0,1,0,0,0
1.929484292,0,0,1,1,1,1
1.929513333,0,0,1,0,0,0
1.929682583,0,0,1,1,1,1
1.929711625,0,0,1,0,0,0
1.929880875,0,0,1,1,1,1
1.929909917,0,0,1,0,0,0
1.930079125,0,0,1,1,1,1
1.930108167,0,0,1,0,0,0
1.930277375,0,0,1,1,1,1
1.930306417,0,0,1,0,0,0
1.930475625,0,0,1,1,1,1
1.930504708,0,0,1,0,0,0
1.930673917,0,0,1,1,1,1
1.930702958,0,0,1,0,0,0
1.930872208,0,0,1,1,1,1
1.930901208,0,0,1,0,0,0
1.931070417,0,0,1,1,1,1
1.931099458,0,0,1,1,0,1
1.931099500,0,0,1,0,0,0
1.931268667,0,0,1,1,1,1
1.931297708,0,0,1,0,0,0
1.931466917,0,0,1,1,1,1
1.931495958,0,0,1,0,0,0
1.931665208,0,0,1,1,1,1
1.931694250,0,0,1,0,0,0
1.931863500,0,0,1,1,1,1
1.931892583,0,0,1,0,0,0
1.932061792,0,0,1,1,1,1
1.932090833,0,0,1,0,0,0
1.932260083,0,0,1,1,1,1
1.932289125,0,0,1,0,0,0
1.932458375,0,0,1,1,1,1
1.932487417,0,0,1,0,0,0
1.932656667,0,0,1,1,1,1
1.932685708,0,0,1,0,0,0
1.932854958,0,0,1,1,1,1
1.932884000,0,0,1,0,0,0
1.933053208,0,0,1,1,1,1
1.933082250,0,0,1,0,0,0
1.933251500,0,0,1,1,1,1
1.933280542,0,0,1,0,0,0
1.933449750,0,0,1,1,1,1
1.933478792,0,0,1,0,0,0
1.933648042,0,0,1,1,1,1
1.933677083,0,0,1,0,0,0
1.933846375,0,0,1,1,1,1
1.933875417,0,0,1,0,0,0
1.934044625,0,0,1,1,1,1
1.934073667,0,0,1,0,0,0
1.934242917,0,0,1,1,1,1
1.934271958,0,0,1,0,0,0
1.934441167,0,0,1,1,1,1
1.934470208,0,0,1,0,0,0
1.934639458,0,0,1,1,1,1
1.934668500,0,0,1,0,0,0
1.934837792,0,0,1,1,1,1
1.934866833,0,0,1,0,0,0
1.935036083,0,0,1,1,1,1
1.935065125,0,0,1,0,0,0
1.935234375,0,0,1,1,1,1
1.935263417,0,0,1,0,0,0
1.935432708,0,0,1,1,1,1
1.935461750,0,0,1,0,0,0
1.935631000,0,0,1,1,1,1
1.935660042,0,0,1,0,0,0
1.935829333,0,0,1,1,1,1
1.935858375,0,0,1,0,0,0
1.936027625,0,0,1,1,1,1
1.936056667,0,0,1,0,0,0
1.936225875,0,0,1,1,1,1
1.936254917,0,0,1,0,0,0
1.936424125,0,0,1,1,1,1
1.936453167,0,0,1,0,0,0
1.936622333,0,0,1,1,1,1
1.936651375,0,0,1,0,0,0
1.936820542,0,0,1,1,1,1
1.936849583,0,0,1,0,0,0
1.937018750,0,0,1,1,1,1
1.937047792,0,0,1,0,0,0
1.937216958,0,0,1,1,1,1
1.937246000,0,0,1,0,0,0
1.937415167,0,0,1,1,1,1
1.937444208,0,0,1,0,0,0
1.937613458,0,0,1,1,1,1
1.937642500,0,0,1,0,0,0
1.937811708,0,0,1,1,1,1
1.937840750,0,0,1,0,0,0
1.938009958,0,0,1,1,1,1
1.938039000,0,0,1,0,0,0
1.938208250,0,0,1,1,1,1
1.938237292,0,0,1,0,0,0
1.938406500,0,0,1,1,1,1
1.938435542,0,0,1,0,0,0
1.938604792,0,0,1,1,1,1
1.938633833,0,0,1,0,0,0
1.938803125,0,0,1,1,1,1
1.938832167,0,0,1,0,0,0
1.939001458,0,0,1,1,1,1
1.939030500,0,0,1,0,0,0
1.939199792,0,0,1,1,1,1
1.939228833,0,0,1,0,0,0
1.939398042,0,0,1,1,1,1
1.939427083,0,0,1,0,0,0
1.939596417,0,0,1,1,1,1
1.939625458,0,0,1,0,0,0
1.939794708,0,0,1,1,1,1
1.939823750,0,0,1,0,0,0
1.939993000,0,0,1,1,1,1
1.940022042,0,0,1,0,0,0
1.940191250,0,0,1,1,1,1
1.940220292,0,0,1,0,0,0
1.940389500,0,0,1,1,1,1
1.940418542,0,0,1,0,0,0
1.940587750,0,0,1,1,1,1
1.940616792,0,0,1,1,0,0
1.940616833,0,0,1,0,0,0
1.940786042,0,0,1,1,1,1
1.940815083,0,0,1,0,0,0
1.940984333,0,0,1,1,1,1
1.941013375,0,0,1,0,0,0
1.941182625,0,0,1,1,1,1
1.941211667,0,0,1,0,0,0
1.941380917,0,0,1,1,1,1
1.941409958,0,0,1,0,0,0
1.941579167,0,0,1,1,1,1
1.941608208,0,0,1,0,0,0
1.941777417,0,0,1,1,1,1
1.941806458,0,0,1,0,0,0
1.941975667,0,0,1,1,1,1
1.942004708,0,0,1,0,0,0
1.942173917,0,0,1,1,1,1
1.942202958,0,0,1,0,0,0
1.942372167,0,0,1,1,1,1
1.942401208,0,0,1,0,0,0
1.942570417,0,0,1,1,1,1
1.942599458,0,0,1,0,0,0
1.942768708,0,0,1,1,1,1
1.942797750,0,0,1,0,0,0
1.942967042,0,0,1,1,1,1
1.942996083,0,0,1,0,0,0
1.943165333,0,0,1,1,1,1
1.943194375,0,0,1,0,0,0
1.943363667,0,0,1,1,1,1
1.943392708,0,0,1,0,0,0
1.943562083,0,0,1,1,1,1
1.943591125,0,0,1,1,0,0
1.943591167,0,0,1,0,0,0
1.943760458,0,0,1,1,1,1
1.943789542,0,0,1,0,0,0
1.943958833,0,0,1,1,1,1
1.943987875,0,0,1,0,0,0
1.944157167,0,0,1,1,1,1
1.944186208,0,0,1,1,0,0
1.944186250,0,0,1,0,0,0
1.944355500,0,0,1,1,1,1
1.944384542,0,0,1,0,0,0
1.944553833,0,0,1,1,1,1
1.944582875,0,0,1,0,0,0
1.944752167,0,0,1,1,1,1
1.944781208,0,0,1,0,0,0
1.944950500,0,0,1,1,1,1
1.944979542,0,0,1,0,0,0
1.945148792,0,0,1,1,1,1
1.945177833,0,0,1,0,0,0
1.945347042,0,0,1,1,1,1
1.945376083,0,0,1,0,0,0
1.945545333,0,0,1,1,1,1
1.945574375,0,0,1,0,0,0
1.945743583,0,0,1,1,1,1
1.945772625,0,0,1,0,0,0
1.945941833,0,0,1,1,1,1
1.945970833,0,0,1,0,0,0
1.946140042,0,0,1,1,1,1
1.946169083,0,0,1,0,0,0
1.946338250,0,0,1,1,1,1
1.946367292,0,0,1,0,0,0
1.946536500,0,0,1,1,1,1
1.946565500,0,0,1,0,0,0
1.946734708,0,0,1,1,1,1
1.946763750,0,0,1,0,0,0
1.946932917,0,0,1,1,1,1
1.946961958,0,0,1,0,0,0
1.947131167,0,0,1,1,1,1
1.947160208,0,0,1,0,0,0
1.947329417,0,0,1,1,1,1
1.947358458,0,0,1,0,0,0
1.947527708,0,0,1,1,1,1
1.947556750,0,0,1,0,0,0
1.947725917,0,0,1,1,1,1
1.947754958,0,0,1,0,0,0
1.947924167,0,0,1,1,1,1
1.947953208,0,0,1,0,0,0
1.948122417,0,0,1,1,1,1
1.948151458,0,0,1,0,0,0
1.948320625,0,0,1,1,1,1
1.948349667,0,0,1,0,0,0
1.948518875,0,0,1,1,1,1
1.948547917,0,0,1,0,0,0
1.948717167,0,0,1,1,1,1
1.948746208,0,0,1,0,0,0
1.948915458,0,0,1,1,1,1
1.948944500,0,0,1,0,0,0
1.949113708,0,0,1,1,1,1
1.949142750,0,0,1,0,0,0
1.949311958,0,0,1,1,1,1
1.949341000,0,0,1,0,0,0
1.949510250,0,0,1,1,1,1
1.949539292,0,0,1,0,0,0
1.949708500,0,0,1,1,1,1
1.949737542,0,0,1,0,0,0
1.949906750,0,0,1,1,1,1
1.949935792,0,0,1,0,0,0
1.950104958,0,0,1,1,1,1
1.950134000,0,0,1,0,0,0
1.950303250,0,0,1,1,1,1
1.950332292,0,0,1,0,0,0
1.950501500,0,0,1,1,1,1
1.950530500,0,0,1,0,0,0
1.950699708,0,0,1,1,1,1
1.950728750,0,0,1,0,0,0
1.950898000,0,0,1,1,1,1
1.950927000,0,0,1,0,0,0
1.951096250,0,0,1,1,1,1
1.951125292,0,0,1,0,0,0
1.951294542,0,0,1,1,1,1
1.951323583,0,0,1,0,0,0
1.951492875,0,0,1,1,1,1
1.951521917,0,0,1,0,0,0
1.951691208,0,0,1,1,1,1
1.951720250,0,0,1,0,0,0
1.951889500,0,0,1,1,1,1
1.951918542,0,0,1,0,0,0
1.952087792,0,0,1,1,1,1
1.952116833,0,0,1,0,0,0
1.952286042,0,0,1,1,1,1
1.952315083,0,0,1,0,0,0
1.952484250,0,0,1,1,1,1
1.952513292,0,0,1,0,0,0
1.952682500,0,0,1,1,1,1
1.952711542,0,0,1,0,0,0
1.952880750,0,0,1,1,1,1
1.952909792,0,0,1,0,0,0
1.953079000,0,0,1,1,1,1
1.953108042,0,0,1,0,0,0
1.953277208,0,0,1,1,1,1
1.953306250,0,0,1,0,0,0
1.953475458,0,0,1,1,1,1
1.953504500,0,0,1,0,0,0
1.953673708,0,0,1,1,1,1
1.953702708,0,0,1,1,0,1
1.953702750,0,0,1,0,0,0
1.953871958,0,0,1,1,1,1
1.953901000,0,0,1,0,0,0
1.954070208,0,0,1,1,1,1
1.954099250,0,0,1,0,0,0
1.954268417,0,0,1,1,1,1
1.954297458,0,0,1,0,0,0
1.954466667,0,0,1,1,1,1
1.954495708,0,0,1,0,0,0
1.954664917,0,0,1,1,1,1
1.954693958,0,0,1,0,0,0
1.954863125,0,0,1,1,1,1
1.954892167,0,0,1,0,0,0
1.955061333,0,0,1,1,1,1
1.955090375,0,0,1,0,0,0
1.955259583,0,0,1,1,1,1
1.955288625,0,0,1,0,0,0
1.955457833,0,0,1,1,1,1
1.955486875,0,0,1,0,0,0
1.955656083,0,0,1,1,1,1
1.955685125,0,0,1,0,0,0
1.955854333,0,0,1,1,1,1
1.955883375,0,0,1,0,0,0
1.956052583,0,0,1,1,1,1
1.956081625,0,0,1,0,0,0
1.956250833,0,0,1,1,1,1
1.956279875,0,0,1,0,0,0
1.956449125,0,0,1,1,1,1
1.956478167,0,0,1,0,0,0
1.956647333,0,0,1,1,1,1
1.956676375,0,0,1,0,0,0
1.956845583,0,0,1,1,1,1
1.956874625,0,0,1,0,0,0
1.957043792,0,0,1,1,1,1
1.957072833,0,0,1,0,0,0
1.957242042,0,0,1,1,1,1
1.957271083,0,0,1,0,0,0
1.957440333,0,0,1,1,1,1
1.957469375,0,0,1,0,0,0
1.957638625,0,0,1,1,1,1
1.957667667,0,0,1,0,0,0
1.957836917,0,0,1,1,1,1
1.957865917,0,0,1,0,0,0
1.958035167,0,0,1,1,1,1
1.958064250,0,0,1,0,0,0
1.958233500,0,0,1,1,1,1
1.958262542,0,0,1,0,0,0
1.958431833,0,0,1,1,1,1
1.958460875,0,0,1,0,0,0
1.958630083,0,0,1,1,1,1
1.958659125,0,0,1,0,0,0
1.958828333,0,0,1,1,1,1
1.958857375,0,0,1,0,0,0
1.959026625,0,0,1,1,1,1
1.959055667,0,0,1,0,0,0
1.959224917,0,0,1,1,1,1
1.959253958,0,0,1,0,0,0
1.959423208,0,0,1,1,1,1
1.959452250,0,0,1,0,0,0
1.959621500,0,0,1,1,1,1
1.959650542,0,0,1,0,0,0
1.959819750,0,0,1,1,1,1
1.959848792,0,0,1,0,0,0
1.960018042,0,0,1,1,1,1
1.960047083,0,0,1,0,0,0
1.960216292,0,0,1,1,1,1
1.960245333,0,0,1,0,0,0
1.960414583,0,0,1,1,1,1
1.960443625,0,0,1,0,0,0
1.960612875,0,0,1,1,1,1
1.960641875,0,0,1,0,0,0
1.960811083,0,0,1,1,1,1
1.960840125,0,0,1,0,0,0
1.961009292,0,0,1,1,1,1
1.961038333,0,0,1,0,0,0
1.961207542,0,0,1,1,1,1
1.961236583,0,0,1,0,0,0
1.961405792,0,0,1,1,1,1
1.961434792,0,0,1,0,0,0
1.961603958,0,0,1,1,1,1
1.961633000,0,0,1,0,0,0
1.961802167,0,0,1,1,1,1
1.961831167,0,0,1,0,0,0
1.962000333,0,0,1,1,1,1
1.962029375,0,0,1,0,0,0
1.962198542,0,0,1,1,1,1
1.962227583,0,0,1,0,0,0
1.962396792,0,0,1,1,1,1
1.962425833,0,0,1,0,0,0
1.962595042,0,0,1,1,1,1
1.962624083,0,0,1,0,0,0
1.962793292,0,0,1,1,1,1
1.962822292,0,0,1,1,0,1
1.962822333,0,0,1,0,0,0
1.962991542,0,0,1,1,1,1
1.963020583,0,0,1,0,0,0
1.963189792,0,0,1,1,1,1
1.963218833,0,0,1,0,0,0
1.963388083,0,0,1,1,1,1
1.963417125,0,0,1,0,0,0
1.963586375,0,0,1,1,1,1
1.963615417,0,0,1,0,0,0
1.963784625,0,0,1,1,1,1
1.963813667,0,0,1,0,0,0
1.963982917,0,0,1,1,1,1
1.964011958,0,0,1,0,0,0
1.964181208,0,0,1,1,1,1
1.964210250,0,0,1,0,0,0
1.964379458,0,0,1,1,1,1
1.964408500,0,0,1,0,0,0
1.964577750,0,0,1,1,1,1
1.964606792,0,0,1,0,0,0
1.964776042,0,0,1,1,1,1
1.964805083,0,0,1,0,0,0
1.964974333,0,0,1,1,1,1
1.965003375,0,0,1,0,0,0
1.965172667,0,0,1,1,1,1
1.965201750,0,0,1,0,0,0
1.965371000,0,0,1,1,1,1
1.965400042,0,0,1,0,0,0
1.965569250,0,0,1,1,1,1
1.965598292,0,0,1,0,0,0
1.965767583,0,0,1,1,1,1
1.965796625,0,0,1,0,0,0
1.965965875,0,0,1,1,1,1
1.965994917,0,0,1,0,0,0
1.966164208,0,0,1,1,1,1
1.966193250,0,0,1,0,0,0
1.966362500,0,0,1,1,1,1
1.966391542,0,0,1,0,0,0
1.966560833,0,0,1,1,1,1
1.966589875,0,0,1,0,0,0
1.966759125,0,0,1,1,1,1
1.966788167,0,0,1,0,0,0
1.966957417,0,0,1,1,1,1
1.966986500,0,0,1,0,0,0
1.967155708,0,0,1,1,1,1
1.967184750,0,0,1,0,0,0
1.967354000,0,0,1,1,1,1
1.967383042,0,0,1,0,0,0
1.967552250,0,0,1,1,1,1
1.967581292,0,0,1,0,0,0
1.967750542,0,0,1,1,1,1
1.967779583,0,0,1,0,0,0
1.967948792,0,0,1,1,1,1
1.967977833,0,0,1,0,0,0
1.968147042,0,0,1,1,1,1
1.968176083,0,0,1,0,0,0
1.968345333,0,0,1,1,1,1
1.968374375,0,0,1,0,0,0
1.968543583,0,0,1,1,1,1
1.968572625,0,0,1,0,0,0
1.968741917,0,0,1,1,1,1
1.968770958,0,0,1,0,0,0
1.968940208,0,0,1,1,1,1
1.968969250,0,0,1,0,0,0
1.969138542,0,0,1,1,1,1
1.969167583,0,0,1,0,0,0
1.969336833,0,0,1,1,1,1
1.969365875,0,0,1,0,0,0
1.969535125,0,0,1,1,1,1
1.969564208,0,0,1,0,0,0
1.969733458,0,0,1,1,1,1
1.969762500,0,0,1,0,0,0
1.969931708,0,0,1,1,1,1
1.969960750,0,0,1,0,0,0
1.970130000,0,0,1,1,1,1
1.970159042,0,0,1,0,0,0
1.970328292,0,0,1,1,1,1
1.970357292,0,0,1,0,0,0
1.970526500,0,0,1,1,1,1
1.970555542,0,0,1,0,0,0
1.970724750,0,0,1,1,1,1
1.970753750,0,0,1,0,0,0
1.970922958,0,0,1,1,1,1
1.970952000,0,0,1,0,0,0
1.971121167,0,0,1,1,1,1
1.971150208,0,0,1,0,0,0
1.971319417,0,0,1,1,1,1
1.971348458,0,0,1,0,0,0
1.971517625,0,0,1,1,1,1
1.971546667,0,0,1,0,0,0
1.971715875,0,0,1,1,1,1
1.971744875,0,0,1,0,0,0
1.971914083,0,0,1,1,1,1
1.971943125,0,0,1,0,0,0
1.972112292,0,0,1,1,1,1
1.972141333,0,0,1,0,0,0
1.972310542,0,0,1,1,1,1
1.972339583,0,0,1,0,0,0
1.972508833,0,0,1,1,1,1
1.972537833,0,0,1,0,0,0
1.972707042,0,0,1,1,1,1
1.972736083,0,0,1,0,0,0
1.972905250,0,0,1,1,1,1
1.972934292,0,0,1,0,0,0
1.973103500,0,0,1,1,1,1
1.973132542,0,0,1,0,0,0
1.973301750,0,0,1,1,1,1
1.973330792,0,0,1,0,0,0
1.973500000,0,0,1,1,1,1
1.973529042,0,0,1,0,0,0
1.973698250,0,0,1,1,1,1
1.973727250,0,0,1,0,0,0
1.973896500,0,0,1,1,1,1
1.973925500,0,0,1,0,0,0
1.974094792,0,0,1,1,1,1
1.974123833,0,0,1,0,0,0
1.974293083,0,0,1,1,1,1
1.974322125,0,0,1,0,0,0
1.974491375,0,0,1,1,1,1
1.974520417,0,0,1,0,0,0
1.974689667,0,0,1,1,1,1
1.974718708,0,0,1,0,0,0
1.974887917,0,0,1,1,1,1
1.974916958,0,0,1,0,0,0
1.975086208,0,0,1,1,1,1
1.975115250,0,0,1,0,0,0
1.975284458,0,0,1,1,1,1
1.975313500,0,0,1,0,0,0
1.975482708,0,0,1,1,1,1
1.975511750,0,0,1,0,0,0
1.975680958,0,0,1,1,1,1
1.975710000,0,0,1,0,0,0
1.975879208,0,0,1,1,1,1
1.975908250,0,0,1,0,0,0
1.976077500,0,0,1,1,1,1
1.976106500,0,0,1,0,0,0
1.976275750,0,0,1,1,1,1
1.976304792,0,0,1,0,0,0
1.976474042,0,0,1,1,1,1
1.976503083,0,0,1,0,0,0
1.976672292,0,0,1,1,1,1
1.976701333,0,0,1,0,0,0
1.976870625,0,0,1,1,1,1
1.976899667,0,0,1,0,0,0
1.977068958,0,0,1,1,1,1
1.977098042,0,0,1,0,0,0
1.977267292,0,0,1,1,1,1
1.977296333,0,0,1,0,0,0
1.977465625,0,0,1,1,1,1
1.977494667,0,0,1,0,0,0
1.977663917,0,0,1,1,1,1
1.977692958,0,0,1,0,0,0
1.977862250,0,0,1,1,1,1
1.977891292,0,0,1,0,0,0
1.978060542,0,0,1,1,1,1
1.978089583,0,0,1,0,0,0
1.978258833,0,0,1,1,1,1
1.978287917,0,0,1,0,0,0
1.978457208,0,0,1,1,1,1
1.978486250,0,0,1,0,0,0
1.978655542,0,0,1,1,1,1
1.978684583,0,0,1,0,0,0
1.978853875,0,0,1,1,1,1
1.978882917,0,0,1,0,0,0
1.979052167,0,0,1,1,1,1
1.979081208,0,0,1,0,0,0
1.979250458,0,0,1,1,1,1
1.979279500,0,0,1,0,0,0
1.979448708,0,0,1,1,1,1
1.979477750,0,0,1,0,0,0
1.979647000,0,0,1,1,1,1
1.979676042,0,0,1,0,0,0
1.979845292,0,0,1,1,1,1
1.979874333,0,0,1,0,0,0
1.980043625,0,0,1,1,1,1
1.980072667,0,0,1,0,0,0
1.980241917,0,0,1,1,1,1
1.980270958,0,0,1,0,0,0
1.980440250,0,0,1,1,1,1
1.980469292,0,0,1,0,0,0
1.980638542,0,0,1,1,1,1
1.980667583,0,0,1,0,0,0
1.980836792,0,0,1,1,1,1
1.980865833,0,0,1,0,0,0
1.981035042,0,0,1,1,1,1
1.981064083,0,0,1,0,0,0
1.981233333,0,0,1,1,1,1
1.981262375,0,0,1,0,0,0
1.981431583,0,0,1,1,1,1
1.981460625,0,0,1,0,0,0
1.981629875,0,0,1,1,1,1
1.981658875,0,0,1,0,0,0
1.981828125,0,0,1,1,1,1
1.981857167,0,0,1,0,0,0
1.982026375,0,0,1,1,1,1
1.982055458,0,0,1,0,0,0
1.982224750,0,0,1,1,1,1
1.982253792,0,0,1,0,0,0
1.982423083,0,0,1,1,1,1
1.982452125,0,0,1,0,0,0
1.982621417,0,0,1,1,1,1
1.982650458,0,0,1,0,0,0
1.982819750,0,0,1,1,1,1
1.982848792,0,0,1,0,0,0
1.983018042,0,0,1,1,1,1
1.983047083,0,0,1,0,0,0
1.983216375,0,0,1,1,1,1
1.983245417,0,0,1,0,0,0
1.983414708,0,0,1,1,1,1
1.983443750,0,0,1,0,0,0
1.983613042,0,0,1,1,1,1
1.983642083,0,0,1,0,0,0
1.983811333,0,0,1,1,1,1
1.983840375,0,0,1,0,0,0
1.984009667,0,0,1,1,1,1
1.984038708,0,0,1,0,0,0
1.984208000,0,0,1,1,1,1
1.984237042,0,0,1,0,0,0
1.984406333,0,0,1,1,1,1
1.984435375,0,0,1,0,0,0
1.984604667,0,0,1,1,1,1
1.984633708,0,0,1,0,0,0
1.984803000,0,0,1,1,1,1
1.984832042,0,0,1,0,0,0
1.985001292,0,0,1,1,1,1
1.985030333,0,0,1,0,0,0
1.985199583,0,0,1,1,1,1
1.985228667,0,0,1,0,0,0
1.985397875,0,0,1,1,1,1
1.985426917,0,0,1,0,0,0
1.985596125,0,0,1,1,1,1
1.985625167,0,0,1,0,0,0
1.985794417,0,0,1,1,1,1
1.985823458,0,0,1,0,0,0
1.985992750,0,0,1,1,1,1
1.986021792,0,0,1,0,0,0
1.986191042,0,0,1,1,1,1
1.986220083,0,0,1,0,0,0
1.986389333,0,0,1,0,1,1
1.986389375,0,0,1,1,1,1
1.986418417,0,0,1,0,0,0
1.986587708,0,0,1,1,1,1
1.986616750,0,0,1,0,0,0
1.986786000,0,0,1,1,1,1
1.986815083,0,0,1,0,0,0
1.986984375,0,0,1,1,1,1
1.987013417,0,0,1,0,0,0
1.987182750,0,0,1,1,1,1
1.987211792,0,0,1,0,0,0
1.987381083,0,0,1,1,1,1
1.987410125,0,0,1,0,0,0
1.987579375,0,0,1,1,1,1
1.987608417,0,0,1,0,0,0
1.987777708,0,0,1,1,1,1
1.987806750,0,0,1,0,0,0
1.987976000,0,0,1,1,1,1
1.988005042,0,0,1,0,0,0
1.988174292,0,0,1,1,1,1
1.988203333,0,0,1,0,0,0
1.988372583,0,0,1,1,1,1
1.988401625,0,0,1,0,0,0
1.988570875,0,0,1,1,1,1
1.988599917,0,0,1,0,0,0
1.988769167,0,0,1,1,1,1
1.988798208,0,0,1,0,0,0
1.988967500,0,0,1,1,1,1
1.988996542,0,0,1,0,0,0
1.989165750,0,0,1,1,1,1
1.989194792,0,0,1,0,0,0
1.989364083,0,0,1,1,1,1
1.989393125,0,0,1,0,0,0
1.989562375,0,0,1,1,1,1
1.989591417,0,0,1,0,0,0
1.989760667,0,0,1,1,1,1
1.989789708,0,0,1,0,0,0
1.989958958,0,0,1,1,1,1
1.989988000,0,0,1,0,0,0
1.990157250,0,0,1,0,1,1
1.990157292,0,0,1,1,1,1
1.990186333,0,0,1,0,0,0
1.990355583,0,0,1,1,1,1
1.990384625,0,0,1,0,0,0
1.990553875,0,0,1,1,1,1
1.990582917,0,0,1,0,0,0
1.990752250,0,0,1,1,1,1
1.990781333,0,0,1,0,0,0
1.990950625,0,0,1,1,1,1
1.990979667,0,0,1,0,0,0
1.991148958,0,0,1,1,1,1
1.991178000,0,0,1,0,0,0
1.991347292,0,0,1,1,1,1
1.991376333,0,0,1,0,0,0
1.991545583,0,0,1,1,1,1
1.991574625,0,0,1,0,0,0
1.991743875,0,0,1,1,1,1
1.991772917,0,0,1,0,0,0
1.991942167,0,0,1,1,1,1
1.991971208,0,0,1,0,0,0
1.992140458,0,0,1,1,1,1
1.992169500,0,0,1,0,0,0
1.992338750,0,0,1,1,1,1
1.992367792,0,0,1,0,0,0
1.992537083,0,0,1,1,1,1
1.992566125,0,0,1,0,0,0
1.992735333,0,0,1,1,1,1
1.992764375,0,0,1,0,0,0
1.992933625,0,0,1,1,1,1
1.992962667,0,0,1,0,0,0
1.993131917,0,0,1,1,1,1
1.993160958,0,0,1,0,0,0
1.993330250,0,0,1,1,1,1
1.993359292,0,0,1,0,0,0
1.993528583,0,0,1,1,1,1
1.993557625,0,0,1,0,0,0
1.993726875,0,0,1,1,1,1
1.993755917,0,0,1,0,0,0
1.993925167,0,0,1,1,1,1
1.993954250,0,0,1,0,0,0
1.994123542,0,0,1,1,1,1
1.994152583,0,0,1,0,0,0
1.994321875,0,0,1,1,1,1
1.994350917,0,0,1,0,0,0
1.994520250,0,0,1,1,1,1
1.994549292,0,0,1,0,0,0
1.994718583,0,0,1,1,1,1
1.994747667,0,0,1,0,0,0
1.994916958,0,0,1,1,1,1
1.994946000,0,0,1,0,0,0
1.995115292,0,0,1,1,1,1
1.995144375,0,0,1,0,0,0
1.995313625,0,0,1,1,1,1
1.995342667,0,0,1,0,0,0
1.995511958,0,0,1,1,1,1
1.995541000,0,0,1,0,0,0
1.995710208,0,0,1,1,1,1
1.995739250,0,0,1,0,0,0
1.995908500,0,0,1,1,1,1
1.995937542,0,0,1,0,0,0
1.996106833,0,0,1,1,1,1
1.996135875,0,0,1,0,0,0
1.996305125,0,0,1,1,1,1
1.996334167,0,0,1,0,0,0
1.996503458,0,0,1,1,1,1
1.996532500,0,0,1,0,0,0
1.996701792,0,0,1,1,1,1
1.996730833,0,0,1,0,0,0
1.996900083,0,0,1,1,1,1
1.996929125,0,0,1,0,0,0
1.997098375,0,0,1,1,1,1
1.997127458,0,0,1,0,0,0
1.997296667,0,0,1,1,1,1
1.997325708,0,0,1,0,0,0
1.997494958,0,0,1,1,1,1
1.997524000,0,0,1,0,0,0
1.997693292,0,0,1,1,1,1
1.997722333,0,0,1,0,0,0
1.997891625,0,0,1,1,1,1
1.997920667,0,0,1,0,0,0
1.998089917,0,0,1,0,1,1
1.998089958,0,0,1,1,1,1
1.998119000,0,0,1,0,0,0
1.998288250,0,0,1,1,1,1
1.998317292,0,0,1,0,0,0
1.998486583,0,0,1,1,1,1
1.998515625,0,0,1,0,0,0
1.998684917,0,0,1,1,1,1
1.998713958,0,0,1,0,0,0
1.998883167,0,0,1,1,1,1
1.998912208,0,0,1,0,0,0
1.999081500,0,0,1,1,1,1
1.999110542,0,0,1,0,0,0
1.999279833,0,0,1,1,1,1
1.999308875,0,0,1,0,0,0
1.999478167,0,0,1,1,1,1
1.999507208,0,0,1,0,0,0
1.999676500,0,0,1,1,1,1
1.999705542,0,0,1,0,0,0
1.999874750,0,0,1,1,1,1
1.999903792,0,0,1,0,0,0
2.000073125,0,0,1,1,1,1
2.000102167,0,0,1,0,0,0
2.000271458,0,0,1,1,1,1
2.000300500,0,0,1,0,0,0
2.000469833,0,0,1,1,1,1
2.000498875,0,0,1,0,0,0
2.000668167,0,0,1,1,1,1
2.000697250,0,0,1,0,0,0
2.000866542,0,0,1,1,1,1
2.000895583,0,0,1,0,0,0
2.001064917,0,0,1,1,1,1
2.001094000,0,0,1,0,0,0
2.001263333,0,0,1,1,1,1
2.001292375,0,0,1,0,0,0
2.001461750,0,0,1,1,1,1
2.001490792,0,0,1,0,0,0
2.001660125,0,0,1,1,1,1
2.001689167,0,0,1,0,0,0
2.001858500,0,0,1,1,1,1
2.001887542,0,0,1,0,0,0
2.002056833,0,0,1,1,1,1
2.002085875,0,0,1,1,0,0
2.002085917,0,0,1,0,0,0
2.002255208,0,0,1,1,1,1
2.002284250,0,0,1,0,0,0
2.002453542,0,0,1,1,1,1
2.002482625,0,0,1,0,0,0
2.002651917,0,0,1,1,1,1
2.002681000,0,0,1,0,0,0
2.002850333,0,0,1,1,1,1
2.002879375,0,0,1,0,0,0
2.003048708,0,0,1,1,1,1
2.003077792,0,0,1,0,0,0
2.003247083,0,0,1,1,1,1
2.003276125,0,0,1,0,0,0
2.003445458,0,0,1,1,1,1
2.003474500,0,0,1,0,0,0
2.003643833,0,0,1,1,1,1
2.003672875,0,0,1,0,0,0
2.003842167,0,0,1,1,1,1
2.003871250,0,0,1,0,0,0
2.004040542,0,0,1,1,1,1
2.004069583,0,0,1,0,0,0
2.004238917,0,0,1,1,1,1
2.004267958,0,0,1,0,0,0
2.004437250,0,0,1,1,1,1
2.004466292,0,0,1,0,0,0
2.004635542,0,0,1,1,1,1
2.004664625,0,0,1,0,0,0
2.004833917,0,0,1,1,1,1
2.004862958,0,0,1,0,0,0
2.005032250,0,0,1,1,1,1
2.005061292,0,0,1,0,0,0
2.005230625,0,0,1,1,1,1
2.005259667,0,0,1,0,0,0
2.005429000,0,0,1,1,1,1
2.005458042,0,0,1,0,0,0
2.005627417,0,0,1,1,1,1
2.005656458,0,0,1,0,0,0
2.005825833,0,0,1,1,1,1
2.005854875,0,0,1,0,0,0
2.006024208,0,0,1,1,1,1
2.006053250,0,0,1,0,0,0
2.006222583,0,0,1,1,1,1
2.006251625,0,0,1,0,0,0
2.006420917,0,0,1,1,1,1
2.006449958,0,0,1,0,0,0
2.006619208,0,0,1,1,1,1
2.006648250,0,0,1,0,0,0
2.006817500,0,0,1,1,1,1
2.006846583,0,0,1,0,0,0
2.007015833,0,0,1,1,1,1
2.007044875,0,0,1,0,0,0
2.007214125,0,0,1,1,1,1
2.007243167,0,0,1,0,0,0
2.007412417,0,0,1,1,1,1
2.007441458,0,0,1,0,0,0
2.007610708,0,0,1,1,1,1
2.007639750,0,0,1,0,0,0
2.007809042,0,0,1,1,1,1
2.007838083,0,0,1,0,0,0
2.008007417,0,0,1,1,1,1
2.008036458,0,0,1,0,0,0
2.008205750,0,0,1,1,1,1
2.008234792,0,0,1,0,0,0
2.008404083,0,0,1,1,1,1
2.008433125,0,0,1,0,0,0
2.008602417,0,0,1,1,1,1
2.008631458,0,0,1,0,0,0
2.008800750,0,0,1,1,1,1
2.008829792,0,0,1,0,0,0
2.008999125,0,0,1,1,1,1
2.009028208,0,0,1,0,0,0
2.009197500,0,0,1,1,1,1
2.009226542,0,0,1,0,0,0
2.009395875,0,0,1,1,1,1
2.009424917,0,0,1,0,0,0
2.009594208,0,0,1,1,1,1
2.009623250,0,0,1,0,0,0
2.009792500,0,0,1,1,1,1
2.009821542,0,0,1,1,0,0
2.009821583,0,0,1,0,0,0
2.009990833,0,0,1,1,1,1
2.010019875,0,0,1,0,0,0
2.010189125,0,0,1,1,1,1
2.010218167,0,0,1,0,0,0
2.010387417,0,0,1,1,1,1
2.010416417,0,0,1,0,0,0
2.010585667,0,0,1,1,1,1
2.010614708,0,0,1,0,0,0
2.010783958,0,0,1,1,1,1
2.010813000,0,0,1,0,0,0
2.010982292,0,0,1,1,1,1
2.011011333,0,0,1,0,0,0
2.011180625,0,0,1,1,1,1
2.011209667,0,0,1,0,0,0
2.011378958,0,0,1,1,1,1
2.011408000,0,0,1,0,0,0
2.011577250,0,0,1,1,1,1
2.011606292,0,0,1,0,0,0
2.011775542,0,0,1,1,1,1
2.011804583,0,0,1,0,0,0
2.011973875,0,0,1,1,1,1
2.012002917,0,0,1,0,0,0
2.012172208,0,0,1,1,1,1
2.012201250,0,0,1,0,0,0
2.012370500,0,0,1,1,1,1
2.012399542,0,0,1,0,0,0
2.012568792,0,0,1,1,1,1
2.012597833,0,0,1,0,0,0
2.012767083,0,0,1,1,1,1
2.012796125,0,0,1,0,0,0
2.012965333,0,0,1,1,1,1
2.012994375,0,0,1,0,0,0
2.013163625,0,0,1,1,1,1
2.013192667,0,0,1,0,0,0
2.013361917,0,0,1,1,1,1
2.013390958,0,0,1,0,0,0
2.013560208,0,0,1,1,1,1
2.013589250,0,0,1,1,0,0
2.013589292,0,0,1,0,0,0
2.013758542,0,0,1,1,1,1
2.013787583,0,0,1,0,0,0
2.013956875,0,0,1,1,1,1
2.013985917,0,0,1,0,0,0
2.014155208,0,0,1,1,1,1
2.014184250,0,0,1,0,0,0
2.014353542,0,0,1,1,1,1
2.014382583,0,0,1,0,0,0
2.014551917,0,0,1,1,1,1
2.014580958,0,0,1,0,0,0
2.014750250,0,0,1,1,1,1
2.014779292,0,0,1,0,0,0
2.014948583,0,0,1,1,1,1
2.014977625,0,0,1,0,0,0
2.015146875,0,0,1,1,1,1
2.015175958,0,0,1,0,0,0
2.015345208,0,0,1,1,1,1
2.015374250,0,0,1,0,0,0
2.015543542,0,0,1,1,1,1
2.015572583,0,0,1,0,0,0
2.015741875,0,0,1,1,1,1
2.015770958,0,0,1,0,0,0
2.015940250,0,0,1,1,1,1
2.015969292,0,0,1,0,0,0
2.016138583,0,0,1,1,1,1
2.016167625,0,0,1,0,0,0
2.016336958,0,0,1,1,1,1
2.016366042,0,0,1,0,0,0
2.016535292,0,0,1,1,1,1
2.016564333,0,0,1,0,0,0
2.016733625,0,0,1,1,1,1
2.016762708,0,0,1,0,0,0
2.016932000,0,0,1,1,1,1
2.016961042,0,0,1,0,0,0
2.017130375,0,0,1,1,1,1
2.017159417,0,0,1,0,0,0
2.017328708,0,0,1,1,1,1
2.017357792,0,0,1,0,0,0
2.017527042,0,0,1,1,1,1
2.017556125,0,0,1,0,0,0
2.017725333,0,0,1,1,1,1
2.017754375,0,0,1,0,0,0
2.017923583,0,0,1,1,1,1
2.017952625,0,0,1,0,0,0
2.018121875,0,0,1,1,1,1
2.018150917,0,0,1,0,0,0
2.018320208,0,0,1,1,1,1
2.018349250,0,0,1,1,0,0
2.018349292,0,0,1,0,0,0
2.018518500,0,0,1,1,1,1
2.018547583,0,0,1,0,0,0
2.018716792,0,0,1,1,1,1
2.018745833,0,0,1,0,0,0
2.018915083,0,0,1,1,1,1
2.018944125,0,0,1,0,0,0
2.019113375,0,0,1,1,1,1
2.019142417,0,0,1,0,0,0
2.019311708,0,0,1,1,1,1
2.019340792,0,0,1,0,0,0
2.019510042,0,0,1,1,1,1
2.019539083,0,0,1,0,0,0
2.019708375,0,0,1,1,1,1
2.019737417,0,0,1,0,0,0
2.019906667,0,0,1,1,1,1
2.019935750,0,0,1,0,0,0
2.020105000,0,0,1,1,1,1
2.020134083,0,0,1,0,0,0
2.020303333,0,0,1,1,1,1
2.020332375,0,0,1,0,0,0
2.020501625,0,0,1,1,1,1
2.020530708,0,0,1,0,0,0
2.020699917,0,0,1,1,1,1
2.020728958,0,0,1,0,0,0
2.020898208,0,0,1,1,1,1
2.020927250,0,0,1,0,0,0
2.021096500,0,0,1,1,1,1
2.021125542,0,0,1,0,0,0
2.021294750,0,0,1,1,1,1
2.021323792,0,0,1,0,0,0
2.021493042,0,0,1,1,1,1
2.021522083,0,0,1,0,0,0
2.021691375,0,0,1,1,1,1
2.021720417,0,0,1,0,0,0
2.021889708,0,0,1,1,1,1
2.021918750,0,0,1,0,0,0
2.022087958,0,0,1,1,1,1
2.022117000,0,0,1,0,0,0
2.022286292,0,0,1,1,1,1
2.022315333,0,0,1,0,0,0
2.022484625,0,0,1,1,1,1
2.022513667,0,0,1,0,0,0
2.022683000,0,0,1,1,1,1
2.022712042,0,0,1,0,0,0
2.022881333,0,0,1,1,1,1
2.022910417,0,0,1,0,0,0
2.023079750,0,0,1,1,1,1
2.023108792,0,0,1,0,0,0
2.023278083,0,0,1,1,1,1
2.023307125,0,0,1,1,0,0
2.023307167,0,0,1,0,0,0
2.023476500,0,0,1,1,1,1
2.023505542,0,0,1,0,0,0
2.023674875,0,0,1,1,1,1
2.023703917,0,0,1,0,0,0
2.023873292,0,0,1,1,1,1
2.023902333,0,0,1,0,0,0
2.024071667,0,0,1,1,1,1
2.024100708,0,0,1,0,0,0
2.024270000,0,0,1,1,1,1
2.024299083,0,0,1,0,0,0
2.024468375,0,0,1,1,1,1
2.024497458,0,0,1,0,0,0
2.024666750,0,0,1,1,1,1
2.024695792,0,0,1,0,0,0
2.024865042,0,0,1,1,1,1
2.024894083,0,0,1,0,0,0
2.025063375,0,0,1,1,1,1
2.025092458,0,0,1,0,0,0
2.025261750,0,0,1,1,1,1
2.025290792,0,0,1,0,0,0
2.025460042,0,0,1,1,1,1
2.025489125,0,0,1,0,0,0
2.025658417,0,0,1,1,1,1
2.025687458,0,0,1,0,0,0
2.025856708,0,0,1,0,1,1
2.025856750,0,0,1,1,1,1
2.025885792,0,0,1,0,0,0
2.026055083,0,0,1,1,1,1
2.026084125,0,0,1,0,0,0
2.026253417,0,0,1,1,1,1
2.026282500,0,0,1,0,0,0
2.026451792,0,0,1,1,1,1
2.026480833,0,0,1,0,0,0
2.026650125,0,0,1,1,1,1
2.026666667,0,0,1,1,1,1
