Time [s],Channel 0,Channel 1,Channel 2,Channel 3,Channel 4,Channel 5
0.000000000,0,0,1,0,0,0
0.000249708,0,0,1,1,1,1
0.000278750,0,0,1,0,0,0
0.000447958,0,0,1,1,1,1
0.000477000,0,0,1,0,0,0
0.000646250,0,0,1,1,1,1
0.000675292,0,0,1,0,0,0
0.000844542,0,0,1,1,1,1
0.000873583,0,0,1,0,0,0
0.001042875,0,0,1,1,1,1
0.001071917,0,0,1,0,0,0
0.001241125,0,0,1,0,1,1
0.001241167,0,0,1,1,1,1
0.001270167,0,0,1,0,0,0
0.001439458,0,0,1,1,1,1
0.001468500,0,0,1,0,0,0
0.001637792,0,0,1,1,1,1
0.001666833,0,0,1,0,0,0
0.001836125,0,0,1,1,1,1
0.001865167,0,0,1,0,0,0
0.002034417,0,0,1,1,1,1
0.002063458,0,0,1,0,0,0
0.002232750,0,0,1,1,1,1
0.002261792,0,0,1,0,0,0
0.002431083,0,0,1,1,1,1
0.002460167,0,0,1,0,0,0
0.002629417,0,0,1,1,1,1
0.002658458,0,0,1,0,0,0
0.002827708,0,0,1,1,1,1
0.002856750,0,0,1,0,0,0
0.003025917,0,0,1,1,1,1
0.003054958,0,0,1,0,0,0
0.003224167,0,0,1,1,1,1
0.003253208,0,0,1,0,0,0
0.003422417,0,0,1,1,1,1
0.003451458,0,0,1,0,0,0
0.003620667,0,0,1,1,1,1
0.003649708,0,0,1,0,0,0
0.003818958,0,0,1,1,1,1
0.003848000,0,0,1,0,0,0
0.004017250,0,0,1,1,1,1
0.004046292,0,0,1,0,0,0
0.004215500,0,0,1,1,1,1
0.004244542,0,0,1,0,0,0
0.004413792,0,0,1,1,1,1
0.004442833,0,0,1,0,0,0
0.004612042,0,0,1,0,1,1
0.004612083,0,0,1,1,1,1
0.004641083,0,0,1,0,0,0
0.004810333,0,0,1,1,1,1
0.004839375,0,0,1,0,0,0
0.005008542,0,0,1,1,1,1
0.005037583,0,0,1,0,0,0
0.005206792,0,0,1,1,1,1
0.005235833,0,0,1,0,0,0
0.005405000,0,0,1,1,1,1
0.005434042,0,0,1,0,0,0
0.005603250,0,0,1,1,1,1
0.005632292,0,0,1,0,0,0
0.005801500,0,0,1,1,1,1
0.005830542,0,0,1,0,0,0
0.005999708,0,0,1,1,1,1
0.006028750,0,0,1,0,0,0
0.006198000,0,0,1,1,1,1
0.006227042,0,0,1,0,0,0
0.006396292,0,0,1,1,1,1
0.006425375,0,0,1,0,0,0
0.006594625,0,0,1,1,1,1
0.006623667,0,0,1,0,0,0
0.006792958,0,0,1,1,1,1
0.006822000,0,0,1,0,0,0
0.006991292,0,0,1,1,1,1
0.007020333,0,0,1,0,0,0
0.007189583,0,0,1,1,1,1
0.007218625,0,0,1,0,0,0
0.007387875,0,0,1,1,1,1
0.007416917,0,0,1,0,0,0
0.007586167,0,0,1,1,1,1
0.007615208,0,0,1,0,0,0
0.007784458,0,0,1,1,1,1
0.007813500,0,0,1,0,0,0
0.007982708,0,0,1,1,1,1
0.008011750,0,0,1,0,0,0
0.008181000,0,0,1,1,1,1
0.008210042,0,0,1,0,0,0
0.008379250,0,0,1,1,1,1
0.008408292,0,0,1,0,0,0
0.008577542,0,0,1,1,1,1
0.008606583,0,0,1,0,0,0
0.008775792,0,0,1,1,1,1
0.008804833,0,0,1,0,0,0
0.008974083,0,0,1,1,1,1
0.009003083,0,0,1,0,0,0
0.009172292,0,0,1,1,1,1
0.009201333,0,0,1,0,0,0
0.009370542,0,0,1,1,1,1
0.009399583,0,0,1,0,0,0
0.009568792,0,0,1,1,1,1
0.009597833,0,0,1,0,0,0
0.009767042,0,0,1,1,1,1
0.009796083,0,0,1,0,0,0
0.009965292,0,0,1,1,1,1
0.009994333,0,0,1,0,0,0
0.010163583,0,0,1,1,1,1
0.010192625,0,0,1,0,0,0
0.010361833,0,0,1,1,1,1
0.010390875,0,0,1,0,0,0
0.010560125,0,0,1,1,1,1
0.010589125,0,0,1,0,0,0
0.010758333,0,0,1,1,1,1
0.010787375,0,0,1,0,0,0
0.010956583,0,0,1,1,1,1
0.010985625,0,0,1,0,0,0
0.011154833,0,0,1,1,1,1
0.011183875,0,0,1,0,0,0
0.011353083,0,0,1,1,1,1
0.011382125,0,0,1,0,0,0
0.011551292,0,0,1,1,1,1
0.011580333,0,0,1,0,0,0
0.011749542,0,0,1,1,1,1
0.011778583,0,0,1,0,0,0
0.011947792,0,0,1,1,1,1
0.011976833,0,0,1,0,0,0
0.012146000,0,0,1,1,1,1
0.012175042,0,0,1,0,0,0
0.012344250,0,0,1,1,1,1
0.012373292,0,0,1,0,0,0
0.012542458,0,0,1,1,1,1
0.012571500,0,0,1,0,0,0
0.012740667,0,0,1,1,1,1
0.012769708,0,0,1,0,0,0
0.012938875,0,0,1,1,1,1
0.012967917,0,0,1,0,0,0
0.013137083,0,0,1,1,1,1
0.013166125,0,0,1,0,0,0
0.013335333,0,0,1,1,1,1
0.013364333,0,0,1,0,0,0
0.013533542,0,0,1,1,1,1
0.013562583,0,0,1,0,0,0
0.013731750,0,0,1,1,1,1
0.013760792,0,0,1,0,0,0
0.013930000,0,0,1,1,1,1
0.013959042,0,0,1,0,0,0
0.014128292,0,0,1,1,1,1
0.014157333,0,0,1,0,0,0
0.014326542,0,0,1,1,1,1
0.014355583,0,0,1,0,0,0
0.014524792,0,0,1,1,1,1
0.014553833,0,0,1,0,0,0
0.014723042,0,0,1,1,1,1
0.014752083,0,0,1,0,0,0
0.014921333,0,0,1,1,1,1
0.014950375,0,0,1,0,0,0
0.015119625,0,0,1,1,1,1
0.015148667,0,0,1,0,0,0
0.015317833,0,0,1,1,1,1
0.015346875,0,0,1,0,0,0
0.015516125,0,0,1,1,1,1
0.015545167,0,0,1,0,0,0
0.015714417,0,0,1,1,1,1
0.015743458,0,0,1,0,0,0
0.015912667,0,0,1,1,1,1
0.015941708,0,0,1,0,0,0
0.016110917,0,0,1,1,1,1
0.016139958,0,0,1,0,0,0
0.016309167,0,0,1,1,1,1
0.016338208,0,0,1,0,0,0
0.016507417,0,0,1,1,1,1
0.016536458,0,0,1,0,0,0
0.016705667,0,0,1,1,1,1
0.016734708,0,0,1,0,0,0
0.016903917,0,0,1,1,1,1
0.016932958,0,0,1,0,0,0
0.017102125,0,0,1,1,1,1
0.017131167,0,0,1,0,0,0
0.017300375,0,0,1,1,1,1
0.017329417,0,0,1,0,0,0
0.017498625,0,0,1,1,1,1
0.017527667,0,0,1,0,0,0
0.017696875,0,0,1,1,1,1
0.017725917,0,0,1,0,0,0
0.017895125,0,0,1,1,1,1
0.017924167,0,0,1,0,0,0
0.018093375,0,0,1,1,1,1
0.018122417,0,0,1,0,0,0
0.018291625,0,0,1,1,1,1
0.018320625,0,0,1,0,0,0
0.018489875,0,0,1,1,1,1
0.018518917,0,0,1,0,0,0
0.018688167,0,0,1,1,1,1
0.018717208,0,0,1,0,0,0
0.018886458,0,0,1,1,1,1
0.018915500,0,0,1,0,0,0
0.019084750,0,0,1,1,1,1
0.019113792,0,0,1,0,0,0
0.019283042,0,0,1,1,1,1
0.019312083,0,0,1,0,0,0
0.019481333,0,0,1,1,1,1
0.019510375,0,0,1,0,0,0
0.019679583,0,0,1,1,1,1
0.019708625,0,0,1,0,0,0
0.019877833,0,0,1,1,1,1
0.019906875,0,0,1,0,0,0
0.020076125,0,0,1,1,1,1
0.020105208,0,0,1,0,0,0
0.020274417,0,0,1,1,1,1
0.020303458,0,0,1,0,0,0
0.020472708,0,0,1,1,1,1
0.020501750,0,0,1,0,0,0
0.020670958,0,0,1,1,1,1
0.020700000,0,0,1,0,0,0
0.020869250,0,0,1,1,1,1
0.020898250,0,0,1,0,0,0
0.021067500,0,0,1,1,1,1
0.021096542,0,0,1,0,0,0
0.021265792,0,0,1,1,1,1
0.021294833,0,0,1,0,0,0
0.021464083,0,0,1,1,1,1
0.021493125,0,0,1,0,0,0
0.021662375,0,0,1,1,1,1
0.021691417,0,0,1,0,0,0
0.021860625,0,0,1,1,1,1
0.021889667,0,0,1,0,0,0
0.022058917,0,0,1,1,1,1
0.022087958,0,0,1,0,0,0
0.022257208,0,0,1,1,1,1
0.022286250,0,0,1,0,0,0
0.022455500,0,0,1,1,1,1
0.022484542,0,0,1,0,0,0
0.022653750,0,0,1,1,1,1
0.022682792,0,0,1,0,0,0
0.022852042,0,0,1,1,1,1
0.022881083,0,0,1,0,0,0
0.023050333,0,0,1,1,1,1
0.023079375,0,0,1,0,0,0
0.023248667,0,0,1,1,1,1
0.023277708,0,0,1,0,0,0
0.023446958,0,0,1,1,1,1
0.023476000,0,0,1,0,0,0
0.023645250,0,0,1,0,1,1
0.023645292,0,0,1,1,1,1
0.023674333,0,0,1,0,0,0
0.023843583,0,0,1,1,1,1
0.023872625,0,0,1,0,0,0
0.024041875,0,0,1,1,1,1
0.024070917,0,0,1,0,0,0
0.024240208,0,0,1,1,1,1
0.024269250,0,0,1,0,0,0
0.024438500,0,0,1,1,1,1
0.024467542,0,0,1,0,0,0
0.024636833,0,0,1,1,1,1
0.024665875,0,0,1,0,0,0
0.024835083,0,0,1,1,1,1
0.024864125,0,0,1,1,0,1
0.024864167,0,0,1,0,0,0
0.025033417,0,0,1,1,1,1
0.025062458,0,0,1,0,0,0
0.025231708,0,0,1,1,1,1
0.025260750,0,0,1,0,0,0
0.025429958,0,0,1,1,1,1
0.025459000,0,0,1,0,0,0
0.025628208,0,0,1,1,1,1
0.025657208,0,0,1,1,0,0
0.025657250,0,0,1,0,0,0
0.025826458,0,0,1,1,1,1
0.025855500,0,0,1,0,0,0
0.026024708,0,0,1,1,1,1
0.026053750,0,0,1,0,0,0
0.026222958,0,0,1,1,1,1
0.026252000,0,0,1,0,0,0
0.026421208,0,0,1,1,1,1
0.026450250,0,0,1,0,0,0
0.026619458,0,0,1,1,1,1
0.026648500,0,0,1,0,0,0
0.026817667,0,0,1,1,1,1
0.026846708,0,0,1,0,0,0
0.027015917,0,0,1,1,1,1
0.027044958,0,0,1,0,0,0
0.027214167,0,0,1,1,1,1
0.027243167,0,0,1,0,0,0
0.027412333,0,0,1,1,1,1
0.027441375,0,0,1,0,0,0
0.027610542,0,0,1,1,1,1
0.027639583,0,0,1,0,0,0
0.027808750,0,0,1,1,1,1
0.027837792,0,0,1,0,0,0
0.028006958,0,0,1,1,1,1
0.028036000,0,0,1,0,0,0
0.028205167,0,0,1,1,1,1
0.028234208,0,0,1,0,0,0
0.028403417,0,0,1,1,1,1
0.028432458,0,0,1,0,0,0
0.028601667,0,0,1,1,1,1
0.028630708,0,0,1,0,0,0
0.028799917,0,0,1,1,1,1
0.028828958,0,0,1,0,0,0
0.028998208,0,0,1,1,1,1
0.029027250,0,0,1,0,0,0
0.029196500,0,0,1,1,1,1
0.029225542,0,0,1,0,0,0
0.029394792,0,0,1,1,1,1
0.029423833,0,0,1,0,0,0
0.029593083,0,0,1,1,1,1
0.029622125,0,0,1,0,0,0
0.029791375,0,0,1,1,1,1
0.029820417,0,0,1,0,0,0
0.029989625,0,0,1,1,1,1
0.030018667,0,0,1,0,0,0
0.030187875,0,0,1,1,1,1
0.030216917,0,0,1,0,0,0
0.030386125,0,0,1,1,1,1
0.030415167,0,0,1,0,0,0
0.030584375,0,0,1,1,1,1
0.030613417,0,0,1,0,0,0
0.030782625,0,0,1,1,1,1
0.030811667,0,0,1,0,0,0
0.030980875,0,0,1,1,1,1
0.031009917,0,0,1,0,0,0
0.031179125,0,0,1,1,1,1
0.031208167,0,0,1,0,0,0
0.031377333,0,0,1,0,1,1
0.031377375,0,0,1,1,1,1
0.031406375,0,0,1,0,0,0
0.031575583,0,0,1,1,1,1
0.031604583,0,0,1,0,0,0
0.031773792,0,0,1,1,1,1
0.031802833,0,0,1,0,0,0
0.031972042,0,0,1,1,1,1
0.032001042,0,0,1,0,0,0
0.032170250,0,0,1,1,1,1
0.032199292,0,0,1,0,0,0
0.032368500,0,0,1,1,1,1
0.032397500,0,0,1,0,0,0
0.032566708,0,0,1,1,1,1
0.032595750,0,0,1,0,0,0
0.032764917,0,0,1,1,1,1
0.032793958,0,0,1,0,0,0
0.032963083,0,0,1,1,1,1
0.032992125,0,0,1,0,0,0
0.033161292,0,0,1,1,1,1
0.033190333,0,0,1,0,0,0
0.033359542,0,0,1,1,1,1
0.033388542,0,0,1,0,0,0
0.033557708,0,0,1,1,1,1
0.033586750,0,0,1,0,0,0
0.033755958,0,0,1,1,1,1
0.033785000,0,0,1,0,0,0
0.033954208,0,0,1,1,1,1
0.033983250,0,0,1,0,0,0
0.034152417,0,0,1,1,1,1
0.034181458,0,0,1,0,0,0
0.034350625,0,0,1,1,1,1
0.034379667,0,0,1,0,0,0
0.034548833,0,0,1,1,1,1
0.034577875,0,0,1,0,0,0
0.034747083,0,0,1,1,1,1
0.034776125,0,0,1,0,0,0
0.034945333,0,0,1,1,1,1
0.034974333,0,0,1,0,0,0
0.035143542,0,0,1,1,1,1
0.035172583,0,0,1,0,0,0
0.035341792,0,0,1,1,1,1
0.035370833,0,0,1,0,0,0
0.035540083,0,0,1,1,1,1
0.035569125,0,0,1,0,0,0
0.035738375,0,0,1,1,1,1
0.035767417,0,0,1,0,0,0
0.035936708,0,0,1,1,1,1
0.035965750,0,0,1,0,0,0
0.036135000,0,0,1,1,1,1
0.036164042,0,0,1,0,0,0
0.036333292,0,0,1,1,1,1
0.036362292,0,0,1,0,0,0
0.036531500,0,0,1,1,1,1
0.036560542,0,0,1,0,0,0
0.036729708,0,0,1,1,1,1
0.036758750,0,0,1,0,0,0
0.036927917,0,0,1,1,1,1
0.036956958,0,0,1,0,0,0
0.037126125,0,0,1,1,1,1
0.037155167,0,0,1,0,0,0
0.037324333,0,0,1,1,1,1
0.037353375,0,0,1,0,0,0
0.037522583,0,0,1,1,1,1
0.037551625,0,0,1,0,0,0
0.037720833,0,0,1,1,1,1
0.037749875,0,0,1,0,0,0
0.037919083,0,0,1,1,1,1
0.037948125,0,0,1,0,0,0
0.038117333,0,0,1,1,1,1
0.038146375,0,0,1,0,0,0
0.038315583,0,0,1,1,1,1
0.038344625,0,0,1,0,0,0
0.038513792,0,0,1,1,1,1
0.038542792,0,0,1,0,0,0
0.038712000,0,0,1,1,1,1
0.038741042,0,0,1,0,0,0
0.038910208,0,0,1,1,1,1
0.038939208,0,0,1,0,0,0
0.039108375,0,0,1,0,1,1
0.039108417,0,0,1,1,1,1
0.039137417,0,0,1,0,0,0
0.039306667,0,0,1,1,1,1
0.039335708,0,0,1,0,0,0
0.039504958,0,0,1,1,1,1
0.039534000,0,0,1,0,0,0
0.039703208,0,0,1,1,1,1
0.039732250,0,0,1,0,0,0
0.039901542,0,0,1,1,1,1
0.039930583,0,0,1,0,0,0
0.040099875,0,0,1,1,1,1
0.040128917,0,0,1,0,0,0
0.040298125,0,0,1,1,1,1
0.040327125,0,0,1,0,0,0
0.040496333,0,0,1,1,1,1
0.040525375,0,0,1,0,0,0
0.040694583,0,0,1,1,1,1
0.040723625,0,0,1,0,0,0
0.040892833,0,0,1,1,1,1
0.040921833,0,0,1,1,0,0
0.040921875,0,0,1,0,0,0
0.041091042,0,0,1,1,1,1
0.041120083,0,0,1,0,0,0
0.041289292,0,0,1,1,1,1
0.041318333,0,0,1,0,0,0
0.041487542,0,0,1,1,1,1
0.041516583,0,0,1,0,0,0
0.041685750,0,0,1,1,1,1
0.041714792,0,0,1,0,0,0
0.041884042,0,0,1,1,1,1
0.041913042,0,0,1,0,0,0
0.042082250,0,0,1,1,1,1
0.042111292,0,0,1,0,0,0
0.042280458,0,0,1,1,1,1
0.042309500,0,0,1,0,0,0
0.042478750,0,0,1,1,1,1
0.042507792,0,0,1,0,0,0
0.042677000,0,0,1,1,1,1
0.042706042,0,0,1,0,0,0
0.042875292,0,0,1,1,1,1
0.042904333,0,0,1,0,0,0
0.043073583,0,0,1,1,1,1
0.043102625,0,0,1,0,0,0
0.043271833,0,0,1,1,1,1
0.043300875,0,0,1,0,0,0
0.043470083,0,0,1,1,1,1
0.043499125,0,0,1,0,0,0
0.043668375,0,0,1,1,1,1
0.043697417,0,0,1,0,0,0
0.043866625,0,0,1,1,1,1
0.043895667,0,0,1,0,0,0
0.044064917,0,0,1,1,1,1
0.044093958,0,0,1,0,0,0
0.044263167,0,0,1,1,1,1
0.044292208,0,0,1,0,0,0
0.044461375,0,0,1,0,1,0
0.044461417,0,0,1,1,1,1
0.044490417,0,0,1,0,0,0
0.044659625,0,0,1,1,1,1
0.044688667,0,0,1,0,0,0
0.044857833,0,0,1,1,1,1
0.044886875,0,0,1,0,0,0
0.045056042,0,0,1,1,1,1
0.045085083,0,0,1,0,0,0
0.045254250,0,0,1,1,1,1
0.045283250,0,0,1,1,0,0
0.045283292,0,0,1,0,0,0
0.045452458,0,0,1,1,1,1
0.045481458,0,0,1,0,0,0
0.045650667,0,0,1,1,1,1
0.045679667,0,0,1,0,0,0
0.045848875,0,0,1,1,1,1
0.045877917,0,0,1,0,0,0
0.046047125,0,0,1,1,1,1
0.046076167,0,0,1,0,0,0
0.046245333,0,0,1,1,1,1
0.046274375,0,0,1,0,0,0
0.046443542,0,0,1,1,1,1
0.046472583,0,0,1,0,0,0
0.046641750,0,0,1,1,1,1
0.046670750,0,0,1,0,0,0
0.046839958,0,0,1,1,1,1
0.046868958,0,0,1,1,0,0
0.046869000,0,0,1,0,0,0
0.047038167,0,0,1,1,1,1
0.047067208,0,0,1,0,0,0
0.047236375,0,0,1,1,1,1
0.047265375,0,0,1,1,0,0
0.047265417,0,0,1,0,0,0
0.047434583,0,0,1,1,1,1
0.047463625,0,0,1,0,0,0
0.047632833,0,0,1,1,1,1
0.047661833,0,0,1,0,0,0
0.047831042,0,0,1,1,1,1
0.047860083,0,0,1,0,0,0
0.048029292,0,0,1,1,1,1
0.048058292,0,0,1,0,0,0
0.048227500,0,0,1,1,1,1
0.048256542,0,0,1,0,0,0
0.048425750,0,0,1,1,1,1
0.048454792,0,0,1,0,0,0
0.048624000,0,0,1,1,1,1
0.048653042,0,0,1,0,0,0
0.048822250,0,0,1,1,1,1
0.048851292,0,0,1,0,0,0
0.049020458,0,0,1,0,1,1
0.049020500,0,0,1,1,1,1
0.049049500,0,0,1,0,0,0
0.049218708,0,0,1,1,1,1
0.049247750,0,0,1,0,0,0
0.049416958,0,0,1,1,1,1
0.049446000,0,0,1,0,0,0
0.049615167,0,0,1,1,1,1
0.049644208,0,0,1,0,0,0
0.049813417,0,0,1,1,1,1
0.049842458,0,0,1,0,0,0
0.050011667,0,0,1,1,1,1
0.050040708,0,0,1,0,0,0
0.050209958,0,0,1,1,1,1
0.050239000,0,0,1,0,0,0
0.050408167,0,0,1,1,1,1
0.050437208,0,0,1,0,0,0
0.050606458,0,0,1,1,1,1
0.050635500,0,0,1,0,0,0
0.050804708,0,0,1,1,1,1
0.050833750,0,0,1,0,0,0
0.051002958,0,0,1,1,1,1
0.051032000,0,0,1,0,0,0
0.051201250,0,0,1,1,1,1
0.051230292,0,0,1,0,0,0
0.051399542,0,0,1,1,1,1
0.051428583,0,0,1,0,0,0
0.051597792,0,0,1,1,1,1
0.051626792,0,0,1,0,0,0
0.051796042,0,0,1,1,1,1
0.051825042,0,0,1,0,0,0
0.051994250,0,0,1,1,1,1
0.052023250,0,0,1,0,0,0
0.052192458,0,0,1,1,1,1
0.052221500,0,0,1,0,0,0
0.052390667,0,0,1,1,1,1
0.052419667,0,0,1,0,0,0
0.052588875,0,0,1,1,1,1
0.052617917,0,0,1,0,0,0
0.052787083,0,0,1,1,1,1
0.052816125,0,0,1,0,0,0
0.052985292,0,0,1,1,1,1
0.053014333,0,0,1,0,0,0
0.053183500,0,0,1,1,1,1
0.053212542,0,0,1,0,0,0
0.053381708,0,0,1,1,1,1
0.053410750,0,0,1,0,0,0
0.053579958,0,0,1,1,1,1
0.053609000,0,0,1,0,0,0
0.053778167,0,0,1,1,1,1
0.053807167,0,0,1,0,0,0
0.053976333,0,0,1,1,1,1
0.054005375,0,0,1,0,0,0
0.054174542,0,0,1,1,1,1
0.054203583,0,0,1,0,0,0
0.054372792,0,0,1,1,1,1
0.054401792,0,0,1,0,0,0
0.054571000,0,0,1,1,1,1
0.054600042,0,0,1,0,0,0
0.054769250,0,0,1,1,1,1
0.054798250,0,0,1,0,0,0
0.054967458,0,0,1,1,1,1
0.054996500,0,0,1,0,0,0
0.055165667,0,0,1,1,1,1
0.055194708,0,0,1,0,0,0
0.055363875,0,0,1,1,1,1
0.055392917,0,0,1,0,0,0
0.055562083,0,0,1,1,1,1
0.055591125,0,0,1,0,0,0
0.055760292,0,0,1,1,1,1
0.055789333,0,0,1,0,0,0
0.055958500,0,0,1,1,1,1
0.055987542,0,0,1,0,0,0
0.056156750,0,0,1,1,1,1
0.056185792,0,0,1,0,0,0
0.056354958,0,0,1,1,1,1
0.056384000,0,0,1,0,0,0
0.056553167,0,0,1,1,1,1
0.056582208,0,0,1,0,0,0
0.056751417,0,0,1,1,1,1
0.056780458,0,0,1,0,0,0
0.056949625,0,0,1,1,1,1
0.056978625,0,0,1,0,0,0
0.057147833,0,0,1,1,1,1
0.057176875,0,0,1,0,0,0
0.057346083,0,0,1,1,1,1
0.057375125,0,0,1,0,0,0
0.057544375,0,0,1,1,1,1
0.057573417,0,0,1,0,0,0
0.057742583,0,0,1,1,1,1
0.057771625,0,0,1,0,0,0
0.057940875,0,0,1,1,1,1
0.057969917,0,0,1,0,0,0
0.058139167,0,0,1,1,1,1
0.058168208,0,0,1,0,0,0
0.058337417,0,0,1,1,1,1
0.058366458,0,0,1,0,0,0
0.058535667,0,0,1,1,1,1
0.058564708,0,0,1,0,0,0
0.058733958,0,0,1,1,1,1
0.058763000,0,0,1,0,0,0
0.058932250,0,0,1,1,1,1
0.058961292,0,0,1,0,0,0
0.059130542,0,0,1,1,1,1
0.059159583,0,0,1,0,0,0
0.059328833,0,0,1,1,1,1
0.059357875,0,0,1,0,0,0
0.059527125,0,0,1,1,1,1
0.059556167,0,0,1,0,0,0
0.059725458,0,0,1,1,1,1
0.059754500,0,0,1,0,0,0
0.059923750,0,0,1,1,1,1
0.059952792,0,0,1,0,0,0
0.060122042,0,0,1,1,1,1
0.060151083,0,0,1,0,0,0
0.060320375,0,0,1,1,1,1
0.060349417,0,0,1,0,0,0
0.060518667,0,0,1,1,1,1
0.060547708,0,0,1,0,0,0
0.060716917,0,0,1,1,1,1
0.060745958,0,0,1,0,0,0
0.060915167,0,0,1,1,1,1
0.060944208,0,0,1,0,0,0
0.061113458,0,0,1,1,1,1
0.061142500,0,0,1,0,0,0
0.061311708,0,0,1,1,1,1
0.061340750,0,0,1,0,0,0
0.061510000,0,0,1,1,1,1
0.061539042,0,0,1,0,0,0
0.061708292,0,0,1,1,1,1
0.061737333,0,0,1,0,0,0
0.061906542,0,0,1,1,1,1
0.061935583,0,0,1,0,0,0
0.062104833,0,0,1,1,1,1
0.062133875,0,0,1,0,0,0
0.062303083,0,0,1,1,1,1
0.062332125,0,0,1,0,0,0
0.062501375,0,0,1,1,1,1
0.062530417,0,0,1,0,0,0
0.062699625,0,0,1,1,1,1
0.062728667,0,0,1,0,0,0
0.062897917,0,0,1,1,1,1
0.062926958,0,0,1,0,0,0
0.063096167,0,0,1,1,1,1
0.063125208,0,0,1,0,0,0
0.063294458,0,0,1,1,1,1
0.063323500,0,0,1,0,0,0
0.063492750,0,0,1,1,1,1
0.063521792,0,0,1,0,0,0
0.063691042,0,0,1,1,1,1
0.063720083,0,0,1,0,0,0
0.063889375,0,0,1,1,1,1
0.063918417,0,0,1,0,0,0
0.064087625,0,0,1,1,1,1
0.064116667,0,0,1,0,0,0
0.064285875,0,0,1,1,1,1
0.064314875,0,0,1,0,0,0
0.064484083,0,0,1,1,1,1
0.064513125,0,0,1,0,0,0
0.064682375,0,0,1,1,1,1
0.064711417,0,0,1,0,0,0
0.064880625,0,0,1,1,1,1
0.064909667,0,0,1,0,0,0
0.065079000,0,0,1,1,1,1
0.065108042,0,0,1,0,0,0
0.065277333,0,0,1,1,1,1
0.065306375,0,0,1,0,0,0
0.065475625,0,0,1,1,1,1
0.065504667,0,0,1,0,0,0
0.065673958,0,0,1,1,1,1
0.065703000,0,0,1,0,0,0
0.065872250,0,0,1,1,1,1
0.065901292,0,0,1,0,0,0
0.066070500,0,0,1,1,1,1
0.066099542,0,0,1,0,0,0
0.066268750,0,0,1,1,1,1
0.066297792,0,0,1,0,0,0
0.066467042,0,0,1,1,1,1
0.066496083,0,0,1,0,0,0
0.066665375,0,0,1,1,1,1
0.066694417,0,0,1,0,0,0
0.066863750,0,0,1,1,1,1
0.066892792,0,0,1,0,0,0
0.067062042,0,0,1,1,1,1
0.067091083,0,0,1,0,0,0
0.067260375,0,0,1,1,1,1
0.067289417,0,0,1,0,0,0
0.067458625,0,0,1,1,1,1
0.067487667,0,0,1,0,0,0
0.067656917,0,0,1,1,1,1
0.067685958,0,0,1,0,0,0
0.067855250,0,0,1,1,1,1
0.067884292,0,0,1,0,0,0
0.068053500,0,0,1,1,1,1
0.068082542,0,0,1,0,0,0
0.068251750,0,0,1,1,1,1
0.068280792,0,0,1,0,0,0
0.068450000,0,0,1,1,1,1
0.068479042,0,0,1,0,0,0
0.068648292,0,0,1,1,1,1
0.068677292,0,0,1,0,0,0
0.068846542,0,0,1,1,1,1
0.068875583,0,0,1,0,0,0
0.069044792,0,0,1,1,1,1
0.069073833,0,0,1,0,0,0
0.069243042,0,0,1,1,1,1
0.069272083,0,0,1,0,0,0
0.069441292,0,0,1,1,1,1
0.069470333,0,0,1,0,0,0
0.069639542,0,0,1,1,1,1
0.069668583,0,0,1,0,0,0
0.069837792,0,0,1,0,1,1
0.069837833,0,0,1,1,1,1
0.069866875,0,0,1,0,0,0
0.070036083,0,0,1,1,1,1
0.070065125,0,0,1,0,0,0
0.070234333,0,0,1,1,1,1
0.070263375,0,0,1,0,0,0
0.070432542,0,0,1,1,1,1
0.070461583,0,0,1,0,0,0
0.070630750,0,0,1,1,1,1
0.070659792,0,0,1,0,0,0
0.070829000,0,0,1,1,1,1
0.070858042,0,0,1,0,0,0
0.071027250,0,0,1,1,1,1
0.071056292,0,0,1,0,0,0
0.071225500,0,0,1,1,1,1
0.071254542,0,0,1,0,0,0
0.071423750,0,0,1,1,1,1
0.071452792,0,0,1,0,0,0
0.071622000,0,0,1,1,1,1
0.071651042,0,0,1,0,0,0
0.071820292,0,0,1,1,1,1
0.071849333,0,0,1,0,0,0
0.072018583,0,0,1,1,1,1
0.072047625,0,0,1,0,0,0
0.072216792,0,0,1,1,1,1
0.072245833,0,0,1,0,0,0
0.072415042,0,0,1,1,1,1
0.072444083,0,0,1,0,0,0
0.072613292,0,0,1,1,1,1
0.072642292,0,0,1,0,0,0
0.072811500,0,0,1,1,1,1
0.072840500,0,0,1,0,0,0
0.073009708,0,0,1,1,1,1
0.073038750,0,0,1,0,0,0
0.073207958,0,0,1,1,1,1
0.073236958,0,0,1,0,0,0
0.073406167,0,0,1,1,1,1
0.073435208,0,0,1,0,0,0
0.073604458,0,0,1,1,1,1
0.073633500,0,0,1,0,0,0
0.073802750,0,0,1,1,1,1
0.073831792,0,0,1,0,0,0
0.074001000,0,0,1,1,1,1
0.074030042,0,0,1,0,0,0
0.074199292,0,0,1,1,1,1
0.074228333,0,0,1,0,0,0
0.074397583,0,0,1,1,1,1
0.074426625,0,0,1,0,0,0
0.074595875,0,0,1,1,1,1
0.074624917,0,0,1,0,0,0
0.074794167,0,0,1,1,1,1
0.074823208,0,0,1,0,0,0
0.074992458,0,0,1,1,1,1
0.075021500,0,0,1,0,0,0
0.075190750,0,0,1,1,1,1
0.075219792,0,0,1,0,0,0
0.075389000,0,0,1,1,1,1
0.075418042,0,0,1,0,0,0
0.075587250,0,0,1,1,1,1
0.075616250,0,0,1,0,0,0
0.075785458,0,0,1,1,1,1
0.075814500,0,0,1,0,0,0
0.075983708,0,0,1,1,1,1
0.076012750,0,0,1,0,0,0
0.076181958,0,0,1,1,1,1
0.076211000,0,0,1,0,0,0
0.076380208,0,0,1,1,1,1
0.076409250,0,0,1,0,0,0
0.076578458,0,0,1,1,1,1
0.076607500,0,0,1,0,0,0
0.076776667,0,0,1,1,1,1
0.076805708,0,0,1,0,0,0
0.076974958,0,0,1,1,1,1
0.077004000,0,0,1,0,0,0
0.077173208,0,0,1,1,1,1
0.077202250,0,0,1,0,0,0
0.077371500,0,0,1,1,1,1
0.077400542,0,0,1,0,0,0
0.077569750,0,0,1,1,1,1
0.077598792,0,0,1,0,0,0
0.077767958,0,0,1,1,1,1
0.077797000,0,0,1,0,0,0
0.077966208,0,0,1,1,1,1
0.077995250,0,0,1,0,0,0
0.078164500,0,0,1,1,1,1
0.078193542,0,0,1,0,0,0
0.078362708,0,0,1,1,1,1
0.078391750,0,0,1,0,0,0
0.078560917,0,0,1,1,1,1
0.078589958,0,0,1,0,0,0
0.078759125,0,0,1,1,1,1
0.078788125,0,0,1,0,0,0
0.078957292,0,0,1,1,1,1
0.078986333,0,0,1,0,0,0
0.079155542,0,0,1,1,1,1
0.079184542,0,0,1,0,0,0
0.079353750,0,0,1,1,1,1
0.079382792,0,0,1,0,0,0
0.079552000,0,0,1,1,1,1
0.079581042,0,0,1,0,0,0
0.079750250,0,0,1,1,1,1
0.079779292,0,0,1,0,0,0
0.079948500,0,0,1,1,1,1
0.079977542,0,0,1,0,0,0
0.080146792,0,0,1,1,1,1
0.080175833,0,0,1,0,0,0
0.080345042,0,0,1,1,1,1
0.080374083,0,0,1,0,0,0
0.080543292,0,0,1,1,1,1
0.080572333,0,0,1,0,0,0
0.080741542,0,0,1,1,1,1
0.080770542,0,0,1,0,0,0
0.080939750,0,0,1,1,1,1
0.080968792,0,0,1,0,0,0
0.081138042,0,0,1,1,1,1
0.081167083,0,0,1,0,0,0
0.081336250,0,0,1,1,1,1
0.081365292,0,0,1,0,0,0
0.081534500,0,0,1,1,1,1
0.081563542,0,0,1,0,0,0
0.081732792,0,0,1,1,1,1
0.081761833,0,0,1,0,0,0
0.081931000,0,0,1,1,1,1
0.081960042,0,0,1,0,0,0
0.082129250,0,0,1,1,1,1
0.082158292,0,0,1,0,0,0
0.082327500,0,0,1,1,1,1
0.082356542,0,0,1,0,0,0
0.082525750,0,0,1,1,1,1
0.082554792,0,0,1,0,0,0
0.082724000,0,0,1,1,1,1
0.082753042,0,0,1,0,0,0
0.082922250,0,0,1,1,1,1
0.082951292,0,0,1,0,0,0
0.083120542,0,0,1,1,1,1
0.083149583,0,0,1,0,0,0
0.083318833,0,0,1,1,1,1
0.083347875,0,0,1,0,0,0
0.083517125,0,0,1,1,1,1
0.083546167,0,0,1,0,0,0
0.083715417,0,0,1,1,1,1
0.083744458,0,0,1,0,0,0
0.083913708,0,0,1,1,1,1
0.083942750,0,0,1,0,0,0
0.084112000,0,0,1,1,1,1
0.084141042,0,0,1,0,0,0
0.084310250,0,0,1,1,1,1
0.084339292,0,0,1,0,0,0
0.084508500,0,0,1,1,1,1
0.084537542,0,0,1,0,0,0
0.084706750,0,0,1,1,1,1
0.084735792,0,0,1,0,0,0
0.084905042,0,0,1,1,1,1
0.084934083,0,0,1,0,0,0
0.085103292,0,0,1,1,1,1
0.085132333,0,0,1,0,0,0
0.085301583,0,0,1,1,1,1
0.085330625,0,0,1,0,0,0
0.085499875,0,0,1,1,1,1
0.085528917,0,0,1,0,0,0
0.085698208,0,0,1,1,1,1
0.085727250,0,0,1,0,0,0
0.085896500,0,0,1,1,1,1
0.085925542,0,0,1,0,0,0
0.086094792,0,0,1,1,1,1
0.086123833,0,0,1,0,0,0
0.086293042,0,0,1,0,1,0
0.086293083,0,0,1,1,1,1
0.086322125,0,0,1,0,0,0
0.086491333,0,0,1,1,1,1
0.086520375,0,0,1,0,0,0
0.086689667,0,0,1,1,1,1
0.086718708,0,0,1,0,0,0
0.086887958,0,0,1,1,1,1
0.086917000,0,0,1,0,0,0
0.087086292,0,0,1,1,1,1
0.087115333,0,0,1,0,0,0
0.087284583,0,0,1,1,1,1
0.087313625,0,0,1,0,0,0
0.087482875,0,0,1,1,1,1
0.087511917,0,0,1,0,0,0
0.087681167,0,0,1,1,1,1
0.087710208,0,0,1,0,0,0
0.087879458,0,0,1,0,1,0
0.087879500,0,0,1,1,1,1
0.087908542,0,0,1,0,0,0
0.088077750,0,0,1,1,1,1
0.088106792,0,0,1,0,0,0
0.088276042,0,0,1,1,1,1
0.088305083,0,0,1,0,0,0
0.088474333,0,0,1,1,1,1
0.088503375,0,0,1,0,0,0
0.088672583,0,0,1,1,1,1
0.088701625,0,0,1,0,0,0
0.088870875,0,0,1,1,1,1
0.088899917,0,0,1,0,0,0
0.089069125,0,0,1,1,1,1
0.089098167,0,0,1,0,0,0
0.089267375,0,0,1,1,1,1
0.089296417,0,0,1,0,0,0
0.089465667,0,0,1,1,1,1
0.089494667,0,0,1,1,0,0
0.089494708,0,0,1,0,0,0
0.089663875,0,0,1,1,1,1
0.089692917,0,0,1,0,0,0
0.089862125,0,0,1,1,1,1
0.089891125,0,0,1,0,0,0
0.090060333,0,0,1,1,1,1
0.090089375,0,0,1,0,0,0
0.090258583,0,0,1,1,1,1
0.090287625,0,0,1,0,0,0
0.090456833,0,0,1,1,1,1
0.090485875,0,0,1,0,0,0
0.090655042,0,0,1,1,1,1
0.090684083,0,0,1,0,0,0
0.090853292,0,0,1,1,1,1
0.090882333,0,0,1,0,0,0
0.091051500,0,0,1,1,1,1
0.091080542,0,0,1,0,0,0
0.091249750,0,0,1,1,1,1
0.091278750,0,0,1,0,0,0
0.091447958,0,0,1,1,1,1
0.091477000,0,0,1,0,0,0
0.091646167,0,0,1,1,1,1
0.091675208,0,0,1,0,0,0
0.091844417,0,0,1,1,1,1
0.091873458,0,0,1,0,0,0
0.092042667,0,0,1,1,1,1
0.092071708,0,0,1,0,0,0
0.092240875,0,0,1,1,1,1
0.092269917,0,0,1,0,0,0
0.092439083,0,0,1,1,1,1
0.092468125,0,0,1,0,0,0
0.092637292,0,0,1,1,1,1
0.092666333,0,0,1,0,0,0
0.092835542,0,0,1,1,1,1
0.092864583,0,0,1,0,0,0
0.093033750,0,0,1,1,1,1
0.093062792,0,0,1,0,0,0
0.093231958,0,0,1,1,1,1
0.093261000,0,0,1,0,0,0
0.093430167,0,0,1,1,1,1
0.093459167,0,0,1,0,0,0
0.093628333,0,0,1,1,1,1
0.093657375,0,0,1,0,0,0
0.093826500,0,0,1,1,1,1
0.093855542,0,0,1,0,0,0
0.094024750,0,0,1,1,1,1
0.094053792,0,0,1,0,0,0
0.094223042,0,0,1,1,1,1
0.094252083,0,0,1,0,0,0
0.094421333,0,0,1,1,1,1
0.094450375,0,0,1,0,0,0
0.094619625,0,0,1,1,1,1
0.094648667,0,0,1,0,0,0
0.094817875,0,0,1,1,1,1
0.094846917,0,0,1,0,0,0
0.095016208,0,0,1,1,1,1
0.095045250,0,0,1,0,0,0
0.095214458,0,0,1,1,1,1
0.095243500,0,0,1,0,0,0
0.095412750,0,0,1,1,1,1
0.095441792,0,0,1,0,0,0
0.095611042,0,0,1,1,1,1
0.095640083,0,0,1,0,0,0
0.095809333,0,0,1,1,1,1
0.095838375,0,0,1,0,0,0
0.096007625,0,0,1,1,1,1
0.096036667,0,0,1,0,0,0
0.096205917,0,0,1,1,1,1
0.096234958,0,0,1,0,0,0
0.096404208,0,0,1,1,1,1
0.096433250,0,0,1,0,0,0
0.096602500,0,0,1,1,1,1
0.096631542,0,0,1,0,0,0
0.096800750,0,0,1,1,1,1
0.096829792,0,0,1,0,0,0
0.096999042,0,0,1,1,1,1
0.097028083,0,0,1,0,0,0
0.097197333,0,0,1,1,1,1
0.097226375,0,0,1,0,0,0
0.097395542,0,0,1,1,1,1
0.097424583,0,0,1,0,0,0
0.097593792,0,0,1,1,1,1
0.097622833,0,0,1,0,0,0
0.097792000,0,0,1,1,1,1
0.097821042,0,0,1,0,0,0
0.097990292,0,0,1,1,1,1
0.098019333,0,0,1,0,0,0
0.098188542,0,0,1,1,1,1
0.098217583,0,0,1,0,0,0
0.098386833,0,0,1,1,1,1
0.098415875,0,0,1,0,0,0
0.098585083,0,0,1,1,1,1
0.098614125,0,0,1,0,0,0
0.098783292,0,0,1,1,1,1
0.098812333,0,0,1,0,0,0
0.098981542,0,0,1,1,1,1
0.099010583,0,0,1,0,0,0
0.099179792,0,0,1,1,1,1
0.099208833,0,0,1,0,0,0
0.099378042,0,0,1,1,1,1
0.099407083,0,0,1,0,0,0
0.099576333,0,0,1,1,1,1
0.099605333,0,0,1,0,0,0
0.099774542,0,0,1,1,1,1
0.099803583,0,0,1,0,0,0
0.099972792,0,0,1,1,1,1
0.100001833,0,0,1,0,0,0
0.100171042,0,0,1,1,1,1
0.100200083,0,0,1,0,0,0
0.100369250,0,0,1,1,1,1
0.100398292,0,0,1,0,0,0
0.100567500,0,0,1,1,1,1
0.100596542,0,0,1,0,0,0
0.100765792,0,0,1,1,1,1
0.100794833,0,0,1,0,0,0
0.100964042,0,0,1,1,1,1
0.100993042,0,0,1,1,0,0
0.100993083,0,0,1,0,0,0
0.101162292,0,0,1,1,1,1
0.101191333,0,0,1,0,0,0
0.101360542,0,0,1,1,1,1
0.101389583,0,0,1,0,0,0
0.101558792,0,0,1,1,1,1
0.101587833,0,0,1,0,0,0
0.101757042,0,0,1,1,1,1
0.101786083,0,0,1,0,0,0
0.101955333,0,0,1,1,1,1
0.101984417,0,0,1,0,0,0
0.102153667,0,0,1,1,1,1
0.102182708,0,0,1,0,0,0
0.102352000,0,0,1,1,1,1
0.102381042,0,0,1,1,0,0
0.102381083,0,0,1,0,0,0
0.102550375,0,0,1,1,1,1
0.102579417,0,0,1,0,0,0
0.102748708,0,0,1,1,1,1
0.102777750,0,0,1,0,0,0
0.102946958,0,0,1,0,1,0
0.102947000,0,0,1,1,1,1
0.102976042,0,0,1,0,0,0
0.103145292,0,0,1,1,1,1
0.103174375,0,0,1,0,0,0
0.103343583,0,0,1,1,1,1
0.103372667,0,0,1,0,0,0
0.103541917,0,0,1,1,1,1
0.103570958,0,0,1,0,0,0
0.103740208,0,0,1,1,1,1
0.103769250,0,0,1,0,0,0
0.103938542,0,0,1,1,1,1
0.103967583,0,0,1,0,0,0
0.104136875,0,0,1,1,1,1
0.104165917,0,0,1,0,0,0
0.104335208,0,0,1,1,1,1
0.104364292,0,0,1,0,0,0
0.104533583,0,0,1,1,1,1
0.104562625,0,0,1,0,0,0
0.104731875,0,0,1,1,1,1
0.104760917,0,0,1,0,0,0
0.104930167,0,0,1,1,1,1
0.104959250,0,0,1,0,0,0
0.105128500,0,0,1,1,1,1
0.105157542,0,0,1,0,0,0
0.105326833,0,0,1,1,1,1
0.105355875,0,0,1,0,0,0
0.105525125,0,0,1,1,1,1
0.105554167,0,0,1,0,0,0
0.105723417,0,0,1,1,1,1
0.105752458,0,0,1,0,0,0
0.105921708,0,0,1,1,1,1
0.105950750,0,0,1,0,0,0
0.106120000,0,0,1,1,1,1
0.106149042,0,0,1,0,0,0
0.106318333,0,0,1,1,1,1
0.106347375,0,0,1,0,0,0
0.106516667,0,0,1,1,1,1
0.106545708,0,0,1,0,0,0
0.106715000,0,0,1,1,1,1
0.106744083,0,0,1,0,0,0
0.106913375,0,0,1,1,1,1
0.106942417,0,0,1,0,0,0
0.107111750,0,0,1,1,1,1
0.107140792,0,0,1,0,0,0
0.107310083,0,0,1,1,1,1
0.107339125,0,0,1,0,0,0
0.107508417,0,0,1,1,1,1
0.107537500,0,0,1,0,0,0
0.107706750,0,0,1,1,1,1
0.107735792,0,0,1,0,0,0
0.107905042,0,0,1,1,1,1
0.107934083,0,0,1,0,0,0
0.108103292,0,0,1,1,1,1
0.108132333,0,0,1,0,0,0
0.108301583,0,0,1,1,1,1
0.108330625,0,0,1,0,0,0
0.108499833,0,0,1,1,1,1
0.108528875,0,0,1,0,0,0
0.108698083,0,0,1,1,1,1
0.108727125,0,0,1,0,0,0
0.108896333,0,0,1,1,1,1
0.108925375,0,0,1,0,0,0
0.109094583,0,0,1,1,1,1
0.109123625,0,0,1,0,0,0
0.109292833,0,0,1,1,1,1
0.109321875,0,0,1,0,0,0
0.109491125,0,0,1,1,1,1
0.109520125,0,0,1,0,0,0
0.109689333,0,0,1,1,1,1
0.109718375,0,0,1,0,0,0
0.109887542,0,0,1,1,1,1
0.109916583,0,0,1,0,0,0
0.110085750,0,0,1,1,1,1
0.110114792,0,0,1,0,0,0
0.110283958,0,0,1,0,1,1
0.110284000,0,0,1,1,1,1
0.110313000,0,0,1,0,0,0
0.110482250,0,0,1,1,1,1
0.110511292,0,0,1,0,0,0
0.110680458,0,0,1,1,1,1
0.110709500,0,0,1,0,0,0
0.110878708,0,0,1,1,1,1
0.110907750,0,0,1,0,0,0
0.111077000,0,0,1,1,1,1
0.111106042,0,0,1,0,0,0
0.111275250,0,0,1,0,1,1
0.111275292,0,0,1,1,1,1
0.111304292,0,0,1,0,0,0
0.111473542,0,0,1,1,1,1
0.111502583,0,0,1,0,0,0
0.111671833,0,0,1,1,1,1
0.111700875,0,0,1,0,0,0
0.111870083,0,0,1,1,1,1
0.111899125,0,0,1,0,0,0
0.112068417,0,0,1,1,1,1
0.112097458,0,0,1,0,0,0
0.112266708,0,0,1,1,1,1
0.112295750,0,0,1,0,0,0
0.112465000,0,0,1,1,1,1
0.112494042,0,0,1,0,0,0
0.112663333,0,0,1,1,1,1
0.112692375,0,0,1,0,0,0
0.112861583,0,0,1,1,1,1
0.112890625,0,0,1,0,0,0
0.113059917,0,0,1,1,1,1
0.113088958,0,0,1,0,0,0
0.113258167,0,0,1,1,1,1
0.113287208,0,0,1,0,0,0
0.113456458,0,0,1,1,1,1
0.113485500,0,0,1,0,0,0
0.113654708,0,0,1,1,1,1
0.113683750,0,0,1,0,0,0
0.113852958,0,0,1,1,1,1
0.113882000,0,0,1,0,0,0
0.114051250,0,0,1,1,1,1
0.114080292,0,0,1,0,0,0
0.114249583,0,0,1,1,1,1
0.114278667,0,0,1,0,0,0
0.114447875,0,0,1,1,1,1
0.114476917,0,0,1,0,0,0
0.114646125,0,0,1,1,1,1
0.114675167,0,0,1,0,0,0
0.114844417,0,0,1,1,1,1
0.114873458,0,0,1,0,0,0
0.115042667,0,0,1,1,1,1
0.115071708,0,0,1,0,0,0
0.115240917,0,0,1,1,1,1
0.115269958,0,0,1,0,0,0
0.115439208,0,0,1,1,1,1
0.115468250,0,0,1,0,0,0
0.115637458,0,0,1,1,1,1
0.115666500,0,0,1,0,0,0
0.115835667,0,0,1,1,1,1
0.115864708,0,0,1,0,0,0
0.116033958,0,0,1,1,1,1
0.116063000,0,0,1,0,0,0
0.116232208,0,0,1,1,1,1
0.116261250,0,0,1,0,0,0
0.116430417,0,0,1,1,1,1
0.116459458,0,0,1,0,0,0
0.116628625,0,0,1,1,1,1
0.116657667,0,0,1,0,0,0
0.116826875,0,0,1,0,1,1
0.116826917,0,0,1,1,1,1
0.116855958,0,0,1,0,0,0
0.117025167,0,0,1,1,1,1
0.117054167,0,0,1,0,0,0
0.117223375,0,0,1,1,1,1
0.117252417,0,0,1,0,0,0
0.117421583,0,0,1,1,1,1
0.117450583,0,0,1,1,0,0
0.117450625,0,0,1,0,0,0
0.117619792,0,0,1,1,1,1
0.117648833,0,0,1,0,0,0
0.117818042,0,0,1,1,1,1
0.117847083,0,0,1,0,0,0
0.118016250,0,0,1,1,1,1
0.118045292,0,0,1,0,0,0
0.118214458,0,0,1,1,1,1
0.118243500,0,0,1,0,0,0
0.118412667,0,0,1,1,1,1
0.118441708,0,0,1,0,0,0
0.118610917,0,0,1,1,1,1
0.118639958,0,0,1,0,0,0
0.118809167,0,0,1,1,1,1
0.118838208,0,0,1,0,0,0
0.119007417,0,0,1,1,1,1
0.119036458,0,0,1,0,0,0
0.119205625,0,0,1,1,1,1
0.119234667,0,0,1,0,0,0
0.119403833,0,0,1,1,1,1
0.119432875,0,0,1,0,0,0
0.119602042,0,0,1,1,1,1
0.119631083,0,0,1,0,0,0
0.119800250,0,0,1,1,1,1
0.119829250,0,0,1,0,0,0
0.119998458,0,0,1,1,1,1
0.120027500,0,0,1,0,0,0
0.120196667,0,0,1,1,1,1
0.120225708,0,0,1,0,0,0
0.120394875,0,0,1,1,1,1
0.120423917,0,0,1,0,0,0
0.120593125,0,0,1,1,1,1
0.120622167,0,0,1,0,0,0
0.120791375,0,0,1,1,1,1
0.120820417,0,0,1,0,0,0
0.120989667,0,0,1,1,1,1
0.121018708,0,0,1,0,0,0
0.121187958,0,0,1,1,1,1
0.121217000,0,0,1,0,0,0
0.121386250,0,0,1,1,1,1
0.121415292,0,0,1,0,0,0
0.121584500,0,0,1,1,1,1
0.121613542,0,0,1,0,0,0
0.121782750,0,0,1,1,1,1
0.121811792,0,0,1,0,0,0
0.121981042,0,0,1,1,1,1
0.122010083,0,0,1,0,0,0
0.122179292,0,0,1,1,1,1
0.122208333,0,0,1,0,0,0
0.122377542,0,0,1,1,1,1
0.122406583,0,0,1,0,0,0
0.122575833,0,0,1,1,1,1
0.122604875,0,0,1,0,0,0
0.122774125,0,0,1,1,1,1
0.122803167,0,0,1,0,0,0
0.122972375,0,0,1,1,1,1
0.123001417,0,0,1,0,0,0
0.123170625,0,0,1,1,1,1
0.123199667,0,0,1,0,0,0
0.123368875,0,0,1,1,1,1
0.123397917,0,0,1,0,0,0
0.123567083,0,0,1,1,1,1
0.123596125,0,0,1,1,0,1
0.123596167,0,0,1,0,0,0
0.123765333,0,0,1,1,1,1
0.123794375,0,0,1,0,0,0
0.123963583,0,0,1,1,1,1
0.123992625,0,0,1,0,0,0
0.124161833,0,0,1,1,1,1
0.124190833,0,0,1,0,0,0
0.124360000,0,0,1,1,1,1
0.124389042,0,0,1,0,0,0
0.124558208,0,0,1,1,1,1
0.124587250,0,0,1,0,0,0
0.124756417,0,0,1,1,1,1
0.124785458,0,0,1,0,0,0
0.124954667,0,0,1,1,1,1
0.124983667,0,0,1,0,0,0
0.125152833,0,0,1,1,1,1
0.125181875,0,0,1,0,0,0
0.125351083,0,0,1,0,1,1
0.125351125,0,0,1,1,1,1
0.125380125,0,0,1,0,0,0
0.125549333,0,0,1,1,1,1
0.125578375,0,0,1,0,0,0
0.125747542,0,0,1,1,1,1
0.125776583,0,0,1,0,0,0
0.125945833,0,0,1,1,1,1
0.125974875,0,0,1,0,0,0
0.126144083,0,0,1,1,1,1
0.126173167,0,0,1,0,0,0
0.126342375,0,0,1,1,1,1
0.126371417,0,0,1,0,0,0
0.126540667,0,0,1,1,1,1
0.126569708,0,0,1,0,0,0
0.126738917,0,0,1,1,1,1
0.126767958,0,0,1,0,0,0
0.126937167,0,0,1,1,1,1
0.126966208,0,0,1,0,0,0
0.127135417,0,0,1,1,1,1
0.127164458,0,0,1,0,0,0
0.127333667,0,0,1,1,1,1
0.127362708,0,0,1,0,0,0
0.127531917,0,0,1,1,1,1
0.127560958,0,0,1,0,0,0
0.127730167,0,0,1,1,1,1
0.127759208,0,0,1,0,0,0
0.127928500,0,0,1,1,1,1
0.127957542,0,0,1,0,0,0
0.128126792,0,0,1,1,1,1
0.128155833,0,0,1,0,0,0
0.128325083,0,0,1,1,1,1
0.128354125,0,0,1,0,0,0
0.128523333,0,0,1,1,1,1
0.128552375,0,0,1,0,0,0
0.128721625,0,0,1,1,1,1
0.128750667,0,0,1,0,0,0
0.128919917,0,0,1,1,1,1
0.128948958,0,0,1,0,0,0
0.129118208,0,0,1,1,1,1
0.129147250,0,0,1,0,0,0
0.129316458,0,0,1,1,1,1
0.129345500,0,0,1,0,0,0
0.129514792,0,0,1,1,1,1
0.129543833,0,0,1,0,0,0
0.129713042,0,0,1,1,1,1
0.129742083,0,0,1,0,0,0
0.129911292,0,0,1,1,1,1
0.129940333,0,0,1,0,0,0
0.130109542,0,0,1,1,1,1
0.130138583,0,0,1,0,0,0
0.130307792,0,0,1,1,1,1
0.130336833,0,0,1,0,0,0
0.130506042,0,0,1,0,1,1
0.130506083,0,0,1,1,1,1
0.130535083,0,0,1,0,0,0
0.130704292,0,0,1,1,1,1
0.130733333,0,0,1,0,0,0
0.130902542,0,0,1,1,1,1
0.130931583,0,0,1,0,0,0
0.131100750,0,0,1,1,1,1
0.131129792,0,0,1,0,0,0
0.131299000,0,0,1,1,1,1
0.131328042,0,0,1,0,0,0
0.131497250,0,0,1,1,1,1
0.131526292,0,0,1,0,0,0
0.131695458,0,0,1,1,1,1
0.131724500,0,0,1,0,0,0
0.131893667,0,0,1,1,1,1
0.131922708,0,0,1,0,0,0
0.132091917,0,0,1,1,1,1
0.132120958,0,0,1,0,0,0
0.132290125,0,0,1,1,1,1
0.132319167,0,0,1,0,0,0
0.132488375,0,0,1,1,1,1
0.132517417,0,0,1,0,0,0
0.132686625,0,0,1,1,1,1
0.132715667,0,0,1,0,0,0
0.132884875,0,0,1,1,1,1
0.132913875,0,0,1,0,0,0
0.133083083,0,0,1,1,1,1
0.133112125,0,0,1,0,0,0
0.133281333,0,0,1,1,1,1
0.133310333,0,0,1,0,0,0
0.133479542,0,0,1,1,1,1
0.133508583,0,0,1,0,0,0
0.133677792,0,0,1,1,1,1
0.133706833,0,0,1,0,0,0
0.133876000,0,0,1,1,1,1
0.133905000,0,0,1,0,0,0
0.134074208,0,0,1,1,1,1
0.134103208,0,0,1,0,0,0
0.134272417,0,0,1,1,1,1
0.134301458,0,0,1,0,0,0
0.134470667,0,0,1,1,1,1
0.134499708,0,0,1,0,0,0
0.134668958,0,0,1,1,1,1
0.134698000,0,0,1,0,0,0
0.134867167,0,0,1,1,1,1
0.134896208,0,0,1,0,0,0
0.135065417,0,0,1,1,1,1
0.135094458,0,0,1,0,0,0
0.135263625,0,0,1,1,1,1
0.135292667,0,0,1,0,0,0
0.135461792,0,0,1,1,1,1
0.135490833,0,0,1,0,0,0
0.135660042,0,0,1,1,1,1
0.135689083,0,0,1,0,0,0
0.135858250,0,0,1,1,1,1
0.135887292,0,0,1,0,0,0
0.136056458,0,0,1,1,1,1
0.136085500,0,0,1,0,0,0
0.136254667,0,0,1,1,1,1
0.136283708,0,0,1,0,0,0
0.136452917,0,0,1,1,1,1
0.136481958,0,0,1,0,0,0
0.136651167,0,0,1,1,1,1
0.136680167,0,0,1,0,0,0
0.136849375,0,0,1,1,1,1
0.136878417,0,0,1,0,0,0
0.137047625,0,0,1,1,1,1
0.137076667,0,0,1,0,0,0
0.137245833,0,0,1,1,1,1
0.137274833,0,0,1,0,0,0
0.137444042,0,0,1,1,1,1
0.137473083,0,0,1,0,0,0
0.137642292,0,0,1,1,1,1
0.137671333,0,0,1,0,0,0
0.137840583,0,0,1,1,1,1
0.137869625,0,0,1,0,0,0
0.138038833,0,0,1,1,1,1
0.138067875,0,0,1,0,0,0
0.138237083,0,0,1,1,1,1
0.138266125,0,0,1,0,0,0
0.138435375,0,0,1,1,1,1
0.138464417,0,0,1,0,0,0
0.138633667,0,0,1,1,1,1
0.138662667,0,0,1,0,0,0
0.138831875,0,0,1,1,1,1
0.138860917,0,0,1,1,0,0
0.138860958,0,0,1,0,0,0
0.139030167,0,0,1,1,1,1
0.139059208,0,0,1,0,0,0
0.139228417,0,0,1,1,1,1
0.139257458,0,0,1,0,0,0
0.139426708,0,0,1,1,1,1
0.139455750,0,0,1,0,0,0
0.139625000,0,0,1,1,1,1
0.139654042,0,0,1,0,0,0
0.139823292,0,0,1,1,1,1
0.139852333,0,0,1,0,0,0
0.140021542,0,0,1,1,1,1
0.140050542,0,0,1,0,0,0
0.140219792,0,0,1,1,1,1
0.140248833,0,0,1,0,0,0
0.140418042,0,0,1,1,1,1
0.140447083,0,0,1,0,0,0
0.140616292,0,0,1,1,1,1
0.140645333,0,0,1,0,0,0
0.140814583,0,0,1,1,1,1
0.140843625,0,0,1,0,0,0
0.141012833,0,0,1,1,1,1
0.141041875,0,0,1,0,0,0
0.141211083,0,0,1,1,1,1
0.141240125,0,0,1,0,0,0
0.141409333,0,0,1,1,1,1
0.141438375,0,0,1,0,0,0
0.141607583,0,0,1,1,1,1
0.141636625,0,0,1,0,0,0
0.141805875,0,0,1,1,1,1
0.141834917,0,0,1,0,0,0
0.142004083,0,0,1,1,1,1
0.142033125,0,0,1,0,0,0
0.142202333,0,0,1,1,1,1
0.142231375,0,0,1,1,0,0
0.142231417,0,0,1,0,0,0
0.142400583,0,0,1,1,1,1
0.142429625,0,0,1,0,0,0
0.142598792,0,0,1,1,1,1
0.142627833,0,0,1,0,0,0
0.142797000,0,0,1,1,1,1
0.142826000,0,0,1,0,0,0
0.142995167,0,0,1,1,1,1
0.143024208,0,0,1,0,0,0
0.143193375,0,0,1,1,1,1
0.143222417,0,0,1,0,0,0
0.143391583,0,0,1,1,1,1
0.143420583,0,0,1,0,0,0
0.143589750,0,0,1,1,1,1
0.143618792,0,0,1,0,0,0
0.143787958,0,0,1,1,1,1
0.143817000,0,0,1,0,0,0
0.143986167,0,0,1,1,1,1
0.144015208,0,0,1,0,0,0
0.144184417,0,0,1,1,1,1
0.144213458,0,0,1,0,0,0
0.144382625,0,0,1,1,1,1
0.144411625,0,0,1,0,0,0
0.144580792,0,0,1,1,1,1
0.144609833,0,0,1,0,0,0
0.144779083,0,0,1,1,1,1
0.144808125,0,0,1,0,0,0
0.144977375,0,0,1,1,1,1
0.145006417,0,0,1,0,0,0
0.145175625,0,0,1,1,1,1
0.145204667,0,0,1,0,0,0
0.145373875,0,0,1,1,1,1
0.145402917,0,0,1,0,0,0
0.145572167,0,0,1,1,1,1
0.145601208,0,0,1,0,0,0
0.145770458,0,0,1,1,1,1
0.145799500,0,0,1,0,0,0
0.145968750,0,0,1,1,1,1
0.145997792,0,0,1,0,0,0
0.146167000,0,0,1,1,1,1
0.146196042,0,0,1,0,0,0
0.146365208,0,0,1,1,1,1
0.146394250,0,0,1,0,0,0
0.146563458,0,0,1,0,1,1
0.146563500,0,0,1,1,1,1
0.146592500,0,0,1,1,0,0
0.146592542,0,0,1,0,0,0
0.146761750,0,0,1,1,1,1
0.146790792,0,0,1,0,0,0
0.146960000,0,0,1,1,1,1
0.146989000,0,0,1,0,0,0
0.147158208,0,0,1,1,1,1
0.147187250,0,0,1,0,0,0
0.147356417,0,0,1,1,1,1
0.147385458,0,0,1,0,0,0
0.147554625,0,0,1,1,1,1
0.147583667,0,0,1,0,0,0
0.147752875,0,0,1,1,1,1
0.147781875,0,0,1,0,0,0
0.147951083,0,0,1,1,1,1
0.147980125,0,0,1,0,0,0
0.148149333,0,0,1,1,1,1
0.148178375,0,0,1,0,0,0
0.148347583,0,0,1,1,1,1
0.148376625,0,0,1,0,0,0
0.148545833,0,0,1,1,1,1
0.148574875,0,0,1,0,0,0
0.148744083,0,0,1,1,1,1
0.148773083,0,0,1,1,0,0
0.148773125,0,0,1,0,0,0
0.148942292,0,0,1,1,1,1
0.148971333,0,0,1,0,0,0
0.149140500,0,0,1,1,1,1
0.149169542,0,0,1,0,0,0
0.149338708,0,0,1,1,1,1
0.149367750,0,0,1,0,0,0
0.149536917,0,0,1,1,1,1
0.149565917,0,0,1,0,0,0
0.149735083,0,0,1,1,1,1
0.149764125,0,0,1,0,0,0
0.149933292,0,0,1,1,1,1
0.149962333,0,0,1,0,0,0
0.150131500,0,0,1,1,1,1
0.150160542,0,0,1,0,0,0
0.150329750,0,0,1,1,1,1
0.150358750,0,0,1,0,0,0
0.150527958,0,0,1,1,1,1
0.150557000,0,0,1,0,0,0
0.150726167,0,0,1,1,1,1
0.150755208,0,0,1,0,0,0
0.150924375,0,0,1,1,1,1
0.150953417,0,0,1,0,0,0
0.151122583,0,0,1,1,1,1
0.151151625,0,0,1,0,0,0
0.151320833,0,0,1,1,1,1
0.151349833,0,0,1,0,0,0
0.151519042,0,0,1,1,1,1
0.151548083,0,0,1,0,0,0
0.151717292,0,0,1,1,1,1
0.151746292,0,0,1,0,0,0
0.151915542,0,0,1,1,1,1
0.151944583,0,0,1,0,0,0
0.152113750,0,0,1,1,1,1
0.152142792,0,0,1,0,0,0
0.152312000,0,0,1,1,1,1
0.152341042,0,0,1,0,0,0
0.152510250,0,0,1,1,1,1
0.152539292,0,0,1,0,0,0
0.152708458,0,0,1,1,1,1
0.152737500,0,0,1,0,0,0
0.152906667,0,0,1,1,1,1
0.152935708,0,0,1,0,0,0
0.153104917,0,0,1,1,1,1
0.153133917,0,0,1,0,0,0
0.153303125,0,0,1,1,1,1
0.153332167,0,0,1,0,0,0
0.153501375,0,0,1,1,1,1
0.153530417,0,0,1,0,0,0
0.153699583,0,0,1,1,1,1
0.153728625,0,0,1,0,0,0
0.153897833,0,0,1,1,1,1
0.153926875,0,0,1,0,0,0
0.154096042,0,0,1,1,1,1
0.154125083,0,0,1,0,0,0
0.154294333,0,0,1,1,1,1
0.154323333,0,0,1,0,0,0
0.154492542,0,0,1,1,1,1
0.154521583,0,0,1,0,0,0
0.154690750,0,0,1,1,1,1
0.154719792,0,0,1,0,0,0
0.154889042,0,0,1,1,1,1
0.154918083,0,0,1,0,0,0
0.155087292,0,0,1,1,1,1
0.155116333,0,0,1,0,0,0
0.155285500,0,0,1,1,1,1
0.155314542,0,0,1,0,0,0
0.155483750,0,0,1,1,1,1
0.155512792,0,0,1,0,0,0
0.155682042,0,0,1,1,1,1
0.155711083,0,0,1,0,0,0
0.155880292,0,0,1,1,1,1
0.155909333,0,0,1,0,0,0
0.156078583,0,0,1,1,1,1
0.156107625,0,0,1,0,0,0
0.156276833,0,0,1,1,1,1
0.156305875,0,0,1,0,0,0
0.156475125,0,0,1,1,1,1
0.156504167,0,0,1,0,0,0
0.156673417,0,0,1,1,1,1
0.156702458,0,0,1,0,0,0
0.156871667,0,0,1,1,1,1
0.156900708,0,0,1,0,0,0
0.157069958,0,0,1,1,1,1
0.157099000,0,0,1,0,0,0
0.157268208,0,0,1,1,1,1
0.157297250,0,0,1,0,0,0
0.157466458,0,0,1,1,1,1
0.157495500,0,0,1,0,0,0
0.157664708,0,0,1,1,1,1
0.157693750,0,0,1,0,0,0
0.157862958,0,0,1,1,1,1
0.157892000,0,0,1,0,0,0
0.158061250,0,0,1,1,1,1
0.158090292,0,0,1,0,0,0
0.158259500,0,0,1,1,1,1
0.158288542,0,0,1,0,0,0
0.158457708,0,0,1,1,1,1
0.158486750,0,0,1,0,0,0
0.158655958,0,0,1,1,1,1
0.158685000,0,0,1,0,0,0
0.158854250,0,0,1,1,1,1
0.158883292,0,0,1,0,0,0
0.159052542,0,0,1,1,1,1
0.159081583,0,0,1,0,0,0
0.159250750,0,0,1,1,1,1
0.159279792,0,0,1,0,0,0
0.159449000,0,0,1,1,1,1
0.159478000,0,0,1,0,0,0
0.159647208,0,0,1,1,1,1
0.159676250,0,0,1,0,0,0
0.159845417,0,0,1,1,1,1
0.159874458,0,0,1,0,0,0
0.160043625,0,0,1,1,1,1
0.160072667,0,0,1,0,0,0
0.160241833,0,0,1,1,1,1
0.160270875,0,0,1,0,0,0
0.160440083,0,0,1,1,1,1
0.160469125,0,0,1,0,0,0
0.160638375,0,0,1,1,1,1
0.160667375,0,0,1,0,0,0
0.160836583,0,0,1,1,1,1
0.160865625,0,0,1,0,0,0
0.161034875,0,0,1,1,1,1
0.161063917,0,0,1,0,0,0
0.161233125,0,0,1,1,1,1
0.161262167,0,0,1,0,0,0
0.161431375,0,0,1,1,1,1
0.161460417,0,0,1,0,0,0
0.161629625,0,0,1,1,1,1
0.161658708,0,0,1,0,0,0
0.161827917,0,0,1,1,1,1
0.161856958,0,0,1,0,0,0
0.162026167,0,0,1,1,1,1
0.162055208,0,0,1,0,0,0
0.162224417,0,0,1,1,1,1
0.162253458,0,0,1,0,0,0
0.162422625,0,0,1,1,1,1
0.162451667,0,0,1,0,0,0
0.162620833,0,0,1,1,1,1
0.162649833,0,0,1,0,0,0
0.162819042,0,0,1,1,1,1
0.162848083,0,0,1,0,0,0
0.163017250,0,0,1,1,1,1
0.163046292,0,0,1,0,0,0
0.163215458,0,0,1,1,1,1
0.163244500,0,0,1,0,0,0
0.163413708,0,0,1,1,1,1
0.163442750,0,0,1,0,0,0
0.163612000,0,0,1,1,1,1
0.163641042,0,0,1,0,0,0
0.163810333,0,0,1,1,1,1
0.163839375,0,0,1,0,0,0
0.164008583,0,0,1,1,1,1
0.164037625,0,0,1,0,0,0
0.164206792,0,0,1,1,1,1
0.164235833,0,0,1,0,0,0
0.164405000,0,0,1,1,1,1
0.164434042,0,0,1,0,0,0
0.164603250,0,0,1,0,1,1
0.164603292,0,0,1,1,1,1
0.164632292,0,0,1,0,0,0
0.164801542,0,0,1,1,1,1
0.164830583,0,0,1,0,0,0
0.164999833,0,0,1,1,1,1
0.165028875,0,0,1,0,0,0
0.165198125,0,0,1,1,1,1
0.165227167,0,0,1,0,0,0
0.165396375,0,0,1,1,1,1
0.165425417,0,0,1,0,0,0
0.165594667,0,0,1,1,1,1
0.165623708,0,0,1,0,0,0
0.165792958,0,0,1,1,1,1
0.165822000,0,0,1,0,0,0
0.165991292,0,0,1,1,1,1
0.166020333,0,0,1,0,0,0
0.166189625,0,0,1,1,1,1
0.166218667,0,0,1,0,0,0
0.166387917,0,0,1,1,1,1
0.166416958,0,0,1,0,0,0
0.166586167,0,0,1,1,1,1
0.166615208,0,0,1,0,0,0
0.166784458,0,0,1,1,1,1
0.166813500,0,0,1,0,0,0
0.166982750,0,0,1,1,1,1
0.167011792,0,0,1,0,0,0
0.167181000,0,0,1,1,1,1
0.167210042,0,0,1,0,0,0
0.167379292,0,0,1,1,1,1
0.167408333,0,0,1,0,0,0
0.167577583,0,0,1,1,1,1
0.167606625,0,0,1,0,0,0
0.167775917,0,0,1,1,1,1
0.167804958,0,0,1,0,0,0
0.167974167,0,0,1,1,1,1
0.168003208,0,0,1,0,0,0
0.168172417,0,0,1,1,1,1
0.168201458,0,0,1,0,0,0
0.168370708,0,0,1,1,1,1
0.168399750,0,0,1,0,0,0
0.168569000,0,0,1,1,1,1
0.168598042,0,0,1,0,0,0
0.168767250,0,0,1,1,1,1
0.168796292,0,0,1,0,0,0
0.168965542,0,0,1,1,1,1
0.168994583,0,0,1,0,0,0
0.169163833,0,0,1,1,1,1
0.169192875,0,0,1,0,0,0
0.169362125,0,0,1,1,1,1
0.169391167,0,0,1,0,0,0
0.169560375,0,0,1,1,1,1
0.169589417,0,0,1,0,0,0
0.169758667,0,0,1,1,1,1
0.169787708,0,0,1,0,0,0
0.169956958,0,0,1,1,1,1
0.169986000,0,0,1,0,0,0
0.170155208,0,0,1,1,1,1
0.170184250,0,0,1,0,0,0
0.170353500,0,0,1,1,1,1
0.170382500,0,0,1,0,0,0
0.170551750,0,0,1,1,1,1
0.170580792,0,0,1,0,0,0
0.170750000,0,0,1,1,1,1
0.170779042,0,0,1,0,0,0
0.170948292,0,0,1,1,1,1
0.170977333,0,0,1,0,0,0
0.171146542,0,0,1,1,1,1
0.171175583,0,0,1,0,0,0
0.171344833,0,0,1,1,1,1
0.171373875,0,0,1,0,0,0
0.171543083,0,0,1,1,1,1
0.171572125,0,0,1,0,0,0
0.171741375,0,0,1,1,1,1
0.171770417,0,0,1,0,0,0
0.171939625,0,0,1,1,1,1
0.171968667,0,0,1,0,0,0
0.172137917,0,0,1,1,1,1
0.172166958,0,0,1,0,0,0
0.172336167,0,0,1,1,1,1
0.172365208,0,0,1,0,0,0
0.172534458,0,0,1,1,1,1
0.172563500,0,0,1,0,0,0
0.172732750,0,0,1,1,1,1
0.172761792,0,0,1,0,0,0
0.172931042,0,0,1,1,1,1
0.172960083,0,0,1,0,0,0
0.173129375,0,0,1,1,1,1
0.173158417,0,0,1,0,0,0
0.173327708,0,0,1,1,1,1
0.173356750,0,0,1,0,0,0
0.173526042,0,0,1,1,1,1
0.173555083,0,0,1,0,0,0
0.173724292,0,0,1,0,1,1
0.173724333,0,0,1,1,1,1
0.173753333,0,0,1,0,0,0
0.173922542,0,0,1,1,1,1
0.173951583,0,0,1,0,0,0
0.174120792,0,0,1,1,1,1
0.174149833,0,0,1,0,0,0
0.174319042,0,0,1,1,1,1
0.174348083,0,0,1,0,0,0
0.174517292,0,0,1,1,1,1
0.174546333,0,0,1,0,0,0
0.174715542,0,0,1,1,1,1
0.174744583,0,0,1,0,0,0
0.174913750,0,0,1,1,1,1
0.174942792,0,0,1,0,0,0
0.175112042,0,0,1,1,1,1
0.175141083,0,0,1,0,0,0
0.175310292,0,0,1,1,1,1
0.175339333,0,0,1,0,0,0
0.175508583,0,0,1,1,1,1
0.175537625,0,0,1,0,0,0
0.175706833,0,0,1,1,1,1
0.175735875,0,0,1,0,0,0
0.175905125,0,0,1,1,1,1
0.175934167,0,0,1,0,0,0
0.176103375,0,0,1,1,1,1
0.176132417,0,0,1,0,0,0
0.176301667,0,0,1,1,1,1
0.176330708,0,0,1,0,0,0
0.176499917,0,0,1,1,1,1
0.176528958,0,0,1,0,0,0
0.176698167,0,0,1,1,1,1
0.176727208,0,0,1,0,0,0
0.176896458,0,0,1,1,1,1
0.176925500,0,0,1,0,0,0
0.177094708,0,0,1,1,1,1
0.177123750,0,0,1,0,0,0
0.177293000,0,0,1,1,1,1
0.177322042,0,0,1,0,0,0
0.177491250,0,0,1,1,1,1
0.177520292,0,0,1,0,0,0
0.177689500,0,0,1,1,1,1
0.177718542,0,0,1,0,0,0
0.177887750,0,0,1,1,1,1
0.177916792,0,0,1,0,0,0
0.178086042,0,0,1,1,1,1
0.178115083,0,0,1,0,0,0
0.178284333,0,0,1,1,1,1
0.178313333,0,0,1,1,0,0
0.178313375,0,0,1,0,0,0
0.178482583,0,0,1,1,1,1
0.178511625,0,0,1,0,0,0
0.178680833,0,0,1,1,1,1
0.178709875,0,0,1,0,0,0
0.178879083,0,0,1,1,1,1
0.178908083,0,0,1,0,0,0
0.179077292,0,0,1,1,1,1
0.179106333,0,0,1,0,0,0
0.179275500,0,0,1,1,1,1
0.179304542,0,0,1,0,0,0
0.179473750,0,0,1,1,1,1
0.179502792,0,0,1,0,0,0
0.179671958,0,0,1,1,1,1
0.179701000,0,0,1,0,0,0
0.179870208,0,0,1,0,1,1
0.179870250,0,0,1,1,1,1
0.179899292,0,0,1,0,0,0
0.180068500,0,0,1,1,1,1
0.180097583,0,0,1,0,0,0
0.180266833,0,0,1,0,1,1
0.180266875,0,0,1,1,1,1
0.180295917,0,0,1,0,0,0
0.180465167,0,0,1,1,1,1
0.180494208,0,0,1,0,0,0
0.180663458,0,0,1,1,1,1
0.180692500,0,0,1,0,0,0
0.180861750,0,0,1,1,1,1
0.180890792,0,0,1,0,0,0
0.181060042,0,0,1,1,1,1
0.181089083,0,0,1,0,0,0
0.181258333,0,0,1,1,1,1
0.181287375,0,0,1,0,0,0
0.181456625,0,0,1,1,1,1
0.181485667,0,0,1,0,0,0
0.181654917,0,0,1,1,1,1
0.181684000,0,0,1,0,0,0
0.181853250,0,0,1,1,1,1
0.181882292,0,0,1,0,0,0
0.182051500,0,0,1,1,1,1
0.182080542,0,0,1,0,0,0
0.182249833,0,0,1,1,1,1
0.182278875,0,0,1,0,0,0
0.182448167,0,0,1,1,1,1
0.182477250,0,0,1,0,0,0
0.182646500,0,0,1,1,1,1
0.182675542,0,0,1,0,0,0
0.182844792,0,0,1,1,1,1
0.182873833,0,0,1,0,0,0
0.183043083,0,0,1,1,1,1
0.183072125,0,0,1,0,0,0
0.183241375,0,0,1,1,1,1
0.183270417,0,0,1,0,0,0
0.183439708,0,0,1,1,1,1
0.183468750,0,0,1,0,0,0
0.183638000,0,0,1,1,1,1
0.183667042,0,0,1,0,0,0
0.183836292,0,0,1,1,1,1
0.183865333,0,0,1,0,0,0
0.184034625,0,0,1,1,1,1
0.184063667,0,0,1,0,0,0
0.184232958,0,0,1,1,1,1
0.184262042,0,0,1,0,0,0
0.184431333,0,0,1,1,1,1
0.184460375,0,0,1,0,0,0
0.184629625,0,0,1,1,1,1
0.184658708,0,0,1,0,0,0
0.184828000,0,0,1,1,1,1
0.184857042,0,0,1,0,0,0
0.185026333,0,0,1,1,1,1
0.185055375,0,0,1,0,0,0
0.185224667,0,0,1,1,1,1
0.185253708,0,0,1,0,0,0
0.185422958,0,0,1,1,1,1
0.185452000,0,0,1,0,0,0
0.185621250,0,0,1,1,1,1
0.185650292,0,0,1,0,0,0
0.185819542,0,0,1,1,1,1
0.185848583,0,0,1,0,0,0
0.186017833,0,0,1,1,1,1
0.186046875,0,0,1,0,0,0
0.186216125,0,0,1,1,1,1
0.186245167,0,0,1,0,0,0
0.186414417,0,0,1,1,1,1
0.186443458,0,0,1,0,0,0
0.186612708,0,0,1,1,1,1
0.186641750,0,0,1,0,0,0
0.186811000,0,0,1,1,1,1
0.186840042,0,0,1,0,0,0
0.187009292,0,0,1,1,1,1
0.187038333,0,0,1,0,0,0
0.187207625,0,0,1,1,1,1
0.187236667,0,0,1,0,0,0
0.187405917,0,0,1,1,1,1
0.187434958,0,0,1,0,0,0
0.187604208,0,0,1,1,1,1
0.187633250,0,0,1,0,0,0
0.187802500,0,0,1,1,1,1
0.187831542,0,0,1,0,0,0
0.188000792,0,0,1,1,1,1
0.188029833,0,0,1,0,0,0
0.188199042,0,0,1,1,1,1
0.188228083,0,0,1,0,0,0
0.188397333,0,0,1,1,1,1
0.188426375,0,0,1,0,0,0
0.188595583,0,0,1,1,1,1
0.188624625,0,0,1,0,0,0
0.188793833,0,0,1,1,1,1
0.188822875,0,0,1,0,0,0
0.188992083,0,0,1,1,1,1
0.189021125,0,0,1,0,0,0
0.189190292,0,0,1,1,1,1
0.189219333,0,0,1,0,0,0
0.189388542,0,0,1,1,1,1
0.189417542,0,0,1,0,0,0
0.189586750,0,0,1,1,1,1
0.189615792,0,0,1,0,0,0
0.189785000,0,0,1,1,1,1
0.189814042,0,0,1,0,0,0
0.189983250,0,0,1,1,1,1
0.190012292,0,0,1,0,0,0
0.190181542,0,0,1,1,1,1
0.190210583,0,0,1,0,0,0
0.190379792,0,0,1,1,1,1
0.190408833,0,0,1,0,0,0
0.190578042,0,0,1,1,1,1
0.190607083,0,0,1,0,0,0
0.190776292,0,0,1,1,1,1
0.190805333,0,0,1,0,0,0
0.190974542,0,0,1,1,1,1
0.191003583,0,0,1,0,0,0
0.191172792,0,0,1,1,1,1
0.191201875,0,0,1,0,0,0
0.191371125,0,0,1,1,1,1
0.191400167,0,0,1,0,0,0
0.191569375,0,0,1,1,1,1
0.191598417,0,0,1,0,0,0
0.191767625,0,0,1,1,1,1
0.191796667,0,0,1,0,0,0
0.191965875,0,0,1,1,1,1
0.191994917,0,0,1,0,0,0
0.192164083,0,0,1,1,1,1
0.192193083,0,0,1,0,0,0
0.192362292,0,0,1,1,1,1
0.192391333,0,0,1,0,0,0
0.192560542,0,0,1,1,1,1
0.192589583,0,0,1,0,0,0
0.192758833,0,0,1,1,1,1
0.192787875,0,0,1,0,0,0
0.192957125,0,0,1,1,1,1
0.192986167,0,0,1,0,0,0
0.193155417,0,0,1,1,1,1
0.193184458,0,0,1,0,0,0
0.193353667,0,0,1,1,1,1
0.193382708,0,0,1,0,0,0
0.193551917,0,0,1,1,1,1
0.193580958,0,0,1,0,0,0
0.193750208,0,0,1,1,1,1
0.193779250,0,0,1,0,0,0
0.193948500,0,0,1,1,1,1
0.193977542,0,0,1,0,0,0
0.194146792,0,0,1,1,1,1
0.194175833,0,0,1,0,0,0
0.194345083,0,0,1,1,1,1
0.194374125,0,0,1,0,0,0
0.194543375,0,0,1,1,1,1
0.194572417,0,0,1,0,0,0
0.194741667,0,0,1,1,1,1
0.194770708,0,0,1,0,0,0
0.194939917,0,0,1,1,1,1
0.194968958,0,0,1,0,0,0
0.195138125,0,0,1,1,1,1
0.195167167,0,0,1,0,0,0
0.195336375,0,0,1,1,1,1
0.195365417,0,0,1,0,0,0
0.195534625,0,0,1,1,1,1
0.195563667,0,0,1,0,0,0
0.195732875,0,0,1,1,1,1
0.195761958,0,0,1,0,0,0
0.195931167,0,0,1,1,1,1
0.195960208,0,0,1,0,0,0
0.196129458,0,0,1,1,1,1
0.196158500,0,0,1,0,0,0
0.196327708,0,0,1,1,1,1
0.196356750,0,0,1,0,0,0
0.196525917,0,0,1,1,1,1
0.196554958,0,0,1,0,0,0
0.196724167,0,0,1,1,1,1
0.196753208,0,0,1,0,0,0
0.196922417,0,0,1,1,1,1
0.196951458,0,0,1,0,0,0
0.197120708,0,0,1,1,1,1
0.197149750,0,0,1,0,0,0
0.197318958,0,0,1,1,1,1
0.197348000,0,0,1,0,0,0
0.197517208,0,0,1,1,1,1
0.197546250,0,0,1,0,0,0
0.197715458,0,0,1,1,1,1
0.197744500,0,0,1,0,0,0
0.197913708,0,0,1,1,1,1
0.197942750,0,0,1,0,0,0
0.198112000,0,0,1,1,1,1
0.198141042,0,0,1,0,0,0
0.198310250,0,0,1,1,1,1
0.198339292,0,0,1,0,0,0
0.198508458,0,0,1,1,1,1
0.198537500,0,0,1,0,0,0
0.198706708,0,0,1,1,1,1
0.198735750,0,0,1,0,0,0
0.198904917,0,0,1,1,1,1
0.198933958,0,0,1,0,0,0
0.199103167,0,0,1,1,1,1
0.199132208,0,0,1,0,0,0
0.199301375,0,0,1,1,1,1
0.199330417,0,0,1,0,0,0
0.199499583,0,0,1,1,1,1
0.199528625,0,0,1,0,0,0
0.199697750,0,0,1,1,1,1
0.199726792,0,0,1,0,0,0
0.199895958,0,0,1,1,1,1
0.199925000,0,0,1,0,0,0
0.200094208,0,0,1,1,1,1
0.200123250,0,0,1,0,0,0
0.200292458,0,0,1,1,1,1
0.200321500,0,0,1,0,0,0
0.200490708,0,0,1,1,1,1
0.200519750,0,0,1,0,0,0
0.200689000,0,0,1,1,1,1
0.200718042,0,0,1,0,0,0
0.200887250,0,0,1,1,1,1
0.200916292,0,0,1,0,0,0
0.201085500,0,0,1,1,1,1
0.201114542,0,0,1,1,0,1
0.201114583,0,0,1,0,0,0
0.201283792,0,0,1,1,1,1
0.201312833,0,0,1,0,0,0
0.201482083,0,0,1,1,1,1
0.201511125,0,0,1,0,0,0
0.201680333,0,0,1,1,1,1
0.201709375,0,0,1,0,0,0
0.201878625,0,0,1,1,1,1
0.201907708,0,0,1,0,0,0
0.202076958,0,0,1,1,1,1
0.202106000,0,0,1,0,0,0
0.202275250,0,0,1,1,1,1
0.202304292,0,0,1,0,0,0
0.202473542,0,0,1,1,1,1
0.202502583,0,0,1,0,0,0
0.202671833,0,0,1,1,1,1
0.202700875,0,0,1,0,0,0
0.202870125,0,0,1,1,1,1
0.202899167,0,0,1,0,0,0
0.203068375,0,0,1,1,1,1
0.203097417,0,0,1,0,0,0
0.203266625,0,0,1,1,1,1
0.203295667,0,0,1,0,0,0
0.203464917,0,0,1,1,1,1
0.203493958,0,0,1,0,0,0
0.203663167,0,0,1,1,1,1
0.203692208,0,0,1,0,0,0
0.203861458,0,0,1,1,1,1
0.203890500,0,0,1,0,0,0
0.204059708,0,0,1,1,1,1
0.204088750,0,0,1,0,0,0
0.204257958,0,0,1,1,1,1
0.204287000,0,0,1,0,0,0
0.204456250,0,0,1,1,1,1
0.204485292,0,0,1,0,0,0
0.204654542,0,0,1,1,1,1
0.204683583,0,0,1,0,0,0
0.204852875,0,0,1,1,1,1
0.204881917,0,0,1,0,0,0
0.205051125,0,0,1,0,1,0
0.205051167,0,0,1,1,1,1
0.205080167,0,0,1,0,0,0
0.205249417,0,0,1,1,1,1
0.205278458,0,0,1,0,0,0
0.205447667,0,0,1,1,1,1
0.205476708,0,0,1,0,0,0
0.205645958,0,0,1,1,1,1
0.205675000,0,0,1,0,0,0
0.205844208,0,0,1,1,1,1
0.205873250,0,0,1,0,0,0
0.206042417,0,0,1,1,1,1
0.206071458,0,0,1,0,0,0
0.206240708,0,0,1,1,1,1
0.206269750,0,0,1,0,0,0
0.206439000,0,0,1,1,1,1
0.206468042,0,0,1,0,0,0
0.206637250,0,0,1,1,1,1
0.206666292,0,0,1,0,0,0
0.206835500,0,0,1,1,1,1
0.206864542,0,0,1,0,0,0
0.207033708,0,0,1,1,1,1
0.207062750,0,0,1,0,0,0
0.207231917,0,0,1,1,1,1
0.207260958,0,0,1,0,0,0
0.207430083,0,0,1,1,1,1
0.207459125,0,0,1,0,0,0
0.207628333,0,0,1,1,1,1
0.207657375,0,0,1,0,0,0
0.207826542,0,0,1,1,1,1
0.207855583,0,0,1,0,0,0
0.208024792,0,0,1,1,1,1
0.208053833,0,0,1,0,0,0
0.208223000,0,0,1,1,1,1
0.208252042,0,0,1,0,0,0
0.208421208,0,0,1,1,1,1
0.208450250,0,0,1,0,0,0
0.208619458,0,0,1,1,1,1
0.208648500,0,0,1,0,0,0
0.208817708,0,0,1,1,1,1
0.208846750,0,0,1,0,0,0
0.209015958,0,0,1,1,1,1
0.209045000,0,0,1,0,0,0
0.209214167,0,0,1,1,1,1
0.209243208,0,0,1,0,0,0
0.209412375,0,0,1,0,1,1
0.209412417,0,0,1,1,1,1
0.209441417,0,0,1,0,0,0
0.209610625,0,0,1,1,1,1
0.209639667,0,0,1,0,0,0
0.209808875,0,0,1,1,1,1
0.209837917,0,0,1,0,0,0
0.210007083,0,0,1,1,1,1
0.210036083,0,0,1,0,0,0
0.210205292,0,0,1,1,1,1
0.210234292,0,0,1,0,0,0
0.210403500,0,0,1,1,1,1
0.210432500,0,0,1,0,0,0
0.210601708,0,0,1,1,1,1
0.210630750,0,0,1,0,0,0
0.210799958,0,0,1,1,1,1
0.210829000,0,0,1,0,0,0
0.210998208,0,0,1,1,1,1
0.211027250,0,0,1,0,0,0
0.211196500,0,0,1,1,1,1
0.211225542,0,0,1,0,0,0
0.211394792,0,0,1,1,1,1
0.211423833,0,0,1,0,0,0
0.211593083,0,0,1,1,1,1
0.211622125,0,0,1,0,0,0
0.211791333,0,0,1,1,1,1
0.211820417,0,0,1,0,0,0
0.211989625,0,0,1,1,1,1
0.212018667,0,0,1,0,0,0
0.212187875,0,0,1,1,1,1
0.212216917,0,0,1,0,0,0
0.212386083,0,0,1,1,1,1
0.212415125,0,0,1,0,0,0
0.212584292,0,0,1,1,1,1
0.212613333,0,0,1,0,0,0
0.212782542,0,0,1,1,1,1
0.212811583,0,0,1,0,0,0
0.212980833,0,0,1,1,1,1
0.213009875,0,0,1,0,0,0
0.213179083,0,0,1,1,1,1
0.213208125,0,0,1,0,0,0
0.213377375,0,0,1,1,1,1
0.213406417,0,0,1,0,0,0
0.213575625,0,0,1,1,1,1
0.213604667,0,0,1,0,0,0
0.213773958,0,0,1,1,1,1
0.213803000,0,0,1,0,0,0
0.213972292,0,0,1,1,1,1
0.214001333,0,0,1,0,0,0
0.214170583,0,0,1,1,1,1
0.214199667,0,0,1,0,0,0
0.214368917,0,0,1,1,1,1
0.214397958,0,0,1,0,0,0
0.214567167,0,0,1,1,1,1
0.214596167,0,0,1,0,0,0
0.214765375,0,0,1,1,1,1
0.214794417,0,0,1,0,0,0
0.214963625,0,0,1,1,1,1
0.214992667,0,0,1,0,0,0
0.215161917,0,0,1,1,1,1
0.215190958,0,0,1,0,0,0
0.215360167,0,0,1,1,1,1
0.215389208,0,0,1,0,0,0
0.215558417,0,0,1,1,1,1
0.215587458,0,0,1,0,0,0
0.215756625,0,0,1,1,1,1
0.215785667,0,0,1,0,0,0
0.215954875,0,0,1,1,1,1
0.215983875,0,0,1,0,0,0
0.216153083,0,0,1,1,1,1
0.216182125,0,0,1,0,0,0
0.216351292,0,0,1,1,1,1
0.216380333,0,0,1,0,0,0
0.216549500,0,0,1,1,1,1
0.216578500,0,0,1,0,0,0
0.216747667,0,0,1,1,1,1
0.216776708,0,0,1,0,0,0
0.216945875,0,0,1,1,1,1
0.216974917,0,0,1,0,0,0
0.217144125,0,0,1,1,1,1
0.217173167,0,0,1,0,0,0
0.217342375,0,0,1,1,1,1
0.217371375,0,0,1,0,0,0
0.217540500,0,0,1,1,1,1
0.217569542,0,0,1,0,0,0
0.217738708,0,0,1,1,1,1
0.217767708,0,0,1,0,0,0
0.217936875,0,0,1,1,1,1
0.217965917,0,0,1,0,0,0
0.218135083,0,0,1,1,1,1
0.218164083,0,0,1,0,0,0
0.218333292,0,0,1,1,1,1
0.218362333,0,0,1,0,0,0
0.218531542,0,0,1,1,1,1
0.218560583,0,0,1,0,0,0
0.218729792,0,0,1,1,1,1
0.218758833,0,0,1,0,0,0
0.218928042,0,0,1,1,1,1
0.218957083,0,0,1,0,0,0
0.219126333,0,0,1,1,1,1
0.219155375,0,0,1,0,0,0
0.219324583,0,0,1,1,1,1
0.219353625,0,0,1,0,0,0
0.219522833,0,0,1,1,1,1
0.219551875,0,0,1,0,0,0
0.219721125,0,0,1,1,1,1
0.219750167,0,0,1,0,0,0
0.219919417,0,0,1,1,1,1
0.219948458,0,0,1,0,0,0
0.220117667,0,0,1,1,1,1
0.220146708,0,0,1,0,0,0
0.220315917,0,0,1,1,1,1
0.220344958,0,0,1,0,0,0
0.220514167,0,0,1,1,1,1
0.220543250,0,0,1,0,0,0
0.220712458,0,0,1,1,1,1
0.220741500,0,0,1,0,0,0
0.220910708,0,0,1,1,1,1
0.220939750,0,0,1,0,0,0
0.221109000,0,0,1,1,1,1
0.221138042,0,0,1,0,0,0
0.221307292,0,0,1,1,1,1
0.221336333,0,0,1,0,0,0
0.221505625,0,0,1,1,1,1
0.221534667,0,0,1,0,0,0
0.221703958,0,0,1,1,1,1
0.221733000,0,0,1,0,0,0
0.221902208,0,0,1,1,1,1
0.221931250,0,0,1,0,0,0
0.222100500,0,0,1,1,1,1
0.222129542,0,0,1,0,0,0
0.222298750,0,0,1,1,1,1
0.222327792,0,0,1,0,0,0
0.222496958,0,0,1,1,1,1
0.222526000,0,0,1,0,0,0
0.222695208,0,0,1,1,1,1
0.222724250,0,0,1,1,0,0
0.222724292,0,0,1,0,0,0
0.222893500,0,0,1,1,1,1
0.222922542,0,0,1,0,0,0
0.223091750,0,0,1,1,1,1
0.223120792,0,0,1,0,0,0
0.223290000,0,0,1,1,1,1
0.223319042,0,0,1,0,0,0
0.223488292,0,0,1,1,1,1
0.223517333,0,0,1,0,0,0
0.223686542,0,0,1,1,1,1
0.223715583,0,0,1,0,0,0
0.223884792,0,0,1,1,1,1
0.223913875,0,0,1,0,0,0
0.224083125,0,0,1,1,1,1
0.224112167,0,0,1,0,0,0
0.224281417,0,0,1,1,1,1
0.224310458,0,0,1,0,0,0
0.224479708,0,0,1,1,1,1
0.224508792,0,0,1,0,0,0
0.224678000,0,0,1,1,1,1
0.224707083,0,0,1,0,0,0
0.224876292,0,0,1,1,1,1
0.224905375,0,0,1,0,0,0
0.225074625,0,0,1,1,1,1
0.225103667,0,0,1,0,0,0
0.225272958,0,0,1,1,1,1
0.225302000,0,0,1,0,0,0
0.225471250,0,0,1,1,1,1
0.225500292,0,0,1,0,0,0
0.225669583,0,0,1,1,1,1
0.225698625,0,0,1,0,0,0
0.225867875,0,0,1,1,1,1
0.225896917,0,0,1,0,0,0
0.226066208,0,0,1,1,1,1
0.226095250,0,0,1,1,0,0
0.226095292,0,0,1,0,0,0
0.226264542,0,0,1,1,1,1
0.226293583,0,0,1,0,0,0
0.226462875,0,0,1,1,1,1
0.226491917,0,0,1,0,0,0
0.226661208,0,0,1,1,1,1
0.226690250,0,0,1,0,0,0
0.226859542,0,0,1,1,1,1
0.226888583,0,0,1,0,0,0
0.227057875,0,0,1,1,1,1
0.227086917,0,0,1,0,0,0
0.227256167,0,0,1,1,1,1
0.227285208,0,0,1,0,0,0
0.227454500,0,0,1,1,1,1
0.227483542,0,0,1,0,0,0
0.227652833,0,0,1,1,1,1
0.227681875,0,0,1,0,0,0
0.227851167,0,0,1,1,1,1
0.227880208,0,0,1,0,0,0
0.228049500,0,0,1,1,1,1
0.228078542,0,0,1,0,0,0
0.228247792,0,0,1,1,1,1
0.228276833,0,0,1,0,0,0
0.228446083,0,0,1,1,1,1
0.228475125,0,0,1,0,0,0
0.228644375,0,0,1,1,1,1
0.228673417,0,0,1,0,0,0
0.228842667,0,0,1,1,1,1
0.228871708,0,0,1,0,0,0
0.229040917,0,0,1,1,1,1
0.229069958,0,0,1,0,0,0
0.229239250,0,0,1,1,1,1
0.229268292,0,0,1,0,0,0
0.229437542,0,0,1,1,1,1
0.229466583,0,0,1,0,0,0
0.229635875,0,0,1,1,1,1
0.229664917,0,0,1,0,0,0
0.229834167,0,0,1,1,1,1
0.229863208,0,0,1,0,0,0
0.230032500,0,0,1,1,1,1
0.230061542,0,0,1,0,0,0
0.230230792,0,0,1,1,1,1
0.230259833,0,0,1,0,0,0
0.230429083,0,0,1,1,1,1
0.230458125,0,0,1,0,0,0
0.230627417,0,0,1,1,1,1
0.230656458,0,0,1,0,0,0
0.230825750,0,0,1,1,1,1
0.230854792,0,0,1,0,0,0
0.231024042,0,0,1,1,1,1
0.231053083,0,0,1,0,0,0
0.231222375,0,0,1,1,1,1
0.231251417,0,0,1,0,0,0
0.231420667,0,0,1,1,1,1
0.231449750,0,0,1,0,0,0
0.231619000,0,0,1,1,1,1
0.231648042,0,0,1,0,0,0
0.231817292,0,0,1,1,1,1
0.231846375,0,0,1,0,0,0
0.232015625,0,0,1,1,1,1
0.232044667,0,0,1,0,0,0
0.232213958,0,0,1,1,1,1
0.232243000,0,0,1,0,0,0
0.232412250,0,0,1,1,1,1
0.232441292,0,0,1,0,0,0
0.232610583,0,0,1,1,1,1
0.232639625,0,0,1,0,0,0
0.232808875,0,0,1,1,1,1
0.232837917,0,0,1,0,0,0
0.233007125,0,0,1,1,1,1
0.233036167,0,0,1,0,0,0
0.233205375,0,0,1,1,1,1
0.233234417,0,0,1,0,0,0
0.233403667,0,0,1,1,1,1
0.233432750,0,0,1,0,0,0
0.233601958,0,0,1,1,1,1
0.233631000,0,0,1,0,0,0
0.233800208,0,0,1,0,1,0
0.233800250,0,0,1,1,1,1
0.233829250,0,0,1,0,0,0
0.233998458,0,0,1,1,1,1
0.234027500,0,0,1,0,0,0
0.234196750,0,0,1,1,1,1
0.234225792,0,0,1,0,0,0
0.234395042,0,0,1,1,1,1
0.234424125,0,0,1,0,0,0
0.234593417,0,0,1,1,1,1
0.234622458,0,0,1,0,0,0
0.234791708,0,0,1,1,1,1
0.234820750,0,0,1,0,0,0
0.234990000,0,0,1,1,1,1
0.235019042,0,0,1,0,0,0
0.235188333,0,0,1,1,1,1
0.235217417,0,0,1,0,0,0
0.235386667,0,0,1,1,1,1
0.235415708,0,0,1,0,0,0
0.235584917,0,0,1,1,1,1
0.235613958,0,0,1,0,0,0
0.235783208,0,0,1,1,1,1
0.235812250,0,0,1,0,0,0
0.235981500,0,0,1,1,1,1
0.236010542,0,0,1,0,0,0
0.236179792,0,0,1,1,1,1
0.236208833,0,0,1,0,0,0
0.236378042,0,0,1,1,1,1
0.236407083,0,0,1,0,0,0
0.236576333,0,0,1,1,1,1
0.236605375,0,0,1,0,0,0
0.236774583,0,0,1,1,1,1
0.236803583,0,0,1,0,0,0
0.236972750,0,0,1,1,1,1
0.237001792,0,0,1,0,0,0
0.237171000,0,0,1,1,1,1
0.237200042,0,0,1,0,0,0
0.237369292,0,0,1,1,1,1
0.237398333,0,0,1,0,0,0
0.237567542,0,0,1,1,1,1
0.237596583,0,0,1,0,0,0
0.237765792,0,0,1,1,1,1
0.237794833,0,0,1,0,0,0
0.237964042,0,0,1,1,1,1
0.237993125,0,0,1,0,0,0
0.238162375,0,0,1,1,1,1
0.238191417,0,0,1,0,0,0
0.238360625,0,0,1,1,1,1
0.238389667,0,0,1,0,0,0
0.238558875,0,0,1,1,1,1
0.238587917,0,0,1,0,0,0
0.238757125,0,0,1,1,1,1
0.238786167,0,0,1,0,0,0
0.238955333,0,0,1,1,1,1
0.238984375,0,0,1,0,0,0
0.239153542,0,0,1,1,1,1
0.239182583,0,0,1,0,0,0
0.239351750,0,0,1,1,1,1
0.239380792,0,0,1,0,0,0
0.239550000,0,0,1,1,1,1
0.239579042,0,0,1,0,0,0
0.239748250,0,0,1,1,1,1
0.239777250,0,0,1,0,0,0
0.239946458,0,0,1,1,1,1
0.239975458,0,0,1,0,0,0
0.240144667,0,0,1,1,1,1
0.240173708,0,0,1,0,0,0
0.240342875,0,0,1,1,1,1
0.240371917,0,0,1,0,0,0
0.240541083,0,0,1,1,1,1
0.240570083,0,0,1,0,0,0
0.240739292,0,0,1,1,1,1
0.240768333,0,0,1,0,0,0
0.240937542,0,0,1,1,1,1
0.240966583,0,0,1,0,0,0
0.241135708,0,0,1,1,1,1
0.241164750,0,0,1,0,0,0
0.241333875,0,0,1,1,1,1
0.241362917,0,0,1,0,0,0
0.241532042,0,0,1,1,1,1
0.241561083,0,0,1,0,0,0
0.241730250,0,0,1,1,1,1
0.241759292,0,0,1,0,0,0
0.241928500,0,0,1,1,1,1
0.241957542,0,0,1,0,0,0
0.242126750,0,0,1,1,1,1
0.242155792,0,0,1,0,0,0
0.242325000,0,0,1,1,1,1
0.242354042,0,0,1,0,0,0
0.242523250,0,0,1,1,1,1
0.242552250,0,0,1,0,0,0
0.242721458,0,0,1,1,1,1
0.242750458,0,0,1,0,0,0
0.242919625,0,0,1,1,1,1
0.242948667,0,0,1,0,0,0
0.243117833,0,0,1,1,1,1
0.243146875,0,0,1,0,0,0
0.243316042,0,0,1,1,1,1
0.243345083,0,0,1,0,0,0
0.243514250,0,0,1,0,1,1
0.243514292,0,0,1,1,1,1
0.243543292,0,0,1,0,0,0
0.243712542,0,0,1,1,1,1
0.243741583,0,0,1,0,0,0
0.243910833,0,0,1,1,1,1
0.243939875,0,0,1,0,0,0
0.244109000,0,0,1,1,1,1
0.244138042,0,0,1,0,0,0
0.244307167,0,0,1,1,1,1
0.244336208,0,0,1,0,0,0
0.244505333,0,0,1,1,1,1
0.244534375,0,0,1,0,0,0
0.244703542,0,0,1,1,1,1
0.244732583,0,0,1,0,0,0
0.244901708,0,0,1,0,1,0
0.244901750,0,0,1,1,1,1
0.244930750,0,0,1,0,0,0
0.245099958,0,0,1,1,1,1
0.245128958,0,0,1,0,0,0
0.245298208,0,0,1,1,1,1
0.245327250,0,0,1,0,0,0
0.245496417,0,0,1,1,1,1
0.245525458,0,0,1,0,0,0
0.245694667,0,0,1,1,1,1
0.245723708,0,0,1,0,0,0
0.245892958,0,0,1,1,1,1
0.245922000,0,0,1,0,0,0
0.246091208,0,0,1,1,1,1
0.246120250,0,0,1,0,0,0
0.246289500,0,0,1,1,1,1
0.246318542,0,0,1,0,0,0
0.246487792,0,0,1,1,1,1
0.246516833,0,0,1,0,0,0
0.246686042,0,0,1,1,1,1
0.246715083,0,0,1,0,0,0
0.246884250,0,0,1,1,1,1
0.246913333,0,0,1,0,0,0
0.247082583,0,0,1,1,1,1
0.247111625,0,0,1,0,0,0
0.247280917,0,0,1,1,1,1
0.247309958,0,0,1,0,0,0
0.247479250,0,0,1,1,1,1
0.247508292,0,0,1,0,0,0
0.247677542,0,0,1,1,1,1
0.247706625,0,0,1,0,0,0
0.247875875,0,0,1,1,1,1
0.247904917,0,0,1,0,0,0
0.248074167,0,0,1,1,1,1
0.248103167,0,0,1,1,0,0
0.248103208,0,0,1,0,0,0
0.248272375,0,0,1,1,1,1
0.248301417,0,0,1,0,0,0
0.248470667,0,0,1,1,1,1
0.248499708,0,0,1,0,0,0
0.248668917,0,0,1,1,1,1
0.248697958,0,0,1,0,0,0
0.248867167,0,0,1,1,1,1
0.248896208,0,0,1,0,0,0
0.249065458,0,0,1,1,1,1
0.249094500,0,0,1,0,0,0
0.249263708,0,0,1,1,1,1
0.249292750,0,0,1,0,0,0
0.249461917,0,0,1,1,1,1
0.249490958,0,0,1,0,0,0
0.249660208,0,0,1,1,1,1
0.249689250,0,0,1,0,0,0
0.249858417,0,0,1,1,1,1
0.249887458,0,0,1,0,0,0
0.250056667,0,0,1,1,1,1
0.250085708,0,0,1,0,0,0
0.250254917,0,0,1,1,1,1
0.250283917,0,0,1,0,0,0
0.250453167,0,0,1,1,1,1
0.250482208,0,0,1,0,0,0
0.250651417,0,0,1,1,1,1
0.250680458,0,0,1,0,0,0
0.250849667,0,0,1,1,1,1
0.250878708,0,0,1,0,0,0
0.251047917,0,0,1,1,1,1
0.251076958,0,0,1,0,0,0
0.251246167,0,0,1,1,1,1
0.251275208,0,0,1,0,0,0
0.251444417,0,0,1,1,1,1
0.251473458,0,0,1,0,0,0
0.251642667,0,0,1,1,1,1
0.251671708,0,0,1,0,0,0
0.251840917,0,0,1,1,1,1
0.251869958,0,0,1,0,0,0
0.252039167,0,0,1,1,1,1
0.252068208,0,0,1,0,0,0
0.252237458,0,0,1,1,1,1
0.252266500,0,0,1,0,0,0
0.252435708,0,0,1,1,1,1
0.252464750,0,0,1,0,0,0
0.252633958,0,0,1,1,1,1
0.252662958,0,0,1,0,0,0
0.252832125,0,0,1,1,1,1
0.252861167,0,0,1,0,0,0
0.253030292,0,0,1,1,1,1
0.253059333,0,0,1,0,0,0
0.253228500,0,0,1,1,1,1
0.253257542,0,0,1,0,0,0
0.253426750,0,0,1,1,1,1
0.253455792,0,0,1,0,0,0
0.253624958,0,0,1,1,1,1
0.253654000,0,0,1,0,0,0
0.253823208,0,0,1,1,1,1
0.253852250,0,0,1,0,0,0
0.254021458,0,0,1,1,1,1
0.254050500,0,0,1,0,0,0
0.254219667,0,0,1,1,1,1
0.254248708,0,0,1,0,0,0
0.254417917,0,0,1,1,1,1
0.254446958,0,0,1,0,0,0
0.254616167,0,0,1,1,1,1
0.254645208,0,0,1,0,0,0
0.254814417,0,0,1,1,1,1
0.254843458,0,0,1,0,0,0
0.255012667,0,0,1,1,1,1
0.255041708,0,0,1,0,0,0
0.255210917,0,0,1,1,1,1
0.255239958,0,0,1,0,0,0
0.255409167,0,0,1,1,1,1
0.255438208,0,0,1,0,0,0
0.255607417,0,0,1,1,1,1
0.255636458,0,0,1,0,0,0
0.255805667,0,0,1,1,1,1
0.255834667,0,0,1,0,0,0
0.256003875,0,0,1,1,1,1
0.256032917,0,0,1,0,0,0
0.256202125,0,0,1,1,1,1
0.256231167,0,0,1,0,0,0
0.256400375,0,0,1,1,1,1
0.256429417,0,0,1,0,0,0
0.256598625,0,0,1,1,1,1
0.256627667,0,0,1,0,0,0
0.256796875,0,0,1,1,1,1
0.256825917,0,0,1,0,0,0
0.256995125,0,0,1,1,1,1
0.257024125,0,0,1,0,0,0
0.257193333,0,0,1,1,1,1
0.257222375,0,0,1,0,0,0
0.257391542,0,0,1,1,1,1
0.257420583,0,0,1,0,0,0
0.257589750,0,0,1,1,1,1
0.257618792,0,0,1,0,0,0
0.257787958,0,0,1,1,1,1
0.257817000,0,0,1,0,0,0
0.257986167,0,0,1,0,1,1
0.257986208,0,0,1,1,1,1
0.258015208,0,0,1,0,0,0
0.258184375,0,0,1,1,1,1
0.258213417,0,0,1,0,0,0
0.258382625,0,0,1,1,1,1
0.258411667,0,0,1,0,0,0
0.258580875,0,0,1,1,1,1
0.258609917,0,0,1,0,0,0
0.258779167,0,0,1,1,1,1
0.258808208,0,0,1,0,0,0
0.258977458,0,0,1,1,1,1
0.259006500,0,0,1,0,0,0
0.259175750,0,0,1,1,1,1
0.259204792,0,0,1,0,0,0
0.259374000,0,0,1,1,1,1
0.259403042,0,0,1,0,0,0
0.259572333,0,0,1,1,1,1
0.259601375,0,0,1,0,0,0
0.259770583,0,0,1,1,1,1
0.259799625,0,0,1,0,0,0
0.259968875,0,0,1,1,1,1
0.259997917,0,0,1,0,0,0
0.260167125,0,0,1,1,1,1
0.260196167,0,0,1,0,0,0
0.260365375,0,0,1,1,1,1
0.260394417,0,0,1,0,0,0
0.260563625,0,0,1,1,1,1
0.260592667,0,0,1,0,0,0
0.260761833,0,0,1,1,1,1
0.260790875,0,0,1,0,0,0
0.260960042,0,0,1,0,1,0
0.260960083,0,0,1,1,1,1
0.260989083,0,0,1,0,0,0
0.261158292,0,0,1,1,1,1
0.261187292,0,0,1,0,0,0
0.261356500,0,0,1,0,1,1
0.261356542,0,0,1,1,1,1
0.261385542,0,0,1,0,0,0
0.261554792,0,0,1,1,1,1
0.261583833,0,0,1,0,0,0
0.261753000,0,0,1,1,1,1
0.261782042,0,0,1,0,0,0
0.261951250,0,0,1,1,1,1
0.261980292,0,0,1,0,0,0
0.262149500,0,0,1,1,1,1
0.262178542,0,0,1,0,0,0
0.262347750,0,0,1,1,1,1
0.262376792,0,0,1,0,0,0
0.262546000,0,0,1,1,1,1
0.262575042,0,0,1,0,0,0
0.262744250,0,0,1,1,1,1
0.262773292,0,0,1,0,0,0
0.262942500,0,0,1,1,1,1
0.262971542,0,0,1,0,0,0
0.263140750,0,0,1,1,1,1
0.263169792,0,0,1,0,0,0
0.263339000,0,0,1,1,1,1
0.263368000,0,0,1,0,0,0
0.263537208,0,0,1,1,1,1
0.263566250,0,0,1,0,0,0
0.263735417,0,0,1,1,1,1
0.263764458,0,0,1,0,0,0
0.263933625,0,0,1,1,1,1
0.263962667,0,0,1,0,0,0
0.264131875,0,0,1,1,1,1
0.264160917,0,0,1,0,0,0
0.264330125,0,0,1,1,1,1
0.264359167,0,0,1,0,0,0
0.264528417,0,0,1,1,1,1
0.264557458,0,0,1,1,0,0
0.264557500,0,0,1,0,0,0
0.264726708,0,0,1,1,1,1
0.264755750,0,0,1,0,0,0
0.264925042,0,0,1,1,1,1
0.264954083,0,0,1,0,0,0
0.265123375,0,0,1,1,1,1
0.265152417,0,0,1,0,0,0
0.265321667,0,0,1,1,1,1
0.265350750,0,0,1,0,0,0
0.265520000,0,0,1,1,1,1
0.265549083,0,0,1,0,0,0
0.265718333,0,0,1,1,1,1
0.265747375,0,0,1,1,0,1
0.265747417,0,0,1,0,0,0
0.265916667,0,0,1,1,1,1
0.265945708,0,0,1,0,0,0
0.266114958,0,0,1,1,1,1
0.266144000,0,0,1,0,0,0
0.266313250,0,0,1,1,1,1
0.266342292,0,0,1,0,0,0
0.266511500,0,0,1,1,1,1
0.266540583,0,0,1,0,0,0
0.266709833,0,0,1,1,1,1
0.266738875,0,0,1,0,0,0
0.266908125,0,0,1,1,1,1
0.266937167,0,0,1,0,0,0
0.267106458,0,0,1,1,1,1
0.267135500,0,0,1,0,0,0
0.267304750,0,0,1,1,1,1
0.267333792,0,0,1,0,0,0
0.267503083,0,0,1,1,1,1
0.267532125,0,0,1,0,0,0
0.267701375,0,0,1,1,1,1
0.267730417,0,0,1,0,0,0
0.267899625,0,0,1,1,1,1
0.267928667,0,0,1,0,0,0
0.268097958,0,0,1,1,1,1
0.268127000,0,0,1,0,0,0
0.268296250,0,0,1,1,1,1
0.268325292,0,0,1,0,0,0
0.268494583,0,0,1,1,1,1
0.268523625,0,0,1,0,0,0
0.268692875,0,0,1,1,1,1
0.268721917,0,0,1,0,0,0
0.268891167,0,0,1,1,1,1
0.268920208,0,0,1,0,0,0
0.269089458,0,0,1,1,1,1
0.269118500,0,0,1,0,0,0
0.269287750,0,0,1,1,1,1
0.269316792,0,0,1,0,0,0
0.269486083,0,0,1,1,1,1
0.269515125,0,0,1,0,0,0
0.269684375,0,0,1,1,1,1
0.269713417,0,0,1,0,0,0
0.269882708,0,0,1,1,1,1
0.269911750,0,0,1,0,0,0
0.270081042,0,0,1,1,1,1
0.270110083,0,0,1,0,0,0
0.270279375,0,0,1,1,1,1
0.270308417,0,0,1,0,0,0
0.270477667,0,0,1,1,1,1
0.270506708,0,0,1,0,0,0
0.270675958,0,0,1,1,1,1
0.270705000,0,0,1,0,0,0
0.270874250,0,0,1,1,1,1
0.270903292,0,0,1,0,0,0
0.271072542,0,0,1,1,1,1
0.271101625,0,0,1,0,0,0
0.271270833,0,0,1,1,1,1
0.271299875,0,0,1,0,0,0
0.271469083,0,0,1,1,1,1
0.271498125,0,0,1,0,0,0
0.271667333,0,0,1,1,1,1
0.271696375,0,0,1,0,0,0
0.271865583,0,0,1,1,1,1
0.271894625,0,0,1,0,0,0
0.272063792,0,0,1,1,1,1
0.272092833,0,0,1,0,0,0
0.272262083,0,0,1,1,1,1
0.272291083,0,0,1,0,0,0
0.272460333,0,0,1,1,1,1
0.272489375,0,0,1,0,0,0
0.272658583,0,0,1,1,1,1
0.272687625,0,0,1,0,0,0
0.272856917,0,0,1,1,1,1
0.272885958,0,0,1,0,0,0
0.273055250,0,0,1,1,1,1
0.273084292,0,0,1,0,0,0
0.273253583,0,0,1,1,1,1
0.273282625,0,0,1,0,0,0
0.273451875,0,0,1,0,1,0
0.273451917,0,0,1,1,1,1
0.273480958,0,0,1,0,0,0
0.273650208,0,0,1,1,1,1
0.273679250,0,0,1,0,0,0
0.273848500,0,0,1,1,1,1
0.273877583,0,0,1,0,0,0
0.274046792,0,0,1,0,1,1
0.274046833,0,0,1,1,1,1
0.274075875,0,0,1,0,0,0
0.274245125,0,0,1,1,1,1
0.274274167,0,0,1,0,0,0
0.274443417,0,0,1,1,1,1
0.274472458,0,0,1,0,0,0
0.274641667,0,0,1,1,1,1
0.274670708,0,0,1,0,0,0
0.274839917,0,0,1,1,1,1
0.274868958,0,0,1,0,0,0
0.275038167,0,0,1,1,1,1
0.275067208,0,0,1,0,0,0
0.275236458,0,0,1,1,1,1
0.275265500,0,0,1,0,0,0
0.275434708,0,0,1,1,1,1
0.275463750,0,0,1,0,0,0
0.275632958,0,0,1,1,1,1
0.275662000,0,0,1,0,0,0
0.275831208,0,0,1,1,1,1
0.275860250,0,0,1,0,0,0
0.276029458,0,0,1,1,1,1
0.276058500,0,0,1,0,0,0
0.276227708,0,0,1,1,1,1
0.276256750,0,0,1,0,0,0
0.276425917,0,0,1,1,1,1
0.276454958,0,0,1,0,0,0
0.276624125,0,0,1,1,1,1
0.276653167,0,0,1,0,0,0
0.276822333,0,0,1,1,1,1
0.276851375,0,0,1,0,0,0
0.277020542,0,0,1,1,1,1
0.277049583,0,0,1,0,0,0
0.277218750,0,0,1,1,1,1
0.277247792,0,0,1,0,0,0
0.277417000,0,0,1,1,1,1
0.277446042,0,0,1,0,0,0
0.277615208,0,0,1,1,1,1
0.277644250,0,0,1,0,0,0
0.277813458,0,0,1,1,1,1
0.277842500,0,0,1,0,0,0
0.278011708,0,0,1,1,1,1
0.278040750,0,0,1,0,0,0
0.278210000,0,0,1,1,1,1
0.278239042,0,0,1,0,0,0
0.278408208,0,0,1,1,1,1
0.278437250,0,0,1,0,0,0
0.278606417,0,0,1,0,1,1
0.278606458,0,0,1,1,1,1
0.278635458,0,0,1,0,0,0
0.278804708,0,0,1,1,1,1
0.278833750,0,0,1,0,0,0
0.279002917,0,0,1,1,1,1
0.279031958,0,0,1,0,0,0
0.279201167,0,0,1,1,1,1
0.279230208,0,0,1,0,0,0
0.279399458,0,0,1,1,1,1
0.279428500,0,0,1,0,0,0
0.279597708,0,0,1,1,1,1
0.279626750,0,0,1,0,0,0
0.279795958,0,0,1,1,1,1
0.279825000,0,0,1,0,0,0
0.279994250,0,0,1,1,1,1
0.280023292,0,0,1,0,0,0
0.280192542,0,0,1,1,1,1
0.280221583,0,0,1,0,0,0
0.280390792,0,0,1,1,1,1
0.280419833,0,0,1,0,0,0
0.280589042,0,0,1,1,1,1
0.280618083,0,0,1,0,0,0
0.280787292,0,0,1,1,1,1
0.280816333,0,0,1,0,0,0
0.280985500,0,0,1,1,1,1
0.281014542,0,0,1,0,0,0
0.281183708,0,0,1,1,1,1
0.281212750,0,0,1,0,0,0
0.281381958,0,0,1,1,1,1
0.281411000,0,0,1,0,0,0
0.281580167,0,0,1,1,1,1
0.281609208,0,0,1,0,0,0
0.281778417,0,0,1,1,1,1
0.281807458,0,0,1,0,0,0
0.281976667,0,0,1,1,1,1
0.282005708,0,0,1,0,0,0
0.282174958,0,0,1,1,1,1
0.282204000,0,0,1,0,0,0
0.282373208,0,0,1,1,1,1
0.282402292,0,0,1,0,0,0
0.282571500,0,0,1,1,1,1
0.282600542,0,0,1,1,0,0
0.282600583,0,0,1,0,0,0
0.282769833,0,0,1,1,1,1
0.282798875,0,0,1,0,0,0
0.282968125,0,0,1,1,1,1
0.282997167,0,0,1,0,0,0
0.283166458,0,0,1,1,1,1
0.283195500,0,0,1,0,0,0
0.283364750,0,0,1,1,1,1
0.283393833,0,0,1,0,0,0
0.283563083,0,0,1,1,1,1
0.283592083,0,0,1,0,0,0
0.283761333,0,0,1,1,1,1
0.283790375,0,0,1,0,0,0
0.283959542,0,0,1,1,1,1
0.283988583,0,0,1,0,0,0
0.284157792,0,0,1,1,1,1
0.284186833,0,0,1,0,0,0
0.284356042,0,0,1,1,1,1
0.284385083,0,0,1,0,0,0
0.284554292,0,0,1,1,1,1
0.284583333,0,0,1,0,0,0
0.284752542,0,0,1,1,1,1
0.284781583,0,0,1,0,0,0
0.284950750,0,0,1,1,1,1
0.284979792,0,0,1,0,0,0
0.285149000,0,0,1,1,1,1
0.285178000,0,0,1,1,0,0
0.285178042,0,0,1,0,0,0
0.285347208,0,0,1,1,1,1
0.285376250,0,0,1,0,0,0
0.285545458,0,0,1,1,1,1
0.285574500,0,0,1,0,0,0
0.285743667,0,0,1,1,1,1
0.285772667,0,0,1,0,0,0
0.285941833,0,0,1,1,1,1
0.285970875,0,0,1,0,0,0
0.286140083,0,0,1,1,1,1
0.286169125,0,0,1,0,0,0
0.286338292,0,0,1,1,1,1
0.286367333,0,0,1,0,0,0
0.286536458,0,0,1,1,1,1
0.286565500,0,0,1,0,0,0
0.286734708,0,0,1,1,1,1
0.286763750,0,0,1,0,0,0
0.286932917,0,0,1,1,1,1
0.286961958,0,0,1,0,0,0
0.287131250,0,0,1,1,1,1
0.287160292,0,0,1,0,0,0
0.287329542,0,0,1,1,1,1
0.287358583,0,0,1,0,0,0
0.287527833,0,0,1,1,1,1
0.287556875,0,0,1,0,0,0
0.287726083,0,0,1,1,1,1
0.287755125,0,0,1,0,0,0
0.287924333,0,0,1,1,1,1
0.287953375,0,0,1,0,0,0
0.288122583,0,0,1,1,1,1
0.288151625,0,0,1,0,0,0
0.288320792,0,0,1,1,1,1
0.288349833,0,0,1,0,0,0
0.288519000,0,0,1,1,1,1
0.288548042,0,0,1,0,0,0
0.288717208,0,0,1,1,1,1
0.288746250,0,0,1,0,0,0
0.288915417,0,0,1,1,1,1
0.288944458,0,0,1,0,0,0
0.289113625,0,0,1,1,1,1
0.289142625,0,0,1,1,0,0
0.289142667,0,0,1,0,0,0
0.289311833,0,0,1,1,1,1
0.289340833,0,0,1,0,0,0
0.289510042,0,0,1,1,1,1
0.289539083,0,0,1,0,0,0
0.289708250,0,0,1,1,1,1
0.289737292,0,0,1,0,0,0
0.289906458,0,0,1,1,1,1
0.289935500,0,0,1,0,0,0
0.290104708,0,0,1,1,1,1
0.290133750,0,0,1,0,0,0
0.290302917,0,0,1,1,1,1
0.290331958,0,0,1,0,0,0
0.290501125,0,0,1,1,1,1
0.290530125,0,0,1,0,0,0
0.290699333,0,0,1,1,1,1
0.290728375,0,0,1,0,0,0
0.290897583,0,0,1,1,1,1
0.290926583,0,0,1,0,0,0
0.291095792,0,0,1,1,1,1
0.291124833,0,0,1,0,0,0
0.291294042,0,0,1,1,1,1
0.291323083,0,0,1,0,0,0
0.291492292,0,0,1,1,1,1
0.291521292,0,0,1,0,0,0
0.291690500,0,0,1,1,1,1
0.291719542,0,0,1,0,0,0
0.291888750,0,0,1,1,1,1
0.291917792,0,0,1,0,0,0
0.292087000,0,0,1,1,1,1
0.292116042,0,0,1,0,0,0
0.292285250,0,0,1,1,1,1
0.292314250,0,0,1,1,0,0
0.292314292,0,0,1,0,0,0
0.292483458,0,0,1,1,1,1
0.292512500,0,0,1,0,0,0
0.292681708,0,0,1,1,1,1
0.292710750,0,0,1,0,0,0
0.292879917,0,0,1,1,1,1
0.292908958,0,0,1,0,0,0
0.293078125,0,0,1,1,1,1
0.293107167,0,0,1,0,0,0
0.293276375,0,0,1,1,1,1
0.293305417,0,0,1,0,0,0
0.293474625,0,0,1,1,1,1
0.293503667,0,0,1,0,0,0
0.293672875,0,0,1,1,1,1
0.293701917,0,0,1,0,0,0
0.293871083,0,0,1,1,1,1
0.293900125,0,0,1,0,0,0
0.294069333,0,0,1,1,1,1
0.294098375,0,0,1,0,0,0
0.294267583,0,0,1,1,1,1
0.294296583,0,0,1,0,0,0
0.294465833,0,0,1,1,1,1
0.294494875,0,0,1,0,0,0
0.294664083,0,0,1,1,1,1
0.294693125,0,0,1,0,0,0
0.294862333,0,0,1,1,1,1
0.294891375,0,0,1,0,0,0
0.295060583,0,0,1,1,1,1
0.295089625,0,0,1,0,0,0
0.295258792,0,0,1,1,1,1
0.295287833,0,0,1,0,0,0
0.295457042,0,0,1,1,1,1
0.295486083,0,0,1,0,0,0
0.295655250,0,0,1,1,1,1
0.295684250,0,0,1,0,0,0
0.295853458,0,0,1,1,1,1
0.295882458,0,0,1,0,0,0
0.296051667,0,0,1,1,1,1
0.296080708,0,0,1,0,0,0
0.296249958,0,0,1,1,1,1
0.296279000,0,0,1,0,0,0
0.296448292,0,0,1,1,1,1
0.296477333,0,0,1,0,0,0
0.296646625,0,0,1,1,1,1
0.296675667,0,0,1,0,0,0
0.296844917,0,0,1,1,1,1
0.296873958,0,0,1,0,0,0
0.297043208,0,0,1,1,1,1
0.297072250,0,0,1,0,0,0
0.297241542,0,0,1,1,1,1
0.297270583,0,0,1,0,0,0
0.297439792,0,0,1,1,1,1
0.297468833,0,0,1,0,0,0
0.297638083,0,0,1,1,1,1
0.297667125,0,0,1,1,0,0
0.297667167,0,0,1,0,0,0
0.297836375,0,0,1,1,1,1
0.297865417,0,0,1,0,0,0
0.298034625,0,0,1,1,1,1
0.298063667,0,0,1,0,0,0
0.298232833,0,0,1,1,1,1
0.298261875,0,0,1,0,0,0
0.298431125,0,0,1,1,1,1
0.298460125,0,0,1,0,0,0
0.298629333,0,0,1,1,1,1
0.298658375,0,0,1,0,0,0
0.298827542,0,0,1,1,1,1
0.298856583,0,0,1,0,0,0
0.299025792,0,0,1,1,1,1
0.299054833,0,0,1,0,0,0
0.299224042,0,0,1,1,1,1
0.299253083,0,0,1,0,0,0
0.299422250,0,0,1,1,1,1
0.299451292,0,0,1,1,0,0
0.299451333,0,0,1,0,0,0
0.299620500,0,0,1,1,1,1
0.299649542,0,0,1,0,0,0
0.299818750,0,0,1,1,1,1
0.299847792,0,0,1,0,0,0
0.300017000,0,0,1,1,1,1
0.300046042,0,0,1,0,0,0
0.300215250,0,0,1,1,1,1
0.300244292,0,0,1,0,0,0
0.300413500,0,0,1,1,1,1
0.300442542,0,0,1,0,0,0
0.300611792,0,0,1,1,1,1
0.300640833,0,0,1,0,0,0
0.300810042,0,0,1,1,1,1
0.300839083,0,0,1,0,0,0
0.301008333,0,0,1,1,1,1
0.301037375,0,0,1,0,0,0
0.301206625,0,0,1,1,1,1
0.301235667,0,0,1,0,0,0
0.301404917,0,0,1,1,1,1
0.301433958,0,0,1,0,0,0
0.301603208,0,0,1,1,1,1
0.301632250,0,0,1,0,0,0
0.301801500,0,0,1,1,1,1
0.301830542,0,0,1,0,0,0
0.301999792,0,0,1,1,1,1
0.302028833,0,0,1,0,0,0
0.302198083,0,0,1,1,1,1
0.302227125,0,0,1,0,0,0
0.302396333,0,0,1,1,1,1
0.302425375,0,0,1,0,0,0
0.302594625,0,0,1,1,1,1
0.302623667,0,0,1,0,0,0
0.302792875,0,0,1,1,1,1
0.302821917,0,0,1,0,0,0
0.302991167,0,0,1,1,1,1
0.303020250,0,0,1,0,0,0
0.303189500,0,0,1,1,1,1
0.303218542,0,0,1,0,0,0
0.303387750,0,0,1,1,1,1
0.303416792,0,0,1,0,0,0
0.303586042,0,0,1,1,1,1
0.303615083,0,0,1,0,0,0
0.303784375,0,0,1,1,1,1
0.303813417,0,0,1,0,0,0
0.303982708,0,0,1,1,1,1
0.304011792,0,0,1,0,0,0
0.304181042,0,0,1,1,1,1
0.304210083,0,0,1,0,0,0
0.304379333,0,0,1,1,1,1
0.304408417,0,0,1,0,0,0
0.304577667,0,0,1,1,1,1
0.304606708,0,0,1,0,0,0
0.304775917,0,0,1,1,1,1
0.304804958,0,0,1,0,0,0
0.304974250,0,0,1,1,1,1
0.305003292,0,0,1,0,0,0
0.305172583,0,0,1,1,1,1
0.305201625,0,0,1,0,0,0
0.305370875,0,0,1,1,1,1
0.305399917,0,0,1,0,0,0
0.305569167,0,0,1,1,1,1
0.305598208,0,0,1,0,0,0
0.305767458,0,0,1,1,1,1
0.305796500,0,0,1,0,0,0
0.305965792,0,0,1,1,1,1
0.305994833,0,0,1,0,0,0
0.306164083,0,0,1,1,1,1
0.306193125,0,0,1,0,0,0
0.306362333,0,0,1,1,1,1
0.306391375,0,0,1,0,0,0
0.306560667,0,0,1,1,1,1
0.306589667,0,0,1,0,0,0
0.306758917,0,0,1,1,1,1
0.306787958,0,0,1,0,0,0
0.306957208,0,0,1,1,1,1
0.306986250,0,0,1,0,0,0
0.307155458,0,0,1,1,1,1
0.307184500,0,0,1,0,0,0
0.307353708,0,0,1,1,1,1
0.307382750,0,0,1,0,0,0
0.307552000,0,0,1,1,1,1
0.307581042,0,0,1,0,0,0
0.307750250,0,0,1,1,1,1
0.307779250,0,0,1,0,0,0
0.307948458,0,0,1,1,1,1
0.307977500,0,0,1,0,0,0
0.308146708,0,0,1,1,1,1
0.308175750,0,0,1,0,0,0
0.308344958,0,0,1,1,1,1
0.308374000,0,0,1,0,0,0
0.308543208,0,0,1,1,1,1
0.308572250,0,0,1,0,0,0
0.308741458,0,0,1,1,1,1
0.308770500,0,0,1,0,0,0
0.308939708,0,0,1,0,1,1
0.308939750,0,0,1,1,1,1
0.308968792,0,0,1,0,0,0
0.309138000,0,0,1,1,1,1
0.309167042,0,0,1,0,0,0
0.309336250,0,0,1,1,1,1
0.309365292,0,0,1,0,0,0
0.309534458,0,0,1,1,1,1
0.309563500,0,0,1,0,0,0
0.309732708,0,0,1,1,1,1
0.309761708,0,0,1,1,0,0
0.309761750,0,0,1,0,0,0
0.309930917,0,0,1,1,1,1
0.309959958,0,0,1,0,0,0
0.310129167,0,0,1,1,1,1
0.310158208,0,0,1,0,0,0
0.310327375,0,0,1,1,1,1
0.310356417,0,0,1,0,0,0
0.310525583,0,0,1,1,1,1
0.310554625,0,0,1,0,0,0
0.310723833,0,0,1,1,1,1
0.310752833,0,0,1,0,0,0
0.310922042,0,0,1,1,1,1
0.310951083,0,0,1,0,0,0
0.311120250,0,0,1,1,1,1
0.311149292,0,0,1,0,0,0
0.311318500,0,0,1,1,1,1
0.311347542,0,0,1,0,0,0
0.311516750,0,0,1,1,1,1
0.311545792,0,0,1,0,0,0
0.311715042,0,0,1,1,1,1
0.311744083,0,0,1,0,0,0
0.311913292,0,0,1,1,1,1
0.311942333,0,0,1,0,0,0
0.312111542,0,0,1,1,1,1
0.312140583,0,0,1,0,0,0
0.312309792,0,0,1,1,1,1
0.312338833,0,0,1,0,0,0
0.312508042,0,0,1,1,1,1
0.312537083,0,0,1,0,0,0
0.312706292,0,0,1,1,1,1
0.312735333,0,0,1,0,0,0
0.312904583,0,0,1,1,1,1
0.312933583,0,0,1,0,0,0
0.313102875,0,0,1,1,1,1
0.313131917,0,0,1,0,0,0
0.313301208,0,0,1,1,1,1
0.313330250,0,0,1,0,0,0
0.313499500,0,0,1,1,1,1
0.313528542,0,0,1,0,0,0
0.313697792,0,0,1,1,1,1
0.313726875,0,0,1,0,0,0
0.313896125,0,0,1,1,1,1
0.313925167,0,0,1,1,0,0
0.313925208,0,0,1,0,0,0
0.314094458,0,0,1,1,1,1
0.314123500,0,0,1,0,0,0
0.314292792,0,0,1,1,1,1
0.314321833,0,0,1,0,0,0
0.314491083,0,0,1,1,1,1
0.314520167,0,0,1,0,0,0
0.314689375,0,0,1,1,1,1
0.314718417,0,0,1,0,0,0
0.314887667,0,0,1,1,1,1
0.314916708,0,0,1,0,0,0
0.315085958,0,0,1,1,1,1
0.315115000,0,0,1,0,0,0
0.315284208,0,0,1,1,1,1
0.315313250,0,0,1,0,0,0
0.315482500,0,0,1,1,1,1
0.315511542,0,0,1,0,0,0
0.315680750,0,0,1,1,1,1
0.315709792,0,0,1,0,0,0
0.315879042,0,0,1,1,1,1
0.315908083,0,0,1,0,0,0
0.316077333,0,0,1,1,1,1
0.316106375,0,0,1,0,0,0
0.316275667,0,0,1,1,1,1
0.316304708,0,0,1,0,0,0
0.316473958,0,0,1,1,1,1
0.316503000,0,0,1,0,0,0
0.316672292,0,0,1,1,1,1
0.316701333,0,0,1,0,0,0
0.316870542,0,0,1,1,1,1
0.316899583,0,0,1,0,0,0
0.317068833,0,0,1,1,1,1
0.317097875,0,0,1,0,0,0
0.317267083,0,0,1,1,1,1
0.317296125,0,0,1,0,0,0
0.317465375,0,0,1,1,1,1
0.317494458,0,0,1,0,0,0
0.317663708,0,0,1,1,1,1
0.317692750,0,0,1,0,0,0
0.317862000,0,0,1,1,1,1
0.317891083,0,0,1,0,0,0
0.318060375,0,0,1,1,1,1
0.318089417,0,0,1,0,0,0
0.318258708,0,0,1,1,1,1
0.318287750,0,0,1,0,0,0
0.318457000,0,0,1,1,1,1
0.318486042,0,0,1,0,0,0
0.318655292,0,0,1,1,1,1
0.318684333,0,0,1,0,0,0
0.318853625,0,0,1,1,1,1
0.318882667,0,0,1,0,0,0
0.319051917,0,0,1,1,1,1
0.319080958,0,0,1,0,0,0
0.319250208,0,0,1,1,1,1
0.319279250,0,0,1,1,0,0
0.319279292,0,0,1,0,0,0
0.319448542,0,0,1,1,1,1
0.319477583,0,0,1,0,0,0
0.319646875,0,0,1,1,1,1
0.319675917,0,0,1,0,0,0
0.319845167,0,0,1,1,1,1
0.319874208,0,0,1,0,0,0
0.320043500,0,0,1,1,1,1
0.320072542,0,0,1,0,0,0
0.320241833,0,0,1,1,1,1
0.320270875,0,0,1,0,0,0
0.320440125,0,0,1,1,1,1
0.320469167,0,0,1,0,0,0
0.320638417,0,0,1,1,1,1
0.320667458,0,0,1,0,0,0
0.320836708,0,0,1,1,1,1
0.320865750,0,0,1,0,0,0
0.321035000,0,0,1,1,1,1
0.321064042,0,0,1,0,0,0
0.321233333,0,0,1,1,1,1
0.321262375,0,0,1,0,0,0
0.321431667,0,0,1,1,1,1
0.321460708,0,0,1,0,0,0
0.321630000,0,0,1,1,1,1
0.321659042,0,0,1,0,0,0
0.321828292,0,0,1,1,1,1
0.321857375,0,0,1,0,0,0
0.322026583,0,0,1,0,1,1
0.322026625,0,0,1,1,1,1
0.322055667,0,0,1,0,0,0
0.322224875,0,0,1,1,1,1
0.322253917,0,0,1,0,0,0
0.322423167,0,0,1,1,1,1
0.322452208,0,0,1,0,0,0
0.322621458,0,0,1,1,1,1
0.322650500,0,0,1,0,0,0
0.322819750,0,0,1,1,1,1
0.322848792,0,0,1,0,0,0
0.323018083,0,0,1,1,1,1
0.323047167,0,0,1,0,0,0
0.323216458,0,0,1,1,1,1
0.323245500,0,0,1,0,0,0
0.323414792,0,0,1,1,1,1
0.323443833,0,0,1,0,0,0
0.323613083,0,0,1,1,1,1
0.323642125,0,0,1,0,0,0
0.323811417,0,0,1,1,1,1
0.323840458,0,0,1,0,0,0
0.324009708,0,0,1,1,1,1
0.324038750,0,0,1,0,0,0
0.324208042,0,0,1,1,1,1
0.324237083,0,0,1,0,0,0
0.324406375,0,0,1,1,1,1
0.324435417,0,0,1,0,0,0
0.324604667,0,0,1,1,1,1
0.324633750,0,0,1,0,0,0
0.324803000,0,0,1,1,1,1
0.324832042,0,0,1,0,0,0
0.325001250,0,0,1,1,1,1
0.325030292,0,0,1,0,0,0
0.325199500,0,0,1,1,1,1
0.325228542,0,0,1,0,0,0
0.325397750,0,0,1,1,1,1
0.325426792,0,0,1,0,0,0
0.325595958,0,0,1,1,1,1
0.325625000,0,0,1,0,0,0
0.325794208,0,0,1,1,1,1
0.325823250,0,0,1,0,0,0
0.325992500,0,0,1,1,1,1
0.326021542,0,0,1,0,0,0
0.326190792,0,0,1,1,1,1
0.326219833,0,0,1,0,0,0
0.326389042,0,0,1,1,1,1
0.326418083,0,0,1,0,0,0
0.326587292,0,0,1,0,1,0
0.326587333,0,0,1,1,1,1
0.326616333,0,0,1,0,0,0
0.326785583,0,0,1,1,1,1
0.326814667,0,0,1,0,0,0
0.326983917,0,0,1,1,1,1
0.327012958,0,0,1,0,0,0
0.327182250,0,0,1,1,1,1
0.327211292,0,0,1,0,0,0
0.327380542,0,0,1,1,1,1
0.327409583,0,0,1,0,0,0
0.327578792,0,0,1,0,1,0
0.327578833,0,0,1,1,1,1
0.327607833,0,0,1,0,0,0
0.327777083,0,0,1,1,1,1
0.327806125,0,0,1,0,0,0
0.327975333,0,0,1,1,1,1
0.328004375,0,0,1,0,0,0
0.328173667,0,0,1,1,1,1
0.328202708,0,0,1,0,0,0
0.328371958,0,0,1,1,1,1
0.328401000,0,0,1,0,0,0
0.328570292,0,0,1,1,1,1
0.328599333,0,0,1,0,0,0
0.328768667,0,0,1,1,1,1
0.328797708,0,0,1,0,0,0
0.328966958,0,0,1,1,1,1
0.328996000,0,0,1,0,0,0
0.329165292,0,0,1,1,1,1
0.329194333,0,0,1,0,0,0
0.329363583,0,0,1,1,1,1
0.329392667,0,0,1,0,0,0
0.329561917,0,0,1,1,1,1
0.329590958,0,0,1,0,0,0
0.329760208,0,0,1,1,1,1
0.329789250,0,0,1,0,0,0
0.329958542,0,0,1,1,1,1
0.329987583,0,0,1,0,0,0
0.330156875,0,0,1,1,1,1
0.330185917,0,0,1,0,0,0
0.330355208,0,0,1,1,1,1
0.330384250,0,0,1,0,0,0
0.330553542,0,0,1,1,1,1
0.330582583,0,0,1,0,0,0
0.330751875,0,0,1,1,1,1
0.330780917,0,0,1,0,0,0
0.330950167,0,0,1,1,1,1
0.330979208,0,0,1,0,0,0
0.331148500,0,0,1,1,1,1
0.331177542,0,0,1,0,0,0
0.331346750,0,0,1,1,1,1
0.331375792,0,0,1,0,0,0
0.331545042,0,0,1,1,1,1
0.331574083,0,0,1,0,0,0
0.331743375,0,0,1,1,1,1
0.331772417,0,0,1,0,0,0
0.331941625,0,0,1,1,1,1
0.331970625,0,0,1,0,0,0
0.332139875,0,0,1,1,1,1
0.332168875,0,0,1,0,0,0
0.332338125,0,0,1,1,1,1
0.332367167,0,0,1,0,0,0
0.332536375,0,0,1,1,1,1
0.332565417,0,0,1,0,0,0
0.332734625,0,0,1,1,1,1
0.332763708,0,0,1,0,0,0
0.332932958,0,0,1,1,1,1
0.332962000,0,0,1,0,0,0
0.333131250,0,0,1,1,1,1
0.333160292,0,0,1,0,0,0
0.333329500,0,0,1,1,1,1
0.333358542,0,0,1,0,0,0
0.333527708,0,0,1,1,1,1
0.333556750,0,0,1,0,0,0
0.333725917,0,0,1,1,1,1
0.333754958,0,0,1,0,0,0
0.333924083,0,0,1,1,1,1
0.333953125,0,0,1,0,0,0
0.334122250,0,0,1,1,1,1
0.334151292,0,0,1,0,0,0
0.334320458,0,0,1,1,1,1
0.334349500,0,0,1,0,0,0
0.334518625,0,0,1,0,1,1
0.334518667,0,0,1,1,1,1
0.334547667,0,0,1,0,0,0
0.334716875,0,0,1,1,1,1
0.334745917,0,0,1,0,0,0
0.334915083,0,0,1,1,1,1
0.334944125,0,0,1,0,0,0
0.335113375,0,0,1,1,1,1
0.335142417,0,0,1,0,0,0
0.335311667,0,0,1,1,1,1
0.335340708,0,0,1,0,0,0
0.335510000,0,0,1,1,1,1
0.335539042,0,0,1,0,0,0
0.335708292,0,0,1,1,1,1
0.335737333,0,0,1,0,0,0
0.335906542,0,0,1,1,1,1
0.335935583,0,0,1,0,0,0
0.336104792,0,0,1,1,1,1
0.336133833,0,0,1,0,0,0
0.336303083,0,0,1,1,1,1
0.336332125,0,0,1,0,0,0
0.336501292,0,0,1,1,1,1
0.336530333,0,0,1,0,0,0
0.336699542,0,0,1,1,1,1
0.336728542,0,0,1,0,0,0
0.336897792,0,0,1,1,1,1
0.336926833,0,0,1,0,0,0
0.337096042,0,0,1,1,1,1
0.337125083,0,0,1,0,0,0
0.337294250,0,0,1,1,1,1
0.337323292,0,0,1,0,0,0
0.337492417,0,0,1,1,1,1
0.337521458,0,0,1,0,0,0
0.337690708,0,0,1,1,1,1
0.337719750,0,0,1,0,0,0
0.337889000,0,0,1,1,1,1
0.337918042,0,0,1,0,0,0
0.338087250,0,0,1,1,1,1
0.338116292,0,0,1,0,0,0
0.338285500,0,0,1,1,1,1
0.338314500,0,0,1,1,0,0
0.338314542,0,0,1,0,0,0
0.338483708,0,0,1,1,1,1
0.338512708,0,0,1,0,0,0
0.338681875,0,0,1,1,1,1
0.338710875,0,0,1,0,0,0
0.338880083,0,0,1,1,1,1
0.338909125,0,0,1,0,0,0
0.339078333,0,0,1,1,1,1
0.339107375,0,0,1,0,0,0
0.339276542,0,0,1,1,1,1
0.339305583,0,0,1,0,0,0
0.339474750,0,0,1,1,1,1
0.339503792,0,0,1,0,0,0
0.339672958,0,0,1,0,1,1
0.339673000,0,0,1,1,1,1
0.339702000,0,0,1,0,0,0
0.339871250,0,0,1,1,1,1
0.339900250,0,0,1,0,0,0
0.340069500,0,0,1,1,1,1
0.340098542,0,0,1,0,0,0
0.340267792,0,0,1,1,1,1
0.340296833,0,0,1,0,0,0
0.340466083,0,0,1,1,1,1
0.340495125,0,0,1,0,0,0
0.340664333,0,0,1,1,1,1
0.340693375,0,0,1,0,0,0
0.340862583,0,0,1,1,1,1
0.340891625,0,0,1,0,0,0
0.341060833,0,0,1,1,1,1
0.341089875,0,0,1,1,0,0
0.341089917,0,0,1,0,0,0
0.341259125,0,0,1,1,1,1
0.341288167,0,0,1,0,0,0
0.341457417,0,0,1,1,1,1
0.341486458,0,0,1,0,0,0
0.341655667,0,0,1,1,1,1
0.341684708,0,0,1,0,0,0
0.341853917,0,0,1,1,1,1
0.341882917,0,0,1,0,0,0
0.342052125,0,0,1,1,1,1
0.342081125,0,0,1,0,0,0
0.342250333,0,0,1,1,1,1
0.342279375,0,0,1,0,0,0
0.342448542,0,0,1,1,1,1
0.342477583,0,0,1,0,0,0
0.342646750,0,0,1,1,1,1
0.342675792,0,0,1,0,0,0
0.342844958,0,0,1,1,1,1
0.342874000,0,0,1,0,0,0
0.343043208,0,0,1,1,1,1
0.343072208,0,0,1,0,0,0
0.343241417,0,0,1,1,1,1
0.343270458,0,0,1,0,0,0
0.343439625,0,0,1,1,1,1
0.343468667,0,0,1,0,0,0
0.343637875,0,0,1,1,1,1
0.343666875,0,0,1,0,0,0
0.343836125,0,0,1,1,1,1
0.343865167,0,0,1,0,0,0
0.344034417,0,0,1,1,1,1
0.344063458,0,0,1,0,0,0
0.344232667,0,0,1,1,1,1
0.344261750,0,0,1,0,0,0
0.344430958,0,0,1,1,1,1
0.344460000,0,0,1,0,0,0
0.344629167,0,0,1,1,1,1
0.344658208,0,0,1,0,0,0
0.344827417,0,0,1,1,1,1
0.344856458,0,0,1,0,0,0
0.345025667,0,0,1,1,1,1
0.345054708,0,0,1,0,0,0
0.345223875,0,0,1,1,1,1
0.345252917,0,0,1,0,0,0
0.345422125,0,0,1,1,1,1
0.345451125,0,0,1,0,0,0
0.345620333,0,0,1,1,1,1
0.345649375,0,0,1,0,0,0
0.345818542,0,0,1,1,1,1
0.345847583,0,0,1,0,0,0
0.346016792,0,0,1,1,1,1
0.346045833,0,0,1,0,0,0
0.346215042,0,0,1,1,1,1
0.346244083,0,0,1,0,0,0
0.346413292,0,0,1,1,1,1
0.346442333,0,0,1,0,0,0
0.346611500,0,0,1,1,1,1
0.346640542,0,0,1,0,0,0
0.346809708,0,0,1,1,1,1
0.346838750,0,0,1,0,0,0
0.347007917,0,0,1,1,1,1
0.347036958,0,0,1,0,0,0
0.347206125,0,0,1,1,1,1
0.347235167,0,0,1,0,0,0
0.347404333,0,0,1,1,1,1
0.347433333,0,0,1,0,0,0
0.347602500,0,0,1,1,1,1
0.347631542,0,0,1,0,0,0
0.347800750,0,0,1,1,1,1
0.347829750,0,0,1,0,0,0
0.347998958,0,0,1,1,1,1
0.348028000,0,0,1,0,0,0
0.348197167,0,0,1,1,1,1
0.348226208,0,0,1,0,0,0
0.348395375,0,0,1,0,1,1
0.348395417,0,0,1,1,1,1
0.348424417,0,0,1,0,0,0
0.348593625,0,0,1,1,1,1
0.348622625,0,0,1,0,0,0
0.348791792,0,0,1,1,1,1
0.348820833,0,0,1,0,0,0
0.348990042,0,0,1,1,1,1
0.349019083,0,0,1,0,0,0
0.349188292,0,0,1,1,1,1
0.349217333,0,0,1,0,0,0
0.349386542,0,0,1,1,1,1
0.349415583,0,0,1,0,0,0
0.349584750,0,0,1,1,1,1
0.349613792,0,0,1,0,0,0
0.349783000,0,0,1,1,1,1
0.349812042,0,0,1,0,0,0
0.349981250,0,0,1,1,1,1
0.350010292,0,0,1,0,0,0
0.350179458,0,0,1,1,1,1
0.350208500,0,0,1,0,0,0
0.350377708,0,0,1,1,1,1
0.350406708,0,0,1,1,0,1
0.350406750,0,0,1,0,0,0
0.350575917,0,0,1,1,1,1
0.350604958,0,0,1,0,0,0
0.350774083,0,0,1,1,1,1
0.350803125,0,0,1,0,0,0
0.350972292,0,0,1,1,1,1
0.351001333,0,0,1,0,0,0
0.351170500,0,0,1,1,1,1
0.351199500,0,0,1,0,0,0
0.351368667,0,0,1,1,1,1
0.351397708,0,0,1,0,0,0
0.351566833,0,0,1,1,1,1
0.351595875,0,0,1,0,0,0
0.351765042,0,0,1,1,1,1
0.351794042,0,0,1,0,0,0
0.351963208,0,0,1,1,1,1
0.351992250,0,0,1,0,0,0
0.352161417,0,0,1,1,1,1
0.352190417,0,0,1,0,0,0
0.352359625,0,0,1,1,1,1
0.352388625,0,0,1,0,0,0
0.352557833,0,0,1,1,1,1
0.352586875,0,0,1,0,0,0
0.352756083,0,0,1,1,1,1
0.352785125,0,0,1,0,0,0
0.352954375,0,0,1,1,1,1
0.352983417,0,0,1,0,0,0
0.353152625,0,0,1,1,1,1
0.353181667,0,0,1,0,0,0
0.353350917,0,0,1,1,1,1
0.353379958,0,0,1,0,0,0
0.353549208,0,0,1,1,1,1
0.353578250,0,0,1,0,0,0
0.353747500,0,0,1,1,1,1
0.353776542,0,0,1,0,0,0
0.353945792,0,0,1,1,1,1
0.353974833,0,0,1,0,0,0
0.354144042,0,0,1,1,1,1
0.354173083,0,0,1,0,0,0
0.354342333,0,0,1,1,1,1
0.354371417,0,0,1,0,0,0
0.354540667,0,0,1,1,1,1
0.354569708,0,0,1,0,0,0
0.354738958,0,0,1,1,1,1
0.354768000,0,0,1,0,0,0
0.354937250,0,0,1,1,1,1
0.354966333,0,0,1,0,0,0
0.355135583,0,0,1,0,1,1
0.355135625,0,0,1,1,1,1
0.355164667,0,0,1,0,0,0
0.355333917,0,0,1,1,1,1
0.355362958,0,0,1,0,0,0
0.355532208,0,0,1,1,1,1
0.355561250,0,0,1,0,0,0
0.355730542,0,0,1,1,1,1
0.355759583,0,0,1,0,0,0
0.355928833,0,0,1,1,1,1
0.355957875,0,0,1,0,0,0
0.356127125,0,0,1,1,1,1
0.356156167,0,0,1,0,0,0
0.356325417,0,0,1,1,1,1
0.356354458,0,0,1,0,0,0
0.356523667,0,0,1,1,1,1
0.356552708,0,0,1,0,0,0
0.356721917,0,0,1,1,1,1
0.356750958,0,0,1,0,0,0
0.356920208,0,0,1,1,1,1
0.356949250,0,0,1,0,0,0
0.357118458,0,0,1,1,1,1
0.357147500,0,0,1,0,0,0
0.357316750,0,0,1,1,1,1
0.357345792,0,0,1,0,0,0
0.357515000,0,0,1,1,1,1
0.357544042,0,0,1,0,0,0
0.357713250,0,0,1,1,1,1
0.357742292,0,0,1,0,0,0
0.357911542,0,0,1,1,1,1
0.357940583,0,0,1,0,0,0
0.358109875,0,0,1,1,1,1
0.358138917,0,0,1,0,0,0
0.358308167,0,0,1,1,1,1
0.358337208,0,0,1,0,0,0
0.358506417,0,0,1,1,1,1
0.358535458,0,0,1,0,0,0
0.358704667,0,0,1,1,1,1
0.358733708,0,0,1,0,0,0
0.358902917,0,0,1,1,1,1
0.358931958,0,0,1,0,0,0
0.359101125,0,0,1,1,1,1
0.359130167,0,0,1,0,0,0
0.359299375,0,0,1,1,1,1
0.359328417,0,0,1,0,0,0
0.359497583,0,0,1,1,1,1
0.359526625,0,0,1,0,0,0
0.359695792,0,0,1,1,1,1
0.359724792,0,0,1,0,0,0
0.359893958,0,0,1,1,1,1
0.359923000,0,0,1,0,0,0
0.360092208,0,0,1,1,1,1
0.360121208,0,0,1,1,0,0
0.360121250,0,0,1,0,0,0
0.360290417,0,0,1,1,1,1
0.360319417,0,0,1,0,0,0
0.360488625,0,0,1,1,1,1
0.360517667,0,0,1,0,0,0
0.360686875,0,0,1,1,1,1
0.360715875,0,0,1,0,0,0
0.360885042,0,0,1,1,1,1
0.360914083,0,0,1,0,0,0
0.361083292,0,0,1,1,1,1
0.361112333,0,0,1,0,0,0
0.361281542,0,0,1,1,1,1
0.361310542,0,0,1,0,0,0
0.361479750,0,0,1,1,1,1
0.361508792,0,0,1,0,0,0
0.361678000,0,0,1,1,1,1
0.361707042,0,0,1,0,0,0
0.361876250,0,0,1,1,1,1
0.361905292,0,0,1,0,0,0
0.362074500,0,0,1,1,1,1
0.362103500,0,0,1,1,0,0
0.362103542,0,0,1,0,0,0
0.362272667,0,0,1,1,1,1
0.362301708,0,0,1,0,0,0
0.362470958,0,0,1,1,1,1
0.362500000,0,0,1,0,0,0
0.362669208,0,0,1,1,1,1
0.362698208,0,0,1,0,0,0
0.362867458,0,0,1,1,1,1
0.362896500,0,0,1,0,0,0
0.363065708,0,0,1,1,1,1
0.363094750,0,0,1,0,0,0
0.363263958,0,0,1,1,1,1
0.363293000,0,0,1,0,0,0
0.363462250,0,0,1,1,1,1
0.363491292,0,0,1,0,0,0
0.363660500,0,0,1,1,1,1
0.363689542,0,0,1,0,0,0
0.363858750,0,0,1,1,1,1
0.363887792,0,0,1,0,0,0
0.364056958,0,0,1,1,1,1
0.364086000,0,0,1,0,0,0
0.364255167,0,0,1,1,1,1
0.364284208,0,0,1,0,0,0
0.364453375,0,0,1,1,1,1
0.364482417,0,0,1,0,0,0
0.364651583,0,0,1,1,1,1
0.364680583,0,0,1,0,0,0
0.364849792,0,0,1,1,1,1
0.364878792,0,0,1,0,0,0
0.365047958,0,0,1,1,1,1
0.365077000,0,0,1,0,0,0
0.365246167,0,0,1,1,1,1
0.365275208,0,0,1,0,0,0
0.365444333,0,0,1,1,1,1
0.365473375,0,0,1,0,0,0
0.365642542,0,0,1,1,1,1
0.365671583,0,0,1,0,0,0
0.365840792,0,0,1,1,1,1
0.365869792,0,0,1,0,0,0
0.366038958,0,0,1,1,1,1
0.366068000,0,0,1,0,0,0
0.366237208,0,0,1,1,1,1
0.366266250,0,0,1,0,0,0
0.366435417,0,0,1,1,1,1
0.366464458,0,0,1,0,0,0
0.366633625,0,0,1,1,1,1
0.366662667,0,0,1,0,0,0
0.366831833,0,0,1,1,1,1
0.366860875,0,0,1,0,0,0
0.367030083,0,0,1,1,1,1
0.367059125,0,0,1,0,0,0
0.367228333,0,0,1,1,1,1
0.367257375,0,0,1,0,0,0
0.367426583,0,0,1,1,1,1
0.367455625,0,0,1,0,0,0
0.367624833,0,0,1,1,1,1
0.367653875,0,0,1,0,0,0
0.367823042,0,0,1,1,1,1
0.367852083,0,0,1,0,0,0
0.368021292,0,0,1,1,1,1
0.368050333,0,0,1,0,0,0
0.368219458,0,0,1,1,1,1
0.368248500,0,0,1,0,0,0
0.368417708,0,0,1,1,1,1
0.368446750,0,0,1,0,0,0
0.368615917,0,0,1,1,1,1
0.368644917,0,0,1,1,0,0
0.368644958,0,0,1,0,0,0
0.368814125,0,0,1,1,1,1
0.368843125,0,0,1,1,0,0
0.368843167,0,0,1,0,0,0
0.369012333,0,0,1,1,1,1
0.369041375,0,0,1,0,0,0
0.369210542,0,0,1,1,1,1
0.369239583,0,0,1,0,0,0
0.369408792,0,0,1,1,1,1
0.369437792,0,0,1,0,0,0
0.369607000,0,0,1,1,1,1
0.369636042,0,0,1,0,0,0
0.369805250,0,0,1,1,1,1
0.369834292,0,0,1,0,0,0
0.370003458,0,0,1,1,1,1
0.370032500,0,0,1,0,0,0
0.370201708,0,0,1,1,1,1
0.370230708,0,0,1,0,0,0
0.370399875,0,0,1,1,1,1
0.370428917,0,0,1,0,0,0
0.370598083,0,0,1,1,1,1
0.370627125,0,0,1,0,0,0
0.370796292,0,0,1,1,1,1
0.370825292,0,0,1,0,0,0
0.370994500,0,0,1,1,1,1
0.371023500,0,0,1,0,0,0
0.371192750,0,0,1,1,1,1
0.371221792,0,0,1,0,0,0
0.371391042,0,0,1,1,1,1
0.371420083,0,0,1,0,0,0
0.371589333,0,0,1,1,1,1
0.371618375,0,0,1,0,0,0
0.371787583,0,0,1,1,1,1
0.371816625,0,0,1,0,0,0
0.371985833,0,0,1,1,1,1
0.372014875,0,0,1,0,0,0
0.372184125,0,0,1,1,1,1
0.372213167,0,0,1,0,0,0
0.372382375,0,0,1,1,1,1
0.372411417,0,0,1,0,0,0
0.372580625,0,0,1,1,1,1
0.372609667,0,0,1,0,0,0
0.372778917,0,0,1,1,1,1
0.372807958,0,0,1,0,0,0
0.372977167,0,0,1,0,1,1
0.372977208,0,0,1,1,1,1
0.373006250,0,0,1,0,0,0
0.373175458,0,0,1,1,1,1
0.373204500,0,0,1,0,0,0
0.373373708,0,0,1,1,1,1
0.373402750,0,0,1,0,0,0
0.373571958,0,0,1,1,1,1
0.373601000,0,0,1,0,0,0
0.373770250,0,0,1,1,1,1
0.373799292,0,0,1,0,0,0
0.373968500,0,0,1,1,1,1
0.373997542,0,0,1,0,0,0
0.374166792,0,0,1,1,1,1
0.374195833,0,0,1,0,0,0
0.374365000,0,0,1,1,1,1
0.374394042,0,0,1,0,0,0
0.374563208,0,0,1,1,1,1
0.374592250,0,0,1,0,0,0
0.374761375,0,0,1,1,1,1
0.374790417,0,0,1,0,0,0
0.374959625,0,0,1,1,1,1
0.374988625,0,0,1,0,0,0
0.375157833,0,0,1,1,1,1
0.375186875,0,0,1,0,0,0
0.375356083,0,0,1,1,1,1
0.375385125,0,0,1,0,0,0
0.375554333,0,0,1,1,1,1
0.375583333,0,0,1,0,0,0
0.375752542,0,0,1,1,1,1
0.375781583,0,0,1,0,0,0
0.375950750,0,0,1,1,1,1
0.375979792,0,0,1,0,0,0
0.376148958,0,0,1,1,1,1
0.376178000,0,0,1,0,0,0
0.376347125,0,0,1,0,1,1
0.376347167,0,0,1,1,1,1
0.376376167,0,0,1,0,0,0
0.376545292,0,0,1,1,1,1
0.376574333,0,0,1,0,0,0
0.376743458,0,0,1,1,1,1
0.376772500,0,0,1,0,0,0
0.376941667,0,0,1,1,1,1
0.376970667,0,0,1,1,0,0
0.376970708,0,0,1,0,0,0
0.377139875,0,0,1,1,1,1
0.377168875,0,0,1,0,0,0
0.377338083,0,0,1,1,1,1
0.377367083,0,0,1,0,0,0
0.377536292,0,0,1,1,1,1
0.377565333,0,0,1,0,0,0
0.377734542,0,0,1,1,1,1
0.377763583,0,0,1,0,0,0
0.377932792,0,0,1,1,1,1
0.377961833,0,0,1,0,0,0
0.378131042,0,0,1,1,1,1
0.378160083,0,0,1,0,0,0
0.378329333,0,0,1,1,1,1
0.378358375,0,0,1,0,0,0
0.378527625,0,0,1,1,1,1
0.378556667,0,0,1,0,0,0
0.378725875,0,0,1,1,1,1
0.378754917,0,0,1,0,0,0
0.378924125,0,0,1,1,1,1
0.378953125,0,0,1,0,0,0
0.379122333,0,0,1,1,1,1
0.379151375,0,0,1,0,0,0
0.379320583,0,0,1,1,1,1
0.379349583,0,0,1,0,0,0
0.379518792,0,0,1,1,1,1
0.379547792,0,0,1,1,0,1
0.379547833,0,0,1,0,0,0
0.379717000,0,0,1,1,1,1
0.379746042,0,0,1,0,0,0
0.379915208,0,0,1,1,1,1
0.379944250,0,0,1,0,0,0
0.380113417,0,0,1,1,1,1
0.380142458,0,0,1,0,0,0
0.380311625,0,0,1,1,1,1
0.380340667,0,0,1,0,0,0
0.380509833,0,0,1,1,1,1
0.380538875,0,0,1,0,0,0
0.380708042,0,0,1,0,1,1
0.380708083,0,0,1,1,1,1
0.380737083,0,0,1,0,0,0
0.380906250,0,0,1,1,1,1
0.380935292,0,0,1,0,0,0
0.381104458,0,0,1,1,1,1
0.381133458,0,0,1,0,0,0
0.381302667,0,0,1,1,1,1
0.381331708,0,0,1,0,0,0
0.381500917,0,0,1,1,1,1
0.381529917,0,0,1,0,0,0
0.381699083,0,0,1,1,1,1
0.381728125,0,0,1,0,0,0
0.381897333,0,0,1,1,1,1
0.381926333,0,0,1,0,0,0
0.382095542,0,0,1,1,1,1
0.382124583,0,0,1,0,0,0
0.382293750,0,0,1,1,1,1
0.382322750,0,0,1,0,0,0
0.382491917,0,0,1,1,1,1
0.382520958,0,0,1,0,0,0
0.382690125,0,0,1,1,1,1
0.382719167,0,0,1,0,0,0
0.382888333,0,0,1,1,1,1
0.382917375,0,0,1,0,0,0
0.383086542,0,0,1,1,1,1
0.383115583,0,0,1,0,0,0
0.383284833,0,0,1,1,1,1
0.383313875,0,0,1,0,0,0
0.383483083,0,0,1,1,1,1
0.383512125,0,0,1,0,0,0
0.383681333,0,0,1,1,1,1
0.383710375,0,0,1,0,0,0
0.383879583,0,0,1,1,1,1
0.383908625,0,0,1,0,0,0
0.384077833,0,0,1,1,1,1
0.384106875,0,0,1,0,0,0
0.384276083,0,0,1,1,1,1
0.384305083,0,0,1,0,0,0
0.384474250,0,0,1,1,1,1
0.384503292,0,0,1,0,0,0
0.384672458,0,0,1,1,1,1
0.384701500,0,0,1,0,0,0
0.384870625,0,0,1,1,1,1
0.384899625,0,0,1,0,0,0
0.385068833,0,0,1,1,1,1
0.385097875,0,0,1,0,0,0
0.385267042,0,0,1,1,1,1
0.385296083,0,0,1,0,0,0
0.385465250,0,0,1,1,1,1
0.385494292,0,0,1,0,0,0
0.385663458,0,0,1,1,1,1
0.385692500,0,0,1,0,0,0
0.385861667,0,0,1,1,1,1
0.385890708,0,0,1,0,0,0
0.386059875,0,0,1,1,1,1
0.386088917,0,0,1,0,0,0
0.386258083,0,0,1,1,1,1
0.386287125,0,0,1,0,0,0
0.386456250,0,0,1,1,1,1
0.386485292,0,0,1,0,0,0
0.386654458,0,0,1,1,1,1
0.386683500,0,0,1,0,0,0
0.386852625,0,0,1,1,1,1
0.386881667,0,0,1,0,0,0
0.387050875,0,0,1,1,1,1
0.387079917,0,0,1,0,0,0
0.387249125,0,0,1,1,1,1
0.387278167,0,0,1,0,0,0
0.387447375,0,0,1,1,1,1
0.387476417,0,0,1,0,0,0
0.387645625,0,0,1,1,1,1
0.387674667,0,0,1,0,0,0
0.387843875,0,0,1,1,1,1
0.387872875,0,0,1,0,0,0
0.388042083,0,0,1,1,1,1
0.388071125,0,0,1,0,0,0
0.388240292,0,0,1,1,1,1
0.388269333,0,0,1,0,0,0
0.388438542,0,0,1,1,1,1
0.388467583,0,0,1,0,0,0
0.388636792,0,0,1,1,1,1
0.388665833,0,0,1,0,0,0
0.388835042,0,0,1,1,1,1
0.388864042,0,0,1,0,0,0
0.389033208,0,0,1,1,1,1
0.389062250,0,0,1,0,0,0
0.389231458,0,0,1,0,1,0
0.389231500,0,0,1,1,1,1
0.389260542,0,0,1,0,0,0
0.389429750,0,0,1,1,1,1
0.389458792,0,0,1,0,0,0
0.389628000,0,0,1,1,1,1
0.389657042,0,0,1,0,0,0
0.389826250,0,0,1,1,1,1
0.389855292,0,0,1,0,0,0
0.390024542,0,0,1,1,1,1
0.390053583,0,0,1,0,0,0
0.390222792,0,0,1,1,1,1
0.390251833,0,0,1,0,0,0
0.390421083,0,0,1,1,1,1
0.390450125,0,0,1,0,0,0
0.390619417,0,0,1,1,1,1
0.390648458,0,0,1,0,0,0
0.390817708,0,0,1,1,1,1
0.390846750,0,0,1,0,0,0
0.391015958,0,0,1,1,1,1
0.391045000,0,0,1,0,0,0
0.391214167,0,0,1,1,1,1
0.391243208,0,0,1,0,0,0
0.391412417,0,0,1,1,1,1
0.391441417,0,0,1,0,0,0
0.391610667,0,0,1,1,1,1
0.391639708,0,0,1,0,0,0
0.391808917,0,0,1,1,1,1
0.391837958,0,0,1,0,0,0
0.392007167,0,0,1,1,1,1
0.392036208,0,0,1,0,0,0
0.392205375,0,0,1,1,1,1
0.392234417,0,0,1,0,0,0
0.392403667,0,0,1,1,1,1
0.392432708,0,0,1,0,0,0
0.392601958,0,0,1,1,1,1
0.392631000,0,0,1,0,0,0
0.392800250,0,0,1,1,1,1
0.392829333,0,0,1,0,0,0
0.392998542,0,0,1,1,1,1
0.393027583,0,0,1,0,0,0
0.393196833,0,0,1,1,1,1
0.393225833,0,0,1,0,0,0
0.393395083,0,0,1,1,1,1
0.393424125,0,0,1,0,0,0
0.393593250,0,0,1,1,1,1
0.393622292,0,0,1,0,0,0
0.393791458,0,0,1,1,1,1
0.393820500,0,0,1,0,0,0
0.393989708,0,0,1,1,1,1
0.394018750,0,0,1,0,0,0
0.394187958,0,0,1,1,1,1
0.394216958,0,0,1,1,0,0
0.394217000,0,0,1,0,0,0
0.394386208,0,0,1,1,1,1
0.394415250,0,0,1,0,0,0
0.394584458,0,0,1,1,1,1
0.394613500,0,0,1,0,0,0
0.394782708,0,0,1,1,1,1
0.394811750,0,0,1,0,0,0
0.394980917,0,0,1,1,1,1
0.395009958,0,0,1,0,0,0
0.395179125,0,0,1,1,1,1
0.395208167,0,0,1,0,0,0
0.395377333,0,0,1,1,1,1
0.395406333,0,0,1,0,0,0
0.395575542,0,0,1,1,1,1
0.395604542,0,0,1,0,0,0
0.395773708,0,0,1,1,1,1
0.395802750,0,0,1,0,0,0
0.395971875,0,0,1,1,1,1
0.396000917,0,0,1,0,0,0
0.396170042,0,0,1,1,1,1
0.396199083,0,0,1,0,0,0
0.396368250,0,0,1,1,1,1
0.396397250,0,0,1,0,0,0
0.396566458,0,0,1,1,1,1
0.396595500,0,0,1,0,0,0
0.396764667,0,0,1,1,1,1
0.396793708,0,0,1,0,0,0
0.396962875,0,0,1,1,1,1
0.396991917,0,0,1,0,0,0
0.397161125,0,0,1,1,1,1
0.397190167,0,0,1,0,0,0
0.397359375,0,0,1,1,1,1
0.397388417,0,0,1,0,0,0
0.397557625,0,0,1,1,1,1
0.397586667,0,0,1,0,0,0
0.397755875,0,0,1,1,1,1
0.397784917,0,0,1,0,0,0
0.397954083,0,0,1,1,1,1
0.397983125,0,0,1,0,0,0
0.398152292,0,0,1,1,1,1
0.398181333,0,0,1,0,0,0
0.398350500,0,0,1,1,1,1
0.398379542,0,0,1,0,0,0
0.398548708,0,0,1,1,1,1
0.398577750,0,0,1,0,0,0
0.398746875,0,0,1,1,1,1
0.398775917,0,0,1,0,0,0
0.398945042,0,0,1,1,1,1
0.398974083,0,0,1,0,0,0
0.399143250,0,0,1,1,1,1
0.399172292,0,0,1,0,0,0
0.399341500,0,0,1,1,1,1
0.399370542,0,0,1,0,0,0
0.399539750,0,0,1,1,1,1
0.399568750,0,0,1,0,0,0
0.399737958,0,0,1,1,1,1
0.399766958,0,0,1,0,0,0
0.399936167,0,0,1,1,1,1
0.399965208,0,0,1,0,0,0
0.400134375,0,0,1,1,1,1
0.400163417,0,0,1,0,0,0
0.400332583,0,0,1,1,1,1
0.400361625,0,0,1,0,0,0
0.400530792,0,0,1,1,1,1
0.400559792,0,0,1,0,0,0
0.400728958,0,0,1,1,1,1
0.400757958,0,0,1,0,0,0
0.400927125,0,0,1,1,1,1
0.400956125,0,0,1,0,0,0
0.401125292,0,0,1,1,1,1
0.401154292,0,0,1,0,0,0
0.401323458,0,0,1,1,1,1
0.401352500,0,0,1,0,0,0
0.401521667,0,0,1,1,1,1
0.401550708,0,0,1,0,0,0
0.401719833,0,0,1,1,1,1
0.401748875,0,0,1,0,0,0
0.401918083,0,0,1,1,1,1
0.401947125,0,0,1,0,0,0
0.402116333,0,0,1,1,1,1
0.402145375,0,0,1,0,0,0
0.402314583,0,0,1,1,1,1
0.402343625,0,0,1,0,0,0
0.402512833,0,0,1,1,1,1
0.402541875,0,0,1,0,0,0
0.402711083,0,0,1,1,1,1
0.402740083,0,0,1,0,0,0
0.402909292,0,0,1,0,1,0
0.402909333,0,0,1,1,1,1
0.402938375,0,0,1,0,0,0
0.403107583,0,0,1,0,1,1
0.403107625,0,0,1,1,1,1
0.403136625,0,0,1,0,0,0
0.403305833,0,0,1,0,1,1
0.403305875,0,0,1,1,1,1
0.403334875,0,0,1,1,0,1
0.403334917,0,0,1,0,0,0
0.403504125,0,0,1,1,1,1
0.403533167,0,0,1,0,0,0
0.403702375,0,0,1,1,1,1
0.403731417,0,0,1,0,0,0
0.403900625,0,0,1,1,1,1
0.403929667,0,0,1,0,0,0
0.404098833,0,0,1,1,1,1
0.404127875,0,0,1,0,0,0
0.404297042,0,0,1,1,1,1
0.404326083,0,0,1,0,0,0
0.404495250,0,0,1,1,1,1
0.404524292,0,0,1,0,0,0
0.404693500,0,0,1,1,1,1
0.404722500,0,0,1,0,0,0
0.404891708,0,0,1,1,1,1
0.404920708,0,0,1,0,0,0
0.405089917,0,0,1,1,1,1
0.405118958,0,0,1,0,0,0
0.405288167,0,0,1,1,1,1
0.405317250,0,0,1,0,0,0
0.405486458,0,0,1,1,1,1
0.405515500,0,0,1,0,0,0
0.405684708,0,0,1,1,1,1
0.405713750,0,0,1,0,0,0
0.405882958,0,0,1,1,1,1
0.405912000,0,0,1,0,0,0
0.406081208,0,0,1,1,1,1
0.406110208,0,0,1,0,0,0
0.406279375,0,0,1,1,1,1
0.406308417,0,0,1,0,0,0
0.406477583,0,0,1,1,1,1
0.406506625,0,0,1,0,0,0
0.406675750,0,0,1,1,1,1
0.406704792,0,0,1,0,0,0
0.406873958,0,0,1,1,1,1
0.406903000,0,0,1,0,0,0
0.407072125,0,0,1,1,1,1
0.407101125,0,0,1,0,0,0
0.407270292,0,0,1,1,1,1
0.407299333,0,0,1,0,0,0
0.407468458,0,0,1,1,1,1
0.407497500,0,0,1,0,0,0
0.407666708,0,0,1,1,1,1
0.407695750,0,0,1,0,0,0
0.407864958,0,0,1,1,1,1
0.407894000,0,0,1,0,0,0
0.408063208,0,0,1,0,1,1
0.408063250,0,0,1,1,1,1
0.408092250,0,0,1,0,0,0
0.408261458,0,0,1,0,1,0
0.408261500,0,0,1,1,1,1
0.408290500,0,0,1,0,0,0
0.408459708,0,0,1,1,1,1
0.408488750,0,0,1,0,0,0
0.408658000,0,0,1,1,1,1
0.408687042,0,0,1,0,0,0
0.408856250,0,0,1,1,1,1
0.408885292,0,0,1,0,0,0
0.409054458,0,0,1,1,1,1
0.409083500,0,0,1,0,0,0
0.409252667,0,0,1,1,1,1
0.409281708,0,0,1,0,0,0
0.409450833,0,0,1,1,1,1
0.409479875,0,0,1,0,0,0
0.409649042,0,0,1,1,1,1
0.409678042,0,0,1,0,0,0
0.409847292,0,0,1,1,1,1
0.409876333,0,0,1,0,0,0
0.410045542,0,0,1,1,1,1
0.410074583,0,0,1,0,0,0
0.410243792,0,0,1,1,1,1
0.410272833,0,0,1,0,0,0
0.410442042,0,0,1,1,1,1
0.410471042,0,0,1,0,0,0
0.410640208,0,0,1,1,1,1
0.410669250,0,0,1,0,0,0
0.410838417,0,0,1,1,1,1
0.410867417,0,0,1,0,0,0
0.411036625,0,0,1,1,1,1
0.411065667,0,0,1,0,0,0
0.411234833,0,0,1,1,1,1
0.411263833,0,0,1,0,0,0
0.411433000,0,0,1,1,1,1
0.411462000,0,0,1,0,0,0
0.411631167,0,0,1,1,1,1
0.411660208,0,0,1,0,0,0
0.411829417,0,0,1,1,1,1
0.411858458,0,0,1,0,0,0
0.412027625,0,0,1,1,1,1
0.412056667,0,0,1,0,0,0
0.412225833,0,0,1,1,1,1
0.412254875,0,0,1,0,0,0
0.412424042,0,0,1,1,1,1
0.412453083,0,0,1,0,0,0
0.412622250,0,0,1,1,1,1
0.412651292,0,0,1,0,0,0
0.412820458,0,0,1,1,1,1
0.412849500,0,0,1,0,0,0
0.413018708,0,0,1,1,1,1
0.413047750,0,0,1,0,0,0
0.413216917,0,0,1,1,1,1
0.413245958,0,0,1,0,0,0
0.413415167,0,0,1,1,1,1
0.413444208,0,0,1,0,0,0
0.413613458,0,0,1,1,1,1
0.413642500,0,0,1,0,0,0
0.413811750,0,0,1,1,1,1
0.413840792,0,0,1,0,0,0
0.414010083,0,0,1,1,1,1
0.414039125,0,0,1,0,0,0
0.414208417,0,0,1,1,1,1
0.414237458,0,0,1,0,0,0
0.414406708,0,0,1,1,1,1
0.414435750,0,0,1,0,0,0
0.414604958,0,0,1,1,1,1
0.414634000,0,0,1,0,0,0
0.414803208,0,0,1,1,1,1
0.414832250,0,0,1,0,0,0
0.415001458,0,0,1,1,1,1
0.415030500,0,0,1,0,0,0
0.415199667,0,0,1,1,1,1
0.415228667,0,0,1,0,0,0
0.415397875,0,0,1,1,1,1
0.415426875,0,0,1,1,0,0
0.415426917,0,0,1,0,0,0
0.415596042,0,0,1,0,1,1
0.415596083,0,0,1,1,1,1
0.415625083,0,0,1,0,0,0
0.415794250,0,0,1,1,1,1
0.415823292,0,0,1,0,0,0
0.415992458,0,0,1,1,1,1
0.416021500,0,0,1,0,0,0
0.416190667,0,0,1,1,1,1
0.416219708,0,0,1,0,0,0
0.416388917,0,0,1,1,1,1
0.416417958,0,0,1,0,0,0
0.416587167,0,0,1,1,1,1
0.416616167,0,0,1,0,0,0
0.416785333,0,0,1,1,1,1
0.416814375,0,0,1,0,0,0
0.416983542,0,0,1,1,1,1
0.417012583,0,0,1,0,0,0
0.417181750,0,0,1,1,1,1
0.417210792,0,0,1,0,0,0
0.417380000,0,0,1,1,1,1
0.417409000,0,0,1,0,0,0
0.417578167,0,0,1,1,1,1
0.417607167,0,0,1,0,0,0
0.417776333,0,0,1,1,1,1
0.417805333,0,0,1,0,0,0
0.417974500,0,0,1,1,1,1
0.418003542,0,0,1,0,0,0
0.418172667,0,0,1,1,1,1
0.418201708,0,0,1,0,0,0
0.418370833,0,0,1,1,1,1
0.418399875,0,0,1,0,0,0
0.418569042,0,0,1,1,1,1
0.418598083,0,0,1,0,0,0
0.418767208,0,0,1,1,1,1
0.418796250,0,0,1,0,0,0
0.418965417,0,0,1,1,1,1
0.418994458,0,0,1,0,0,0
0.419163625,0,0,1,1,1,1
0.419192667,0,0,1,0,0,0
0.419361792,0,0,1,1,1,1
0.419390833,0,0,1,0,0,0
0.419559958,0,0,1,1,1,1
0.419589000,0,0,1,0,0,0
0.419758167,0,0,1,1,1,1
0.419787208,0,0,1,0,0,0
0.419956375,0,0,1,1,1,1
0.419985375,0,0,1,0,0,0
0.420154542,0,0,1,1,1,1
0.420183583,0,0,1,0,0,0
0.420352750,0,0,1,1,1,1
0.420381792,0,0,1,0,0,0
0.420550917,0,0,1,1,1,1
0.420579958,0,0,1,0,0,0
0.420749083,0,0,1,1,1,1
0.420778125,0,0,1,0,0,0
0.420947333,0,0,1,1,1,1
0.420976375,0,0,1,0,0,0
0.421145542,0,0,1,1,1,1
0.421174583,0,0,1,0,0,0
0.421343750,0,0,1,1,1,1
0.421372792,0,0,1,0,0,0
0.421541917,0,0,1,1,1,1
0.421570958,0,0,1,0,0,0
0.421740125,0,0,1,1,1,1
0.421769125,0,0,1,0,0,0
0.421938292,0,0,1,1,1,1
0.421967333,0,0,1,0,0,0
0.422136500,0,0,1,1,1,1
0.422165542,0,0,1,0,0,0
0.422334667,0,0,1,1,1,1
0.422363708,0,0,1,0,0,0
0.422532833,0,0,1,1,1,1
0.422561875,0,0,1,0,0,0
0.422731000,0,0,1,1,1,1
0.422760000,0,0,1,0,0,0
0.422929167,0,0,1,1,1,1
0.422958167,0,0,1,0,0,0
0.423127333,0,0,1,1,1,1
0.423156375,0,0,1,0,0,0
0.423325542,0,0,1,1,1,1
0.423354542,0,0,1,1,0,0
0.423354583,0,0,1,0,0,0
0.423523708,0,0,1,1,1,1
0.423552750,0,0,1,0,0,0
0.423721875,0,0,1,1,1,1
0.423750917,0,0,1,0,0,0
0.423920083,0,0,1,1,1,1
0.423949125,0,0,1,0,0,0
0.424118292,0,0,1,1,1,1
0.424147333,0,0,1,0,0,0
0.424316500,0,0,1,1,1,1
0.424345542,0,0,1,0,0,0
0.424514750,0,0,1,1,1,1
0.424543792,0,0,1,0,0,0
0.424713042,0,0,1,1,1,1
0.424742042,0,0,1,0,0,0
0.424911250,0,0,1,1,1,1
0.424940292,0,0,1,0,0,0
0.425109500,0,0,1,1,1,1
0.425138542,0,0,1,1,0,0
0.425138583,0,0,1,0,0,0
0.425307750,0,0,1,1,1,1
0.425336792,0,0,1,0,0,0
0.425506042,0,0,1,1,1,1
0.425535083,0,0,1,0,0,0
0.425704292,0,0,1,1,1,1
0.425733333,0,0,1,0,0,0
0.425902583,0,0,1,1,1,1
0.425931625,0,0,1,0,0,0
0.426100833,0,0,1,1,1,1
0.426129875,0,0,1,0,0,0
0.426299083,0,0,1,1,1,1
0.426328125,0,0,1,0,0,0
0.426497333,0,0,1,1,1,1
0.426526375,0,0,1,0,0,0
0.426695583,0,0,1,1,1,1
0.426724625,0,0,1,0,0,0
0.426893792,0,0,1,1,1,1
0.426922833,0,0,1,0,0,0
0.427092042,0,0,1,1,1,1
0.427121083,0,0,1,0,0,0
0.427290292,0,0,1,1,1,1
0.427319333,0,0,1,0,0,0
0.427488500,0,0,1,1,1,1
0.427517542,0,0,1,0,0,0
0.427686750,0,0,1,1,1,1
0.427715792,0,0,1,0,0,0
0.427884958,0,0,1,1,1,1
0.427914000,0,0,1,0,0,0
0.428083208,0,0,1,1,1,1
0.428112250,0,0,1,0,0,0
0.428281458,0,0,1,1,1,1
0.428310500,0,0,1,0,0,0
0.428479708,0,0,1,1,1,1
0.428508708,0,0,1,0,0,0
0.428677917,0,0,1,1,1,1
0.428706917,0,0,1,0,0,0
0.428876125,0,0,1,1,1,1
0.428905167,0,0,1,0,0,0
0.429074375,0,0,1,1,1,1
0.429103417,0,0,1,0,0,0
0.429272625,0,0,1,1,1,1
0.429301667,0,0,1,0,0,0
0.429470917,0,0,1,1,1,1
0.429499958,0,0,1,0,0,0
0.429669167,0,0,1,1,1,1
0.429698208,0,0,1,0,0,0
0.429867417,0,0,1,1,1,1
0.429896458,0,0,1,0,0,0
0.430065708,0,0,1,1,1,1
0.430094750,0,0,1,0,0,0
0.430263958,0,0,1,1,1,1
0.430293000,0,0,1,0,0,0
0.430462250,0,0,1,1,1,1
0.430491292,0,0,1,0,0,0
0.430660500,0,0,1,1,1,1
0.430689542,0,0,1,0,0,0
0.430858750,0,0,1,1,1,1
0.430887792,0,0,1,0,0,0
0.431057000,0,0,1,1,1,1
0.431086042,0,0,1,0,0,0
0.431255208,0,0,1,1,1,1
0.431284250,0,0,1,0,0,0
0.431453458,0,0,1,1,1,1
0.431482458,0,0,1,0,0,0
0.431651667,0,0,1,1,1,1
0.431680708,0,0,1,0,0,0
0.431849917,0,0,1,1,1,1
0.431878958,0,0,1,0,0,0
0.432048125,0,0,1,1,1,1
0.432077167,0,0,1,0,0,0
0.432246375,0,0,1,1,1,1
0.432275417,0,0,1,0,0,0
0.432444625,0,0,1,1,1,1
0.432473667,0,0,1,0,0,0
0.432642917,0,0,1,1,1,1
0.432671958,0,0,1,0,0,0
0.432841208,0,0,1,1,1,1
0.432870250,0,0,1,0,0,0
0.433039500,0,0,1,1,1,1
0.433068500,0,0,1,0,0,0
0.433237708,0,0,1,1,1,1
0.433266750,0,0,1,0,0,0
0.433435917,0,0,1,1,1,1
0.433464958,0,0,1,0,0,0
0.433634167,0,0,1,1,1,1
0.433663208,0,0,1,0,0,0
0.433832375,0,0,1,1,1,1
0.433861417,0,0,1,0,0,0
0.434030625,0,0,1,1,1,1
0.434059667,0,0,1,0,0,0
0.434228875,0,0,1,1,1,1
0.434257917,0,0,1,0,0,0
0.434427125,0,0,1,1,1,1
0.434456167,0,0,1,0,0,0
0.434625375,0,0,1,1,1,1
0.434654417,0,0,1,0,0,0
0.434823667,0,0,1,1,1,1
0.434852708,0,0,1,0,0,0
0.435021917,0,0,1,1,1,1
0.435050958,0,0,1,0,0,0
0.435220167,0,0,1,1,1,1
0.435249208,0,0,1,0,0,0
0.435418375,0,0,1,1,1,1
0.435447417,0,0,1,0,0,0
0.435616583,0,0,1,1,1,1
0.435645625,0,0,1,0,0,0
0.435814792,0,0,1,1,1,1
0.435843833,0,0,1,0,0,0
0.436013042,0,0,1,1,1,1
0.436042083,0,0,1,0,0,0
0.436211292,0,0,1,1,1,1
0.436240333,0,0,1,0,0,0
0.436409500,0,0,1,1,1,1
0.436438500,0,0,1,0,0,0
0.436607708,0,0,1,1,1,1
0.436636708,0,0,1,0,0,0
0.436805875,0,0,1,1,1,1
0.436834917,0,0,1,0,0,0
0.437004083,0,0,1,1,1,1
0.437033125,0,0,1,0,0,0
0.437202292,0,0,1,1,1,1
0.437231333,0,0,1,0,0,0
0.437400500,0,0,1,1,1,1
0.437429542,0,0,1,0,0,0
0.437598667,0,0,1,1,1,1
0.437627667,0,0,1,0,0,0
0.437796833,0,0,1,1,1,1
0.437825833,0,0,1,0,0,0
0.437995042,0,0,1,1,1,1
0.438024083,0,0,1,0,0,0
0.438193250,0,0,1,1,1,1
0.438222292,0,0,1,0,0,0
0.438391500,0,0,1,1,1,1
0.438420542,0,0,1,0,0,0
0.438589750,0,0,1,1,1,1
0.438618792,0,0,1,0,0,0
0.438788042,0,0,1,1,1,1
0.438817083,0,0,1,0,0,0
0.438986333,0,0,1,1,1,1
0.439015333,0,0,1,0,0,0
0.439184542,0,0,1,1,1,1
0.439213583,0,0,1,0,0,0
0.439382792,0,0,1,1,1,1
0.439411833,0,0,1,0,0,0
0.439580958,0,0,1,1,1,1
0.439610000,0,0,1,0,0,0
0.439779167,0,0,1,1,1,1
0.439808208,0,0,1,0,0,0
0.439977417,0,0,1,1,1,1
0.440006458,0,0,1,0,0,0
0.440175625,0,0,1,1,1,1
0.440204667,0,0,1,0,0,0
0.440373833,0,0,1,1,1,1
0.440402875,0,0,1,0,0,0
0.440572125,0,0,1,1,1,1
0.440601167,0,0,1,0,0,0
0.440770375,0,0,1,1,1,1
0.440799417,0,0,1,0,0,0
0.440968625,0,0,1,1,1,1
0.440997667,0,0,1,0,0,0
0.441166875,0,0,1,1,1,1
0.441195917,0,0,1,0,0,0
0.441365125,0,0,1,1,1,1
0.441394167,0,0,1,0,0,0
0.441563375,0,0,1,1,1,1
0.441592417,0,0,1,0,0,0
0.441761625,0,0,1,1,1,1
0.441790667,0,0,1,0,0,0
0.441959875,0,0,1,1,1,1
0.441988917,0,0,1,0,0,0
0.442158208,0,0,1,1,1,1
0.442187250,0,0,1,0,0,0
0.442356500,0,0,1,1,1,1
0.442385542,0,0,1,0,0,0
0.442554750,0,0,1,1,1,1
0.442583792,0,0,1,0,0,0
0.442753042,0,0,1,1,1,1
0.442782083,0,0,1,0,0,0
0.442951292,0,0,1,1,1,1
0.442980333,0,0,1,0,0,0
0.443149542,0,0,1,1,1,1
0.443178583,0,0,1,0,0,0
0.443347833,0,0,1,1,1,1
0.443376833,0,0,1,1,0,0
0.443376875,0,0,1,0,0,0
0.443546083,0,0,1,1,1,1
0.443575125,0,0,1,0,0,0
0.443744292,0,0,1,1,1,1
0.443773333,0,0,1,0,0,0
0.443942542,0,0,1,1,1,1
0.443971583,0,0,1,0,0,0
0.444140792,0,0,1,1,1,1
0.444169833,0,0,1,0,0,0
0.444339042,0,0,1,1,1,1
0.444368042,0,0,1,0,0,0
0.444537250,0,0,1,1,1,1
0.444566292,0,0,1,0,0,0
0.444735500,0,0,1,1,1,1
0.444764542,0,0,1,0,0,0
0.444933750,0,0,1,1,1,1
0.444962750,0,0,1,0,0,0
0.445131958,0,0,1,1,1,1
0.445161000,0,0,1,0,0,0
0.445330208,0,0,1,1,1,1
0.445359250,0,0,1,0,0,0
0.445528458,0,0,1,1,1,1
0.445557500,0,0,1,0,0,0
0.445726708,0,0,1,1,1,1
0.445755750,0,0,1,0,0,0
0.445924958,0,0,1,1,1,1
0.445954000,0,0,1,0,0,0
0.446123208,0,0,1,1,1,1
0.446152250,0,0,1,0,0,0
0.446321458,0,0,1,1,1,1
0.446350500,0,0,1,0,0,0
0.446519750,0,0,1,1,1,1
0.446548792,0,0,1,0,0,0
0.446718000,0,0,1,1,1,1
0.446747042,0,0,1,0,0,0
0.446916250,0,0,1,1,1,1
0.446945292,0,0,1,0,0,0
0.447114542,0,0,1,1,1,1
0.447143583,0,0,1,0,0,0
0.447312875,0,0,1,1,1,1
0.447341917,0,0,1,0,0,0
0.447511167,0,0,1,1,1,1
0.447540250,0,0,1,0,0,0
0.447709458,0,0,1,1,1,1
0.447738542,0,0,1,0,0,0
0.447907750,0,0,1,1,1,1
0.447936792,0,0,1,0,0,0
0.448106083,0,0,1,1,1,1
0.448135125,0,0,1,0,0,0
0.448304333,0,0,1,1,1,1
0.448333375,0,0,1,0,0,0
0.448502583,0,0,1,1,1,1
0.448531625,0,0,1,0,0,0
0.448700875,0,0,1,1,1,1
0.448729917,0,0,1,0,0,0
0.448899125,0,0,1,1,1,1
0.448928167,0,0,1,0,0,0
0.449097417,0,0,1,1,1,1
0.449126458,0,0,1,0,0,0
0.449295708,0,0,1,1,1,1
0.449324750,0,0,1,0,0,0
0.449493958,0,0,1,1,1,1
0.449523000,0,0,1,0,0,0
0.449692250,0,0,1,1,1,1
0.449721292,0,0,1,0,0,0
0.449890583,0,0,1,1,1,1
0.449919625,0,0,1,0,0,0
0.450088875,0,0,1,1,1,1
0.450117917,0,0,1,0,0,0
0.450287125,0,0,1,1,1,1
0.450316167,0,0,1,0,0,0
0.450485333,0,0,1,1,1,1
0.450514375,0,0,1,0,0,0
0.450683583,0,0,1,1,1,1
0.450712625,0,0,1,0,0,0
0.450881833,0,0,1,1,1,1
0.450910875,0,0,1,0,0,0
0.451080125,0,0,1,1,1,1
0.451109167,0,0,1,0,0,0
0.451278375,0,0,1,1,1,1
0.451307417,0,0,1,0,0,0
0.451476667,0,0,1,1,1,1
0.451505708,0,0,1,0,0,0
0.451674958,0,0,1,1,1,1
0.451704000,0,0,1,0,0,0
0.451873208,0,0,1,1,1,1
0.451902250,0,0,1,0,0,0
0.452071500,0,0,1,1,1,1
0.452100542,0,0,1,0,0,0
0.452269750,0,0,1,1,1,1
0.452298792,0,0,1,0,0,0
0.452468042,0,0,1,1,1,1
0.452497083,0,0,1,0,0,0
0.452666292,0,0,1,1,1,1
0.452695333,0,0,1,0,0,0
0.452864542,0,0,1,1,1,1
0.452893583,0,0,1,0,0,0
0.453062833,0,0,1,1,1,1
0.453091875,0,0,1,0,0,0
0.453261125,0,0,1,1,1,1
0.453290167,0,0,1,0,0,0
0.453459375,0,0,1,1,1,1
0.453488417,0,0,1,0,0,0
0.453657625,0,0,1,1,1,1
0.453686625,0,0,1,0,0,0
0.453855750,0,0,1,1,1,1
0.453884792,0,0,1,0,0,0
0.454053917,0,0,1,1,1,1
0.454082958,0,0,1,0,0,0
0.454252125,0,0,1,1,1,1
0.454281167,0,0,1,0,0,0
0.454450333,0,0,1,1,1,1
0.454479375,0,0,1,0,0,0
0.454648583,0,0,1,1,1,1
0.454677625,0,0,1,0,0,0
0.454846792,0,0,1,1,1,1
0.454875833,0,0,1,0,0,0
0.455045000,0,0,1,1,1,1
0.455074042,0,0,1,0,0,0
0.455243250,0,0,1,1,1,1
0.455272292,0,0,1,0,0,0
0.455441500,0,0,1,1,1,1
0.455470542,0,0,1,0,0,0
0.455639708,0,0,1,1,1,1
0.455668750,0,0,1,0,0,0
0.455837958,0,0,1,1,1,1
0.455867000,0,0,1,0,0,0
0.456036208,0,0,1,1,1,1
0.456065250,0,0,1,0,0,0
0.456234458,0,0,1,1,1,1
0.456263500,0,0,1,0,0,0
0.456432750,0,0,1,1,1,1
0.456461792,0,0,1,0,0,0
0.456631000,0,0,1,1,1,1
0.456660042,0,0,1,0,0,0
0.456829250,0,0,1,1,1,1
0.456858292,0,0,1,0,0,0
0.457027500,0,0,1,1,1,1
0.457056542,0,0,1,0,0,0
0.457225750,0,0,1,1,1,1
0.457254792,0,0,1,0,0,0
0.457424000,0,0,1,1,1,1
0.457453000,0,0,1,0,0,0
0.457622208,0,0,1,1,1,1
0.457651250,0,0,1,0,0,0
0.457820458,0,0,1,1,1,1
0.457849500,0,0,1,0,0,0
0.458018750,0,0,1,1,1,1
0.458047792,0,0,1,0,0,0
0.458217000,0,0,1,1,1,1
0.458246042,0,0,1,0,0,0
0.458415292,0,0,1,1,1,1
0.458444333,0,0,1,0,0,0
0.458613583,0,0,1,1,1,1
0.458642625,0,0,1,0,0,0
0.458811875,0,0,1,1,1,1
0.458840917,0,0,1,0,0,0
0.459010167,0,0,1,1,1,1
0.459039208,0,0,1,0,0,0
0.459208417,0,0,1,1,1,1
0.459237458,0,0,1,0,0,0
0.459406667,0,0,1,1,1,1
0.459435708,0,0,1,0,0,0
0.459604875,0,0,1,0,1,1
0.459604917,0,0,1,1,1,1
0.459633917,0,0,1,0,0,0
0.459803083,0,0,1,1,1,1
0.459832083,0,0,1,0,0,0
0.460001250,0,0,1,1,1,1
0.460030292,0,0,1,0,0,0
0.460199458,0,0,1,1,1,1
0.460228500,0,0,1,0,0,0
0.460397667,0,0,1,1,1,1
0.460426667,0,0,1,0,0,0
0.460595833,0,0,1,1,1,1
0.460624875,0,0,1,0,0,0
0.460794083,0,0,1,1,1,1
0.460823083,0,0,1,0,0,0
0.460992250,0,0,1,1,1,1
0.461021292,0,0,1,0,0,0
0.461190458,0,0,1,1,1,1
0.461219500,0,0,1,0,0,0
0.461388625,0,0,1,1,1,1
0.461417667,0,0,1,0,0,0
0.461586875,0,0,1,1,1,1
0.461615917,0,0,1,0,0,0
0.461785125,0,0,1,1,1,1
0.461814167,0,0,1,0,0,0
0.461983375,0,0,1,1,1,1
0.462012417,0,0,1,0,0,0
0.462181625,0,0,1,1,1,1
0.462210667,0,0,1,0,0,0
0.462379917,0,0,1,1,1,1
0.462408958,0,0,1,0,0,0
0.462578208,0,0,1,1,1,1
0.462607250,0,0,1,0,0,0
0.462776458,0,0,1,1,1,1
0.462805500,0,0,1,0,0,0
0.462974708,0,0,1,1,1,1
0.463003750,0,0,1,0,0,0
0.463172958,0,0,1,1,1,1
0.463202000,0,0,1,0,0,0
0.463371250,0,0,1,1,1,1
0.463400292,0,0,1,0,0,0
0.463569542,0,0,1,1,1,1
0.463598583,0,0,1,0,0,0
0.463767792,0,0,1,1,1,1
0.463796833,0,0,1,0,0,0
0.463966125,0,0,1,1,1,1
0.463995167,0,0,1,0,0,0
0.464164458,0,0,1,1,1,1
0.464193500,0,0,1,0,0,0
0.464362750,0,0,1,1,1,1
0.464391792,0,0,1,0,0,0
0.464561042,0,0,1,1,1,1
0.464590083,0,0,1,0,0,0
0.464759333,0,0,1,1,1,1
0.464788375,0,0,1,1,0,1
0.464788417,0,0,1,0,0,0
0.464957625,0,0,1,1,1,1
0.464986667,0,0,1,0,0,0
0.465155917,0,0,1,1,1,1
0.465184958,0,0,1,0,0,0
0.465354167,0,0,1,1,1,1
0.465383208,0,0,1,0,0,0
0.465552458,0,0,1,1,1,1
0.465581500,0,0,1,0,0,0
0.465750708,0,0,1,1,1,1
0.465779750,0,0,1,0,0,0
0.465948958,0,0,1,1,1,1
0.465978042,0,0,1,0,0,0
0.466147292,0,0,1,1,1,1
0.466176333,0,0,1,0,0,0
0.466345542,0,0,1,1,1,1
0.466374583,0,0,1,0,0,0
0.466543792,0,0,1,1,1,1
0.466572833,0,0,1,0,0,0
0.466742000,0,0,1,1,1,1
0.466771042,0,0,1,0,0,0
0.466940208,0,0,1,1,1,1
0.466969250,0,0,1,0,0,0
0.467138417,0,0,1,1,1,1
0.467167458,0,0,1,0,0,0
0.467336625,0,0,1,1,1,1
0.467365667,0,0,1,0,0,0
0.467534833,0,0,1,1,1,1
0.467563875,0,0,1,0,0,0
0.467733042,0,0,1,1,1,1
0.467762042,0,0,1,0,0,0
0.467931208,0,0,1,1,1,1
0.467960250,0,0,1,0,0,0
0.468129417,0,0,1,1,1,1
0.468158458,0,0,1,0,0,0
0.468327625,0,0,1,1,1,1
0.468356625,0,0,1,0,0,0
0.468525792,0,0,1,1,1,1
0.468554833,0,0,1,0,0,0
0.468724042,0,0,1,1,1,1
0.468753083,0,0,1,0,0,0
0.468922292,0,0,1,1,1,1
0.468951333,0,0,1,0,0,0
0.469120542,0,0,1,1,1,1
0.469149583,0,0,1,0,0,0
0.469318792,0,0,1,1,1,1
0.469347792,0,0,1,0,0,0
0.469516958,0,0,1,1,1,1
0.469546000,0,0,1,0,0,0
0.469715167,0,0,1,1,1,1
0.469744167,0,0,1,0,0,0
0.469913333,0,0,1,1,1,1
0.469942375,0,0,1,0,0,0
0.470111542,0,0,1,1,1,1
0.470140583,0,0,1,0,0,0
0.470309792,0,0,1,1,1,1
0.470338792,0,0,1,1,0,0
0.470338833,0,0,1,0,0,0
0.470508000,0,0,1,1,1,1
0.470537042,0,0,1,0,0,0
0.470706250,0,0,1,1,1,1
0.470735292,0,0,1,0,0,0
0.470904500,0,0,1,1,1,1
0.470933542,0,0,1,0,0,0
0.471102750,0,0,1,1,1,1
0.471131792,0,0,1,0,0,0
0.471301000,0,0,1,1,1,1
0.471330042,0,0,1,1,0,0
0.471330083,0,0,1,0,0,0
0.471499292,0,0,1,1,1,1
0.471528333,0,0,1,0,0,0
0.471697583,0,0,1,1,1,1
0.471726625,0,0,1,0,0,0
0.471895875,0,0,1,1,1,1
0.471924917,0,0,1,0,0,0
0.472094125,0,0,1,1,1,1
0.472123167,0,0,1,0,0,0
0.472292375,0,0,1,1,1,1
0.472321417,0,0,1,0,0,0
0.472490667,0,0,1,1,1,1
0.472519708,0,0,1,0,0,0
0.472688917,0,0,1,1,1,1
0.472717958,0,0,1,0,0,0
0.472887208,0,0,1,1,1,1
0.472916250,0,0,1,0,0,0
0.473085500,0,0,1,1,1,1
0.473114542,0,0,1,0,0,0
0.473283792,0,0,1,1,1,1
0.473312833,0,0,1,0,0,0
0.473482083,0,0,1,1,1,1
0.473511125,0,0,1,0,0,0
0.473680333,0,0,1,1,1,1
0.473709375,0,0,1,0,0,0
0.473878583,0,0,1,1,1,1
0.473907667,0,0,1,0,0,0
0.474076875,0,0,1,1,1,1
0.474105917,0,0,1,0,0,0
0.474275125,0,0,1,1,1,1
0.474304167,0,0,1,0,0,0
0.474473333,0,0,1,1,1,1
0.474502375,0,0,1,0,0,0
0.474671583,0,0,1,1,1,1
0.474700583,0,0,1,0,0,0
0.474869750,0,0,1,1,1,1
0.474898792,0,0,1,0,0,0
0.475067958,0,0,1,1,1,1
0.475097000,0,0,1,0,0,0
0.475266208,0,0,1,1,1,1
0.475295208,0,0,1,0,0,0
0.475464417,0,0,1,1,1,1
0.475493458,0,0,1,0,0,0
0.475662667,0,0,1,1,1,1
0.475691667,0,0,1,0,0,0
0.475860875,0,0,1,1,1,1
0.475889917,0,0,1,0,0,0
0.476059083,0,0,1,1,1,1
0.476088125,0,0,1,0,0,0
0.476257292,0,0,1,1,1,1
0.476286292,0,0,1,0,0,0
0.476455500,0,0,1,1,1,1
0.476484542,0,0,1,0,0,0
0.476653708,0,0,1,1,1,1
0.476682708,0,0,1,0,0,0
0.476851917,0,0,1,1,1,1
0.476880958,0,0,1,0,0,0
0.477050083,0,0,1,1,1,1
0.477079125,0,0,1,0,0,0
0.477248292,0,0,1,1,1,1
0.477277292,0,0,1,0,0,0
0.477446458,0,0,1,1,1,1
0.477475500,0,0,1,0,0,0
0.477644667,0,0,1,1,1,1
0.477673708,0,0,1,0,0,0
0.477842917,0,0,1,1,1,1
0.477871917,0,0,1,0,0,0
0.478041125,0,0,1,1,1,1
0.478070125,0,0,1,0,0,0
0.478239333,0,0,1,1,1,1
0.478268375,0,0,1,0,0,0
0.478437542,0,0,1,1,1,1
0.478466583,0,0,1,0,0,0
0.478635750,0,0,1,1,1,1
0.478664792,0,0,1,0,0,0
0.478834000,0,0,1,1,1,1
0.478863000,0,0,1,0,0,0
0.479032208,0,0,1,1,1,1
0.479061250,0,0,1,0,0,0
0.479230417,0,0,1,1,1,1
0.479259458,0,0,1,0,0,0
0.479428625,0,0,1,1,1,1
0.479457667,0,0,1,0,0,0
0.479626875,0,0,1,0,1,0
0.479626917,0,0,1,1,1,1
0.479655917,0,0,1,0,0,0
0.479825125,0,0,1,1,1,1
0.479854167,0,0,1,0,0,0
0.480023375,0,0,1,1,1,1
0.480052417,0,0,1,0,0,0
0.480221625,0,0,1,1,1,1
0.480250667,0,0,1,0,0,0
0.480419875,0,0,1,1,1,1
0.480448917,0,0,1,0,0,0
0.480618167,0,0,1,1,1,1
0.480647208,0,0,1,0,0,0
0.480816417,0,0,1,1,1,1
0.480845458,0,0,1,0,0,0
0.481014667,0,0,1,1,1,1
0.481043708,0,0,1,0,0,0
0.481212917,0,0,1,1,1,1
0.481241958,0,0,1,0,0,0
0.481411167,0,0,1,1,1,1
0.481440208,0,0,1,0,0,0
0.481609458,0,0,1,1,1,1
0.481638500,0,0,1,0,0,0
0.481807708,0,0,1,1,1,1
0.481836750,0,0,1,0,0,0
0.482005958,0,0,1,1,1,1
0.482035000,0,0,1,0,0,0
0.482204250,0,0,1,1,1,1
0.482233292,0,0,1,0,0,0
0.482402542,0,0,1,1,1,1
0.482431583,0,0,1,0,0,0
0.482600833,0,0,1,1,1,1
0.482629875,0,0,1,0,0,0
0.482799125,0,0,1,1,1,1
0.482828167,0,0,1,0,0,0
0.482997417,0,0,1,1,1,1
0.483026458,0,0,1,0,0,0
0.483195667,0,0,1,1,1,1
0.483224667,0,0,1,0,0,0
0.483393875,0,0,1,1,1,1
0.483422917,0,0,1,0,0,0
0.483592167,0,0,1,1,1,1
0.483621208,0,0,1,0,0,0
0.483790417,0,0,1,1,1,1
0.483819458,0,0,1,0,0,0
0.483988708,0,0,1,1,1,1
0.484017750,0,0,1,0,0,0
0.484186958,0,0,1,1,1,1
0.484216000,0,0,1,0,0,0
0.484385250,0,0,1,1,1,1
0.484414292,0,0,1,0,0,0
0.484583500,0,0,1,1,1,1
0.484612542,0,0,1,0,0,0
0.484781792,0,0,1,1,1,1
0.484810833,0,0,1,0,0,0
0.484980042,0,0,1,1,1,1
0.485009083,0,0,1,0,0,0
0.485178250,0,0,1,1,1,1
0.485207292,0,0,1,0,0,0
0.485376500,0,0,1,1,1,1
0.485405542,0,0,1,0,0,0
0.485574750,0,0,1,1,1,1
0.485603792,0,0,1,0,0,0
0.485773000,0,0,1,1,1,1
0.485802042,0,0,1,0,0,0
0.485971250,0,0,1,1,1,1
0.486000292,0,0,1,0,0,0
0.486169542,0,0,1,1,1,1
0.486198583,0,0,1,0,0,0
0.486367750,0,0,1,1,1,1
0.486396792,0,0,1,0,0,0
0.486566000,0,0,1,1,1,1
0.486595042,0,0,1,0,0,0
0.486764250,0,0,1,1,1,1
0.486793292,0,0,1,0,0,0
0.486962458,0,0,1,1,1,1
0.486991500,0,0,1,0,0,0
0.487160708,0,0,1,1,1,1
0.487189750,0,0,1,0,0,0
0.487358917,0,0,1,1,1,1
0.487387958,0,0,1,0,0,0
0.487557125,0,0,1,1,1,1
0.487586167,0,0,1,0,0,0
0.487755333,0,0,1,1,1,1
0.487784375,0,0,1,0,0,0
0.487953542,0,0,1,1,1,1
0.487982583,0,0,1,0,0,0
0.488151792,0,0,1,1,1,1
0.488180792,0,0,1,0,0,0
0.488350000,0,0,1,1,1,1
0.488379000,0,0,1,0,0,0
0.488548167,0,0,1,1,1,1
0.488577208,0,0,1,0,0,0
0.488746375,0,0,1,1,1,1
0.488775417,0,0,1,0,0,0
0.488944625,0,0,1,1,1,1
0.488973667,0,0,1,0,0,0
0.489142875,0,0,1,1,1,1
0.489171917,0,0,1,0,0,0
0.489341167,0,0,1,1,1,1
0.489370208,0,0,1,0,0,0
0.489539417,0,0,1,1,1,1
0.489568458,0,0,1,0,0,0
0.489737667,0,0,1,1,1,1
0.489766708,0,0,1,0,0,0
0.489935875,0,0,1,1,1,1
0.489964917,0,0,1,0,0,0
0.490134042,0,0,1,1,1,1
0.490163083,0,0,1,0,0,0
0.490332250,0,0,1,1,1,1
0.490361292,0,0,1,0,0,0
0.490530458,0,0,1,1,1,1
0.490559500,0,0,1,0,0,0
0.490728667,0,0,1,1,1,1
0.490757667,0,0,1,0,0,0
0.490926833,0,0,1,1,1,1
0.490955833,0,0,1,0,0,0
0.491125000,0,0,1,1,1,1
0.491154042,0,0,1,0,0,0
0.491323208,0,0,1,1,1,1
0.491352250,0,0,1,0,0,0
0.491521500,0,0,1,1,1,1
0.491550542,0,0,1,0,0,0
0.491719792,0,0,1,1,1,1
0.491748833,0,0,1,0,0,0
0.491918083,0,0,1,1,1,1
0.491947125,0,0,1,0,0,0
0.492116375,0,0,1,1,1,1
0.492145417,0,0,1,0,0,0
0.492314667,0,0,1,1,1,1
0.492343708,0,0,1,0,0,0
0.492512958,0,0,1,1,1,1
0.492542000,0,0,1,0,0,0
0.492711208,0,0,1,1,1,1
0.492740250,0,0,1,0,0,0
0.492909500,0,0,1,1,1,1
0.492938542,0,0,1,0,0,0
0.493107792,0,0,1,1,1,1
0.493136833,0,0,1,0,0,0
0.493306083,0,0,1,1,1,1
0.493335125,0,0,1,0,0,0
0.493504333,0,0,1,1,1,1
0.493533375,0,0,1,0,0,0
0.493702625,0,0,1,1,1,1
0.493731667,0,0,1,0,0,0
0.493900917,0,0,1,1,1,1
0.493929958,0,0,1,0,0,0
0.494099208,0,0,1,1,1,1
0.494128250,0,0,1,0,0,0
0.494297500,0,0,1,1,1,1
0.494326542,0,0,1,0,0,0
0.494495792,0,0,1,1,1,1
0.494524833,0,0,1,0,0,0
0.494694125,0,0,1,1,1,1
0.494723167,0,0,1,0,0,0
0.494892417,0,0,1,1,1,1
0.494921458,0,0,1,0,0,0
0.495090708,0,0,1,1,1,1
0.495119750,0,0,1,0,0,0
0.495289000,0,0,1,1,1,1
0.495318042,0,0,1,0,0,0
0.495487250,0,0,1,1,1,1
0.495516292,0,0,1,0,0,0
0.495685542,0,0,1,1,1,1
0.495714583,0,0,1,0,0,0
0.495883833,0,0,1,1,1,1
0.495912875,0,0,1,0,0,0
0.496082167,0,0,1,1,1,1
0.496111208,0,0,1,0,0,0
0.496280458,0,0,1,1,1,1
0.496309542,0,0,1,0,0,0
0.496478792,0,0,1,1,1,1
0.496507833,0,0,1,0,0,0
0.496677042,0,0,1,1,1,1
0.496706083,0,0,1,0,0,0
0.496875375,0,0,1,1,1,1
0.496904417,0,0,1,0,0,0
0.497073667,0,0,1,1,1,1
0.497102708,0,0,1,0,0,0
0.497271958,0,0,1,1,1,1
0.497301000,0,0,1,0,0,0
0.497470250,0,0,1,1,1,1
0.497499292,0,0,1,0,0,0
0.497668542,0,0,1,1,1,1
0.497697583,0,0,1,0,0,0
0.497866792,0,0,1,1,1,1
0.497895833,0,0,1,0,0,0
0.498065000,0,0,1,1,1,1
0.498094042,0,0,1,0,0,0
0.498263250,0,0,1,1,1,1
0.498292292,0,0,1,0,0,0
0.498461542,0,0,1,1,1,1
0.498490583,0,0,1,0,0,0
0.498659833,0,0,1,1,1,1
0.498688875,0,0,1,0,0,0
0.498858083,0,0,1,1,1,1
0.498887125,0,0,1,0,0,0
0.499056292,0,0,1,1,1,1
0.499085333,0,0,1,0,0,0
0.499254542,0,0,1,1,1,1
0.499283583,0,0,1,0,0,0
0.499452792,0,0,1,1,1,1
0.499481833,0,0,1,0,0,0
0.499651000,0,0,1,1,1,1
0.499680042,0,0,1,0,0,0
0.499849250,0,0,1,1,1,1
0.499878292,0,0,1,0,0,0
0.500047500,0,0,1,1,1,1
0.500076542,0,0,1,0,0,0
0.500245750,0,0,1,1,1,1
0.500274750,0,0,1,0,0,0
0.500443958,0,0,1,1,1,1
0.500472958,0,0,1,0,0,0
0.500642167,0,0,1,1,1,1
0.500671167,0,0,1,0,0,0
0.500840333,0,0,1,1,1,1
0.500869333,0,0,1,0,0,0
0.501038500,0,0,1,1,1,1
0.501067542,0,0,1,0,0,0
0.501236708,0,0,1,1,1,1
0.501265750,0,0,1,0,0,0
0.501434917,0,0,1,1,1,1
0.501463958,0,0,1,0,0,0
0.501633125,0,0,1,1,1,1
0.501662167,0,0,1,0,0,0
0.501831333,0,0,1,1,1,1
0.501860375,0,0,1,0,0,0
0.502029542,0,0,1,1,1,1
0.502058583,0,0,1,0,0,0
0.502227792,0,0,1,1,1,1
0.502256833,0,0,1,0,0,0
0.502426042,0,0,1,1,1,1
0.502455042,0,0,1,0,0,0
0.502624250,0,0,1,1,1,1
0.502653292,0,0,1,0,0,0
0.502822458,0,0,1,1,1,1
0.502851458,0,0,1,0,0,0
0.503020625,0,0,1,1,1,1
0.503049667,0,0,1,0,0,0
0.503218833,0,0,1,1,1,1
0.503247875,0,0,1,0,0,0
0.503417042,0,0,1,1,1,1
0.503446042,0,0,1,0,0,0
0.503615208,0,0,1,1,1,1
0.503644250,0,0,1,0,0,0
0.503813375,0,0,1,1,1,1
0.503842417,0,0,1,0,0,0
0.504011583,0,0,1,1,1,1
0.504040625,0,0,1,0,0,0
0.504209792,0,0,1,1,1,1
0.504238833,0,0,1,0,0,0
0.504408000,0,0,1,1,1,1
0.504437042,0,0,1,0,0,0
0.504606208,0,0,1,1,1,1
0.504635250,0,0,1,0,0,0
0.504804458,0,0,1,1,1,1
0.504833500,0,0,1,0,0,0
0.505002708,0,0,1,0,1,1
0.505002750,0,0,1,1,1,1
0.505031750,0,0,1,0,0,0
0.505201000,0,0,1,1,1,1
0.505230042,0,0,1,0,0,0
0.505399292,0,0,1,1,1,1
0.505428333,0,0,1,0,0,0
0.505597542,0,0,1,1,1,1
0.505626583,0,0,1,0,0,0
0.505795750,0,0,1,1,1,1
0.505824792,0,0,1,0,0,0
0.505994042,0,0,1,1,1,1
0.506023083,0,0,1,0,0,0
0.506192333,0,0,1,1,1,1
0.506221375,0,0,1,0,0,0
0.506390625,0,0,1,1,1,1
0.506419667,0,0,1,0,0,0
0.506588917,0,0,1,1,1,1
0.506617958,0,0,1,0,0,0
0.506787208,0,0,1,1,1,1
0.506816208,0,0,1,1,0,0
0.506816250,0,0,1,0,0,0
0.506985458,0,0,1,1,1,1
0.507014500,0,0,1,0,0,0
0.507183708,0,0,1,1,1,1
0.507212750,0,0,1,0,0,0
0.507381958,0,0,1,1,1,1
0.507411000,0,0,1,0,0,0
0.507580208,0,0,1,1,1,1
0.507609250,0,0,1,0,0,0
0.507778458,0,0,1,1,1,1
0.507807500,0,0,1,0,0,0
0.507976708,0,0,1,1,1,1
0.508005750,0,0,1,0,0,0
0.508174958,0,0,1,1,1,1
0.508204000,0,0,1,0,0,0
0.508373250,0,0,1,1,1,1
0.508402292,0,0,1,0,0,0
0.508571500,0,0,1,1,1,1
0.508600542,0,0,1,0,0,0
0.508769792,0,0,1,1,1,1
0.508798792,0,0,1,1,0,0
0.508798833,0,0,1,0,0,0
0.508968042,0,0,1,1,1,1
0.508997083,0,0,1,0,0,0
0.509166292,0,0,1,1,1,1
0.509195333,0,0,1,0,0,0
0.509364542,0,0,1,1,1,1
0.509393583,0,0,1,0,0,0
0.509562833,0,0,1,1,1,1
0.509591875,0,0,1,0,0,0
0.509761083,0,0,1,1,1,1
0.509790125,0,0,1,0,0,0
0.509959375,0,0,1,1,1,1
0.509988417,0,0,1,0,0,0
0.510157625,0,0,1,1,1,1
0.510186667,0,0,1,0,0,0
0.510355917,0,0,1,1,1,1
0.510384958,0,0,1,0,0,0
0.510554167,0,0,1,1,1,1
0.510583208,0,0,1,0,0,0
0.510752458,0,0,1,1,1,1
0.510781500,0,0,1,0,0,0
0.510950750,0,0,1,1,1,1
0.510979833,0,0,1,0,0,0
0.511149042,0,0,1,1,1,1
0.511178125,0,0,1,0,0,0
0.511347375,0,0,1,1,1,1
0.511376417,0,0,1,0,0,0
0.511545667,0,0,1,1,1,1
0.511574708,0,0,1,0,0,0
0.511743958,0,0,1,1,1,1
0.511773000,0,0,1,0,0,0
0.511942250,0,0,1,1,1,1
0.511971292,0,0,1,0,0,0
0.512140542,0,0,1,1,1,1
0.512169583,0,0,1,0,0,0
0.512338792,0,0,1,1,1,1
0.512367833,0,0,1,0,0,0
0.512537083,0,0,1,1,1,1
0.512566125,0,0,1,0,0,0
0.512735333,0,0,1,1,1,1
0.512764375,0,0,1,0,0,0
0.512933583,0,0,1,1,1,1
0.512962625,0,0,1,0,0,0
0.513131833,0,0,1,1,1,1
0.513160875,0,0,1,0,0,0
0.513330125,0,0,1,1,1,1
0.513359208,0,0,1,0,0,0
0.513528417,0,0,1,1,1,1
0.513557458,0,0,1,0,0,0
0.513726667,0,0,1,1,1,1
0.513755708,0,0,1,0,0,0
0.513924875,0,0,1,1,1,1
0.513953917,0,0,1,0,0,0
0.514123083,0,0,1,1,1,1
0.514152125,0,0,1,0,0,0
0.514321375,0,0,1,1,1,1
0.514350417,0,0,1,0,0,0
0.514519667,0,0,1,1,1,1
0.514548708,0,0,1,0,0,0
0.514717917,0,0,1,1,1,1
0.514746958,0,0,1,0,0,0
0.514916167,0,0,1,1,1,1
0.514945208,0,0,1,0,0,0
0.515114375,0,0,1,1,1,1
0.515143417,0,0,1,0,0,0
0.515312583,0,0,1,1,1,1
0.515341625,0,0,1,0,0,0
0.515510833,0,0,1,1,1,1
0.515539875,0,0,1,0,0,0
0.515709083,0,0,1,1,1,1
0.515738125,0,0,1,0,0,0
0.515907333,0,0,1,1,1,1
0.515936375,0,0,1,0,0,0
0.516105625,0,0,1,1,1,1
0.516134667,0,0,1,0,0,0
0.516303875,0,0,1,1,1,1
0.516332917,0,0,1,0,0,0
0.516502167,0,0,1,1,1,1
0.516531208,0,0,1,0,0,0
0.516700458,0,0,1,1,1,1
0.516729500,0,0,1,0,0,0
0.516898792,0,0,1,1,1,1
0.516927833,0,0,1,0,0,0
0.517097042,0,0,1,1,1,1
0.517126083,0,0,1,0,0,0
0.517295333,0,0,1,1,1,1
0.517324375,0,0,1,0,0,0
0.517493625,0,0,1,1,1,1
0.517522667,0,0,1,0,0,0
0.517691875,0,0,1,1,1,1
0.517720917,0,0,1,0,0,0
0.517890125,0,0,1,1,1,1
0.517919167,0,0,1,0,0,0
0.518088375,0,0,1,1,1,1
0.518117417,0,0,1,0,0,0
0.518286583,0,0,1,1,1,1
0.518315625,0,0,1,0,0,0
0.518484833,0,0,1,1,1,1
0.518513875,0,0,1,0,0,0
0.518683083,0,0,1,1,1,1
0.518712125,0,0,1,0,0,0
0.518881333,0,0,1,1,1,1
0.518910375,0,0,1,0,0,0
0.519079583,0,0,1,1,1,1
0.519108625,0,0,1,0,0,0
0.519277875,0,0,1,1,1,1
0.519306917,0,0,1,0,0,0
0.519476125,0,0,1,1,1,1
0.519505167,0,0,1,0,0,0
0.519674375,0,0,1,1,1,1
0.519703417,0,0,1,0,0,0
0.519872583,0,0,1,1,1,1
0.519901583,0,0,1,0,0,0
0.520070750,0,0,1,1,1,1
0.520099792,0,0,1,0,0,0
0.520268958,0,0,1,1,1,1
0.520298000,0,0,1,0,0,0
0.520467208,0,0,1,1,1,1
0.520496250,0,0,1,0,0,0
0.520665417,0,0,1,1,1,1
0.520694458,0,0,1,0,0,0
0.520863667,0,0,1,1,1,1
0.520892667,0,0,1,0,0,0
0.521061833,0,0,1,1,1,1
0.521090875,0,0,1,0,0,0
0.521260042,0,0,1,1,1,1
0.521289083,0,0,1,0,0,0
0.521458292,0,0,1,1,1,1
0.521487333,0,0,1,0,0,0
0.521656542,0,0,1,1,1,1
0.521685542,0,0,1,1,0,0
0.521685583,0,0,1,0,0,0
0.521854750,0,0,1,0,1,1
0.521854792,0,0,1,1,1,1
0.521883792,0,0,1,0,0,0
0.522053042,0,0,1,1,1,1
0.522082083,0,0,1,0,0,0
0.522251292,0,0,1,1,1,1
0.522280333,0,0,1,0,0,0
0.522449583,0,0,1,1,1,1
0.522478625,0,0,1,0,0,0
0.522647833,0,0,1,1,1,1
0.522676875,0,0,1,0,0,0
0.522846083,0,0,1,1,1,1
0.522875125,0,0,1,0,0,0
0.523044375,0,0,1,1,1,1
0.523073417,0,0,1,0,0,0
0.523242667,0,0,1,1,1,1
0.523271708,0,0,1,0,0,0
0.523440958,0,0,1,1,1,1
0.523470000,0,0,1,0,0,0
0.523639208,0,0,1,1,1,1
0.523668250,0,0,1,0,0,0
0.523837417,0,0,1,1,1,1
0.523866458,0,0,1,0,0,0
0.524035667,0,0,1,1,1,1
0.524064708,0,0,1,0,0,0
0.524233917,0,0,1,1,1,1
0.524262958,0,0,1,0,0,0
0.524432167,0,0,1,1,1,1
0.524461208,0,0,1,0,0,0
0.524630417,0,0,1,1,1,1
0.524659417,0,0,1,0,0,0
0.524828625,0,0,1,1,1,1
0.524857667,0,0,1,0,0,0
0.525026875,0,0,1,1,1,1
0.525055917,0,0,1,0,0,0
0.525225083,0,0,1,1,1,1
0.525254125,0,0,1,0,0,0
0.525423292,0,0,1,1,1,1
0.525452333,0,0,1,0,0,0
0.525621542,0,0,1,1,1,1
0.525650583,0,0,1,0,0,0
0.525819792,0,0,1,1,1,1
0.525848833,0,0,1,0,0,0
0.526018000,0,0,1,1,1,1
0.526047042,0,0,1,0,0,0
0.526216208,0,0,1,1,1,1
0.526245250,0,0,1,0,0,0
0.526414417,0,0,1,1,1,1
0.526443458,0,0,1,0,0,0
0.526612625,0,0,1,1,1,1
0.526641667,0,0,1,0,0,0
0.526810875,0,0,1,1,1,1
0.526839875,0,0,1,0,0,0
0.527009042,0,0,1,1,1,1
0.527038042,0,0,1,0,0,0
0.527207208,0,0,1,1,1,1
0.527236250,0,0,1,0,0,0
0.527405458,0,0,1,1,1,1
0.527434500,0,0,1,0,0,0
0.527603708,0,0,1,1,1,1
0.527632708,0,0,1,0,0,0
0.527801917,0,0,1,1,1,1
0.527830958,0,0,1,0,0,0
0.528000167,0,0,1,1,1,1
0.528029208,0,0,1,0,0,0
0.528198375,0,0,1,1,1,1
0.528227417,0,0,1,0,0,0
0.528396583,0,0,1,1,1,1
0.528425625,0,0,1,0,0,0
0.528594875,0,0,1,1,1,1
0.528623917,0,0,1,0,0,0
0.528793083,0,0,1,1,1,1
0.528822125,0,0,1,0,0,0
0.528991292,0,0,1,1,1,1
0.529020333,0,0,1,0,0,0
0.529189500,0,0,1,1,1,1
0.529218542,0,0,1,0,0,0
0.529387750,0,0,1,1,1,1
0.529416792,0,0,1,0,0,0
0.529586000,0,0,1,1,1,1
0.529615042,0,0,1,0,0,0
0.529784250,0,0,1,1,1,1
0.529813292,0,0,1,0,0,0
0.529982500,0,0,1,1,1,1
0.530011542,0,0,1,0,0,0
0.530180792,0,0,1,1,1,1
0.530209833,0,0,1,0,0,0
0.530379000,0,0,1,1,1,1
0.530408042,0,0,1,0,0,0
0.530577250,0,0,1,1,1,1
0.530606292,0,0,1,0,0,0
0.530775500,0,0,1,1,1,1
0.530804542,0,0,1,0,0,0
0.530973750,0,0,1,1,1,1
0.531002792,0,0,1,0,0,0
0.531172042,0,0,1,1,1,1
0.531201042,0,0,1,0,0,0
0.531370208,0,0,1,1,1,1
0.531399250,0,0,1,0,0,0
0.531568417,0,0,1,1,1,1
0.531597458,0,0,1,0,0,0
0.531766625,0,0,1,1,1,1
0.531795667,0,0,1,0,0,0
0.531964792,0,0,1,1,1,1
0.531993833,0,0,1,0,0,0
0.532163000,0,0,1,1,1,1
0.532192000,0,0,1,0,0,0
0.532361167,0,0,1,1,1,1
0.532390208,0,0,1,0,0,0
0.532559333,0,0,1,0,1,1
0.532559375,0,0,1,1,1,1
0.532588375,0,0,1,0,0,0
0.532757583,0,0,1,1,1,1
0.532786625,0,0,1,0,0,0
0.532955792,0,0,1,1,1,1
0.532984833,0,0,1,0,0,0
0.533154042,0,0,1,1,1,1
0.533183083,0,0,1,0,0,0
0.533352250,0,0,1,1,1,1
0.533381292,0,0,1,0,0,0
0.533550542,0,0,1,1,1,1
0.533579583,0,0,1,0,0,0
0.533748792,0,0,1,1,1,1
0.533777833,0,0,1,0,0,0
0.533947042,0,0,1,1,1,1
0.533976083,0,0,1,0,0,0
0.534145250,0,0,1,1,1,1
0.534174292,0,0,1,0,0,0
0.534343458,0,0,1,1,1,1
0.534372500,0,0,1,0,0,0
0.534541667,0,0,1,1,1,1
0.534570708,0,0,1,0,0,0
0.534739917,0,0,1,1,1,1
0.534768917,0,0,1,0,0,0
0.534938167,0,0,1,1,1,1
0.534967208,0,0,1,0,0,0
0.535136375,0,0,1,1,1,1
0.535165417,0,0,1,0,0,0
0.535334583,0,0,1,1,1,1
0.535363625,0,0,1,0,0,0
0.535532792,0,0,1,1,1,1
0.535561792,0,0,1,0,0,0
0.535730917,0,0,1,1,1,1
0.535759958,0,0,1,0,0,0
0.535929125,0,0,1,1,1,1
0.535958167,0,0,1,0,0,0
0.536127292,0,0,1,1,1,1
0.536156333,0,0,1,0,0,0
0.536325500,0,0,1,1,1,1
0.536354542,0,0,1,0,0,0
0.536523708,0,0,1,1,1,1
0.536552708,0,0,1,0,0,0
0.536721875,0,0,1,1,1,1
0.536750875,0,0,1,0,0,0
0.536920083,0,0,1,1,1,1
0.536949125,0,0,1,0,0,0
0.537118333,0,0,1,1,1,1
0.537147333,0,0,1,0,0,0
0.537316500,0,0,1,1,1,1
0.537345500,0,0,1,0,0,0
0.537514667,0,0,1,1,1,1
0.537543708,0,0,1,0,0,0
0.537712833,0,0,1,1,1,1
0.537741833,0,0,1,0,0,0
0.537911000,0,0,1,1,1,1
0.537940042,0,0,1,0,0,0
0.538109208,0,0,1,1,1,1
0.538138250,0,0,1,0,0,0
0.538307417,0,0,1,1,1,1
0.538336458,0,0,1,0,0,0
0.538505667,0,0,1,1,1,1
0.538534667,0,0,1,0,0,0
0.538703833,0,0,1,1,1,1
0.538732875,0,0,1,0,0,0
0.538902042,0,0,1,1,1,1
0.538931083,0,0,1,0,0,0
0.539100292,0,0,1,1,1,1
0.539129333,0,0,1,0,0,0
0.539298500,0,0,1,1,1,1
0.539327542,0,0,1,0,0,0
0.539496708,0,0,1,1,1,1
0.539525708,0,0,1,0,0,0
0.539694833,0,0,1,1,1,1
0.539723875,0,0,1,0,0,0
0.539893042,0,0,1,1,1,1
0.539922042,0,0,1,0,0,0
0.540091208,0,0,1,1,1,1
0.540120250,0,0,1,0,0,0
0.540289417,0,0,1,1,1,1
0.540318458,0,0,1,0,0,0
0.540487625,0,0,1,1,1,1
0.540516667,0,0,1,0,0,0
0.540685833,0,0,1,1,1,1
0.540714833,0,0,1,0,0,0
0.540884042,0,0,1,1,1,1
0.540913083,0,0,1,0,0,0
0.541082333,0,0,1,1,1,1
0.541111375,0,0,1,0,0,0
0.541280583,0,0,1,1,1,1
0.541309625,0,0,1,0,0,0
0.541478792,0,0,1,1,1,1
0.541507833,0,0,1,0,0,0
0.541677042,0,0,1,1,1,1
0.541706042,0,0,1,0,0,0
0.541875250,0,0,1,1,1,1
0.541904292,0,0,1,0,0,0
0.542073500,0,0,1,1,1,1
0.542102542,0,0,1,0,0,0
0.542271708,0,0,1,1,1,1
0.542300750,0,0,1,0,0,0
0.542469917,0,0,1,1,1,1
0.542498917,0,0,1,1,0,0
0.542498958,0,0,1,0,0,0
0.542668125,0,0,1,1,1,1
0.542697167,0,0,1,0,0,0
0.542866333,0,0,1,1,1,1
0.542895375,0,0,1,0,0,0
0.543064542,0,0,1,1,1,1
0.543093583,0,0,1,0,0,0
0.543262750,0,0,1,1,1,1
0.543291792,0,0,1,0,0,0
0.543460958,0,0,1,1,1,1
0.543490000,0,0,1,0,0,0
0.543659167,0,0,1,1,1,1
0.543688208,0,0,1,0,0,0
0.543857375,0,0,1,0,1,1
0.543857417,0,0,1,1,1,1
0.543886417,0,0,1,0,0,0
0.544055667,0,0,1,1,1,1
0.544084708,0,0,1,0,0,0
0.544253917,0,0,1,1,1,1
0.544282958,0,0,1,0,0,0
0.544452167,0,0,1,1,1,1
0.544481208,0,0,1,0,0,0
0.544650417,0,0,1,1,1,1
0.544679458,0,0,1,0,0,0
0.544848625,0,0,1,1,1,1
0.544877667,0,0,1,0,0,0
0.545046875,0,0,1,1,1,1
0.545075917,0,0,1,0,0,0
0.545245083,0,0,1,1,1,1
0.545274083,0,0,1,0,0,0
0.545443292,0,0,1,1,1,1
0.545472333,0,0,1,0,0,0
0.545641458,0,0,1,1,1,1
0.545670500,0,0,1,0,0,0
0.545839667,0,0,1,1,1,1
0.545868667,0,0,1,0,0,0
0.546037833,0,0,1,1,1,1
0.546066875,0,0,1,0,0,0
0.546236042,0,0,1,1,1,1
0.546265083,0,0,1,0,0,0
0.546434250,0,0,1,1,1,1
0.546463250,0,0,1,0,0,0
0.546632417,0,0,1,1,1,1
0.546661458,0,0,1,0,0,0
0.546830667,0,0,1,1,1,1
0.546859708,0,0,1,0,0,0
0.547028958,0,0,1,1,1,1
0.547058000,0,0,1,0,0,0
0.547227250,0,0,1,1,1,1
0.547256250,0,0,1,0,0,0
0.547425458,0,0,1,1,1,1
0.547454500,0,0,1,0,0,0
0.547623708,0,0,1,1,1,1
0.547652750,0,0,1,0,0,0
0.547821958,0,0,1,1,1,1
0.547851000,0,0,1,0,0,0
0.548020208,0,0,1,1,1,1
0.548049250,0,0,1,0,0,0
0.548218500,0,0,1,1,1,1
0.548247542,0,0,1,0,0,0
0.548416750,0,0,1,1,1,1
0.548445750,0,0,1,1,0,0
0.548445792,0,0,1,0,0,0
0.548615000,0,0,1,1,1,1
0.548644042,0,0,1,0,0,0
0.548813250,0,0,1,1,1,1
0.548842292,0,0,1,0,0,0
0.549011458,0,0,1,1,1,1
0.549040500,0,0,1,0,0,0
0.549209708,0,0,1,1,1,1
0.549238750,0,0,1,0,0,0
0.549407917,0,0,1,1,1,1
0.549436958,0,0,1,0,0,0
0.549606125,0,0,1,1,1,1
0.549635167,0,0,1,0,0,0
0.549804375,0,0,1,1,1,1
0.549833417,0,0,1,0,0,0
0.550002583,0,0,1,1,1,1
0.550031625,0,0,1,0,0,0
0.550200833,0,0,1,1,1,1
0.550229875,0,0,1,0,0,0
0.550399083,0,0,1,1,1,1
0.550428125,0,0,1,0,0,0
0.550597375,0,0,1,1,1,1
0.550626417,0,0,1,0,0,0
0.550795625,0,0,1,1,1,1
0.550824667,0,0,1,0,0,0
0.550993875,0,0,1,0,1,1
0.550993917,0,0,1,1,1,1
0.551022917,0,0,1,0,0,0
0.551192125,0,0,1,0,1,0
0.551192167,0,0,1,1,1,1
0.551221208,0,0,1,0,0,0
0.551390417,0,0,1,1,1,1
0.551419417,0,0,1,0,0,0
0.551588625,0,0,1,0,1,0
0.551588667,0,0,1,1,1,1
0.551617708,0,0,1,0,0,0
0.551786958,0,0,1,1,1,1
0.551816000,0,0,1,0,0,0
0.551985250,0,0,1,1,1,1
0.552014292,0,0,1,0,0,0
0.552183500,0,0,1,1,1,1
0.552212542,0,0,1,0,0,0
0.552381750,0,0,1,1,1,1
0.552410792,0,0,1,0,0,0
0.552580000,0,0,1,1,1,1
0.552609042,0,0,1,0,0,0
0.552778250,0,0,1,1,1,1
0.552807250,0,0,1,0,0,0
0.552976417,0,0,1,1,1,1
0.553005458,0,0,1,0,0,0
0.553174667,0,0,1,1,1,1
0.553203708,0,0,1,0,0,0
0.553372875,0,0,1,1,1,1
0.553401875,0,0,1,1,0,0
0.553401917,0,0,1,0,0,0
0.553571083,0,0,1,1,1,1
0.553600125,0,0,1,0,0,0
0.553769250,0,0,1,0,1,1
0.553769292,0,0,1,1,1,1
0.553798292,0,0,1,0,0,0
0.553967500,0,0,1,1,1,1
0.553996542,0,0,1,0,0,0
0.554165708,0,0,1,1,1,1
0.554194708,0,0,1,0,0,0
0.554363833,0,0,1,1,1,1
0.554392875,0,0,1,0,0,0
0.554562000,0,0,1,1,1,1
0.554591042,0,0,1,0,0,0
0.554760250,0,0,1,1,1,1
0.554789292,0,0,1,0,0,0
0.554958500,0,0,1,1,1,1
0.554987542,0,0,1,0,0,0
0.555156750,0,0,1,1,1,1
0.555185792,0,0,1,0,0,0
0.555355000,0,0,1,1,1,1
0.555384042,0,0,1,0,0,0
0.555553292,0,0,1,1,1,1
0.555582333,0,0,1,0,0,0
0.555751500,0,0,1,1,1,1
0.555780542,0,0,1,0,0,0
0.555949750,0,0,1,1,1,1
0.555978792,0,0,1,0,0,0
0.556148000,0,0,1,1,1,1
0.556177042,0,0,1,0,0,0
0.556346208,0,0,1,1,1,1
0.556375250,0,0,1,0,0,0
0.556544417,0,0,1,1,1,1
0.556573417,0,0,1,1,0,0
0.556573458,0,0,1,0,0,0
0.556742667,0,0,1,1,1,1
0.556771667,0,0,1,0,0,0
0.556940875,0,0,1,1,1,1
0.556969875,0,0,1,0,0,0
0.557139083,0,0,1,1,1,1
0.557168125,0,0,1,0,0,0
0.557337250,0,0,1,1,1,1
0.557366292,0,0,1,0,0,0
0.557535458,0,0,1,1,1,1
0.557564500,0,0,1,0,0,0
0.557733667,0,0,1,1,1,1
0.557762667,0,0,1,0,0,0
0.557931833,0,0,1,1,1,1
0.557960875,0,0,1,0,0,0
0.558130083,0,0,1,1,1,1
0.558159125,0,0,1,0,0,0
0.558328333,0,0,1,1,1,1
0.558357375,0,0,1,0,0,0
0.558526583,0,0,1,1,1,1
0.558555625,0,0,1,0,0,0
0.558724875,0,0,1,1,1,1
0.558753917,0,0,1,0,0,0
0.558923125,0,0,1,1,1,1
0.558952167,0,0,1,0,0,0
0.559121417,0,0,1,1,1,1
0.559150458,0,0,1,0,0,0
0.559319667,0,0,1,1,1,1
0.559348708,0,0,1,0,0,0
0.559517875,0,0,1,1,1,1
0.559546917,0,0,1,0,0,0
0.559716125,0,0,1,1,1,1
0.559745125,0,0,1,0,0,0
0.559914333,0,0,1,1,1,1
0.559943375,0,0,1,0,0,0
0.560112583,0,0,1,1,1,1
0.560141583,0,0,1,0,0,0
0.560310792,0,0,1,1,1,1
0.560339833,0,0,1,0,0,0
0.560509000,0,0,1,1,1,1
0.560538000,0,0,1,0,0,0
0.560707167,0,0,1,1,1,1
0.560736208,0,0,1,0,0,0
0.560905375,0,0,1,1,1,1
0.560934375,0,0,1,0,0,0
0.561103542,0,0,1,1,1,1
0.561132583,0,0,1,0,0,0
0.561301750,0,0,1,1,1,1
0.561330792,0,0,1,0,0,0
0.561500000,0,0,1,1,1,1
0.561529042,0,0,1,0,0,0
0.561698250,0,0,1,1,1,1
0.561727292,0,0,1,0,0,0
0.561896458,0,0,1,0,1,0
0.561896500,0,0,1,1,1,1
0.561925500,0,0,1,0,0,0
0.562094708,0,0,1,1,1,1
0.562123750,0,0,1,0,0,0
0.562293042,0,0,1,1,1,1
0.562322083,0,0,1,0,0,0
0.562491333,0,0,1,1,1,1
0.562520375,0,0,1,0,0,0
0.562689625,0,0,1,0,1,1
0.562689667,0,0,1,1,1,1
0.562718708,0,0,1,0,0,0
0.562887958,0,0,1,0,1,0
0.562888000,0,0,1,1,1,1
0.562917042,0,0,1,0,0,0
0.563086292,0,0,1,1,1,1
0.563115333,0,0,1,0,0,0
0.563284625,0,0,1,1,1,1
0.563313667,0,0,1,0,0,0
0.563482917,0,0,1,1,1,1
0.563511958,0,0,1,0,0,0
0.563681250,0,0,1,1,1,1
0.563710292,0,0,1,0,0,0
0.563879625,0,0,1,1,1,1
0.563908667,0,0,1,0,0,0
0.564077958,0,0,1,1,1,1
0.564107000,0,0,1,0,0,0
0.564276292,0,0,1,1,1,1
0.564305333,0,0,1,0,0,0
0.564474583,0,0,1,0,1,1
0.564474625,0,0,1,1,1,1
0.564503667,0,0,1,0,0,0
0.564672917,0,0,1,1,1,1
0.564701958,0,0,1,0,0,0
0.564871208,0,0,1,1,1,1
0.564900250,0,0,1,0,0,0
0.565069542,0,0,1,1,1,1
0.565098583,0,0,1,0,0,0
0.565267875,0,0,1,1,1,1
0.565296917,0,0,1,0,0,0
0.565466167,0,0,1,1,1,1
0.565495208,0,0,1,0,0,0
0.565664458,0,0,1,1,1,1
0.565693500,0,0,1,0,0,0
0.565862750,0,0,1,1,1,1
0.565891792,0,0,1,0,0,0
0.566061042,0,0,1,1,1,1
0.566090083,0,0,1,0,0,0
0.566259333,0,0,1,1,1,1
0.566288375,0,0,1,0,0,0
0.566457625,0,0,1,1,1,1
0.566486667,0,0,1,0,0,0
0.566655917,0,0,1,1,1,1
0.566684958,0,0,1,0,0,0
0.566854208,0,0,1,1,1,1
0.566883250,0,0,1,0,0,0
0.567052458,0,0,1,1,1,1
0.567081500,0,0,1,0,0,0
0.567250750,0,0,1,1,1,1
0.567279750,0,0,1,0,0,0
0.567448958,0,0,1,1,1,1
0.567477958,0,0,1,1,0,1
0.567478000,0,0,1,0,0,0
0.567647208,0,0,1,1,1,1
0.567676250,0,0,1,0,0,0
0.567845458,0,0,1,1,1,1
0.567874500,0,0,1,0,0,0
0.568043708,0,0,1,1,1,1
0.568072750,0,0,1,0,0,0
0.568242000,0,0,1,1,1,1
0.568271042,0,0,1,0,0,0
0.568440292,0,0,1,1,1,1
0.568469333,0,0,1,0,0,0
0.568638583,0,0,1,1,1,1
0.568667625,0,0,1,0,0,0
0.568836917,0,0,1,1,1,1
0.568865958,0,0,1,0,0,0
0.569035250,0,0,1,1,1,1
0.569064292,0,0,1,0,0,0
0.569233583,0,0,1,1,1,1
0.569262625,0,0,1,0,0,0
0.569431875,0,0,1,1,1,1
0.569460917,0,0,1,0,0,0
0.569630167,0,0,1,1,1,1
0.569659208,0,0,1,0,0,0
0.569828458,0,0,1,1,1,1
0.569857500,0,0,1,0,0,0
0.570026708,0,0,1,1,1,1
0.570055750,0,0,1,0,0,0
0.570225000,0,0,1,1,1,1
0.570254042,0,0,1,0,0,0
0.570423333,0,0,1,1,1,1
0.570452417,0,0,1,0,0,0
0.570621708,0,0,1,1,1,1
0.570650750,0,0,1,0,0,0
0.570820042,0,0,1,1,1,1
0.570849083,0,0,1,0,0,0
0.571018417,0,0,1,1,1,1
0.571047458,0,0,1,0,0,0
0.571216750,0,0,1,1,1,1
0.571245792,0,0,1,0,0,0
0.571415083,0,0,1,1,1,1
0.571444125,0,0,1,0,0,0
0.571613417,0,0,1,1,1,1
0.571642458,0,0,1,1,0,1
0.571642500,0,0,1,0,0,0
0.571811750,0,0,1,1,1,1
0.571840792,0,0,1,0,0,0
0.572010083,0,0,1,1,1,1
0.572039125,0,0,1,0,0,0
0.572208375,0,0,1,1,1,1
0.572237417,0,0,1,0,0,0
0.572406708,0,0,1,1,1,1
0.572435750,0,0,1,0,0,0
0.572605042,0,0,1,1,1,1
0.572634083,0,0,1,0,0,0
0.572803333,0,0,1,1,1,1
0.572832375,0,0,1,0,0,0
0.573001583,0,0,1,1,1,1
0.573030625,0,0,1,0,0,0
0.573199833,0,0,1,1,1,1
0.573228875,0,0,1,0,0,0
0.573398125,0,0,1,1,1,1
0.573427167,0,0,1,0,0,0
0.573596458,0,0,1,1,1,1
0.573625542,0,0,1,0,0,0
0.573794833,0,0,1,1,1,1
0.573823875,0,0,1,0,0,0
0.573993125,0,0,1,1,1,1
0.574022167,0,0,1,0,0,0
0.574191417,0,0,1,1,1,1
0.574220458,0,0,1,0,0,0
0.574389708,0,0,1,1,1,1
0.574418750,0,0,1,0,0,0
0.574588000,0,0,1,1,1,1
0.574617042,0,0,1,0,0,0
0.574786250,0,0,1,1,1,1
0.574815292,0,0,1,0,0,0
0.574984542,0,0,1,1,1,1
0.575013583,0,0,1,0,0,0
0.575182833,0,0,1,1,1,1
0.575211875,0,0,1,0,0,0
0.575381083,0,0,1,1,1,1
0.575410125,0,0,1,0,0,0
0.575579333,0,0,1,1,1,1
0.575608375,0,0,1,0,0,0
0.575777625,0,0,1,1,1,1
0.575806667,0,0,1,0,0,0
0.575975917,0,0,1,1,1,1
0.576004958,0,0,1,0,0,0
0.576174250,0,0,1,1,1,1
0.576203292,0,0,1,0,0,0
0.576372542,0,0,1,1,1,1
0.576401625,0,0,1,0,0,0
0.576570875,0,0,1,1,1,1
0.576599917,0,0,1,0,0,0
0.576769167,0,0,1,1,1,1
0.576798208,0,0,1,0,0,0
0.576967500,0,0,1,1,1,1
0.576996542,0,0,1,0,0,0
0.577165833,0,0,1,1,1,1
0.577194875,0,0,1,0,0,0
0.577364125,0,0,1,1,1,1
0.577393167,0,0,1,0,0,0
0.577562458,0,0,1,1,1,1
0.577591500,0,0,1,0,0,0
0.577760750,0,0,1,1,1,1
0.577789792,0,0,1,0,0,0
0.577959042,0,0,1,1,1,1
0.577988083,0,0,1,0,0,0
0.578157333,0,0,1,1,1,1
0.578186417,0,0,1,0,0,0
0.578355667,0,0,1,1,1,1
0.578384708,0,0,1,0,0,0
0.578553917,0,0,1,1,1,1
0.578582958,0,0,1,0,0,0
0.578752250,0,0,1,1,1,1
0.578781292,0,0,1,0,0,0
0.578950542,0,0,1,1,1,1
0.578979583,0,0,1,0,0,0
0.579148833,0,0,1,1,1,1
0.579177917,0,0,1,0,0,0
0.579347125,0,0,1,1,1,1
0.579376167,0,0,1,0,0,0
0.579545458,0,0,1,1,1,1
0.579574500,0,0,1,0,0,0
0.579743792,0,0,1,1,1,1
0.579772833,0,0,1,0,0,0
0.579942083,0,0,1,1,1,1
0.579971125,0,0,1,0,0,0
0.580140333,0,0,1,1,1,1
0.580169375,0,0,1,0,0,0
0.580338625,0,0,1,1,1,1
0.580367667,0,0,1,0,0,0
0.580536917,0,0,1,1,1,1
0.580565958,0,0,1,0,0,0
0.580735208,0,0,1,1,1,1
0.580764250,0,0,1,0,0,0
0.580933500,0,0,1,1,1,1
0.580962583,0,0,1,0,0,0
0.581131833,0,0,1,1,1,1
0.581160875,0,0,1,0,0,0
0.581330125,0,0,1,1,1,1
0.581359167,0,0,1,0,0,0
0.581528417,0,0,1,1,1,1
0.581557458,0,0,1,0,0,0
0.581726708,0,0,1,1,1,1
0.581755750,0,0,1,0,0,0
0.581925042,0,0,1,1,1,1
0.581954083,0,0,1,0,0,0
0.582123375,0,0,1,1,1,1
0.582152458,0,0,1,0,0,0
0.582321708,0,0,1,1,1,1
0.582350792,0,0,1,0,0,0
0.582520042,0,0,1,1,1,1
0.582549083,0,0,1,0,0,0
0.582718375,0,0,1,1,1,1
0.582747417,0,0,1,0,0,0
0.582916750,0,0,1,1,1,1
0.582945792,0,0,1,0,0,0
0.583115042,0,0,1,1,1,1
0.583144083,0,0,1,0,0,0
0.583313333,0,0,1,1,1,1
0.583342375,0,0,1,0,0,0
0.583511625,0,0,1,1,1,1
0.583540667,0,0,1,0,0,0
0.583709917,0,0,1,0,1,1
0.583709958,0,0,1,1,1,1
0.583739000,0,0,1,0,0,0
0.583908250,0,0,1,1,1,1
0.583937292,0,0,1,0,0,0
0.584106583,0,0,1,1,1,1
0.584135625,0,0,1,0,0,0
0.584304833,0,0,1,1,1,1
0.584333875,0,0,1,0,0,0
0.584503125,0,0,1,1,1,1
0.584532167,0,0,1,0,0,0
0.584701500,0,0,1,1,1,1
0.584730542,0,0,1,0,0,0
0.584899833,0,0,1,1,1,1
0.584928875,0,0,1,0,0,0
0.585098208,0,0,1,1,1,1
0.585127250,0,0,1,0,0,0
0.585296542,0,0,1,1,1,1
0.585325583,0,0,1,0,0,0
0.585494875,0,0,1,1,1,1
0.585523917,0,0,1,0,0,0
0.585693250,0,0,1,1,1,1
0.585722292,0,0,1,0,0,0
0.585891542,0,0,1,1,1,1
0.585920625,0,0,1,0,0,0
0.586089917,0,0,1,1,1,1
0.586118958,0,0,1,0,0,0
0.586288208,0,0,1,1,1,1
0.586317292,0,0,1,0,0,0
0.586486542,0,0,1,1,1,1
0.586515583,0,0,1,0,0,0
0.586684875,0,0,1,1,1,1
0.586713917,0,0,1,0,0,0
0.586883167,0,0,1,1,1,1
0.586912208,0,0,1,0,0,0
0.587081542,0,0,1,1,1,1
0.587110583,0,0,1,0,0,0
0.587279875,0,0,1,1,1,1
0.587308958,0,0,1,0,0,0
0.587478250,0,0,1,1,1,1
0.587507292,0,0,1,0,0,0
0.587676583,0,0,1,1,1,1
0.587705625,0,0,1,0,0,0
0.587874875,0,0,1,1,1,1
0.587903917,0,0,1,0,0,0
0.588073208,0,0,1,1,1,1
0.588102250,0,0,1,0,0,0
0.588271500,0,0,1,1,1,1
0.588300583,0,0,1,0,0,0
0.588469875,0,0,1,1,1,1
0.588498917,0,0,1,0,0,0
0.588668250,0,0,1,1,1,1
0.588697292,0,0,1,1,0,0
0.588697333,0,0,1,0,0,0
0.588866583,0,0,1,1,1,1
0.588895667,0,0,1,0,0,0
0.589064917,0,0,1,1,1,1
0.589093958,0,0,1,0,0,0
0.589263250,0,0,1,1,1,1
0.589292292,0,0,1,0,0,0
0.589461583,0,0,1,1,1,1
0.589490625,0,0,1,0,0,0
0.589659958,0,0,1,1,1,1
0.589689000,0,0,1,0,0,0
0.589858292,0,0,1,0,1,1
0.589858333,0,0,1,1,1,1
0.589887375,0,0,1,0,0,0
0.590056667,0,0,1,1,1,1
0.590085750,0,0,1,0,0,0
0.590255042,0,0,1,1,1,1
0.590284083,0,0,1,0,0,0
0.590453333,0,0,1,1,1,1
0.590482375,0,0,1,0,0,0
0.590651667,0,0,1,1,1,1
0.590680708,0,0,1,0,0,0
0.590849958,0,0,1,1,1,1
0.590879000,0,0,1,0,0,0
0.591048208,0,0,1,1,1,1
0.591077250,0,0,1,0,0,0
0.591246500,0,0,1,1,1,1
0.591275542,0,0,1,0,0,0
0.591444750,0,0,1,1,1,1
0.591473792,0,0,1,0,0,0
0.591643000,0,0,1,1,1,1
0.591672042,0,0,1,0,0,0
0.591841250,0,0,1,1,1,1
0.591870292,0,0,1,0,0,0
0.592039542,0,0,1,1,1,1
0.592068583,0,0,1,0,0,0
0.592237833,0,0,1,1,1,1
0.592266875,0,0,1,0,0,0
0.592436083,0,0,1,1,1,1
0.592465125,0,0,1,0,0,0
0.592634375,0,0,1,1,1,1
0.592663417,0,0,1,0,0,0
0.592832625,0,0,1,1,1,1
0.592861667,0,0,1,0,0,0
0.593030875,0,0,1,1,1,1
0.593059917,0,0,1,0,0,0
0.593229167,0,0,1,1,1,1
0.593258208,0,0,1,0,0,0
0.593427458,0,0,1,1,1,1
0.593456500,0,0,1,0,0,0
0.593625750,0,0,1,1,1,1
0.593654792,0,0,1,0,0,0
0.593824000,0,0,1,1,1,1
0.593853042,0,0,1,0,0,0
0.594022250,0,0,1,1,1,1
0.594051292,0,0,1,0,0,0
0.594220500,0,0,1,1,1,1
0.594249542,0,0,1,0,0,0
0.594418750,0,0,1,1,1,1
0.594447792,0,0,1,0,0,0
0.594617000,0,0,1,1,1,1
0.594646042,0,0,1,0,0,0
0.594815250,0,0,1,1,1,1
0.594844292,0,0,1,0,0,0
0.595013458,0,0,1,1,1,1
0.595042500,0,0,1,0,0,0
0.595211750,0,0,1,1,1,1
0.595240792,0,0,1,0,0,0
0.595410000,0,0,1,1,1,1
0.595439042,0,0,1,0,0,0
0.595608292,0,0,1,1,1,1
0.595637333,0,0,1,0,0,0
0.595806583,0,0,1,1,1,1
0.595835625,0,0,1,0,0,0
0.596004917,0,0,1,1,1,1
0.596033958,0,0,1,0,0,0
0.596203208,0,0,1,1,1,1
0.596232292,0,0,1,0,0,0
0.596401542,0,0,1,1,1,1
0.596430625,0,0,1,0,0,0
0.596599917,0,0,1,1,1,1
0.596628958,0,0,1,0,0,0
0.596798250,0,0,1,1,1,1
0.596827292,0,0,1,0,0,0
0.596996583,0,0,1,1,1,1
0.597025625,0,0,1,0,0,0
0.597194917,0,0,1,1,1,1
0.597223958,0,0,1,0,0,0
0.597393208,0,0,1,1,1,1
0.597422292,0,0,1,0,0,0
0.597591583,0,0,1,1,1,1
0.597620625,0,0,1,0,0,0
0.597789875,0,0,1,1,1,1
0.597818958,0,0,1,0,0,0
0.597988208,0,0,1,1,1,1
0.598017250,0,0,1,0,0,0
0.598186500,0,0,1,1,1,1
0.598215542,0,0,1,0,0,0
0.598384792,0,0,1,1,1,1
0.598413833,0,0,1,0,0,0
0.598583083,0,0,1,1,1,1
0.598612083,0,0,1,0,0,0
0.598781375,0,0,1,1,1,1
0.598810417,0,0,1,0,0,0
0.598979667,0,0,1,1,1,1
0.599008708,0,0,1,0,0,0
0.599177958,0,0,1,1,1,1
0.599207000,0,0,1,0,0,0
0.599376292,0,0,1,1,1,1
0.599405333,0,0,1,0,0,0
0.599574542,0,0,1,1,1,1
0.599603583,0,0,1,0,0,0
0.599772833,0,0,1,1,1,1
0.599801875,0,0,1,0,0,0
0.599971125,0,0,1,1,1,1
0.600000167,0,0,1,0,0,0
0.600169417,0,0,1,1,1,1
0.600198458,0,0,1,0,0,0
0.600367708,0,0,1,1,1,1
0.600396750,0,0,1,0,0,0
0.600566042,0,0,1,1,1,1
0.600595083,0,0,1,0,0,0
0.600764333,0,0,1,1,1,1
0.600793375,0,0,1,0,0,0
0.600962667,0,0,1,1,1,1
0.600991708,0,0,1,0,0,0
0.601160958,0,0,1,1,1,1
0.601190000,0,0,1,0,0,0
0.601359292,0,0,1,1,1,1
0.601388333,0,0,1,0,0,0
0.601557583,0,0,1,1,1,1
0.601586625,0,0,1,0,0,0
0.601755875,0,0,1,1,1,1
0.601784917,0,0,1,0,0,0
0.601954167,0,0,1,1,1,1
0.601983208,0,0,1,0,0,0
0.602152500,0,0,1,1,1,1
0.602181542,0,0,1,0,0,0
0.602350792,0,0,1,1,1,1
0.602379833,0,0,1,0,0,0
0.602549125,0,0,1,1,1,1
0.602578167,0,0,1,0,0,0
0.602747500,0,0,1,1,1,1
0.602776542,0,0,1,0,0,0
0.602945833,0,0,1,0,1,1
0.602945875,0,0,1,1,1,1
0.602974917,0,0,1,0,0,0
0.603144208,0,0,1,1,1,1
0.603173250,0,0,1,0,0,0
0.603342583,0,0,1,1,1,1
0.603371625,0,0,1,0,0,0
0.603540958,0,0,1,1,1,1
0.603570042,0,0,1,0,0,0
0.603739333,0,0,1,1,1,1
0.603768417,0,0,1,0,0,0
0.603937708,0,0,1,1,1,1
0.603966750,0,0,1,0,0,0
0.604136000,0,0,1,1,1,1
0.604165042,0,0,1,0,0,0
0.604334292,0,0,1,1,1,1
0.604363333,0,0,1,0,0,0
0.604532583,0,0,1,1,1,1
0.604561583,0,0,1,0,0,0
0.604730833,0,0,1,1,1,1
0.604759875,0,0,1,0,0,0
0.604929083,0,0,1,1,1,1
0.604958125,0,0,1,0,0,0
0.605127417,0,0,1,1,1,1
0.605156458,0,0,1,0,0,0
0.605325792,0,0,1,1,1,1
0.605354833,0,0,1,0,0,0
0.605524125,0,0,1,1,1,1
0.605553167,0,0,1,0,0,0
0.605722458,0,0,1,1,1,1
0.605751500,0,0,1,0,0,0
0.605920792,0,0,1,1,1,1
0.605949833,0,0,1,0,0,0
0.606119125,0,0,1,1,1,1
0.606148167,0,0,1,0,0,0
0.606317458,0,0,1,1,1,1
0.606346500,0,0,1,0,0,0
0.606515750,0,0,1,1,1,1
0.606544833,0,0,1,0,0,0
0.606714083,0,0,1,1,1,1
0.606743125,0,0,1,0,0,0
0.606912417,0,0,1,1,1,1
0.606941458,0,0,1,0,0,0
0.607110750,0,0,1,1,1,1
0.607139792,0,0,1,0,0,0
0.607309042,0,0,1,1,1,1
0.607338125,0,0,1,0,0,0
0.607507375,0,0,1,1,1,1
0.607536458,0,0,1,0,0,0
0.607705750,0,0,1,1,1,1
0.607734792,0,0,1,0,0,0
0.607904083,0,0,1,1,1,1
0.607933125,0,0,1,0,0,0
0.608102375,0,0,1,1,1,1
0.608131458,0,0,1,0,0,0
0.608300750,0,0,1,1,1,1
0.608329792,0,0,1,0,0,0
0.608499042,0,0,1,1,1,1
0.608528083,0,0,1,0,0,0
0.608697375,0,0,1,1,1,1
0.608726417,0,0,1,0,0,0
0.608895708,0,0,1,1,1,1
0.608924792,0,0,1,0,0,0
0.609094083,0,0,1,1,1,1
0.609123125,0,0,1,0,0,0
0.609292375,0,0,1,1,1,1
0.609321417,0,0,1,0,0,0
0.609490667,0,0,1,1,1,1
0.609519708,0,0,1,0,0,0
0.609688958,0,0,1,1,1,1
0.609718000,0,0,1,0,0,0
0.609887292,0,0,1,1,1,1
0.609916333,0,0,1,0,0,0
0.610085625,0,0,1,1,1,1
0.610114667,0,0,1,0,0,0
0.610284000,0,0,1,1,1,1
0.610313042,0,0,1,0,0,0
0.610482375,0,0,1,1,1,1
0.610511458,0,0,1,0,0,0
0.610680792,0,0,1,1,1,1
0.610709833,0,0,1,0,0,0
0.610879167,0,0,1,1,1,1
0.610908208,0,0,1,0,0,0
0.611077542,0,0,1,1,1,1
0.611106583,0,0,1,0,0,0
0.611275917,0,0,1,1,1,1
0.611304958,0,0,1,0,0,0
0.611474250,0,0,1,1,1,1
0.611503292,0,0,1,0,0,0
0.611672625,0,0,1,1,1,1
0.611701667,0,0,1,0,0,0
0.611870917,0,0,1,1,1,1
0.611899958,0,0,1,0,0,0
0.612069208,0,0,1,1,1,1
0.612098250,0,0,1,0,0,0
0.612267500,0,0,1,1,1,1
0.612296542,0,0,1,0,0,0
0.612465833,0,0,1,1,1,1
0.612494875,0,0,1,0,0,0
0.612664208,0,0,1,1,1,1
0.612693250,0,0,1,0,0,0
0.612862500,0,0,1,1,1,1
0.612891542,0,0,1,0,0,0
0.613060833,0,0,1,1,1,1
0.613089875,0,0,1,0,0,0
0.613259167,0,0,1,1,1,1
0.613288208,0,0,1,0,0,0
0.613457542,0,0,1,1,1,1
0.613486583,0,0,1,0,0,0
0.613655875,0,0,1,1,1,1
0.613684958,0,0,1,0,0,0
0.613854208,0,0,1,1,1,1
0.613883292,0,0,1,0,0,0
0.614052583,0,0,1,1,1,1
0.614081625,0,0,1,0,0,0
0.614250958,0,0,1,1,1,1
0.614280000,0,0,1,0,0,0
0.614449333,0,0,1,1,1,1
0.614478375,0,0,1,0,0,0
0.614647708,0,0,1,1,1,1
0.614676750,0,0,1,0,0,0
0.614846083,0,0,1,1,1,1
0.614875167,0,0,1,0,0,0
0.615044458,0,0,1,1,1,1
0.615073542,0,0,1,0,0,0
0.615242833,0,0,1,1,1,1
0.615271917,0,0,1,0,0,0
0.615441250,0,0,1,1,1,1
0.615470292,0,0,1,0,0,0
0.615639625,0,0,1,1,1,1
0.615668708,0,0,1,0,0,0
0.615838000,0,0,1,1,1,1
0.615867042,0,0,1,0,0,0
0.616036375,0,0,1,1,1,1
0.616065458,0,0,1,0,0,0
0.616234792,0,0,1,1,1,1
0.616263833,0,0,1,0,0,0
0.616433167,0,0,1,1,1,1
0.616462208,0,0,1,0,0,0
0.616631542,0,0,1,1,1,1
0.616660625,0,0,1,0,0,0
0.616829917,0,0,1,1,1,1
0.616858958,0,0,1,0,0,0
0.617028250,0,0,1,1,1,1
0.617057292,0,0,1,0,0,0
0.617226625,0,0,1,1,1,1
0.617255667,0,0,1,0,0,0
0.617425000,0,0,1,1,1,1
0.617454042,0,0,1,0,0,0
0.617623333,0,0,1,1,1,1
0.617652375,0,0,1,0,0,0
0.617821708,0,0,1,1,1,1
0.617850750,0,0,1,0,0,0
0.618020042,0,0,1,1,1,1
0.618049083,0,0,1,0,0,0
0.618218417,0,0,1,1,1,1
0.618247458,0,0,1,0,0,0
0.618416792,0,0,1,1,1,1
0.618445833,0,0,1,0,0,0
0.618615167,0,0,1,1,1,1
0.618644208,0,0,1,0,0,0
0.618666667,0,0,1,0,0,0
