@FOC:t=193816:run_id=UNSET:map_id=M0:map_crc32=B5A3A0AA:I1=0:I2=0:Ires=0:Id=0:Iq=0:Id_ref=2000:Iq_ref=0:VBUS=0:STATE=0:SPD=0:TH=0:sector=0:window=0:CCR1=500:CCR2=500:CCR3=500:ADC_STATUS=2:FAULT=0:FAULT_R=0:FAIL=0:RUN=0:em_stop1=1:em_stop2=1
@FOC:t=193916:run_id=UNSET:map_id=M0:map_crc32=B5A3A0AA:I1=0:I2=0:Ires=0:Id=0:Iq=0:Id_ref=2000:Iq_ref=0:VBUS=0:STATE=0:SPD=0:TH=0:sector=0:window=0:CCR1=500:CCR2=500:CCR3=500:ADC_STATUS=2:FAULT=0:FAULT_R=0:FAIL=0:RUN=0:em_stop1=1:em_stop2=1
@FOC:t=194016:run_id=UNSET:map_id=M0:map_crc32=B5A3A0AA:I1=0:I2=0:Ires=0:Id=0:Iq=0:Id_ref=2000:Iq_ref=0:VBUS=0:STATE=0:SPD=0:TH=0:sector=0:window=0:CCR1=500:CCR2=500:CCR3=500:ADC_STATUS=2:FAULT=0:FAULT_R=0:FAIL=0:RUN=0:em_stop1=1:em_stop2=1
@FOC:t=194116:run_id=UNSET:map_id=M0:map_crc32=B5A3A0AA:I1=0:I2=0:Ires=0:Id=0:Iq=0:Id_ref=2000:Iq_ref=0:VBUS=0:STATE=0:SPD=0:TH=0:sector=0:window=0:CCR1=500:CCR2=500:CCR3=500:ADC_STATUS=2:FAULT=0:FAULT_R=0:FAIL=0:RUN=0:em_stop1=1:em_stop2=1
@FOC:t=194216:run_id=UNSET:map_id=M0:map_crc32=B5A3A0AA:I1=0:I2=0:Ires=0:Id=0:Iq=0:Id_ref=2000:Iq_ref=0:VBUS=0:STATE=0:SPD=0:TH=0:sector=0:window=0:CCR1=500:CCR2=500:CCR3=500:ADC_STATUS=2:FAULT=0:FAULT_R=0:FAIL=0:RUN=0:em_stop1=1:em_stop2=1
@BRK:RESET:rc=0
> @FOC:t=194316:run_id=UNSET:map_id=M0:map_crc32=B5A3A0AA:I1=0:I2=0:Ires=0:Id=0:Iq=0:Id_ref=2000:Iq_ref=0:VBUS=0:STATE=0:SPD=0:TH=0:sector=0:window=0:CCR1=500:CCR2=500:CCR3=500:ADC_STATUS=2:FAULT=0:FAULT_R=0:FAIL=0:RUN=0:em_stop1=1:em_stop2=1
@FOC:t=194416:run_id=UNSET:map_id=M0:map_crc32=B5A3A0AA:I1=0:I2=0:Ires=0:Id=0:Iq=0:Id_ref=2000:Iq_ref=0:VBUS=0:STATE=0:SPD=0:TH=0:sector=0:window=0:CCR1=500:CCR2=500:CCR3=500:ADC_STATUS=2:FAULT=0:FAULT_R=0:FAIL=0:RUN=0:em_stop1=1:em_stop2=1
@FAULT:CLEAR:STATUS=1:em_stop1=1:em_stop2=1
> no latched fault was active
> @FOC:t=194516:run_id=UNSET:map_id=M0:map_crc32=B5A3A0AA:I1=0:I2=0:Ires=0:Id=0:Iq=0:Id_ref=2000:Iq_ref=0:VBUS=0:STATE=0:SPD=0:TH=0:sector=0:window=0:CCR1=500:CCR2=500:CCR3=500:ADC_STATUS=2:FAULT=0:FAULT_R=0:FAIL=0:RUN=0:em_stop1=1:em_stop2=1
@FOC:t=194616:run_id=UNSET:map_id=M0:map_crc32=B5A3A0AA:I1=0:I2=0:Ires=0:Id=0:Iq=0:Id_ref=2000:Iq_ref=0:VBUS=0:STATE=0:SPD=0:TH=0:sector=0:window=0:CCR1=500:CCR2=500:CCR3=500:ADC_STATUS=2:FAULT=0:FAULT_R=0:FAIL=0:RUN=0:em_stop1=1:em_stop2=1
@FOC:t=194716:run_id=UNSET:map_id=M0:map_crc32=B5A3A0AA:I1=0:I2=0:Ires=0:Id=0:Iq=0:Id_ref=2000:Iq_ref=0:VBUS=0:STATE=0:SPD=0:TH=0:sector=0:window=0:CCR1=500:CCR2=500:CCR3=500:ADC_STATUS=2:FAULT=0:FAULT_R=0:FAIL=0:RUN=0:em_stop1=1:em_stop2=1
V/f started: 80 rpm
@TRIG:tick=194750
> @VFLOG:t=194790:target=80:meas=1:fe=2:fslip=0:vmag=19:theta=343597360:du=56:dv=52:dw=41:i1=2050:i2=2069:ires=51:vbus=603:eangle=6370:espeed=1:eerr=0:fault=0:drp=0:sd1=1:sd2=1
@VF:target=80:meas=0:fe=2:fslip=0:vmag=19:em_stop1=1:em_stop2=1
@VFLOG:t=194830:target=80:meas=0:fe=2:fslip=0:vmag=19:theta=687194720:du=59:dv=47:dw=45:i1=2038:i2=2099:ires=121:vbus=609:eangle=6370:espeed=0:eerr=0:fault=0:drp=0:sd1=1:sd2=1
@VFLOG:t=194870:target=80:meas=3:fe=2:fslip=0:vmag=19:theta=1030792080:du=58:dv=43:dw=50:i1=2043:i2=2088:ires=95:vbus=609:eangle=6370:espeed=3:eerr=0:fault=0:drp=0:sd1=1:sd2=1
@VFLOG:t=194910:target=80:meas=-1:fe=2:fslip=0:vmag=19:theta=1374389440:du=55:dv=41:dw=53:i1=2050:i2=2074:ires=52:vbus=601:eangle=6352:espeed=-1:eerr=0:fault=0:drp=0:sd1=1:sd2=1
@VF:target=80:meas=-1:fe=2:fslip=0:vmag=19:em_stop1=1:em_stop2=1
@VFLOG:t=194950:target=80:meas=-2:fe=2:fslip=0:vmag=19:theta=1717986800:du=52:dv=41:dw=56:i1=2050:i2=2071:ires=50:vbus=604:eangle=6333:espeed=-2:eerr=0:fault=0:drp=0:sd1=1:sd2=1
@VFLOG:t=194990:target=80:meas=-3:fe=2:fslip=0:vmag=19:theta=2061584160:du=50:dv=42:dw=57:i1=2047:i2=2077:ires=74:vbus=604:eangle=6315:espeed=-3:eerr=0:fault=0:drp=0:sd1=1:sd2=1
@VF:target=80:meas=-5:fe=2:fslip=0:vmag=19:em_stop1=1:em_stop2=1
@VFLOG:t=195030:target=80:meas=-3:fe=2:fslip=0:vmag=19:theta=2405181520:du=49:dv=43:dw=58:i1=2042:i2=2087:ires=93:vbus=610:eangle=6290:espeed=-3:eerr=0:fault=0:drp=0:sd1=1:sd2=1
@VFLOG:t=195070:target=80:meas=-1:fe=2:fslip=0:vmag=19:theta=2748778880:du=46:dv=45:dw=59:i1=2039:i2=2093:ires=114:vbus=705:eangle=6271:espeed=-1:eerr=0:fault=0:drp=0:sd1=1:sd2=1
@VFLOG:t=195110:target=80:meas=-3:fe=2:fslip=0:vmag=19:theta=3092376240:du=43:dv=49:dw=58:i1=2042:i2=2088:ires=97:vbus=597:eangle=6234:espeed=-3:eerr=0:fault=0:drp=0:sd1=1:sd2=1
@VF:target=80:meas=1:fe=3:fslip=1:vmag=21:em_stop1=1:em_stop2=1
@VFLOG:t=195150:target=80:meas=-6:fe=3:fslip=1:vmag=21:theta=3599182346:du=40:dv=55:dw=54:i1=2054:i2=2056:ires=35:vbus=607:eangle=6198:espeed=-6:eerr=0:fault=0:drp=0:sd1=1:sd2=1
@VFLOG:t=195190:target=80:meas=-7:fe=3:fslip=1:vmag=21:theta=4114578386:du=44:dv=60:dw=46:i1=2042:i2=2090:ires=109:vbus=821:eangle=6161:espeed=-7:eerr=0:fault=0:drp=0:sd1=1:sd2=1
@VF:target=80:meas=-7:fe=3:fslip=1:vmag=21:em_stop1=1:em_stop2=1
@VFLOG:t=195230:target=80:meas=-6:fe=3:fslip=1:vmag=21:theta=335007130:du=53:dv=56:dw=40:i1=2048:i2=2073:ires=67:vbus=606:eangle=6106:espeed=-6:eerr=0:fault=0:drp=0:sd1=1:sd2=1
@VFLOG:t=195270:target=80:meas=-12:fe=3:fslip=1:vmag=21:theta=850403170:du=60:dv=47:dw=44:i1=2039:i2=2095:ires=120:vbus=621:eangle=5996:espeed=-12:eerr=0:fault=0:drp=0:sd1=1:sd2=1
@VFLOG:t=195310:target=80:meas=-12:fe=3:fslip=1:vmag=21:theta=1365799210:du=57:dv=40:dw=52:i1=2047:i2=2082:ires=71:vbus=603:eangle=5885:espeed=-12:eerr=0:fault=0:drp=0:sd1=1:sd2=1
@VF:target=80:meas=-8:fe=3:fslip=1:vmag=21:em_stop1=1:em_stop2=1
@VFLOG:t=195350:target=80:meas=-17:fe=3:fslip=1:vmag=21:theta=1881195250:du=49:dv=42:dw=59:i1=2046:i2=2084:ires=79:vbus=605:eangle=5745:espeed=-17:eerr=0:fault=0:drp=0:sd1=1:sd2=1
@VFLOG:t=195390:target=80:meas=-12:fe=3:fslip=1:vmag=21:theta=2396591290:du=42:dv=49:dw=59:i1=2043:i2=2088:ires=95:vbus=603:eangle=5598:espeed=-12:eerr=0:fault=0:drp=0:sd1=1:sd2=1
@VF:target=80:meas=-16:fe=3:fslip=1:vmag=21:em_stop1=1:em_stop2=1
@VFLOG:t=195430:target=80:meas=-11:fe=3:fslip=1:vmag=21:theta=2911987330:du=40:dv=54:dw=55:i1=2055:i2=2064:ires=33:vbus=606:eangle=5432:espeed=-11:eerr=0:fault=0:drp=0:sd1=1:sd2=1
@VFLOG:t=195470:target=80:meas=-19:fe=4:fslip=2:vmag=23:theta=3534757545:du=41:dv=60:dw=49:i1=2051:i2=2081:ires=78:vbus=601:eangle=5248:espeed=-19:eerr=0:fault=0:drp=0:sd1=1:sd2=1
@VFLOG:t=195510:target=80:meas=-21:fe=4:fslip=2:vmag=23:theta=4221952265:du=49:dv=60:dw=42:i1=2042:i2=2094:ires=114:vbus=597:eangle=5083:espeed=-21:eerr=0:fault=0:drp=0:sd1=1:sd2=1
@VF:target=80:meas=-17:fe=4:fslip=2:vmag=23:em_stop1=1:em_stop2=1
@VFLOG:t=195550:target=80:meas=-21:fe=5:fslip=2:vmag=25:theta=639949491:du=57:dv=55:dw=38:i1=2053:i2=2071:ires=59:vbus=612:eangle=4880:espeed=-21:eerr=0:fault=0:drp=0:sd1=1:sd2=1
@VFLOG:t=195590:target=80:meas=-25:fe=5:fslip=2:vmag=25:theta=1498942891:du=62:dv=43:dw=46:i1=2039:i2=2105:ires=147:vbus=606:eangle=4623:espeed=-25:eerr=0:fault=0:drp=0:sd1=1:sd2=1
@VF:target=80:meas=-20:fe=5:fslip=2:vmag=25:em_stop1=1:em_stop2=1
@VFLOG:t=195630:target=80:meas=-25:fe=5:fslip=2:vmag=25:theta=2357936291:du=52:dv=39:dw=59:i1=2054:i2=2075:ires=53:vbus=609:eangle=4347:espeed=-25:eerr=0:fault=0:drp=0:sd1=1:sd2=1
@VFLOG:t=195670:target=80:meas=-34:fe=5:fslip=2:vmag=25:theta=3216929691:du=39:dv=50:dw=60:i1=2051:i2=2080:ires=67:vbus=606:eangle=3998:espeed=-34:eerr=0:fault=0:drp=0:sd1=1:sd2=1
@VFLOG:t=195710:target=80:meas=-38:fe=5:fslip=2:vmag=25:theta=4075923091:du=44:dv=62:dw=45:i1=2048:i2=2083:ires=94:vbus=602:eangle=3593:espeed=-38:eerr=0:fault=0:drp=0:sd1=1:sd2=1
@VF:target=80:meas=-37:fe=5:fslip=2:vmag=25:em_stop1=1:em_stop2=1
@VFLOG:t=195750:target=80:meas=-48:fe=6:fslip=3:vmag=27:theta=687193832:du=61:dv=50:dw=39:i1=2052:i2=2081:ires=74:vbus=608:eangle=3115:espeed=-48:eerr=0:fault=0:drp=0:sd1=1:sd2=1
@VFLOG:t=195790:target=80:meas=-56:fe=6:fslip=3:vmag=27:theta=1717985912:du=54:dv=37:dw=58:i1=2054:i2=2078:ires=66:vbus=610:eangle=2526:espeed=-56:eerr=0:fault=0:drp=0:sd1=1:sd2=1
@VF:target=80:meas=-64:fe=6:fslip=3:vmag=27:em_stop1=1:em_stop2=1
@VFLOG:t=195830:target=80:meas=-66:fe=6:fslip=3:vmag=27:theta=2748777992:du=37:dv=53:dw=59:i1=2057:i2=2067:ires=40:vbus=610:eangle=1846:espeed=-66:eerr=0:fault=0:drp=0:sd1=1:sd2=1
@VFLOG:t=195870:target=80:meas=-61:fe=6:fslip=3:vmag=27:theta=3779570072:du=47:dv=62:dw=41:i1=2052:i2=2088:ires=103:vbus=602:eangle=1129:espeed=-61:eerr=0:fault=0:drp=0:sd1=1:sd2=1
@VFLOG:t=195910:target=80:meas=-74:fe=7:fslip=4:vmag=29:theta=532574724:du=63:dv=48:dw=40:i1=2046:i2=2097:ires=123:vbus=599:eangle=374:espeed=-74:eerr=0:fault=0:drp=0:sd1=1:sd2=1
@VF:target=80:meas=-69:fe=7:fslip=4:vmag=29:em_stop1=1:em_stop2=1
@VFLOG:t=195950:target=80:meas=-65:fe=7:fslip=4:vmag=29:theta=1735165484:du=54:dv=36:dw=59:i1=2055:i2=2079:ires=65:vbus=615:eangle=16026:espeed=-65:eerr=0:fault=0:drp=0:sd1=1:sd2=1
@VFLOG:t=195990:target=80:meas=-63:fe=7:fslip=4:vmag=29:theta=2937756244:du=37:dv=52:dw=61:i1=2059:i2=2069:ires=39:vbus=610:eangle=15290:espeed=-63:eerr=0:fault=0:drp=0:sd1=1:sd2=1
@VF:target=80:meas=-60:fe=7:fslip=4:vmag=29:em_stop1=1:em_stop2=1
@VFLOG:t=196030:target=80:meas=-58:fe=7:fslip=4:vmag=29:theta=4140347004:du=45:dv=64:dw=42:i1=2053:i2=2082:ires=87:vbus=263:eangle=14647:espeed=-58:eerr=0:fault=0:drp=0:sd1=1:sd2=1
@VFLOG:t=196070:target=80:meas=-56:fe=7:fslip=4:vmag=29:theta=1047970468:du=63:dv=49:dw=39:i1=2049:i2=2096:ires=115:vbus=604:eangle=14076:espeed=-56:eerr=0:fault=0:drp=0:sd1=1:sd2=1
@VFLOG:t=196110:target=80:meas=-63:fe=8:fslip=5:vmag=31:theta=2409475007:du=52:dv=36:dw=62:i1=2058:i2=2082:ires=73:vbus=614:eangle=13433:espeed=-63:eerr=0:fault=0:drp=0:sd1=1:sd2=1
@VF:target=80:meas=-64:fe=8:fslip=5:vmag=31:em_stop1=1:em_stop2=1
@VFLOG:t=196150:target=80:meas=-72:fe=8:fslip=5:vmag=31:theta=3783864447:du=36:dv=61:dw=53:i1=2072:i2=2045:ires=0:vbus=619:eangle=12716:espeed=-72:eerr=0:fault=0:drp=0:sd1=1:sd2=1
@VFLOG:t=196190:target=80:meas=-96:fe=8:fslip=5:vmag=31:theta=863286591:du=62:dv=52:dw=36:i1=2056:i2=2074:ires=65:vbus=610:eangle=11759:espeed=-96:eerr=0:fault=0:drp=0:sd1=1:sd2=1
@VF:target=80:meas=-118:fe=8:fslip=5:vmag=31:em_stop1=1:em_stop2=1
@VFLOG:t=196230:target=80:meas=-116:fe=8:fslip=5:vmag=31:theta=2237676031:du=50:dv=37:dw=63:i1=2057:i2=2084:ires=76:vbus=615:eangle=10527:espeed=-116:eerr=0:fault=0:drp=0:sd1=1:sd2=1
@VFLOG:t=196270:target=80:meas=-123:fe=8:fslip=5:vmag=31:theta=3612065471:du=39:dv=64:dw=48:i1=2064:i2=2063:ires=28:vbus=618:eangle=9147:espeed=-123:eerr=0:fault=0:drp=0:sd1=1:sd2=1
@VFLOG:t=196310:target=80:meas=-126:fe=8:fslip=5:vmag=31:theta=691487615:du=65:dv=46:dw=40:i1=2044:i2=2106:ires=145:vbus=603:eangle=7786:espeed=-126:eerr=0:fault=0:drp=0:sd1=1:sd2=1
@VF:target=80:meas=-126:fe=8:fslip=5:vmag=31:em_stop1=1:em_stop2=1
@VFLOG:t=196350:target=80:meas=-92:fe=8:fslip=5:vmag=31:theta=2065877055:du=45:dv=41:dw=65:i1=2049:i2=2090:ires=93:vbus=609:eangle=6683:espeed=-92:eerr=0:fault=0:drp=0:sd1=1:sd2=1
@VFLOG:t=196390:target=80:meas=-88:fe=8:fslip=5:vmag=31:theta=3440266495:du=40:dv=65:dw=46:i1=2064:i2=2068:ires=44:vbus=612:eangle=5763:espeed=-88:eerr=0:fault=0:drp=0:sd1=1:sd2=1
@VF:target=80:meas=-86:fe=8:fslip=5:vmag=31:em_stop1=1:em_stop2=1
@VFLOG:t=196430:target=80:meas=-95:fe=8:fslip=5:vmag=31:theta=519688639:du=64:dv=49:dw=38:i1=2049:i2=2092:ires=128:vbus=606:eangle=4807:espeed=-95:eerr=0:fault=0:drp=0:sd1=1:sd2=1
@VFLOG:t=196470:target=80:meas=-95:fe=8:fslip=5:vmag=31:theta=1894078079:du=52:dv=36:dw=61:i1=2057:i2=2081:ires=65:vbus=614:eangle=3758:espeed=-95:eerr=0:fault=0:drp=0:sd1=1:sd2=1
@VFLOG:t=196510:target=80:meas=-131:fe=8:fslip=5:vmag=31:theta=3268467519:du=35:dv=57:dw=57:i1=2078:i2=2039:ires=0:vbus=622:eangle=2432:espeed=-131:eerr=0:fault=0:drp=0:sd1=1:sd2=1
@VF:target=80:meas=-140:fe=8:fslip=5:vmag=31:em_stop1=1:em_stop2=1
@VFLOG:t=196550:target=80:meas=-135:fe=8:fslip=5:vmag=31:theta=347889663:du=53:dv=61:dw=36:i1=2052:i2=2090:ires=101:vbus=606:eangle=944:espeed=-135:eerr=0:fault=0:drp=0:sd1=1:sd2=1
@VFLOG:t=196590:target=80:meas=-134:fe=8:fslip=5:vmag=31:theta=1722279103:du=63:dv=37:dw=50:i1=2039:i2=2126:ires=197:vbus=603:eangle=15842:espeed=-134:eerr=0:fault=0:drp=0:sd1=1:sd2=1
@VF:target=80:meas=-111:fe=8:fslip=5:vmag=31:em_stop1=1:em_stop2=1
@VFLOG:t=196630:target=80:meas=-96:fe=8:fslip=5:vmag=31:theta=3096668543:du=39:dv=48:dw=64:i1=2056:i2=2077:ires=59:vbus=606:eangle=14683:espeed=-96:eerr=0:fault=0:drp=0:sd1=1:sd2=1
@VFLOG:t=196670:target=80:meas=-87:fe=8:fslip=5:vmag=31:theta=176090687:du=48:dv=64:dw=39:i1=2059:i2=2089:ires=64:vbus=612:eangle=13709:espeed=-87:eerr=0:fault=0:drp=0:sd1=1:sd2=1
@VFLOG:t=196710:target=80:meas=-117:fe=8:fslip=5:vmag=31:theta=1550480127:du=63:dv=38:dw=49:i1=2037:i2=2127:ires=202:vbus=604:eangle=12568:espeed=-117:eerr=0:fault=0:drp=0:sd1=1:sd2=1
@VF:target=80:meas=-112:fe=8:fslip=5:vmag=31:em_stop1=1:em_stop2=1
@VFLOG:t=196750:target=80:meas=-152:fe=8:fslip=5:vmag=31:theta=2924869567:du=36:dv=51:dw=62:i1=2059:i2=2073:ires=47:vbus=609:eangle=11085:espeed=-152:eerr=0:fault=0:drp=0:sd1=1:sd2=1
@VFLOG:t=196790:target=80:meas=-178:fe=8:fslip=5:vmag=31:theta=4291711:du=50:dv=63:dw=37:i1=2055:i2=2087:ires=92:vbus=608:eangle=9155:espeed=-178:eerr=0:fault=0:drp=0:sd1=1:sd2=1
@VF:target=80:meas=-170:fe=8:fslip=5:vmag=31:em_stop1=1:em_stop2=1
@VFLOG:t=196830:target=80:meas=-160:fe=8:fslip=5:vmag=31:theta=1378681151:du=63:dv=38:dw=49:i1=2036:i2=2126:ires=208:vbus=604:eangle=7363:espeed=-160:eerr=0:fault=0:drp=0:sd1=1:sd2=1
@VFLOG:t=196870:target=80:meas=-103:fe=8:fslip=5:vmag=31:theta=2753070591:du=38:dv=48:dw=64:i1=2058:i2=2073:ires=45:vbus=612:eangle=6131:espeed=-103:eerr=0:fault=0:drp=0:sd1=1:sd2=1
@VFLOG:t=196910:target=80:meas=-111:fe=8:fslip=5:vmag=31:theta=4127460031:du=47:dv=64:dw=39:i1=2058:i2=2075:ires=70:vbus=583:eangle=4917:espeed=-111:eerr=0:fault=0:drp=0:sd1=1:sd2=1
@VF:target=80:meas=-117:fe=8:fslip=5:vmag=31:em_stop1=1:em_stop2=1
@VFLOG:t=196950:target=80:meas=-126:fe=8:fslip=5:vmag=31:theta=1206882175:du=65:dv=40:dw=45:i1=2032:i2=2139:ires=238:vbus=542:eangle=3648:espeed=-126:eerr=0:fault=0:drp=0:sd1=1:sd2=1
@VFLOG:t=196990:target=80:meas=-164:fe=8:fslip=5:vmag=31:theta=2581271615:du=41:dv=44:dw=65:i1=2054:i2=2078:ires=67:vbus=621:eangle=1991:espeed=-164:eerr=0:fault=0:drp=0:sd1=1:sd2=1
@VF:target=80:meas=-168:fe=8:fslip=5:vmag=31:em_stop1=1:em_stop2=1
@VFLOG:t=197030:target=80:meas=-160:fe=8:fslip=5:vmag=31:theta=3955661055:du=43:dv=65:dw=42:i1=2062:i2=2061:ires=43:vbus=608:eangle=153:espeed=-160:eerr=0:fault=0:drp=0:sd1=1:sd2=1
@VFLOG:t=197070:target=80:meas=-130:fe=8:fslip=5:vmag=31:theta=1035083199:du=65:dv=44:dw=42:i1=2033:i2=2138:ires=222:vbus=579:eangle=14998:espeed=-130:eerr=0:fault=0:drp=0:sd1=1:sd2=1
@VFLOG:t=197110:target=80:meas=-94:fe=8:fslip=5:vmag=31:theta=2409472639:du=45:dv=41:dw=65:i1=2059:i2=2082:ires=61:vbus=610:eangle=13877:espeed=-94:eerr=0:fault=0:drp=0:sd1=1:sd2=1
@VF:target=80:meas=-97:fe=8:fslip=5:vmag=31:em_stop1=1:em_stop2=1
@VFLOG:t=197150:target=80:meas=-106:fe=8:fslip=5:vmag=31:theta=3783862079:du=40:dv=65:dw=46:i1=2069:i2=2054:ires=7:vbus=613:eangle=12697:espeed=-106:eerr=0:fault=0:drp=0:sd1=1:sd2=1
@VFLOG:t=197190:target=80:meas=-170:fe=8:fslip=5:vmag=31:theta=863284223:du=64:dv=47:dw=39:i1=2040:i2=2117:ires=173:vbus=608:eangle=11085:espeed=-170:eerr=0:fault=0:drp=0:sd1=1:sd2=1
@VF:target=80:meas=-181:fe=8:fslip=5:vmag=31:em_stop1=1:em_stop2=1
@VFLOG:t=197230:target=80:meas=-173:fe=8:fslip=5:vmag=31:theta=2237673663:du=48:dv=38:dw=64:i1=2058:i2=2080:ires=55:vbus=616:eangle=9174:espeed=-173:eerr=0:fault=0:drp=0:sd1=1:sd2=1
@VFLOG:t=197270:target=80:meas=-158:fe=8:fslip=5:vmag=31:theta=3612063103:du=37:dv=63:dw=50:i1=2077:i2=2038:ires=0:vbus=626:eangle=7355:espeed=-158:eerr=0:fault=0:drp=0:sd1=1:sd2=1
@VFLOG:t=197310:target=80:meas=-114:fe=8:fslip=5:vmag=31:theta=691485247:du=63:dv=50:dw=37:i1=2046:i2=2102:ires=132:vbus=607:eangle=6051:espeed=-114:eerr=0:fault=0:drp=0:sd1=1:sd2=1
@VF:target=80:meas=-100:fe=8:fslip=5:vmag=31:em_stop1=1:em_stop2=1
@VFLOG:t=197350:target=80:meas=-111:fe=8:fslip=5:vmag=31:theta=2065874687:du=51:dv=36:dw=62:i1=2057:i2=2083:ires=75:vbus=610:eangle=4857:espeed=-111:eerr=0:fault=0:drp=0:sd1=1:sd2=1
@VFLOG:t=197390:target=80:meas=-134:fe=8:fslip=5:vmag=31:theta=3440264127:du=36:dv=61:dw=53:i1=2081:i2=2025:ires=0:vbus=625:eangle=3497:espeed=-134:eerr=0:fault=0:drp=0:sd1=1:sd2=1
@VF:target=80:meas=-156:fe=8:fslip=5:vmag=31:em_stop1=1:em_stop2=1
@VFLOG:t=197430:target=80:meas=-164:fe=8:fslip=5:vmag=31:theta=519686271:du=60:dv=54:dw=35:i1=2050:i2=2093:ires=108:vbus=609:eangle=1825:espeed=-164:eerr=0:fault=0:drp=0:sd1=1:sd2=1
@VFLOG:t=197470:target=80:meas=-151:fe=8:fslip=5:vmag=31:theta=1894075711:du=55:dv=35:dw=59:i1=2052:i2=2094:ires=104:vbus=612:eangle=16375:espeed=-151:eerr=0:fault=0:drp=0:sd1=1:sd2=1
@VFLOG:t=197510:target=80:meas=-123:fe=8:fslip=5:vmag=31:theta=3268465151:du=35:dv=58:dw=56:i1=2079:i2=2027:ires=0:vbus=623:eangle=14831:espeed=-123:eerr=0:fault=0:drp=0:sd1=1:sd2=1
@VF:target=80:meas=-122:fe=8:fslip=5:vmag=31:em_stop1=1:em_stop2=1
@VFLOG:t=197550:target=80:meas=-97:fe=8:fslip=5:vmag=31:theta=347887295:du=57:dv=57:dw=35:i1=2051:i2=2086:ires=92:vbus=607:eangle=13745:espeed=-97:eerr=0:fault=0:drp=0:sd1=1:sd2=1
@VFLOG:t=197590:target=80:meas=-122:fe=8:fslip=5:vmag=31:theta=1722276735:du=59:dv=35:dw=56:i1=2050:i2=2109:ires=134:vbus=609:eangle=12476:espeed=-122:eerr=0:fault=0:drp=0:sd1=1:sd2=1
@VF:target=80:meas=-146:fe=8:fslip=5:vmag=31:em_stop1=1:em_stop2=1
@VFLOG:t=197630:target=80:meas=-169:fe=8:fslip=5:vmag=31:theta=3096666175:du=35:dv=55:dw=60:i1=2074:i2=2041:ires=0:vbus=616:eangle=10846:espeed=-169:eerr=0:fault=0:drp=0:sd1=1:sd2=1
@VFLOG:t=197670:target=80:meas=-168:fe=8:fslip=5:vmag=31:theta=176088319:du=53:dv=61:dw=36:i1=2052:i2=2089:ires=101:vbus=609:eangle=8890:espeed=-168:eerr=0:fault=0:drp=0:sd1=1:sd2=1
@VFLOG:t=197710:target=80:meas=-147:fe=8:fslip=5:vmag=31:theta=1550477759:du=61:dv=36:dw=52:i1=2042:i2=2120:ires=182:vbus=608:eangle=7098:espeed=-147:eerr=0:fault=0:drp=0:sd1=1:sd2=1
@VF:target=80:meas=-142:fe=8:fslip=5:vmag=31:em_stop1=1:em_stop2=1
@VFLOG:t=197750:target=80:meas=-102:fe=8:fslip=5:vmag=31:theta=2924867199:du=36:dv=51:dw=62:i1=2064:i2=2060:ires=14:vbus=610:eangle=5904:espeed=-102:eerr=0:fault=0:drp=0:sd1=1:sd2=1
@VFLOG:t=197790:target=80:meas=-111:fe=8:fslip=5:vmag=31:theta=4289343:du=50:dv=63:dw=37:i1=2054:i2=2085:ires=95:vbus=608:eangle=4641:espeed=-111:eerr=0:fault=0:drp=0:sd1=1:sd2=1
@VF:target=80:meas=-123:fe=8:fslip=5:vmag=31:em_stop1=1:em_stop2=1
@VFLOG:t=197830:target=80:meas=-136:fe=8:fslip=5:vmag=31:theta=1378678783:du=63:dv=38:dw=49:i1=2034:i2=2139:ires=225:vbus=599:eangle=3280:espeed=-136:eerr=0:fault=0:drp=0:sd1=1:sd2=1
@VFLOG:t=197870:target=80:meas=-173:fe=8:fslip=5:vmag=31:theta=2753068223:du=38:dv=48:dw=64:i1=2058:i2=2071:ires=42:vbus=608:eangle=1495:espeed=-173:eerr=0:fault=0:drp=0:sd1=1:sd2=1
@VFLOG:t=197910:target=80:meas=-160:fe=8:fslip=5:vmag=31:theta=4127457663:du=47:dv=64:dw=39:i1=2055:i2=2083:ires=70:vbus=586:eangle=16045:espeed=-160:eerr=0:fault=0:drp=0:sd1=1:sd2=1
@VF:target=80:meas=-156:fe=8:fslip=5:vmag=31:em_stop1=1:em_stop2=1
@VFLOG:t=197950:target=80:meas=-122:fe=8:fslip=5:vmag=31:theta=1206879807:du=65:dv=40:dw=45:i1=2031:i2=2138:ires=243:vbus=539:eangle=14630:espeed=-122:eerr=0:fault=0:drp=0:sd1=1:sd2=1
@VFLOG:t=197990:target=80:meas=-105:fe=8:fslip=5:vmag=31:theta=2581269247:du=41:dv=44:dw=65:i1=2055:i2=2083:ires=64:vbus=619:eangle=13528:espeed=-105:eerr=0:fault=0:drp=0:sd1=1:sd2=1
@VF:target=80:meas=-125:fe=8:fslip=5:vmag=31:em_stop1=1:em_stop2=1
@VFLOG:t=198030:target=80:meas=-129:fe=8:fslip=5:vmag=31:theta=3955658687:du=43:dv=65:dw=42:i1=2062:i2=2072:ires=39:vbus=608:eangle=12260:espeed=-129:eerr=0:fault=0:drp=0:sd1=1:sd2=1
@VFLOG:t=198070:target=80:meas=-179:fe=8:fslip=5:vmag=31:theta=1035080831:du=65:dv=44:dw=42:i1=2033:i2=2136:ires=223:vbus=566:eangle=10497:espeed=-179:eerr=0:fault=0:drp=0:sd1=1:sd2=1
@VFLOG:t=198110:target=80:meas=-164:fe=8:fslip=5:vmag=31:theta=2409470271:du=45:dv=41:dw=65:i1=2056:i2=2080:ires=61:vbus=609:eangle=8604:espeed=-164:eerr=0:fault=0:drp=0:sd1=1:sd2=1
@VF:target=80:meas=-171:fe=8:fslip=5:vmag=31:em_stop1=1:em_stop2=1
@VFLOG:t=198150:target=80:meas=-136:fe=8:fslip=5:vmag=31:theta=3783859711:du=40:dv=65:dw=46:i1=2068:i2=2055:ires=6:vbus=616:eangle=6896:espeed=-136:eerr=0:fault=0:drp=0:sd1=1:sd2=1
@VFLOG:t=198190:target=80:meas=-111:fe=8:fslip=5:vmag=31:theta=863281855:du=64:dv=47:dw=39:i1=2041:i2=2115:ires=176:vbus=603:eangle=5690:espeed=-111:eerr=0:fault=0:drp=0:sd1=1:sd2=1
@VF:target=80:meas=-119:fe=8:fslip=5:vmag=31:em_stop1=1:em_stop2=1
@VFLOG:t=198230:target=80:meas=-114:fe=8:fslip=5:vmag=31:theta=2237671295:du=48:dv=38:dw=64:i1=2059:i2=2077:ires=57:vbus=608:eangle=4453:espeed=-114:eerr=0:fault=0:drp=0:sd1=1:sd2=1
@VFLOG:t=198270:target=80:meas=-153:fe=8:fslip=5:vmag=31:theta=3612060735:du=37:dv=63:dw=50:i1=2079:i2=2038:ires=0:vbus=623:eangle=2983:espeed=-153:eerr=0:fault=0:drp=0:sd1=1:sd2=1
@VFLOG:t=198310:target=80:meas=-162:fe=8:fslip=5:vmag=31:theta=691482879:du=63:dv=50:dw=37:i1=2045:i2=2099:ires=134:vbus=607:eangle=1239:espeed=-162:eerr=0:fault=0:drp=0:sd1=1:sd2=1
@VF:target=80:meas=-168:fe=8:fslip=5:vmag=31:em_stop1=1:em_stop2=1
@VFLOG:t=198350:target=80:meas=-155:fe=8:fslip=5:vmag=31:theta=2065872319:du=51:dv=36:dw=62:i1=2057:i2=2080:ires=75:vbus=613:eangle=15806:espeed=-155:eerr=0:fault=0:drp=0:sd1=1:sd2=1
@VFLOG:t=198390:target=80:meas=-111:fe=8:fslip=5:vmag=31:theta=3440261759:du=36:dv=61:dw=53:i1=2080:i2=2024:ires=0:vbus=625:eangle=14447:espeed=-111:eerr=0:fault=0:drp=0:sd1=1:sd2=1
@VF:target=80:meas=-103:fe=8:fslip=5:vmag=31:em_stop1=1:em_stop2=1
@VFLOG:t=198430:target=80:meas=-104:fe=8:fslip=5:vmag=31:theta=519683903:du=60:dv=54:dw=35:i1=2050:i2=2091:ires=105:vbus=607:eangle=13363:espeed=-104:eerr=0:fault=0:drp=0:sd1=1:sd2=1
@VFLOG:t=198470:target=80:meas=-134:fe=8:fslip=5:vmag=31:theta=1894073343:du=55:dv=35:dw=59:i1=2053:i2=2093:ires=104:vbus=614:eangle=12003:espeed=-134:eerr=0:fault=0:drp=0:sd1=1:sd2=1
@VFLOG:t=198510:target=80:meas=-181:fe=8:fslip=5:vmag=31:theta=3268462783:du=35:dv=58:dw=56:i1=2080:i2=2030:ires=0:vbus=623:eangle=10221:espeed=-181:eerr=0:fault=0:drp=0:sd1=1:sd2=1
@VF:target=80:meas=-183:fe=8:fslip=5:vmag=31:em_stop1=1:em_stop2=1
@VFLOG:t=198550:target=80:meas=-173:fe=8:fslip=5:vmag=31:theta=347884927:du=57:dv=57:dw=35:i1=2053:i2=2086:ires=92:vbus=606:eangle=8292:espeed=-173:eerr=0:fault=0:drp=0:sd1=1:sd2=1
@VFLOG:t=198590:target=80:meas=-130:fe=8:fslip=5:vmag=31:theta=1722274367:du=59:dv=35:dw=56:i1=2048:i2=2107:ires=137:vbus=610:eangle=6694:espeed=-130:eerr=0:fault=0:drp=0:sd1=1:sd2=1
@VF:target=80:meas=-100:fe=8:fslip=5:vmag=31:em_stop1=1:em_stop2=1
@VFLOG:t=198630:target=80:meas=-110:fe=8:fslip=5:vmag=31:theta=3096663807:du=35:dv=55:dw=60:i1=2073:i2=2043:ires=0:vbus=618:eangle=5518:espeed=-110:eerr=0:fault=0:drp=0:sd1=1:sd2=1
@VFLOG:t=198670:target=80:meas=-115:fe=8:fslip=5:vmag=31:theta=176085951:du=53:dv=61:dw=36:i1=2053:i2=2091:ires=99:vbus=606:eangle=4232:espeed=-115:eerr=0:fault=0:drp=0:sd1=1:sd2=1
@VFLOG:t=198710:target=80:meas=-154:fe=8:fslip=5:vmag=31:theta=1550475391:du=61:dv=36:dw=52:i1=2042:i2=2124:ires=181:vbus=607:eangle=2744:espeed=-154:eerr=0:fault=0:drp=0:sd1=1:sd2=1
@VF:target=80:meas=-160:fe=8:fslip=5:vmag=31:em_stop1=1:em_stop2=1
@VFLOG:t=198750:target=80:meas=-173:fe=8:fslip=5:vmag=31:theta=2924864831:du=36:dv=51:dw=62:i1=2065:i2=2055:ires=15:vbus=610:eangle=908:espeed=-173:eerr=0:fault=0:drp=0:sd1=1:sd2=1
@VFLOG:t=198790:target=80:meas=-142:fe=8:fslip=5:vmag=31:theta=4286975:du=50:dv=63:dw=37:i1=2051:i2=2085:ires=95:vbus=609:eangle=15585:espeed=-142:eerr=0:fault=0:drp=0:sd1=1:sd2=1
@VF:target=80:meas=-123:fe=8:fslip=5:vmag=31:em_stop1=1:em_stop2=1
@VFLOG:t=198830:target=80:meas=-111:fe=8:fslip=5:vmag=31:theta=1378676415:du=63:dv=38:dw=49:i1=2036:i2=2133:ires=224:vbus=602:eangle=14279:espeed=-111:eerr=0:fault=0:drp=0:sd1=1:sd2=1
@VFLOG:t=198870:target=80:meas=-109:fe=8:fslip=5:vmag=31:theta=2753065855:du=38:dv=48:dw=64:i1=2059:i2=2070:ires=41:vbus=608:eangle=13157:espeed=-109:eerr=0:fault=0:drp=0:sd1=1:sd2=1
@VFLOG:t=198910:target=80:meas=-143:fe=8:fslip=5:vmag=31:theta=4127455295:du=47:dv=64:dw=39:i1=2060:i2=2078:ires=68:vbus=585:eangle=11764:espeed=-143:eerr=0:fault=0:drp=0:sd1=1:sd2=1
@VF:target=80:meas=-147:fe=8:fslip=5:vmag=31:em_stop1=1:em_stop2=1
@VFLOG:t=198950:target=80:meas=-193:fe=8:fslip=5:vmag=31:theta=1206877439:du=65:dv=40:dw=45:i1=2032:i2=2139:ires=241:vbus=540:eangle=9835:espeed=-193:eerr=0:fault=0:drp=0:sd1=1:sd2=1
@VFLOG:t=198990:target=80:meas=-164:fe=8:fslip=5:vmag=31:theta=2581266879:du=41:dv=44:dw=65:i1=2054:i2=2083:ires=64:vbus=620:eangle=8016:espeed=-164:eerr=0:fault=0:drp=0:sd1=1:sd2=1
@VF:target=80:meas=-143:fe=8:fslip=5:vmag=31:em_stop1=1:em_stop2=1
@VFLOG:t=199030:target=80:meas=-120:fe=8:fslip=5:vmag=31:theta=3955656319:du=43:dv=65:dw=42:i1=2063:i2=2072:ires=42:vbus=610:eangle=6480:espeed=-120:eerr=0:fault=0:drp=0:sd1=1:sd2=1
@VFLOG:t=199070:target=80:meas=-111:fe=8:fslip=5:vmag=31:theta=1035078463:du=65:dv=44:dw=42:i1=2033:i2=2135:ires=223:vbus=567:eangle=5297:espeed=-111:eerr=0:fault=0:drp=0:sd1=1:sd2=1
@VFLOG:t=199110:target=80:meas=-112:fe=8:fslip=5:vmag=31:theta=2409467903:du=45:dv=41:dw=65:i1=2056:i2=2079:ires=64:vbus=607:eangle=4034:espeed=-112:eerr=0:fault=0:drp=0:sd1=1:sd2=1
@VF:target=80:meas=-120:fe=8:fslip=5:vmag=31:em_stop1=1:em_stop2=1
@VFLOG:t=199150:target=80:meas=-164:fe=8:fslip=5:vmag=31:theta=3783857343:du=40:dv=65:dw=46:i1=2069:i2=2059:ires=7:vbus=614:eangle=2413:espeed=-164:eerr=0:fault=0:drp=0:sd1=1:sd2=1
@VFLOG:t=199190:target=80:meas=-166:fe=8:fslip=5:vmag=31:theta=863279487:du=64:dv=47:dw=39:i1=2039:i2=2118:ires=175:vbus=605:eangle=631:espeed=-166:eerr=0:fault=0:drp=0:sd1=1:sd2=1
@VF:target=80:meas=-161:fe=8:fslip=5:vmag=31:em_stop1=1:em_stop2=1
@VFLOG:t=199230:target=80:meas=-140:fe=8:fslip=5:vmag=31:theta=2237668927:du=48:dv=38:dw=64:i1=2055:i2=2075:ires=57:vbus=617:eangle=15310:espeed=-140:eerr=0:fault=0:drp=0:sd1=1:sd2=1
@VFLOG:t=199270:target=80:meas=-103:fe=8:fslip=5:vmag=31:theta=3612058367:du=37:dv=63:dw=50:i1=2075:i2=2038:ires=0:vbus=625:eangle=14095:espeed=-99:eerr=0:fault=0:drp=0:sd1=1:sd2=1
@VFLOG:t=199310:target=80:meas=-115:fe=8:fslip=5:vmag=31:theta=691480511:du=63:dv=50:dw=37:i1=2045:i2=2102:ires=133:vbus=605:eangle=12955:espeed=-115:eerr=0:fault=0:drp=0:sd1=1:sd2=1
@VF:target=80:meas=-115:fe=8:fslip=5:vmag=31:em_stop1=1:em_stop2=1
@VFLOG:t=199350:target=80:meas=-150:fe=8:fslip=5:vmag=31:theta=2065869951:du=51:dv=36:dw=62:i1=2056:i2=2086:ires=75:vbus=613:eangle=11452:espeed=-150:eerr=0:fault=0:drp=0:sd1=1:sd2=1
@VFLOG:t=199390:target=80:meas=-188:fe=8:fslip=5:vmag=31:theta=3440259391:du=36:dv=61:dw=53:i1=2081:i2=2025:ires=0:vbus=628:eangle=9541:espeed=-188:eerr=0:fault=0:drp=0:sd1=1:sd2=1
@VF:target=80:meas=-166:fe=8:fslip=5:vmag=31:em_stop1=1:em_stop2=1
@VFLOG:t=199430:target=80:meas=-161:fe=8:fslip=5:vmag=31:theta=519681535:du=60:dv=54:dw=35:i1=2050:i2=2090:ires=108:vbus=605:eangle=7704:espeed=-161:eerr=0:fault=0:drp=0:sd1=1:sd2=1
@VFLOG:t=199470:target=80:meas=-113:fe=8:fslip=5:vmag=31:theta=1894070975:du=55:dv=35:dw=59:i1=2051:i2=2096:ires=106:vbus=612:eangle=6297:espeed=-113:eerr=0:fault=0:drp=0:sd1=1:sd2=1
@VFLOG:t=199510:target=80:meas=-123:fe=8:fslip=5:vmag=31:theta=3268460415:du=35:dv=58:dw=56:i1=2079:i2=2029:ires=0:vbus=623:eangle=5083:espeed=-123:eerr=0:fault=0:drp=0:sd1=1:sd2=1
@VF:target=80:meas=-118:fe=8:fslip=5:vmag=31:em_stop1=1:em_stop2=1
@VFLOG:t=199550:target=80:meas=-123:fe=8:fslip=5:vmag=31:theta=347882559:du=57:dv=57:dw=35:i1=2052:i2=2087:ires=92:vbus=605:eangle=3777:espeed=-123:eerr=0:fault=0:drp=0:sd1=1:sd2=1
@VFLOG:t=199590:target=80:meas=-170:fe=8:fslip=5:vmag=31:theta=1722271999:du=59:dv=35:dw=56:i1=2050:i2=2102:ires=136:vbus=612:eangle=2140:espeed=-170:eerr=0:fault=0:drp=0:sd1=1:sd2=1
@VF:target=80:meas=-163:fe=8:fslip=5:vmag=31:em_stop1=1:em_stop2=1
@VFLOG:t=199630:target=80:meas=-171:fe=8:fslip=5:vmag=31:theta=3096661439:du=35:dv=55:dw=60:i1=2073:i2=2040:ires=0:vbus=616:eangle=301:espeed=-171:eerr=0:fault=0:drp=0:sd1=1:sd2=1
@VFLOG:t=199670:target=80:meas=-123:fe=8:fslip=5:vmag=31:theta=176083583:du=53:dv=61:dw=36:i1=2053:i2=2092:ires=99:vbus=608:eangle=15125:espeed=-123:eerr=0:fault=0:drp=0:sd1=1:sd2=1
@VFLOG:t=199710:target=80:meas=-107:fe=8:fslip=5:vmag=31:theta=1550473023:du=61:dv=36:dw=52:i1=2042:i2=2119:ires=181:vbus=607:eangle=13914:espeed=-107:eerr=0:fault=0:drp=0:sd1=1:sd2=1
@VF:target=80:meas=-95:fe=8:fslip=5:vmag=31:em_stop1=1:em_stop2=1
@VFLOG:t=199750:target=80:meas=-114:fe=8:fslip=5:vmag=31:theta=2924862463:du=36:dv=51:dw=62:i1=2065:i2=2063:ires=12:vbus=613:eangle=12734:espeed=-114:eerr=0:fault=0:drp=0:sd1=1:sd2=1
@VFLOG:t=199790:target=80:meas=-155:fe=8:fslip=5:vmag=31:theta=4284607:du=50:dv=63:dw=37:i1=2053:i2=2085:ires=97:vbus=607:eangle=11195:espeed=-155:eerr=0:fault=0:drp=0:sd1=1:sd2=1
@VF:target=80:meas=-187:fe=8:fslip=5:vmag=31:em_stop1=1:em_stop2=1
@VFLOG:t=199830:target=80:meas=-176:fe=8:fslip=5:vmag=31:theta=1378674047:du=63:dv=38:dw=49:i1=2035:i2=2132:ires=224:vbus=602:eangle=9211:espeed=-176:eerr=0:fault=0:drp=0:sd1=1:sd2=1
@VFLOG:t=199870:target=80:meas=-151:fe=8:fslip=5:vmag=31:theta=2753063487:du=38:dv=48:dw=64:i1=2057:i2=2080:ires=43:vbus=608:eangle=7455:espeed=-151:eerr=0:fault=0:drp=0:sd1=1:sd2=1
@VFLOG:t=199910:target=80:meas=-111:fe=8:fslip=5:vmag=31:theta=4127452927:du=47:dv=64:dw=39:i1=2058:i2=2075:ires=69:vbus=586:eangle=6087:espeed=-111:eerr=0:fault=0:drp=0:sd1=1:sd2=1
@VF:target=80:meas=-105:fe=8:fslip=5:vmag=31:em_stop1=1:em_stop2=1
@VFLOG:t=199950:target=80:meas=-120:fe=8:fslip=5:vmag=31:theta=1206875071:du=65:dv=40:dw=45:i1=2031:i2=2142:ires=241:vbus=544:eangle=4862:espeed=-120:eerr=0:fault=0:drp=0:sd1=1:sd2=1
@VFLOG:t=199990:target=80:meas=-131:fe=8:fslip=5:vmag=31:theta=2581264511:du=41:dv=44:dw=65:i1=2055:i2=2077:ires=64:vbus=621:eangle=3556:espeed=-131:eerr=0:fault=0:drp=0:sd1=1:sd2=1
@VF:target=80:meas=-164:fe=8:fslip=5:vmag=31:em_stop1=1:em_stop2=1
@VFLOG:t=200030:target=80:meas=-167:fe=8:fslip=5:vmag=31:theta=3955653951:du=43:dv=65:dw=42:i1=2062:i2=2067:ires=41:vbus=607:eangle=1809:espeed=-167:eerr=0:fault=0:drp=0:sd1=1:sd2=1
@VFLOG:t=200070:target=80:meas=-171:fe=8:fslip=5:vmag=31:theta=1035076095:du=65:dv=44:dw=42:i1=2034:i2=2137:ires=223:vbus=558:eangle=7:espeed=-171:eerr=0:fault=0:drp=0:sd1=1:sd2=1
@VFLOG:t=200110:target=80:meas=-115:fe=8:fslip=5:vmag=31:theta=2409465535:du=45:dv=41:dw=65:i1=2060:i2=2080:ires=62:vbus=611:eangle=14886:espeed=-115:eerr=0:fault=0:drp=0:sd1=1:sd2=1
@VF:target=80:meas=-113:fe=8:fslip=5:vmag=31:em_stop1=1:em_stop2=1
@VFLOG:t=200150:target=80:meas=-99:fe=8:fslip=5:vmag=31:theta=3783854975:du=40:dv=65:dw=46:i1=2067:i2=2054:ires=8:vbus=611:eangle=13727:espeed=-99:eerr=0:fault=0:drp=0:sd1=1:sd2=1
@VFLOG:t=200190:target=80:meas=-125:fe=8:fslip=5:vmag=31:theta=863277119:du=64:dv=47:dw=39:i1=2040:i2=2114:ires=175:vbus=605:eangle=12513:espeed=-125:eerr=0:fault=0:drp=0:sd1=1:sd2=1
@VF:target=80:meas=-155:fe=8:fslip=5:vmag=31:em_stop1=1:em_stop2=1
@VFLOG:t=200230:target=80:meas=-171:fe=8:fslip=5:vmag=31:theta=2237666559:du=48:dv=38:dw=64:i1=2059:i2=2074:ires=57:vbus=614:eangle=10827:espeed=-171:eerr=0:fault=0:drp=0:sd1=1:sd2=1
@VFLOG:t=200270:target=80:meas=-181:fe=8:fslip=5:vmag=31:theta=3612055999:du=37:dv=63:dw=50:i1=2074:i2=2038:ires=0:vbus=622:eangle=8898:espeed=-181:eerr=0:fault=0:drp=0:sd1=1:sd2=1
@VFLOG:t=200310:target=80:meas=-145:fe=8:fslip=5:vmag=31:theta=691478143:du=63:dv=50:dw=37:i1=2045:i2=2099:ires=133:vbus=606:eangle=7161:espeed=-145:eerr=0:fault=0:drp=0:sd1=1:sd2=1
@VF:target=80:meas=-139:fe=8:fslip=5:vmag=31:em_stop1=1:em_stop2=1
@VFLOG:t=200350:target=80:meas=-103:fe=8:fslip=5:vmag=31:theta=2065867583:du=51:dv=36:dw=62:i1=2056:i2=2097:ires=77:vbus=615:eangle=5892:espeed=-103:eerr=0:fault=0:drp=0:sd1=1:sd2=1
@VFLOG:t=200390:target=80:meas=-116:fe=8:fslip=5:vmag=31:theta=3440257023:du=36:dv=61:dw=53:i1=2082:i2=2029:ires=0:vbus=626:eangle=4660:espeed=-116:eerr=0:fault=0:drp=0:sd1=1:sd2=1
@VF:target=80:meas=-118:fe=8:fslip=5:vmag=31:em_stop1=1:em_stop2=1
@VFLOG:t=200430:target=80:meas=-135:fe=8:fslip=5:vmag=31:theta=519679167:du=60:dv=54:dw=35:i1=2051:i2=2090:ires=109:vbus=604:eangle=3280:espeed=-135:eerr=0:fault=0:drp=0:sd1=1:sd2=1
@VFLOG:t=200470:target=80:meas=-170:fe=8:fslip=5:vmag=31:theta=1894068607:du=55:dv=35:dw=59:i1=2054:i2=2093:ires=102:vbus=613:eangle=1515:espeed=-170:eerr=0:fault=0:drp=0:sd1=1:sd2=1
@VFLOG:t=200510:target=80:meas=-165:fe=8:fslip=5:vmag=31:theta=3268458047:du=35:dv=58:dw=56:i1=2078:i2=2030:ires=0:vbus=624:eangle=16081:espeed=-165:eerr=0:fault=0:drp=0:sd1=1:sd2=1
@VF:target=80:meas=-165:fe=8:fslip=5:vmag=31:em_stop1=1:em_stop2=1
@VFLOG:t=200550:target=80:meas=-106:fe=8:fslip=5:vmag=31:theta=347880191:du=57:dv=57:dw=35:i1=2052:i2=2088:ires=90:vbus=609:eangle=14665:espeed=-106:eerr=0:fault=0:drp=0:sd1=1:sd2=1
@VFLOG:t=200590:target=80:meas=-107:fe=8:fslip=5:vmag=31:theta=1722269631:du=59:dv=35:dw=56:i1=2049:i2=2105:ires=136:vbus=611:eangle=13525:espeed=-107:eerr=0:fault=0:drp=0:sd1=1:sd2=1
@VF:target=80:meas=-113:fe=8:fslip=5:vmag=31:em_stop1=1:em_stop2=1
@VFLOG:t=200630:target=80:meas=-123:fe=8:fslip=5:vmag=31:theta=3096659071:du=35:dv=55:dw=60:i1=2074:i2=2039:ires=0:vbus=620:eangle=12274:espeed=-123:eerr=0:fault=0:drp=0:sd1=1:sd2=1
@VFLOG:t=200670:target=80:meas=-176:fe=8:fslip=5:vmag=31:theta=176081215:du=53:dv=61:dw=36:i1=2047:i2=2089:ires=99:vbus=609:eangle=10545:espeed=-176:eerr=0:fault=0:drp=0:sd1=1:sd2=1
@VFLOG:t=200710:target=80:meas=-172:fe=8:fslip=5:vmag=31:theta=1550470655:du=61:dv=36:dw=52:i1=2041:i2=2125:ires=182:vbus=605:eangle=8577:espeed=-172:eerr=0:fault=0:drp=0:sd1=1:sd2=1
@VF:target=80:meas=-174:fe=8:fslip=5:vmag=31:em_stop1=1:em_stop2=1
@VFLOG:t=200750:target=80:meas=-137:fe=8:fslip=5:vmag=31:theta=2924860095:du=36:dv=51:dw=62:i1=2064:i2=2063:ires=16:vbus=611:eangle=6904:espeed=-137:eerr=0:fault=0:drp=0:sd1=1:sd2=1
@VFLOG:t=200790:target=80:meas=-109:fe=8:fslip=5:vmag=31:theta=4282239:du=50:dv=63:dw=37:i1=2054:i2=2088:ires=99:vbus=607:eangle=5708:espeed=-109:eerr=0:fault=0:drp=0:sd1=1:sd2=1
@VF:target=80:meas=-114:fe=8:fslip=5:vmag=31:em_stop1=1:em_stop2=1
@VFLOG:t=200830:target=80:meas=-117:fe=8:fslip=5:vmag=31:theta=1378671679:du=63:dv=38:dw=49:i1=2034:i2=2133:ires=223:vbus=603:eangle=4439:espeed=-117:eerr=0:fault=0:drp=0:sd1=1:sd2=1
@VFLOG:t=200870:target=80:meas=-144:fe=8:fslip=5:vmag=31:theta=2753061119:du=38:dv=48:dw=64:i1=2064:i2=2076:ires=42:vbus=607:eangle=3041:espeed=-144:eerr=0:fault=0:drp=0:sd1=1:sd2=1
@VFLOG:t=200910:target=80:meas=-172:fe=8:fslip=5:vmag=31:theta=4127450559:du=47:dv=64:dw=39:i1=2056:i2=2074:ires=67:vbus=588:eangle=1184:espeed=-172:eerr=0:fault=0:drp=0:sd1=1:sd2=1
@VF:target=80:meas=-160:fe=8:fslip=5:vmag=31:em_stop1=1:em_stop2=1
@VFLOG:t=200950:target=80:meas=-162:fe=8:fslip=5:vmag=31:theta=1206872703:du=65:dv=40:dw=45:i1=2031:i2=2142:ires=241:vbus=539:eangle=15787:espeed=-162:eerr=0:fault=0:drp=0:sd1=1:sd2=1
@VFLOG:t=200990:target=80:meas=-105:fe=8:fslip=5:vmag=31:theta=2581262143:du=41:dv=44:dw=65:i1=2055:i2=2081:ires=64:vbus=626:eangle=14481:espeed=-105:eerr=0:fault=0:drp=0:sd1=1:sd2=1
@VF:target=80:meas=-107:fe=8:fslip=5:vmag=31:em_stop1=1:em_stop2=1
@VFLOG:t=201030:target=80:meas=-110:fe=8:fslip=5:vmag=31:theta=3955651583:du=43:dv=65:dw=42:i1=2062:i2=2069:ires=43:vbus=610:eangle=13322:espeed=-110:eerr=0:fault=0:drp=0:sd1=1:sd2=1
@VFLOG:t=201070:target=80:meas=-135:fe=8:fslip=5:vmag=31:theta=1035073727:du=65:dv=44:dw=42:i1=2034:i2=2127:ires=223:vbus=552:eangle=11993:espeed=-135:eerr=0:fault=0:drp=0:sd1=1:sd2=1
@VFLOG:t=201110:target=80:meas=-173:fe=8:fslip=5:vmag=31:theta=2409463167:du=45:dv=41:dw=65:i1=2057:i2=2076:ires=62:vbus=610:eangle=10196:espeed=-173:eerr=0:fault=0:drp=0:sd1=1:sd2=1
@VF:target=80:meas=-183:fe=8:fslip=5:vmag=31:em_stop1=1:em_stop2=1
@VFLOG:t=201150:target=80:meas=-175:fe=8:fslip=5:vmag=31:theta=3783852607:du=40:dv=65:dw=46:i1=2069:i2=2058:ires=8:vbus=616:eangle=8246:espeed=-175:eerr=0:fault=0:drp=0:sd1=1:sd2=1
@VFLOG:t=201190:target=80:meas=-133:fe=8:fslip=5:vmag=31:theta=863274751:du=64:dv=47:dw=39:i1=2040:i2=2115:ires=176:vbus=605:eangle=6683:espeed=-133:eerr=0:fault=0:drp=0:sd1=1:sd2=1
@VF:target=80:meas=-111:fe=8:fslip=5:vmag=31:em_stop1=1:em_stop2=1
@VFLOG:t=201230:target=80:meas=-112:fe=8:fslip=5:vmag=31:theta=2237664191:du=48:dv=38:dw=64:i1=2058:i2=2080:ires=58:vbus=614:eangle=5487:espeed=-112:eerr=0:fault=0:drp=0:sd1=1:sd2=1
@VFLOG:t=201270:target=80:meas=-127:fe=8:fslip=5:vmag=31:theta=3612053631:du=37:dv=63:dw=50:i1=2076:i2=2042:ires=0:vbus=625:eangle=4181:espeed=-127:eerr=0:fault=0:drp=0:sd1=1:sd2=1
@VFLOG:t=201310:target=80:meas=-151:fe=8:fslip=5:vmag=31:theta=691475775:du=63:dv=50:dw=37:i1=2046:i2=2099:ires=131:vbus=605:eangle=2729:espeed=-151:eerr=0:fault=0:drp=0:sd1=1:sd2=1
@VF:target=80:meas=-158:fe=8:fslip=5:vmag=31:em_stop1=1:em_stop2=1
@VFLOG:t=201350:target=80:meas=-164:fe=8:fslip=5:vmag=31:theta=2065865215:du=51:dv=36:dw=62:i1=2056:i2=2083:ires=75:vbus=616:eangle=871:espeed=-164:eerr=0:fault=0:drp=0:sd1=1:sd2=1
@VFLOG:t=201390:target=80:meas=-154:fe=8:fslip=5:vmag=31:theta=3440254655:du=36:dv=61:dw=53:i1=2081:i2=2028:ires=0:vbus=626:eangle=15493:espeed=-154:eerr=0:fault=0:drp=0:sd1=1:sd2=1
@VF:target=80:meas=-113:fe=8:fslip=5:vmag=31:em_stop1=1:em_stop2=1
@VFLOG:t=201430:target=80:meas=-103:fe=8:fslip=5:vmag=31:theta=519676799:du=60:dv=54:dw=35:i1=2050:i2=2091:ires=107:vbus=606:eangle=14279:espeed=-103:eerr=0:fault=0:drp=0:sd1=1:sd2=1
@VFLOG:t=201470:target=80:meas=-113:fe=8:fslip=5:vmag=31:theta=1894066239:du=55:dv=35:dw=59:i1=2053:i2=2091:ires=104:vbus=613:eangle=13102:espeed=-113:eerr=0:fault=0:drp=0:sd1=1:sd2=1
@VFLOG:t=201510:target=80:meas=-146:fe=8:fslip=5:vmag=31:theta=3268455679:du=35:dv=58:dw=56:i1=2078:i2=2029:ires=0:vbus=622:eangle=11728:espeed=-146:eerr=0:fault=0:drp=0:sd1=1:sd2=1
@VF:target=80:meas=-155:fe=8:fslip=5:vmag=31:em_stop1=1:em_stop2=1
@VFLOG:t=201550:target=80:meas=-179:fe=8:fslip=5:vmag=31:theta=347877823:du=57:dv=57:dw=35:i1=2054:i2=2085:ires=92:vbus=608:eangle=9835:espeed=-179:eerr=0:fault=0:drp=0:sd1=1:sd2=1
@VFLOG:t=201590:target=80:meas=-174:fe=8:fslip=5:vmag=31:theta=1722267263:du=59:dv=35:dw=56:i1=2049:i2=2117:ires=135:vbus=610:eangle=7943:espeed=-174:eerr=0:fault=0:drp=0:sd1=1:sd2=1
@VF:target=80:meas=-135:fe=8:fslip=5:vmag=31:em_stop1=1:em_stop2=1
@VFLOG:t=201630:target=80:meas=-127:fe=8:fslip=5:vmag=31:theta=3096656703:du=35:dv=55:dw=60:i1=2073:i2=2041:ires=0:vbus=616:eangle=6455:espeed=-127:eerr=0:fault=0:drp=0:sd1=1:sd2=1
@VFLOG:t=201670:target=80:meas=-105:fe=8:fslip=5:vmag=31:theta=176078847:du=53:dv=61:dw=36:i1=2051:i2=2084:ires=100:vbus=608:eangle=5285:espeed=-105:eerr=0:fault=0:drp=0:sd1=1:sd2=1
@VFLOG:t=201710:target=80:meas=-128:fe=8:fslip=5:vmag=31:theta=1550468287:du=61:dv=36:dw=52:i1=2042:i2=2119:ires=182:vbus=607:eangle=3975:espeed=-128:eerr=0:fault=0:drp=0:sd1=1:sd2=1
@VF:target=80:meas=-130:fe=8:fslip=5:vmag=31:em_stop1=1:em_stop2=1
@VFLOG:t=201750:target=80:meas=-162:fe=8:fslip=5:vmag=31:theta=2924857727:du=36:dv=51:dw=62:i1=2064:i2=2056:ires=17:vbus=608:eangle=2413:espeed=-162:eerr=0:fault=0:drp=0:sd1=1:sd2=1
@VFLOG:t=201790:target=80:meas=-162:fe=8:fslip=5:vmag=31:theta=4279871:du=50:dv=63:dw=37:i1=2053:i2=2087:ires=95:vbus=607:eangle=594:espeed=-162:eerr=0:fault=0:drp=0:sd1=1:sd2=1
@VF:target=80:meas=-153:fe=8:fslip=5:vmag=31:em_stop1=1:em_stop2=1
@VFLOG:t=201830:target=80:meas=-148:fe=8:fslip=5:vmag=31:theta=1378669311:du=63:dv=38:dw=49:i1=2034:i2=2136:ires=223:vbus=603:eangle=15272:espeed=-148:eerr=0:fault=0:drp=0:sd1=1:sd2=1
@VFLOG:t=201870:target=80:meas=-102:fe=8:fslip=5:vmag=31:theta=2753058751:du=38:dv=48:dw=64:i1=2057:i2=2070:ires=41:vbus=603:eangle=14095:espeed=-102:eerr=0:fault=0:drp=0:sd1=1:sd2=1
@VFLOG:t=201910:target=80:meas=-109:fe=8:fslip=5:vmag=31:theta=4127448191:du=47:dv=64:dw=39:i1=2059:i2=2084:ires=69:vbus=584:eangle=12936:espeed=-109:eerr=0:fault=0:drp=0:sd1=1:sd2=1
@VF:target=80:meas=-111:fe=8:fslip=5:vmag=31:em_stop1=1:em_stop2=1
@VFLOG:t=201950:target=80:meas=-160:fe=8:fslip=5:vmag=31:theta=1206870335:du=65:dv=40:dw=45:i1=2031:i2=2143:ires=242:vbus=538:eangle=11428:espeed=-160:eerr=0:fault=0:drp=0:sd1=1:sd2=1
@VFLOG:t=201990:target=80:meas=-178:fe=8:fslip=5:vmag=31:theta=2581259775:du=41:dv=44:dw=65:i1=2056:i2=2075:ires=65:vbus=622:eangle=9541:espeed=-178:eerr=0:fault=0:drp=0:sd1=1:sd2=1
@VF:target=80:meas=-179:fe=8:fslip=5:vmag=31:em_stop1=1:em_stop2=1
@VFLOG:t=202030:target=80:meas=-161:fe=8:fslip=5:vmag=31:theta=3955649215:du=43:dv=65:dw=42:i1=2062:i2=2066:ires=41:vbus=610:eangle=7676:espeed=-161:eerr=0:fault=0:drp=0:sd1=1:sd2=1
@VFLOG:t=202070:target=80:meas=-117:fe=8:fslip=5:vmag=31:theta=1035071359:du=65:dv=44:dw=42:i1=2032:i2=2133:ires=224:vbus=574:eangle=6260:espeed=-117:eerr=0:fault=0:drp=0:sd1=1:sd2=1
@VFLOG:t=202110:target=80:meas=-117:fe=8:fslip=5:vmag=31:theta=2409460799:du=45:dv=41:dw=65:i1=2056:i2=2082:ires=62:vbus=611:eangle=5083:espeed=-117:eerr=0:fault=0:drp=0:sd1=1:sd2=1
@VF:target=80:meas=-116:fe=8:fslip=5:vmag=31:em_stop1=1:em_stop2=1
@VFLOG:t=202150:target=80:meas=-123:fe=8:fslip=5:vmag=31:theta=3783850239:du=40:dv=65:dw=46:i1=2067:i2=2058:ires=7:vbus=620:eangle=3758:espeed=-123:eerr=0:fault=0:drp=0:sd1=1:sd2=1
@VFLOG:t=202190:target=80:meas=-170:fe=8:fslip=5:vmag=31:theta=863272383:du=64:dv=47:dw=39:i1=2040:i2=2113:ires=174:vbus=605:eangle=2140:espeed=-170:eerr=0:fault=0:drp=0:sd1=1:sd2=1
@VF:target=80:meas=-173:fe=8:fslip=5:vmag=31:em_stop1=1:em_stop2=1
@VFLOG:t=202230:target=80:meas=-160:fe=8:fslip=5:vmag=31:theta=2237661823:du=48:dv=38:dw=64:i1=2059:i2=2076:ires=55:vbus=604:eangle=301:espeed=-160:eerr=0:fault=0:drp=0:sd1=1:sd2=1
@VFLOG:t=202270:target=80:meas=-126:fe=8:fslip=5:vmag=31:theta=3612051263:du=37:dv=63:dw=50:i1=2075:i2=2036:ires=0:vbus=625:eangle=15051:espeed=-126:eerr=0:fault=0:drp=0:sd1=1:sd2=1
@VFLOG:t=202310:target=80:meas=-100:fe=8:fslip=5:vmag=31:theta=691473407:du=63:dv=50:dw=37:i1=2046:i2=2098:ires=131:vbus=604:eangle=13929:espeed=-100:eerr=0:fault=0:drp=0:sd1=1:sd2=1
@VF:target=80:meas=-108:fe=8:fslip=5:vmag=31:em_stop1=1:em_stop2=1
@VFLOG:t=202350:target=80:meas=-110:fe=8:fslip=5:vmag=31:theta=2065862847:du=51:dv=36:dw=62:i1=2056:i2=2086:ires=75:vbus=614:eangle=12716:espeed=-110:eerr=0:fault=0:drp=0:sd1=1:sd2=1
@VFLOG:t=202390:target=80:meas=-166:fe=8:fslip=5:vmag=31:theta=3440252287:du=36:dv=61:dw=53:i1=2083:i2=2025:ires=0:vbus=626:eangle=11152:espeed=-166:eerr=0:fault=0:drp=0:sd1=1:sd2=1
@VF:target=80:meas=-177:fe=8:fslip=5:vmag=31:em_stop1=1:em_stop2=1
@VFLOG:t=202430:target=80:meas=-167:fe=8:fslip=5:vmag=31:theta=519674431:du=60:dv=54:dw=35:i1=2050:i2=2091:ires=110:vbus=608:eangle=9221:espeed=-167:eerr=0:fault=0:drp=0:sd1=1:sd2=1
@VFLOG:t=202470:target=80:meas=-155:fe=8:fslip=5:vmag=31:theta=1894063871:du=55:dv=35:dw=59:i1=2052:i2=2096:ires=105:vbus=612:eangle=7363:espeed=-155:eerr=0:fault=0:drp=0:sd1=1:sd2=1
@VFLOG:t=202510:target=80:meas=-105:fe=8:fslip=5:vmag=31:theta=3268453311:du=35:dv=58:dw=56:i1=2079:i2=2027:ires=0:vbus=622:eangle=6094:espeed=-105:eerr=0:fault=0:drp=0:sd1=1:sd2=1
@VF:target=80:meas=-108:fe=8:fslip=5:vmag=31:em_stop1=1:em_stop2=1
@VFLOG:t=202550:target=80:meas=-111:fe=8:fslip=5:vmag=31:theta=347875455:du=57:dv=57:dw=35:i1=2052:i2=2087:ires=91:vbus=609:eangle=4862:espeed=-111:eerr=0:fault=0:drp=0:sd1=1:sd2=1
@VFLOG:t=202590:target=80:meas=-132:fe=8:fslip=5:vmag=31:theta=1722264895:du=59:dv=35:dw=56:i1=2049:i2=2106:ires=135:vbus=610:eangle=3519:espeed=-132:eerr=0:fault=0:drp=0:sd1=1:sd2=1
@VF:target=80:meas=-158:fe=8:fslip=5:vmag=31:em_stop1=1:em_stop2=1
@VFLOG:t=202630:target=80:meas=-175:fe=8:fslip=5:vmag=31:theta=3096654335:du=35:dv=55:dw=60:i1=2074:i2=2043:ires=0:vbus=617:eangle=1791:espeed=-175:eerr=0:fault=0:drp=0:sd1=1:sd2=1
@VFLOG:t=202670:target=80:meas=-152:fe=8:fslip=5:vmag=31:theta=176076479:du=53:dv=61:dw=36:i1=2051:i2=2091:ires=98:vbus=607:eangle=16357:espeed=-152:eerr=0:fault=0:drp=0:sd1=1:sd2=1
@VFLOG:t=202710:target=80:meas=-124:fe=8:fslip=5:vmag=31:theta=1550465919:du=61:dv=36:dw=52:i1=2042:i2=2117:ires=178:vbus=607:eangle=14831:espeed=-124:eerr=0:fault=0:drp=0:sd1=1:sd2=1
@VF:target=80:meas=-110:fe=8:fslip=5:vmag=31:em_stop1=1:em_stop2=1
@VFLOG:t=202750:target=80:meas=-101:fe=9:fslip=5:vmag=33:theta=2980689930:du=35:dv=52:dw=62:i1=2068:i2=2053:ires=4:vbus=612:eangle=13727:espeed=-101:eerr=0:fault=0:drp=0:sd1=1:sd2=1
@VFLOG:t=202790:target=80:meas=-116:fe=9:fslip=5:vmag=33:theta=231910754:du=55:dv=60:dw=34:i1=2056:i2=2084:ires=82:vbus=611:eangle=12495:espeed=-116:eerr=0:fault=0:drp=0:sd1=1:sd2=1
@VF:target=80:meas=-166:fe=9:fslip=5:vmag=33:em_stop1=1:em_stop2=1
@VFLOG:t=202830:target=80:meas=-183:fe=9:fslip=5:vmag=33:theta=1778098874:du=58:dv=34:dw=58:i1=2051:i2=2107:ires=146:vbus=613:eangle=10692:espeed=-183:eerr=0:fault=0:drp=0:sd1=1:sd2=1
@VFLOG:t=202870:target=80:meas=-184:fe=9:fslip=5:vmag=33:theta=3324286994:du=34:dv=60:dw=56:i1=2083:i2=2024:ires=0:vbus=622:eangle=8632:espeed=-184:eerr=0:fault=0:drp=0:sd1=1:sd2=1
@VFLOG:t=202910:target=80:meas=-143:fe=9:fslip=5:vmag=33:theta=575507818:du=62:dv=53:dw=35:i1=2052:i2=2090:ires=106:vbus=609:eangle=6848:espeed=-143:eerr=0:fault=0:drp=0:sd1=1:sd2=1
@VF:target=80:meas=-140:fe=9:fslip=5:vmag=33:em_stop1=1:em_stop2=1
@VFLOG:t=202950:target=80:meas=-117:fe=9:fslip=5:vmag=33:theta=2121695938:du=50:dv=36:dw=63:i1=2057:i2=2083:ires=81:vbus=615:eangle=5506:espeed=-117:eerr=0:fault=0:drp=0:sd1=1:sd2=1
@VFLOG:t=202990:target=80:meas=-136:fe=9:fslip=5:vmag=33:theta=3667884058:du=37:dv=65:dw=48:i1=2078:i2=2038:ires=0:vbus=625:eangle=4085:espeed=-136:eerr=0:fault=0:drp=0:sd1=1:sd2=1
@VF:target=80:meas=-152:fe=9:fslip=5:vmag=33:em_stop1=1:em_stop2=1
@VFLOG:t=203030:target=80:meas=-181:fe=9:fslip=5:vmag=33:theta=919104882:du=66:dv=46:dw=39:i1=2039:i2=2125:ires=194:vbus=605:eangle=2324:espeed=-181:eerr=0:fault=0:drp=0:sd1=1:sd2=1
@VFLOG:t=203070:target=80:meas=-183:fe=9:fslip=5:vmag=33:theta=2465293002:du=43:dv=41:dw=66:i1=2057:i2=2078:ires=66:vbus=614:eangle=246:espeed=-183:eerr=0:fault=0:drp=0:sd1=1:sd2=1
@VFLOG:t=203110:target=80:meas=-141:fe=9:fslip=5:vmag=33:theta=4011481122:du=44:dv=66:dw=41:i1=2070:i2=2065:ires=32:vbus=620:eangle=14867:espeed=-141:eerr=0:fault=0:drp=0:sd1=1:sd2=1
@VF:target=80:meas=-134:fe=9:fslip=5:vmag=33:em_stop1=1:em_stop2=1
@VFLOG:t=203150:target=80:meas=-122:fe=9:fslip=5:vmag=33:theta=1262701946:du=65:dv=39:dw=46:i1=2028:i2=2142:ires=262:vbus=602:eangle=13580:espeed=-122:eerr=0:fault=0:drp=0:sd1=1:sd2=1
@VFLOG:t=203190:target=80:meas=-145:fe=9:fslip=5:vmag=33:theta=2808890066:du=37:dv=49:dw=64:i1=2063:i2=2065:ires=26:vbus=605:eangle=12164:espeed=-145:eerr=0:fault=0:drp=0:sd1=1:sd2=1
@VF:target=80:meas=-191:fe=9:fslip=5:vmag=33:em_stop1=1:em_stop2=1
@VFLOG:t=203230:target=80:meas=-199:fe=9:fslip=5:vmag=33:theta=60110890:du=51:dv=63:dw=36:i1=2056:i2=2087:ires=93:vbus=609:eangle=10074:espeed=-199:eerr=0:fault=0:drp=0:sd1=1:sd2=1
@VFLOG:t=203270:target=80:meas=-192:fe=9:fslip=5:vmag=33:theta=1606299010:du=61:dv=35:dw=54:i1=2043:i2=2123:ires=190:vbus=606:eangle=7878:espeed=-192:eerr=0:fault=0:drp=0:sd1=1:sd2=1
@VFLOG:t=203310:target=80:meas=-128:fe=9:fslip=5:vmag=33:theta=3152487130:du=34:dv=56:dw=59:i1=2079:i2=2030:ires=0:vbus=622:eangle=6278:espeed=-128:eerr=0:fault=0:drp=0:sd1=1:sd2=1
@VF:target=80:meas=-127:fe=9:fslip=5:vmag=33:em_stop1=1:em_stop2=1
@VFLOG:t=203350:target=80:meas=-130:fe=9:fslip=5:vmag=33:theta=403707954:du=59:dv=57:dw=34:i1=2054:i2=2090:ires=95:vbus=608:eangle=4880:espeed=-130:eerr=0:fault=0:drp=0:sd1=1:sd2=1
@VFLOG:t=203390:target=80:meas=-158:fe=9:fslip=5:vmag=33:theta=1949896074:du=54:dv=34:dw=61:i1=2053:i2=2096:ires=114:vbus=613:eangle=3336:espeed=-158:eerr=0:fault=0:drp=0:sd1=1:sd2=1
@VF:target=80:meas=-188:fe=9:fslip=5:vmag=33:em_stop1=1:em_stop2=1
@VFLOG:t=203430:target=80:meas=-202:fe=9:fslip=5:vmag=33:theta=3496084194:du=35:dv=63:dw=51:i1=2086:i2=2018:ires=0:vbus=628:eangle=1276:espeed=-202:eerr=0:fault=0:drp=0:sd1=1:sd2=1
@VFLOG:t=203470:target=80:meas=-174:fe=9:fslip=5:vmag=33:theta=747305018:du=64:dv=50:dw=37:i1=2041:i2=2108:ires=151:vbus=608:eangle=15658:espeed=-174:eerr=0:fault=0:drp=0:sd1=1:sd2=1
@VFLOG:t=203510:target=80:meas=-112:fe=9:fslip=5:vmag=33:theta=2293493138:du=47:dv=38:dw=65:i1=2059:i2=2081:ires=59:vbus=615:eangle=14224:espeed=-112:eerr=0:fault=0:drp=0:sd1=1:sd2=1
@VF:target=80:meas=-111:fe=9:fslip=5:vmag=33:em_stop1=1:em_stop2=1
@VFLOG:t=203550:target=80:meas=-131:fe=9:fslip=5:vmag=33:theta=3839681258:du=40:dv=66:dw=44:i1=2072:i2=2055:ires=0:vbus=616:eangle=12863:espeed=-131:eerr=0:fault=0:drp=0:sd1=1:sd2=1
@VFLOG:t=203590:target=80:meas=-186:fe=9:fslip=5:vmag=33:theta=1090902082:du=66:dv=42:dw=43:i1=2030:i2=2138:ires=249:vbus=601:eangle=11121:espeed=-186:eerr=0:fault=0:drp=0:sd1=1:sd2=1
@VF:target=80:meas=-207:fe=9:fslip=5:vmag=33:em_stop1=1:em_stop2=1
@VFLOG:t=203630:target=80:meas=-194:fe=9:fslip=5:vmag=33:theta=2637090202:du=40:dv=45:dw=66:i1=2058:i2=2072:ires=54:vbus=1185:eangle=8898:espeed=-194:eerr=0:fault=0:drp=0:sd1=1:sd2=1
@VFLOG:t=203670:target=80:meas=-158:fe=9:fslip=5:vmag=33:theta=4183278322:du=48:dv=65:dw=38:i1=2061:i2=2074:ires=60:vbus=610:eangle=6914:espeed=-158:eerr=0:fault=0:drp=0:sd1=1:sd2=1
@VFLOG:t=203710:target=80:meas=-132:fe=9:fslip=5:vmag=33:theta=1434499146:du=64:dv=36:dw=50:i1=2036:i2=2139:ires=237:vbus=605:eangle=5536:espeed=-132:eerr=0:fault=0:drp=0:sd1=1:sd2=1
@VF:target=80:meas=-129:fe=9:fslip=5:vmag=33:em_stop1=1:em_stop2=1
@VFLOG:t=203750:target=80:meas=-135:fe=9:fslip=5:vmag=33:theta=2980687266:du=35:dv=52:dw=62:i1=2069:i2=2055:ires=0:vbus=615:eangle=4090:espeed=-135:eerr=0:fault=0:drp=0:sd1=1:sd2=1
@VFLOG:t=203790:target=80:meas=-180:fe=9:fslip=5:vmag=33:theta=231908090:du=55:dv=60:dw=34:i1=2054:i2=2083:ires=97:vbus=607:eangle=2303:espeed=-180:eerr=0:fault=0:drp=0:sd1=1:sd2=1
@VF:target=80:meas=-198:fe=9:fslip=5:vmag=33:em_stop1=1:em_stop2=1
@VFLOG:t=203830:target=80:meas=-189:fe=9:fslip=5:vmag=33:theta=1778096210:du=58:dv=34:dw=58:i1=2050:i2=2107:ires=149:vbus=613:eangle=172:espeed=-189:eerr=0:fault=0:drp=0:sd1=1:sd2=1
@VFLOG:t=203870:target=80:meas=-139:fe=9:fslip=5:vmag=33:theta=3324284330:du=34:dv=60:dw=56:i1=2086:i2=2017:ires=0:vbus=622:eangle=14794:espeed=-139:eerr=0:fault=0:drp=0:sd1=1:sd2=1
@VFLOG:t=203910:target=80:meas=-118:fe=9:fslip=5:vmag=33:theta=575505154:du=62:dv=53:dw=35:i1=2049:i2=2096:ires=123:vbus=611:eangle=13543:espeed=-118:eerr=0:fault=0:drp=0:sd1=1:sd2=1
@VF:target=80:meas=-126:fe=9:fslip=5:vmag=33:em_stop1=1:em_stop2=1
@VFLOG:t=203950:target=80:meas=-152:fe=9:fslip=5:vmag=33:theta=2121693274:du=50:dv=36:dw=63:i1=2057:i2=2088:ires=78:vbus=616:eangle=12003:espeed=-152:eerr=0:fault=0:drp=0:sd1=1:sd2=1
@VFLOG:t=203990:target=80:meas=-214:fe=9:fslip=5:vmag=33:theta=3667881394:du=37:dv=65:dw=48:i1=2080:i2=2034:ires=0:vbus=624:eangle=9909:espeed=-214:eerr=0:fault=0:drp=0:sd1=1:sd2=1
@VF:target=80:meas=-195:fe=9:fslip=5:vmag=33:em_stop1=1:em_stop2=1
@VFLOG:t=204030:target=80:meas=-195:fe=9:fslip=5:vmag=33:theta=919102218:du=66:dv=46:dw=39:i1=2037:i2=2126:ires=201:vbus=602:eangle=7759:espeed=-195:eerr=0:fault=0:drp=0:sd1=1:sd2=1
@VFLOG:t=204070:target=80:meas=-120:fe=9:fslip=5:vmag=33:theta=2465290338:du=43:dv=41:dw=66:i1=2058:i2=2081:ires=61:vbus=614:eangle=6198:espeed=-120:eerr=0:fault=0:drp=0:sd1=1:sd2=1
@VFLOG:t=204110:target=80:meas=-134:fe=9:fslip=5:vmag=33:theta=4011478458:du=44:dv=66:dw=41:i1=2067:i2=2068:ires=28:vbus=620:eangle=4765:espeed=-134:eerr=0:fault=0:drp=0:sd1=1:sd2=1
@VF:target=80:meas=-137:fe=9:fslip=5:vmag=33:em_stop1=1:em_stop2=1
@VFLOG:t=204150:target=80:meas=-159:fe=9:fslip=5:vmag=33:theta=1262699282:du=65:dv=39:dw=46:i1=2030:i2=2149:ires=265:vbus=604:eangle=3188:espeed=-159:eerr=0:fault=0:drp=0:sd1=1:sd2=1
@VFLOG:t=204190:target=80:meas=-198:fe=9:fslip=5:vmag=33:theta=2808887402:du=37:dv=49:dw=64:i1=2063:i2=2065:ires=27:vbus=609:eangle=1164:espeed=-198:eerr=0:fault=0:drp=0:sd1=1:sd2=1
@VF:target=80:meas=-184:fe=9:fslip=5:vmag=33:em_stop1=1:em_stop2=1
@VFLOG:t=204230:target=80:meas=-169:fe=9:fslip=5:vmag=33:theta=60108226:du=51:dv=63:dw=36:i1=2052:i2=2082:ires=93:vbus=609:eangle=15530:espeed=-169:eerr=0:fault=0:drp=0:sd1=1:sd2=1
@VFLOG:t=204270:target=80:meas=-111:fe=9:fslip=5:vmag=33:theta=1606296346:du=61:dv=35:dw=54:i1=2042:i2=2125:ires=189:vbus=608:eangle=14132:espeed=-111:eerr=0:fault=0:drp=0:sd1=1:sd2=1
@VFLOG:t=204310:target=80:meas=-134:fe=9:fslip=5:vmag=33:theta=3152484466:du=34:dv=56:dw=59:i1=2078:i2=2032:ires=0:vbus=621:eangle=12775:espeed=-134:eerr=0:fault=0:drp=0:sd1=1:sd2=1
@VF:target=80:meas=-137:fe=9:fslip=5:vmag=33:em_stop1=1:em_stop2=1
@VFLOG:t=204350:target=80:meas=-183:fe=9:fslip=5:vmag=33:theta=403705290:du=59:dv=57:dw=34:i1=2047:i2=2087:ires=95:vbus=608:eangle=10956:espeed=-183:eerr=0:fault=0:drp=0:sd1=1:sd2=1
@VFLOG:t=204390:target=80:meas=-196:fe=9:fslip=5:vmag=33:theta=1949893410:du=54:dv=34:dw=61:i1=2054:i2=2095:ires=115:vbus=611:eangle=8733:espeed=-196:eerr=0:fault=0:drp=0:sd1=1:sd2=1
@VF:target=80:meas=-180:fe=9:fslip=5:vmag=33:em_stop1=1:em_stop2=1
@VFLOG:t=204430:target=80:meas=-156:fe=9:fslip=5:vmag=33:theta=3496081530:du=35:dv=63:dw=51:i1=2083:i2=2023:ires=0:vbus=631:eangle=6804:espeed=-156:eerr=0:fault=0:drp=0:sd1=1:sd2=1
@VFLOG:t=204470:target=80:meas=-125:fe=9:fslip=5:vmag=33:theta=747302354:du=64:dv=50:dw=37:i1=2044:i2=2106:ires=150:vbus=608:eangle=5463:espeed=-125:eerr=0:fault=0:drp=0:sd1=1:sd2=1
@VFLOG:t=204510:target=80:meas=-133:fe=9:fslip=5:vmag=33:theta=2293490474:du=47:dv=38:dw=65:i1=2059:i2=2081:ires=62:vbus=623:eangle=3979:espeed=-133:eerr=0:fault=0:drp=0:sd1=1:sd2=1
@VF:target=80:meas=-142:fe=9:fslip=5:vmag=33:em_stop1=1:em_stop2=1
@VFLOG:t=204550:target=80:meas=-189:fe=9:fslip=5:vmag=33:theta=3839678594:du=40:dv=66:dw=44:i1=2072:i2=2047:ires=0:vbus=615:eangle=2085:espeed=-189:eerr=0:fault=0:drp=0:sd1=1:sd2=1
@VFLOG:t=204590:target=80:meas=-190:fe=9:fslip=5:vmag=33:theta=1090899418:du=66:dv=42:dw=43:i1=2031:i2=2149:ires=250:vbus=605:eangle=25:espeed=-190:eerr=0:fault=0:drp=0:sd1=1:sd2=1
@VF:target=80:meas=-160:fe=9:fslip=5:vmag=33:em_stop1=1:em_stop2=1
@VFLOG:t=204630:target=80:meas=-135:fe=9:fslip=5:vmag=33:theta=2637087538:du=40:dv=45:dw=66:i1=2060:i2=2079:ires=55:vbus=1191:eangle=14702:espeed=-135:eerr=0:fault=0:drp=0:sd1=1:sd2=1
@VFLOG:t=204670:target=80:meas=-113:fe=9:fslip=5:vmag=33:theta=4183275658:du=48:dv=65:dw=38:i1=2060:i2=2082:ires=61:vbus=609:eangle=13433:espeed=-113:eerr=0:fault=0:drp=0:sd1=1:sd2=1
@VFLOG:t=204710:target=80:meas=-160:fe=9:fslip=5:vmag=33:theta=1434496482:du=64:dv=36:dw=50:i1=2036:i2=2139:ires=236:vbus=605:eangle=11869:espeed=-160:eerr=0:fault=0:drp=0:sd1=1:sd2=1
@VF:target=80:meas=-169:fe=9:fslip=5:vmag=33:em_stop1=1:em_stop2=1
@VFLOG:t=204750:target=80:meas=-202:fe=9:fslip=5:vmag=33:theta=2980684602:du=35:dv=52:dw=62:i1=2070:i2=2052:ires=0:vbus=615:eangle=9725:espeed=-202:eerr=0:fault=0:drp=0:sd1=1:sd2=1
@VFLOG:t=204790:target=80:meas=-190:fe=9:fslip=5:vmag=33:theta=231905426:du=55:dv=60:dw=34:i1=2055:i2=2088:ires=96:vbus=608:eangle=7612:espeed=-190:eerr=0:fault=0:drp=0:sd1=1:sd2=1
@VF:target=80:meas=-143:fe=9:fslip=5:vmag=33:em_stop1=1:em_stop2=1
@VFLOG:t=204830:target=80:meas=-123:fe=9:fslip=5:vmag=33:theta=1778093546:du=58:dv=34:dw=58:i1=2048:i2=2112:ires=150:vbus=609:eangle=6058:espeed=-123:eerr=0:fault=0:drp=0:sd1=1:sd2=1
@VFLOG:t=204870:target=80:meas=-140:fe=9:fslip=5:vmag=33:theta=3324281666:du=34:dv=60:dw=56:i1=2085:i2=2023:ires=0:vbus=627:eangle=4660:espeed=-140:eerr=0:fault=0:drp=0:sd1=1:sd2=1
@VFLOG:t=204910:target=80:meas=-161:fe=9:fslip=5:vmag=33:theta=575502490:du=62:dv=53:dw=35:i1=2049:i2=2095:ires=121:vbus=607:eangle=3056:espeed=-161:eerr=0:fault=0:drp=0:sd1=1:sd2=1
@VF:target=80:meas=-172:fe=9:fslip=5:vmag=33:em_stop1=1:em_stop2=1
@VFLOG:t=204950:target=80:meas=-192:fe=9:fslip=5:vmag=33:theta=2121690610:du=50:dv=36:dw=63:i1=2058:i2=2088:ires=78:vbus=619:eangle=962:espeed=-187:eerr=0:fault=0:drp=0:sd1=1:sd2=1
@VFLOG:t=204990:target=80:meas=-172:fe=9:fslip=5:vmag=33:theta=3667878730:du=37:dv=65:dw=48:i1=2080:i2=2036:ires=0:vbus=628:eangle=15382:espeed=-172:eerr=0:fault=0:drp=0:sd1=1:sd2=1
@VF:target=80:meas=-123:fe=9:fslip=5:vmag=33:em_stop1=1:em_stop2=1
@VFLOG:t=205030:target=80:meas=-113:fe=9:fslip=5:vmag=33:theta=919099554:du=66:dv=46:dw=39:i1=2037:i2=2127:ires=206:vbus=600:eangle=14021:espeed=-113:eerr=0:fault=0:drp=0:sd1=1:sd2=1
@VFLOG:t=205070:target=80:meas=-125:fe=9:fslip=5:vmag=33:theta=2465287674:du=43:dv=41:dw=66:i1=2058:i2=2079:ires=64:vbus=611:eangle=12679:espeed=-125:eerr=0:fault=0:drp=0:sd1=1:sd2=1
@VFLOG:t=205110:target=80:meas=-195:fe=9:fslip=5:vmag=33:theta=4011475794:du=44:dv=66:dw=41:i1=2066:i2=2064:ires=28:vbus=623:eangle=10754:espeed=-195:eerr=0:fault=0:drp=0:sd1=1:sd2=1
@VF:target=80:meas=-192:fe=9:fslip=5:vmag=33:em_stop1=1:em_stop2=1
@VFLOG:t=205150:target=80:meas=-203:fe=9:fslip=5:vmag=33:theta=1262696618:du=65:dv=39:dw=46:i1=2029:i2=2147:ires=263:vbus=601:eangle=8568:espeed=-203:eerr=0:fault=0:drp=0:sd1=1:sd2=1
@VFLOG:t=205190:target=80:meas=-140:fe=9:fslip=5:vmag=33:theta=2808884738:du=37:dv=49:dw=64:i1=2062:i2=2065:ires=27:vbus=611:eangle=6720:espeed=-140:eerr=0:fault=0:drp=0:sd1=1:sd2=1
@VF:target=80:meas=-126:fe=9:fslip=5:vmag=33:em_stop1=1:em_stop2=1
@VFLOG:t=205230:target=80:meas=-126:fe=9:fslip=5:vmag=33:theta=60105562:du=51:dv=63:dw=36:i1=2053:i2=2082:ires=95:vbus=609:eangle=5322:espeed=-126:eerr=0:fault=0:drp=0:sd1=1:sd2=1
@VFLOG:t=205270:target=80:meas=-139:fe=9:fslip=5:vmag=33:theta=1606293682:du=61:dv=35:dw=54:i1=2042:i2=2122:ires=192:vbus=606:eangle=3851:espeed=-139:eerr=0:fault=0:drp=0:sd1=1:sd2=1
@VFLOG:t=205310:target=80:meas=-193:fe=9:fslip=5:vmag=33:theta=3152481802:du=34:dv=56:dw=59:i1=2080:i2=2031:ires=0:vbus=623:eangle=1938:espeed=-193:eerr=0:fault=0:drp=0:sd1=1:sd2=1
@VF:target=80:meas=-202:fe=9:fslip=5:vmag=33:em_stop1=1:em_stop2=1
@VFLOG:t=205350:target=80:meas=-183:fe=9:fslip=5:vmag=33:theta=403702626:du=59:dv=57:dw=34:i1=2053:i2=2085:ires=96:vbus=606:eangle=16265:espeed=-183:eerr=0:fault=0:drp=0:sd1=1:sd2=1
@VFLOG:t=205390:target=80:meas=-126:fe=9:fslip=5:vmag=33:theta=1949890746:du=54:dv=34:dw=61:i1=2054:i2=2097:ires=114:vbus=613:eangle=14591:espeed=-126:eerr=0:fault=0:drp=0:sd1=1:sd2=1
@VF:target=80:meas=-119:fe=9:fslip=5:vmag=33:em_stop1=1:em_stop2=1
@VFLOG:t=205430:target=80:meas=-123:fe=9:fslip=5:vmag=33:theta=3496078866:du=35:dv=63:dw=51:i1=2085:i2=2020:ires=0:vbus=628:eangle=13286:espeed=-123:eerr=0:fault=0:drp=0:sd1=1:sd2=1
@VFLOG:t=205470:target=80:meas=-164:fe=9:fslip=5:vmag=33:theta=747299690:du=64:dv=50:dw=37:i1=2044:i2=2111:ires=153:vbus=604:eangle=11741:espeed=-164:eerr=0:fault=0:drp=0:sd1=1:sd2=1
@VFLOG:t=205510:target=80:meas=-203:fe=9:fslip=5:vmag=33:theta=2293487810:du=47:dv=38:dw=65:i1=2060:i2=2073:ires=61:vbus=613:eangle=9523:espeed=-203:eerr=0:fault=0:drp=0:sd1=1:sd2=1
@VF:target=80:meas=-199:fe=9:fslip=5:vmag=33:em_stop1=1:em_stop2=1
@VFLOG:t=205550:target=80:meas=-187:fe=9:fslip=5:vmag=33:theta=3839675930:du=40:dv=66:dw=44:i1=2071:i2=2051:ires=0:vbus=619:eangle=7447:espeed=-187:eerr=0:fault=0:drp=0:sd1=1:sd2=1
@VFLOG:t=205590:target=80:meas=-128:fe=9:fslip=5:vmag=33:theta=1090896754:du=66:dv=42:dw=43:i1=2031:i2=2143:ires=250:vbus=603:eangle=5947:espeed=-128:eerr=0:fault=0:drp=0:sd1=1:sd2=1
@VF:target=80:meas=-125:fe=9:fslip=5:vmag=33:em_stop1=1:em_stop2=1
@VFLOG:t=205630:target=80:meas=-133:fe=9:fslip=5:vmag=33:theta=2637084874:du=40:dv=45:dw=66:i1=2062:i2=2075:ires=56:vbus=1183:eangle=4526:espeed=-133:eerr=0:fault=0:drp=0:sd1=1:sd2=1
@VFLOG:t=205670:target=80:meas=-164:fe=9:fslip=5:vmag=33:theta=4183272994:du=48:dv=65:dw=38:i1=2062:i2=2075:ires=61:vbus=607:eangle=2891:espeed=-164:eerr=0:fault=0:drp=0:sd1=1:sd2=1
@VFLOG:t=205710:target=80:meas=-192:fe=9:fslip=5:vmag=33:theta=1434493818:du=64:dv=36:dw=50:i1=2036:i2=2137:ires=239:vbus=605:eangle=778:espeed=-192:eerr=0:fault=0:drp=0:sd1=1:sd2=1
@VF:target=80:meas=-193:fe=9:fslip=5:vmag=33:em_stop1=1:em_stop2=1
@VFLOG:t=205750:target=80:meas=-161:fe=9:fslip=5:vmag=33:theta=2980681938:du=35:dv=52:dw=62:i1=2070:i2=2050:ires=0:vbus=613:eangle=15272:espeed=-161:eerr=0:fault=0:drp=0:sd1=1:sd2=1
@VFLOG:t=205790:target=80:meas=-115:fe=9:fslip=5:vmag=33:theta=231902762:du=55:dv=60:dw=34:i1=2055:i2=2087:ires=97:vbus=606:eangle=13911:espeed=-115:eerr=0:fault=0:drp=0:sd1=1:sd2=1
@VF:target=80:meas=-135:fe=9:fslip=5:vmag=33:em_stop1=1:em_stop2=1
@VFLOG:t=205830:target=80:meas=-139:fe=9:fslip=5:vmag=33:theta=1778090882:du=58:dv=34:dw=58:i1=2050:i2=2109:ires=150:vbus=611:eangle=12481:espeed=-139:eerr=0:fault=0:drp=0:sd1=1:sd2=1
@VFLOG:t=205870:target=80:meas=-197:fe=9:fslip=5:vmag=33:theta=3324279002:du=34:dv=60:dw=56:i1=2085:i2=2020:ires=0:vbus=626:eangle=10588:espeed=-197:eerr=0:fault=0:drp=0:sd1=1:sd2=1
@VFLOG:t=205910:target=80:meas=-195:fe=9:fslip=5:vmag=33:theta=575499826:du=62:dv=53:dw=35:i1=2052:i2=2093:ires=123:vbus=607:eangle=8375:espeed=-195:eerr=0:fault=0:drp=0:sd1=1:sd2=1
@VF:target=80:meas=-201:fe=9:fslip=5:vmag=33:em_stop1=1:em_stop2=1
@VFLOG:t=205950:target=80:meas=-133:fe=9:fslip=5:vmag=33:theta=2121687946:du=50:dv=36:dw=63:i1=2057:i2=2085:ires=78:vbus=618:eangle=6591:espeed=-133:eerr=0:fault=0:drp=0:sd1=1:sd2=1
@VFLOG:t=205990:target=80:meas=-132:fe=9:fslip=5:vmag=33:theta=3667876066:du=37:dv=65:dw=48:i1=2079:i2=2034:ires=0:vbus=626:eangle=5193:espeed=-132:eerr=0:fault=0:drp=0:sd1=1:sd2=1
@VF:target=80:meas=-128:fe=9:fslip=5:vmag=33:em_stop1=1:em_stop2=1
@VFLOG:t=206030:target=80:meas=-146:fe=9:fslip=5:vmag=33:theta=919096890:du=66:dv=46:dw=39:i1=2037:i2=2124:ires=201:vbus=604:eangle=3685:espeed=-146:eerr=0:fault=0:drp=0:sd1=1:sd2=1
@VFLOG:t=206070:target=80:meas=-193:fe=9:fslip=5:vmag=33:theta=2465285010:du=43:dv=41:dw=66:i1=2063:i2=2077:ires=67:vbus=611:eangle=1772:espeed=-193:eerr=0:fault=0:drp=0:sd1=1:sd2=1
@VFLOG:t=206110:target=80:meas=-178:fe=9:fslip=5:vmag=33:theta=4011473130:du=44:dv=66:dw=41:i1=2065:i2=2069:ires=29:vbus=613:eangle=16063:espeed=-178:eerr=0:fault=0:drp=0:sd1=1:sd2=1
@VF:target=80:meas=-180:fe=9:fslip=5:vmag=33:em_stop1=1:em_stop2=1
@VFLOG:t=206150:target=80:meas=-128:fe=9:fslip=5:vmag=33:theta=1262693954:du=65:dv=39:dw=46:i1=2030:i2=2151:ires=263:vbus=601:eangle=14481:espeed=-128:eerr=0:fault=0:drp=0:sd1=1:sd2=1
@VFLOG:t=206190:target=80:meas=-124:fe=9:fslip=5:vmag=33:theta=2808882074:du=37:dv=49:dw=64:i1=2063:i2=2061:ires=24:vbus=610:eangle=13194:espeed=-124:eerr=0:fault=0:drp=0:sd1=1:sd2=1
@VF:target=80:meas=-146:fe=9:fslip=5:vmag=33:em_stop1=1:em_stop2=1
@VFLOG:t=206230:target=80:meas=-172:fe=9:fslip=5:vmag=33:theta=60102898:du=51:dv=63:dw=36:i1=2056:i2=2083:ires=95:vbus=605:eangle=11538:espeed=-172:eerr=0:fault=0:drp=0:sd1=1:sd2=1
@VFLOG:t=206270:target=80:meas=-210:fe=9:fslip=5:vmag=33:theta=1606291018:du=61:dv=35:dw=54:i1=2043:i2=2117:ires=192:vbus=608:eangle=9331:espeed=-210:eerr=0:fault=0:drp=0:sd1=1:sd2=1
@VFLOG:t=206310:target=80:meas=-180:fe=9:fslip=5:vmag=33:theta=3152479138:du=34:dv=56:dw=59:i1=2080:i2=2031:ires=0:vbus=623:eangle=7271:espeed=-180:eerr=0:fault=0:drp=0:sd1=1:sd2=1
@VF:target=80:meas=-166:fe=9:fslip=5:vmag=33:em_stop1=1:em_stop2=1
@VFLOG:t=206350:target=80:meas=-118:fe=9:fslip=5:vmag=33:theta=403699962:du=59:dv=57:dw=34:i1=2052:i2=2082:ires=95:vbus=609:eangle=5855:espeed=-118:eerr=0:fault=0:drp=0:sd1=1:sd2=1
@VFLOG:t=206390:target=80:meas=-128:fe=9:fslip=5:vmag=33:theta=1949888082:du=54:dv=34:dw=61:i1=2054:i2=2096:ires=114:vbus=612:eangle=4402:espeed=-128:eerr=0:fault=0:drp=0:sd1=1:sd2=1
@VF:target=80:meas=-148:fe=9:fslip=5:vmag=33:em_stop1=1:em_stop2=1
@VFLOG:t=206430:target=80:meas=-177:fe=9:fslip=5:vmag=33:theta=3496076202:du=35:dv=63:dw=51:i1=2087:i2=2024:ires=0:vbus=628:eangle=2673:espeed=-177:eerr=0:fault=0:drp=0:sd1=1:sd2=1
@VFLOG:t=206470:target=80:meas=-190:fe=9:fslip=5:vmag=33:theta=747297026:du=64:dv=50:dw=37:i1=2044:i2=2109:ires=152:vbus=603:eangle=614:espeed=-190:eerr=0:fault=0:drp=0:sd1=1:sd2=1
@VFLOG:t=206510:target=80:meas=-146:fe=9:fslip=5:vmag=33:theta=2293485146:du=47:dv=38:dw=65:i1=2059:i2=2077:ires=61:vbus=611:eangle=15106:espeed=-146:eerr=0:fault=0:drp=0:sd1=1:sd2=1
@VF:target=80:meas=-140:fe=9:fslip=5:vmag=33:em_stop1=1:em_stop2=1
@VFLOG:t=206550:target=80:meas=-120:fe=9:fslip=5:vmag=33:theta=3839673266:du=40:dv=66:dw=44:i1=2072:i2=2056:ires=0:vbus=615:eangle=13782:espeed=-120:eerr=0:fault=0:drp=0:sd1=1:sd2=1
@VFLOG:t=206590:target=80:meas=-144:fe=9:fslip=5:vmag=33:theta=1090894090:du=66:dv=42:dw=43:i1=2031:i2=2144:ires=253:vbus=603:eangle=12366:espeed=-144:eerr=0:fault=0:drp=0:sd1=1:sd2=1
@VF:target=80:meas=-180:fe=9:fslip=5:vmag=33:em_stop1=1:em_stop2=1
@VFLOG:t=206630:target=80:meas=-196:fe=9:fslip=5:vmag=33:theta=2637082210:du=40:dv=45:dw=66:i1=2058:i2=2078:ires=59:vbus=1182:eangle=10361:espeed=-196:eerr=0:fault=0:drp=0:sd1=1:sd2=1
@VFLOG:t=206670:target=80:meas=-192:fe=9:fslip=5:vmag=33:theta=4183270330:du=48:dv=65:dw=38:i1=2060:i2=2071:ires=61:vbus=605:eangle=8182:espeed=-192:eerr=0:fault=0:drp=0:sd1=1:sd2=1
@VFLOG:t=206710:target=80:meas=-137:fe=9:fslip=5:vmag=33:theta=1434491154:du=64:dv=36:dw=50:i1=2036:i2=2140:ires=238:vbus=604:eangle=6418:espeed=-137:eerr=0:fault=0:drp=0:sd1=1:sd2=1
@VF:target=80:meas=-127:fe=9:fslip=5:vmag=33:em_stop1=1:em_stop2=1
@VFLOG:t=206750:target=80:meas=-129:fe=9:fslip=5:vmag=33:theta=2980679274:du=35:dv=52:dw=62:i1=2069:i2=2055:ires=0:vbus=613:eangle=5083:espeed=-129:eerr=0:fault=0:drp=0:sd1=1:sd2=1
@VFLOG:t=206790:target=80:meas=-147:fe=9:fslip=5:vmag=33:theta=231900098:du=55:dv=60:dw=34:i1=2053:i2=2089:ires=97:vbus=609:eangle=3538:espeed=-147:eerr=0:fault=0:drp=0:sd1=1:sd2=1
@VF:target=80:meas=-189:fe=9:fslip=5:vmag=33:em_stop1=1:em_stop2=1
@VFLOG:t=206830:target=80:meas=-194:fe=9:fslip=5:vmag=33:theta=1778088218:du=58:dv=34:dw=58:i1=2050:i2=2110:ires=148:vbus=610:eangle=1531:espeed=-194:eerr=0:fault=0:drp=0:sd1=1:sd2=1
@VFLOG:t=206870:target=80:meas=-183:fe=9:fslip=5:vmag=33:theta=3324276338:du=34:dv=60:dw=56:i1=2085:i2=2019:ires=0:vbus=626:eangle=15898:espeed=-183:eerr=0:fault=0:drp=0:sd1=1:sd2=1
@VFLOG:t=206910:target=80:meas=-122:fe=9:fslip=5:vmag=33:theta=575497162:du=62:dv=53:dw=35:i1=2050:i2=2098:ires=120:vbus=607:eangle=14355:espeed=-122:eerr=0:fault=0:drp=0:sd1=1:sd2=1
@VF:target=80:meas=-114:fe=9:fslip=5:vmag=33:em_stop1=1:em_stop2=1
@VFLOG:t=206950:target=80:meas=-119:fe=9:fslip=5:vmag=33:theta=2121685282:du=50:dv=36:dw=63:i1=2059:i2=2086:ires=80:vbus=614:eangle=13069:espeed=-119:eerr=0:fault=0:drp=0:sd1=1:sd2=1
@VFLOG:t=206990:target=80:meas=-177:fe=9:fslip=5:vmag=33:theta=3667873402:du=37:dv=65:dw=48:i1=2080:i2=2038:ires=0:vbus=628:eangle=11360:espeed=-177:eerr=0:fault=0:drp=0:sd1=1:sd2=1
@VF:target=80:meas=-202:fe=9:fslip=5:vmag=33:em_stop1=1:em_stop2=1
@VFLOG:t=207030:target=80:meas=-205:fe=9:fslip=5:vmag=33:theta=919094226:du=66:dv=46:dw=39:i1=2037:i2=2125:ires=201:vbus=609:eangle=9137:espeed=-205:eerr=0:fault=0:drp=0:sd1=1:sd2=1
@VFLOG:t=207070:target=80:meas=-170:fe=9:fslip=5:vmag=33:theta=2465282346:du=43:dv=41:dw=66:i1=2058:i2=2073:ires=65:vbus=612:eangle=7135:espeed=-170:eerr=0:fault=0:drp=0:sd1=1:sd2=1
@VFLOG:t=207110:target=80:meas=-124:fe=9:fslip=5:vmag=33:theta=4011470466:du=44:dv=66:dw=41:i1=2067:i2=2062:ires=30:vbus=618:eangle=5702:espeed=-124:eerr=0:fault=0:drp=0:sd1=1:sd2=1
@VF:target=80:meas=-120:fe=9:fslip=5:vmag=33:em_stop1=1:em_stop2=1
@VFLOG:t=207150:target=80:meas=-141:fe=9:fslip=5:vmag=33:theta=1262691290:du=65:dv=39:dw=46:i1=2031:i2=2147:ires=268:vbus=595:eangle=4269:espeed=-141:eerr=0:fault=0:drp=0:sd1=1:sd2=1
@VFLOG:t=207190:target=80:meas=-179:fe=9:fslip=5:vmag=33:theta=2808879410:du=37:dv=49:dw=64:i1=2063:i2=2066:ires=25:vbus=610:eangle=2542:espeed=-179:eerr=0:fault=0:drp=0:sd1=1:sd2=1
@VF:target=80:meas=-196:fe=9:fslip=5:vmag=33:em_stop1=1:em_stop2=1
@VFLOG:t=207230:target=80:meas=-187:fe=9:fslip=5:vmag=33:theta=60100234:du=51:dv=63:dw=36:i1=2055:i2=2089:ires=95:vbus=609:eangle=448:espeed=-187:eerr=0:fault=0:drp=0:sd1=1:sd2=1
@VFLOG:t=207270:target=80:meas=-144:fe=9:fslip=5:vmag=33:theta=1606288354:du=61:dv=35:dw=54:i1=2044:i2=2126:ires=192:vbus=609:eangle=14978:espeed=-144:eerr=0:fault=0:drp=0:sd1=1:sd2=1
@VFLOG:t=207310:target=80:meas=-119:fe=9:fslip=5:vmag=33:theta=3152476474:du=34:dv=56:dw=59:i1=2080:i2=2033:ires=0:vbus=622:eangle=13672:espeed=-119:eerr=0:fault=0:drp=0:sd1=1:sd2=1
@VF:target=80:meas=-118:fe=9:fslip=5:vmag=33:em_stop1=1:em_stop2=1
@VFLOG:t=207350:target=80:meas=-141:fe=9:fslip=5:vmag=33:theta=403697298:du=59:dv=57:dw=34:i1=2054:i2=2085:ires=96:vbus=610:eangle=12256:espeed=-141:eerr=0:fault=0:drp=0:sd1=1:sd2=1
@VFLOG:t=207390:target=80:meas=-203:fe=9:fslip=5:vmag=33:theta=1949885418:du=54:dv=34:dw=61:i1=2053:i2=2094:ires=114:vbus=611:eangle=10159:espeed=-203:eerr=0:fault=0:drp=0:sd1=1:sd2=1
@VF:target=80:meas=-199:fe=9:fslip=5:vmag=33:em_stop1=1:em_stop2=1
@VFLOG:t=207430:target=80:meas=-197:fe=9:fslip=5:vmag=33:theta=3496073538:du=35:dv=63:dw=51:i1=2086:i2=2021:ires=0:vbus=629:eangle=8016:espeed=-197:eerr=0:fault=0:drp=0:sd1=1:sd2=1
@VFLOG:t=207470:target=80:meas=-131:fe=9:fslip=5:vmag=33:theta=747294362:du=64:dv=50:dw=37:i1=2038:i2=2132:ires=151:vbus=603:eangle=6333:espeed=-131:eerr=0:fault=0:drp=0:sd1=1:sd2=1
@VFLOG:t=207510:target=80:meas=-125:fe=9:fslip=5:vmag=33:theta=2293482482:du=47:dv=38:dw=65:i1=2060:i2=2076:ires=60:vbus=611:eangle=4936:espeed=-125:eerr=0:fault=0:drp=0:sd1=1:sd2=1
@VF:target=80:meas=-131:fe=9:fslip=5:vmag=33:em_stop1=1:em_stop2=1
@VFLOG:t=207550:target=80:meas=-155:fe=9:fslip=5:vmag=33:theta=3839670602:du=40:dv=66:dw=44:i1=2072:i2=2053:ires=0:vbus=616:eangle=3391:espeed=-155:eerr=0:fault=0:drp=0:sd1=1:sd2=1
@VFLOG:t=207590:target=80:meas=-197:fe=9:fslip=5:vmag=33:theta=1090891426:du=66:dv=42:dw=43:i1=2031:i2=2147:ires=250:vbus=601:eangle=1368:espeed=-197:eerr=0:fault=0:drp=0:sd1=1:sd2=1
@VF:target=80:meas=-185:fe=9:fslip=5:vmag=33:em_stop1=1:em_stop2=1
@VFLOG:t=207630:target=80:meas=-172:fe=9:fslip=5:vmag=33:theta=2637079546:du=40:dv=45:dw=66:i1=2058:i2=2076:ires=54:vbus=1195:eangle=15713:espeed=-178:eerr=0:fault=0:drp=0:sd1=1:sd2=1
@VFLOG:t=207670:target=80:meas=-121:fe=9:fslip=5:vmag=33:theta=4183267666:du=48:dv=65:dw=38:i1=2061:i2=2078:ires=60:vbus=610:eangle=14242:espeed=-121:eerr=0:fault=0:drp=0:sd1=1:sd2=1
@VFLOG:t=207710:target=80:meas=-135:fe=9:fslip=5:vmag=33:theta=1434488490:du=64:dv=36:dw=50:i1=2035:i2=2136:ires=237:vbus=604:eangle=12899:espeed=-135:eerr=0:fault=0:drp=0:sd1=1:sd2=1
@VF:target=80:meas=-137:fe=9:fslip=5:vmag=33:em_stop1=1:em_stop2=1
@VFLOG:t=207750:target=80:meas=-181:fe=9:fslip=5:vmag=33:theta=2980676610:du=35:dv=52:dw=62:i1=2070:i2=2053:ires=0:vbus=616:eangle=11207:espeed=-181:eerr=0:fault=0:drp=0:sd1=1:sd2=1
@VFLOG:t=207790:target=80:meas=-189:fe=9:fslip=5:vmag=33:theta=231897434:du=55:dv=60:dw=34:i1=2055:i2=2086:ires=98:vbus=609:eangle=8982:espeed=-189:eerr=0:fault=0:drp=0:sd1=1:sd2=1
@VF:target=80:meas=-191:fe=9:fslip=5:vmag=33:em_stop1=1:em_stop2=1
@VFLOG:t=207830:target=80:meas=-161:fe=9:fslip=5:vmag=33:theta=1778085554:du=58:dv=34:dw=58:i1=2049:i2=2105:ires=148:vbus=614:eangle=6959:espeed=-161:eerr=0:fault=0:drp=0:sd1=1:sd2=1
@VFLOG:t=207870:target=80:meas=-127:fe=9:fslip=5:vmag=33:theta=3324273674:du=34:dv=60:dw=56:i1=2084:i2=2019:ires=0:vbus=630:eangle=5598:espeed=-127:eerr=0:fault=0:drp=0:sd1=1:sd2=1
@VFLOG:t=207910:target=80:meas=-138:fe=9:fslip=5:vmag=33:theta=575494498:du=62:dv=53:dw=35:i1=2044:i2=2096:ires=122:vbus=604:eangle=4126:espeed=-138:eerr=0:fault=0:drp=0:sd1=1:sd2=1
@VF:target=80:meas=-137:fe=9:fslip=5:vmag=33:em_stop1=1:em_stop2=1
@VFLOG:t=207950:target=80:meas=-182:fe=9:fslip=5:vmag=33:theta=2121682618:du=50:dv=36:dw=63:i1=2058:i2=2088:ires=81:vbus=613:eangle=2361:espeed=-182:eerr=0:fault=0:drp=0:sd1=1:sd2=1
@VFLOG:t=207990:target=80:meas=-191:fe=9:fslip=5:vmag=33:theta=3667870738:du=37:dv=65:dw=48:i1=2080:i2=2038:ires=0:vbus=628:eangle=227:espeed=-191:eerr=0:fault=0:drp=0:sd1=1:sd2=1
@VF:target=80:meas=-163:fe=9:fslip=5:vmag=33:em_stop1=1:em_stop2=1
@VFLOG:t=208030:target=80:meas=-144:fe=9:fslip=5:vmag=33:theta=919091562:du=66:dv=46:dw=39:i1=2043:i2=2126:ires=204:vbus=603:eangle=14831:espeed=-144:eerr=0:fault=0:drp=0:sd1=1:sd2=1
@VFLOG:t=208070:target=80:meas=-122:fe=9:fslip=5:vmag=33:theta=2465279682:du=43:dv=41:dw=66:i1=2058:i2=2080:ires=64:vbus=613:eangle=13561:espeed=-122:eerr=0:fault=0:drp=0:sd1=1:sd2=1
@VFLOG:t=208110:target=80:meas=-148:fe=9:fslip=5:vmag=33:theta=4011467802:du=44:dv=66:dw=41:i1=2066:i2=2065:ires=29:vbus=619:eangle=12072:espeed=-148:eerr=0:fault=0:drp=0:sd1=1:sd2=1
@VF:target=80:meas=-155:fe=9:fslip=5:vmag=33:em_stop1=1:em_stop2=1
@VFLOG:t=208150:target=80:meas=-212:fe=9:fslip=5:vmag=33:theta=1262688626:du=65:dv=39:dw=46:i1=2031:i2=2147:ires=264:vbus=602:eangle=9975:espeed=-212:eerr=0:fault=0:drp=0:sd1=1:sd2=1
@VFLOG:t=208190:target=80:meas=-187:fe=9:fslip=5:vmag=33:theta=2808876746:du=37:dv=49:dw=64:i1=2062:i2=2060:ires=25:vbus=608:eangle=7823:espeed=-187:eerr=0:fault=0:drp=0:sd1=1:sd2=1
@VF:target=80:meas=-152:fe=9:fslip=5:vmag=33:em_stop1=1:em_stop2=1
@VFLOG:t=208230:target=80:meas=-125:fe=9:fslip=5:vmag=33:theta=60097570:du=51:dv=63:dw=36:i1=2051:i2=2089:ires=96:vbus=608:eangle=6186:espeed=-125:eerr=0:fault=0:drp=0:sd1=1:sd2=1
@VFLOG:t=208270:target=80:meas=-138:fe=9:fslip=5:vmag=33:theta=1606285690:du=61:dv=35:dw=54:i1=2042:i2=2125:ires=192:vbus=608:eangle=4788:espeed=-138:eerr=0:fault=0:drp=0:sd1=1:sd2=1
@VFLOG:t=208310:target=80:meas=-157:fe=9:fslip=5:vmag=33:theta=3152473810:du=34:dv=56:dw=59:i1=2080:i2=2031:ires=0:vbus=619:eangle=3225:espeed=-157:eerr=0:fault=0:drp=0:sd1=1:sd2=1
@VF:target=80:meas=-170:fe=9:fslip=5:vmag=33:em_stop1=1:em_stop2=1
@VFLOG:t=208350:target=80:meas=-187:fe=9:fslip=5:vmag=33:theta=403694634:du=59:dv=57:dw=34:i1=2053:i2=2090:ires=96:vbus=608:eangle=1202:espeed=-187:eerr=0:fault=0:drp=0:sd1=1:sd2=1
@VFLOG:t=208390:target=80:meas=-168:fe=9:fslip=5:vmag=33:theta=1949882754:du=54:dv=34:dw=61:i1=2053:i2=2099:ires=116:vbus=613:eangle=15566:espeed=-168:eerr=0:fault=0:drp=0:sd1=1:sd2=1
@VF:target=80:meas=-134:fe=9:fslip=5:vmag=33:em_stop1=1:em_stop2=1
@VFLOG:t=208430:target=80:meas=-123:fe=9:fslip=5:vmag=33:theta=3496070874:du=35:dv=63:dw=51:i1=2085:i2=2019:ires=0:vbus=628:eangle=14113:espeed=-123:eerr=0:fault=0:drp=0:sd1=1:sd2=1
@VFLOG:t=208470:target=80:meas=-130:fe=9:fslip=5:vmag=33:theta=747291698:du=64:dv=50:dw=37:i1=2049:i2=2113:ires=153:vbus=605:eangle=12807:espeed=-130:eerr=0:fault=0:drp=0:sd1=1:sd2=1
@VFLOG:t=208510:target=80:meas=-188:fe=9:fslip=5:vmag=33:theta=2293479818:du=47:dv=38:dw=65:i1=2059:i2=2078:ires=59:vbus=611:eangle=10968:espeed=-188:eerr=0:fault=0:drp=0:sd1=1:sd2=1
@VF:target=80:meas=-193:fe=9:fslip=5:vmag=33:em_stop1=1:em_stop2=1
@VFLOG:t=208550:target=80:meas=-201:fe=9:fslip=5:vmag=33:theta=3839667938:du=40:dv=66:dw=44:i1=2072:i2=2047:ires=0:vbus=618:eangle=8724:espeed=-201:eerr=0:fault=0:drp=0:sd1=1:sd2=1
@VFLOG:t=208590:target=80:meas=-160:fe=9:fslip=5:vmag=33:theta=1090888762:du=66:dv=42:dw=43:i1=2031:i2=2142:ires=250:vbus=602:eangle=6830:espeed=-160:eerr=0:fault=0:drp=0:sd1=1:sd2=1
@VF:target=80:meas=-122:fe=9:fslip=5:vmag=33:em_stop1=1:em_stop2=1
@VFLOG:t=208630:target=80:meas=-128:fe=9:fslip=5:vmag=33:theta=2637076882:du=40:dv=45:dw=66:i1=2058:i2=2069:ires=52:vbus=1186:eangle=5451:espeed=-128:eerr=0:fault=0:drp=0:sd1=1:sd2=1
@VFLOG:t=208670:target=80:meas=-142:fe=9:fslip=5:vmag=33:theta=4183265002:du=48:dv=65:dw=38:i1=2061:i2=2076:ires=61:vbus=608:eangle=3979:espeed=-142:eerr=0:fault=0:drp=0:sd1=1:sd2=1
@VFLOG:t=208710:target=80:meas=-195:fe=9:fslip=5:vmag=33:theta=1434485826:du=64:dv=36:dw=50:i1=2036:i2=2138:ires=239:vbus=605:eangle=2122:espeed=-195:eerr=0:fault=0:drp=0:sd1=1:sd2=1
@VF:target=80:meas=-190:fe=9:fslip=5:vmag=33:em_stop1=1:em_stop2=1
@VFLOG:t=208750:target=80:meas=-193:fe=9:fslip=5:vmag=33:theta=2980673946:du=35:dv=52:dw=62:i1=2070:i2=2053:ires=0:vbus=615:eangle=25:espeed=-193:eerr=0:fault=0:drp=0:sd1=1:sd2=1
@VFLOG:t=208790:target=80:meas=-131:fe=9:fslip=5:vmag=33:theta=231894770:du=55:dv=60:dw=34:i1=2054:i2=2087:ires=97:vbus=616:eangle=14738:espeed=-131:eerr=0:fault=0:drp=0:sd1=1:sd2=1
@VF:target=80:meas=-121:fe=9:fslip=5:vmag=33:em_stop1=1:em_stop2=1
@VFLOG:t=208830:target=80:meas=-122:fe=9:fslip=5:vmag=33:theta=1778082890:du=58:dv=34:dw=58:i1=2050:i2=2108:ires=150:vbus=614:eangle=13414:espeed=-122:eerr=0:fault=0:drp=0:sd1=1:sd2=1
@VFLOG:t=208870:target=80:meas=-155:fe=9:fslip=5:vmag=33:theta=3324271010:du=34:dv=60:dw=56:i1=2085:i2=2018:ires=0:vbus=625:eangle=11925:espeed=-155:eerr=0:fault=0:drp=0:sd1=1:sd2=1
@VFLOG:t=208910:target=80:meas=-210:fe=9:fslip=5:vmag=33:theta=575491834:du=62:dv=53:dw=35:i1=2049:i2=2095:ires=123:vbus=607:eangle=9773:espeed=-210:eerr=0:fault=0:drp=0:sd1=1:sd2=1
@VF:target=80:meas=-203:fe=9:fslip=5:vmag=33:em_stop1=1:em_stop2=1
@VFLOG:t=208950:target=80:meas=-182:fe=9:fslip=5:vmag=33:theta=2121679954:du=50:dv=36:dw=63:i1=2057:i2=2087:ires=80:vbus=616:eangle=7621:espeed=-182:eerr=0:fault=0:drp=0:sd1=1:sd2=1
@VFLOG:t=208990:target=80:meas=-122:fe=9:fslip=5:vmag=33:theta=3667868074:du=37:dv=65:dw=48:i1=2079:i2=2037:ires=0:vbus=626:eangle=6094:espeed=-122:eerr=0:fault=0:drp=0:sd1=1:sd2=1
@VF:target=80:meas=-123:fe=9:fslip=5:vmag=33:em_stop1=1:em_stop2=1
@VFLOG:t=209030:target=80:meas=-135:fe=9:fslip=5:vmag=33:theta=919088898:du=66:dv=46:dw=39:i1=2037:i2=2127:ires=201:vbus=604:eangle=4678:espeed=-135:eerr=0:fault=0:drp=0:sd1=1:sd2=1
@VFLOG:t=209070:target=80:meas=-155:fe=9:fslip=5:vmag=33:theta=2465277018:du=43:dv=41:dw=66:i1=2056:i2=2079:ires=64:vbus=615:eangle=3115:espeed=-155:eerr=0:fault=0:drp=0:sd1=1:sd2=1
@VFLOG:t=209110:target=80:meas=-190:fe=9:fslip=5:vmag=33:theta=4011465138:du=44:dv=66:dw=41:i1=2067:i2=2064:ires=28:vbus=621:eangle=1000:espeed=-190:eerr=0:fault=0:drp=0:sd1=1:sd2=1
@VF:target=80:meas=-188:fe=9:fslip=5:vmag=33:em_stop1=1:em_stop2=1
@VFLOG:t=209150:target=80:meas=-173:fe=9:fslip=5:vmag=33:theta=1262685962:du=65:dv=39:dw=46:i1=2028:i2=2145:ires=265:vbus=603:eangle=15401:espeed=-173:eerr=0:fault=0:drp=0:sd1=1:sd2=1
@VFLOG:t=209190:target=80:meas=-112:fe=9:fslip=5:vmag=33:theta=2808874082:du=37:dv=49:dw=64:i1=2064:i2=2068:ires=24:vbus=609:eangle=14058:espeed=-112:eerr=0:fault=0:drp=0:sd1=1:sd2=1
@VF:target=80:meas=-122:fe=9:fslip=5:vmag=33:em_stop1=1:em_stop2=1
@VFLOG:t=209230:target=80:meas=-128:fe=9:fslip=5:vmag=33:theta=60094906:du=51:dv=63:dw=36:i1=2050:i2=2086:ires=94:vbus=605:eangle=12679:espeed=-128:eerr=0:fault=0:drp=0:sd1=1:sd2=1
@VFLOG:t=209270:target=80:meas=-196:fe=9:fslip=5:vmag=33:theta=1606283026:du=61:dv=35:dw=54:i1=2043:i2=2124:ires=191:vbus=611:eangle=10803:espeed=-196:eerr=0:fault=0:drp=0:sd1=1:sd2=1
@VFLOG:t=209310:target=80:meas=-205:fe=9:fslip=5:vmag=33:theta=3152471146:du=34:dv=56:dw=59:i1=2079:i2=2035:ires=0:vbus=619:eangle=8586:espeed=-205:eerr=0:fault=0:drp=0:sd1=1:sd2=1
@VF:target=80:meas=-206:fe=9:fslip=5:vmag=33:em_stop1=1:em_stop2=1
@VFLOG:t=209350:target=80:meas=-145:fe=9:fslip=5:vmag=33:theta=403691970:du=59:dv=57:dw=34:i1=2053:i2=2088:ires=95:vbus=609:eangle=6720:espeed=-145:eerr=0:fault=0:drp=0:sd1=1:sd2=1
@VFLOG:t=209390:target=80:meas=-123:fe=9:fslip=5:vmag=33:theta=1949880090:du=54:dv=34:dw=61:i1=2054:i2=2101:ires=116:vbus=612:eangle=5359:espeed=-123:eerr=0:fault=0:drp=0:sd1=1:sd2=1
@VF:target=80:meas=-139:fe=9:fslip=5:vmag=33:em_stop1=1:em_stop2=1
@VFLOG:t=209430:target=80:meas=-142:fe=9:fslip=5:vmag=33:theta=3496068210:du=35:dv=63:dw=51:i1=2085:i2=2022:ires=0:vbus=627:eangle=3851:espeed=-142:eerr=0:fault=0:drp=0:sd1=1:sd2=1
@VFLOG:t=209470:target=80:meas=-186:fe=9:fslip=5:vmag=33:theta=747289034:du=64:dv=50:dw=37:i1=2045:i2=2107:ires=151:vbus=608:eangle=2011:espeed=-186:eerr=0:fault=0:drp=0:sd1=1:sd2=1
@VFLOG:t=209510:target=80:meas=-180:fe=9:fslip=5:vmag=33:theta=2293477154:du=47:dv=38:dw=65:i1=2060:i2=2077:ires=58:vbus=613:eangle=16283:espeed=-180:eerr=0:fault=0:drp=0:sd1=1:sd2=1
@VF:target=80:meas=-177:fe=9:fslip=5:vmag=33:em_stop1=1:em_stop2=1
@VFLOG:t=209550:target=80:meas=-137:fe=9:fslip=5:vmag=33:theta=3839665274:du=40:dv=66:dw=44:i1=2070:i2=2055:ires=0:vbus=615:eangle=14573:espeed=-137:eerr=0:fault=0:drp=0:sd1=1:sd2=1
@VFLOG:t=209590:target=80:meas=-127:fe=9:fslip=5:vmag=33:theta=1090886098:du=66:dv=42:dw=43:i1=2031:i2=2143:ires=251:vbus=601:eangle=13322:espeed=-127:eerr=0:fault=0:drp=0:sd1=1:sd2=1
@VF:target=80:meas=-138:fe=9:fslip=5:vmag=33:em_stop1=1:em_stop2=1
@VFLOG:t=209630:target=80:meas=-157:fe=9:fslip=5:vmag=33:theta=2637074218:du=40:dv=45:dw=66:i1=2058:i2=2073:ires=53:vbus=1161:eangle=11759:espeed=-157:eerr=0:fault=0:drp=0:sd1=1:sd2=1
@VFLOG:t=209670:target=80:meas=-208:fe=9:fslip=5:vmag=33:theta=4183262338:du=48:dv=65:dw=38:i1=2060:i2=2076:ires=60:vbus=607:eangle=9589:espeed=-208:eerr=0:fault=0:drp=0:sd1=1:sd2=1
@VFLOG:t=209710:target=80:meas=-189:fe=9:fslip=5:vmag=33:theta=1434483162:du=64:dv=36:dw=50:i1=2034:i2=2140:ires=236:vbus=605:eangle=7455:espeed=-189:eerr=0:fault=0:drp=0:sd1=1:sd2=1
@VF:target=80:meas=-174:fe=9:fslip=5:vmag=33:em_stop1=1:em_stop2=1
@VFLOG:t=209750:target=80:meas=-125:fe=9:fslip=5:vmag=33:theta=2980671282:du=35:dv=52:dw=62:i1=2070:i2=2051:ires=0:vbus=613:eangle=5966:espeed=-125:eerr=0:fault=0:drp=0:sd1=1:sd2=1
@VFLOG:t=209790:target=80:meas=-130:fe=9:fslip=5:vmag=33:theta=231892106:du=55:dv=60:dw=34:i1=2054:i2=2086:ires=96:vbus=611:eangle=4568:espeed=-130:eerr=0:fault=0:drp=0:sd1=1:sd2=1
@VF:target=80:meas=-148:fe=9:fslip=5:vmag=33:em_stop1=1:em_stop2=1
@VFLOG:t=209830:target=80:meas=-164:fe=9:fslip=5:vmag=33:theta=1778080226:du=58:dv=34:dw=58:i1=2050:i2=2111:ires=148:vbus=612:eangle=2913:espeed=-164:eerr=0:fault=0:drp=0:sd1=1:sd2=1
@VFLOG:t=209870:target=80:meas=-197:fe=9:fslip=5:vmag=33:theta=3324268346:du=34:dv=60:dw=56:i1=2085:i2=2018:ires=0:vbus=625:eangle=797:espeed=-197:eerr=0:fault=0:drp=0:sd1=1:sd2=1
@VFLOG:t=209910:target=80:meas=-161:fe=9:fslip=5:vmag=33:theta=575489170:du=62:dv=53:dw=35:i1=2048:i2=2095:ires=121:vbus=608:eangle=15290:espeed=-161:eerr=0:fault=0:drp=0:sd1=1:sd2=1
@VF:target=80:meas=-155:fe=9:fslip=5:vmag=33:em_stop1=1:em_stop2=1
@VFLOG:t=209950:target=80:meas=-117:fe=9:fslip=5:vmag=33:theta=2121677290:du=50:dv=36:dw=63:i1=2054:i2=2085:ires=79:vbus=612:eangle=13911:espeed=-117:eerr=0:fault=0:drp=0:sd1=1:sd2=1
@VFLOG:t=209990:target=80:meas=-138:fe=9:fslip=5:vmag=33:theta=3667865410:du=37:dv=65:dw=48:i1=2079:i2=2032:ires=0:vbus=627:eangle=12550:espeed=-138:eerr=0:fault=0:drp=0:sd1=1:sd2=1
@VF:target=80:meas=-174:fe=9:fslip=5:vmag=33:em_stop1=1:em_stop2=1
@VFLOG:t=210030:target=80:meas=-200:fe=9:fslip=5:vmag=33:theta=919086234:du=66:dv=46:dw=39:i1=2038:i2=2128:ires=201:vbus=609:eangle=10619:espeed=-200:eerr=0:fault=0:drp=0:sd1=1:sd2=1
@VFLOG:t=210070:target=80:meas=-194:fe=9:fslip=5:vmag=33:theta=2465274354:du=43:dv=41:dw=66:i1=2057:i2=2079:ires=64:vbus=613:eangle=8393:espeed=-194:eerr=0:fault=0:drp=0:sd1=1:sd2=1
@VFLOG:t=210110:target=80:meas=-142:fe=9:fslip=5:vmag=33:theta=4011462474:du=44:dv=66:dw=41:i1=2066:i2=2059:ires=30:vbus=625:eangle=6591:espeed=-142:eerr=0:fault=0:drp=0:sd1=1:sd2=1
@VF:target=80:meas=-132:fe=9:fslip=5:vmag=33:em_stop1=1:em_stop2=1
@VFLOG:t=210150:target=80:meas=-132:fe=9:fslip=5:vmag=33:theta=1262683298:du=65:dv=39:dw=46:i1=2030:i2=2152:ires=263:vbus=600:eangle=5211:espeed=-132:eerr=0:fault=0:drp=0:sd1=1:sd2=1
@VFLOG:t=210190:target=80:meas=-144:fe=9:fslip=5:vmag=33:theta=2808871418:du=37:dv=49:dw=64:i1=2063:i2=2063:ires=24:vbus=610:eangle=3740:espeed=-144:eerr=0:fault=0:drp=0:sd1=1:sd2=1
@VF:target=80:meas=-178:fe=9:fslip=5:vmag=33:em_stop1=1:em_stop2=1
@VFLOG:t=210230:target=80:meas=-184:fe=9:fslip=5:vmag=33:theta=60092242:du=51:dv=63:dw=36:i1=2056:i2=2091:ires=94:vbus=608:eangle=1791:espeed=-184:eerr=0:fault=0:drp=0:sd1=1:sd2=1
@VFLOG:t=210270:target=80:meas=-115:fe=9:fslip=5:vmag=33:theta=1606280362:du=61:dv=35:dw=54:i1=2043:i2=2121:ires=189:vbus=607:eangle=16081:espeed=-115:eerr=0:fault=0:drp=0:sd1=1:sd2=1
@VFLOG:t=210310:target=80:meas=-130:fe=9:fslip=5:vmag=33:theta=3152468482:du=34:dv=56:dw=59:i1=2080:i2=2028:ires=0:vbus=624:eangle=14500:espeed=-130:eerr=0:fault=0:drp=0:sd1=1:sd2=1
@VF:target=80:meas=-120:fe=9:fslip=5:vmag=33:em_stop1=1:em_stop2=1
@VFLOG:t=210350:target=80:meas=-118:fe=9:fslip=5:vmag=33:theta=403689306:du=59:dv=57:dw=34:i1=2053:i2=2089:ires=95:vbus=608:eangle=13212:espeed=-118:eerr=0:fault=0:drp=0:sd1=1:sd2=1
@VFLOG:t=210390:target=80:meas=-172:fe=9:fslip=5:vmag=33:theta=1949877426:du=54:dv=34:dw=61:i1=2053:i2=2101:ires=115:vbus=614:eangle=11538:espeed=-172:eerr=0:fault=0:drp=0:sd1=1:sd2=1
@VF:target=80:meas=-205:fe=9:fslip=5:vmag=33:em_stop1=1:em_stop2=1
@VFLOG:t=210430:target=80:meas=-212:fe=9:fslip=5:vmag=33:theta=3496065546:du=35:dv=63:dw=51:i1=2086:i2=2024:ires=0:vbus=630:eangle=9368:espeed=-212:eerr=0:fault=0:drp=0:sd1=1:sd2=1
@VFLOG:t=210470:target=80:meas=-174:fe=9:fslip=5:vmag=33:theta=747286370:du=64:dv=50:dw=37:i1=2045:i2=2105:ires=150:vbus=603:eangle=7308:espeed=-174:eerr=0:fault=0:drp=0:sd1=1:sd2=1
@VFLOG:t=210510:target=80:meas=-124:fe=9:fslip=5:vmag=33:theta=2293474490:du=47:dv=38:dw=65:i1=2060:i2=2079:ires=61:vbus=613:eangle=5855:espeed=-124:eerr=0:fault=0:drp=0:sd1=1:sd2=1
@VF:target=80:meas=-118:fe=9:fslip=5:vmag=33:em_stop1=1:em_stop2=1
@VFLOG:t=210550:target=80:meas=-137:fe=9:fslip=5:vmag=33:theta=3839662610:du=40:dv=66:dw=44:i1=2071:i2=2047:ires=0:vbus=616:eangle=4402:espeed=-137:eerr=0:fault=0:drp=0:sd1=1:sd2=1
@VFLOG:t=210590:target=80:meas=-176:fe=9:fslip=5:vmag=33:theta=1090883434:du=66:dv=42:dw=43:i1=2037:i2=2147:ires=250:vbus=603:eangle=2710:espeed=-176:eerr=0:fault=0:drp=0:sd1=1:sd2=1
@VF:target=80:meas=-188:fe=9:fslip=5:vmag=33:em_stop1=1:em_stop2=1
@VFLOG:t=210630:target=80:meas=-189:fe=9:fslip=5:vmag=33:theta=2637071554:du=40:dv=45:dw=66:i1=2058:i2=2075:ires=55:vbus=1161:eangle=650:espeed=-189:eerr=0:fault=0:drp=0:sd1=1:sd2=1
@VFLOG:t=210670:target=80:meas=-146:fe=9:fslip=5:vmag=33:theta=4183259674:du=48:dv=65:dw=38:i1=2061:i2=2082:ires=60:vbus=609:eangle=15125:espeed=-146:eerr=0:fault=0:drp=0:sd1=1:sd2=1
@VFLOG:t=210710:target=80:meas=-120:fe=9:fslip=5:vmag=33:theta=1434480498:du=64:dv=36:dw=50:i1=2036:i2=2141:ires=237:vbus=604:eangle=13801:espeed=-120:eerr=0:fault=0:drp=0:sd1=1:sd2=1
@VF:target=80:meas=-123:fe=9:fslip=5:vmag=33:em_stop1=1:em_stop2=1
@VFLOG:t=210750:target=80:meas=-138:fe=9:fslip=5:vmag=33:theta=2980668618:du=35:dv=52:dw=62:i1=2075:i2=2051:ires=0:vbus=612:eangle=12403:espeed=-138:eerr=0:fault=0:drp=0:sd1=1:sd2=1
@VFLOG:t=210790:target=80:meas=-192:fe=9:fslip=5:vmag=33:theta=231889442:du=55:dv=60:dw=34:i1=2055:i2=2085:ires=94:vbus=607:eangle=10416:espeed=-192:eerr=0:fault=0:drp=0:sd1=1:sd2=1
@VF:target=80:meas=-204:fe=9:fslip=5:vmag=33:em_stop1=1:em_stop2=1
@VFLOG:t=210830:target=80:meas=-199:fe=9:fslip=5:vmag=33:theta=1778077562:du=58:dv=34:dw=58:i1=2049:i2=2108:ires=148:vbus=613:eangle=8209:espeed=-199:eerr=0:fault=0:drp=0:sd1=1:sd2=1
@VFLOG:t=210870:target=80:meas=-136:fe=9:fslip=5:vmag=33:theta=3324265682:du=34:dv=60:dw=56:i1=2085:i2=2020:ires=0:vbus=623:eangle=6462:espeed=-136:eerr=0:fault=0:drp=0:sd1=1:sd2=1
@VFLOG:t=210910:target=80:meas=-126:fe=9:fslip=5:vmag=33:theta=575486506:du=62:dv=53:dw=35:i1=2049:i2=2100:ires=121:vbus=609:eangle=5120:espeed=-126:eerr=0:fault=0:drp=0:sd1=1:sd2=1
@VF:target=80:meas=-132:fe=9:fslip=5:vmag=33:em_stop1=1:em_stop2=1
@VFLOG:t=210950:target=80:meas=-137:fe=9:fslip=5:vmag=33:theta=2121674626:du=50:dv=36:dw=63:i1=2058:i2=2089:ires=80:vbus=616:eangle=3593:espeed=-137:eerr=0:fault=0:drp=0:sd1=1:sd2=1
@VFLOG:t=210990:target=80:meas=-197:fe=9:fslip=5:vmag=33:theta=3667862746:du=37:dv=65:dw=48:i1=2079:i2=2036:ires=0:vbus=627:eangle=1570:espeed=-197:eerr=0:fault=0:drp=0:sd1=1:sd2=1
@VF:target=80:meas=-184:fe=9:fslip=5:vmag=33:em_stop1=1:em_stop2=1
@VFLOG:t=211030:target=80:meas=-181:fe=9:fslip=5:vmag=33:theta=919083570:du=66:dv=46:dw=39:i1=2038:i2=2127:ires=203:vbus=604:eangle=15953:espeed=-181:eerr=0:fault=0:drp=0:sd1=1:sd2=1
@VFLOG:t=211070:target=80:meas=-121:fe=9:fslip=5:vmag=33:theta=2465271690:du=43:dv=41:dw=66:i1=2058:i2=2076:ires=64:vbus=612:eangle=14389:espeed=-121:eerr=0:fault=0:drp=0:sd1=1:sd2=1
@VFLOG:t=211110:target=80:meas=-129:fe=9:fslip=5:vmag=33:theta=4011459810:du=44:dv=66:dw=41:i1=2067:i2=2065:ires=31:vbus=618:eangle=13065:espeed=-122:eerr=0:fault=0:drp=0:sd1=1:sd2=1
@VF:target=80:meas=-129:fe=9:fslip=5:vmag=33:em_stop1=1:em_stop2=1
@VFLOG:t=211150:target=80:meas=-183:fe=9:fslip=5:vmag=33:theta=1262680634:du=65:dv=39:dw=46:i1=2030:i2=2152:ires=263:vbus=603:eangle=11391:espeed=-183:eerr=0:fault=0:drp=0:sd1=1:sd2=1
@VFLOG:t=211190:target=80:meas=-200:fe=9:fslip=5:vmag=33:theta=2808868754:du=37:dv=49:dw=64:i1=2062:i2=2062:ires=23:vbus=610:eangle=9184:espeed=-200:eerr=0:fault=0:drp=0:sd1=1:sd2=1
@VF:target=80:meas=-193:fe=9:fslip=5:vmag=33:em_stop1=1:em_stop2=1
@VFLOG:t=211230:target=80:meas=-167:fe=9:fslip=5:vmag=33:theta=60089578:du=51:dv=63:dw=36:i1=2054:i2=2086:ires=94:vbus=610:eangle=7180:espeed=-167:eerr=0:fault=0:drp=0:sd1=1:sd2=1
@VFLOG:t=211270:target=80:meas=-127:fe=9:fslip=5:vmag=33:theta=1606277698:du=61:dv=35:dw=54:i1=2046:i2=2122:ires=189:vbus=612:eangle=5726:espeed=-127:eerr=0:fault=0:drp=0:sd1=1:sd2=1
@VFLOG:t=211310:target=80:meas=-140:fe=9:fslip=5:vmag=33:theta=3152465818:du=34:dv=56:dw=59:i1=2079:i2=2031:ires=0:vbus=622:eangle=4273:espeed=-140:eerr=0:fault=0:drp=0:sd1=1:sd2=1
@VF:target=80:meas=-145:fe=9:fslip=5:vmag=33:em_stop1=1:em_stop2=1
@VFLOG:t=211350:target=80:meas=-179:fe=9:fslip=5:vmag=33:theta=403686642:du=59:dv=57:dw=34:i1=2052:i2=2084:ires=98:vbus=610:eangle=2563:espeed=-179:eerr=0:fault=0:drp=0:sd1=1:sd2=1
@VFLOG:t=211390:target=80:meas=-190:fe=9:fslip=5:vmag=33:theta=1949874762:du=54:dv=34:dw=61:i1=2053:i2=2095:ires=116:vbus=613:eangle=429:espeed=-190:eerr=0:fault=0:drp=0:sd1=1:sd2=1
@VF:target=80:meas=-171:fe=9:fslip=5:vmag=33:em_stop1=1:em_stop2=1
@VFLOG:t=211430:target=80:meas=-156:fe=9:fslip=5:vmag=33:theta=3496062882:du=35:dv=63:dw=51:i1=2085:i2=2019:ires=0:vbus=628:eangle=14978:espeed=-156:eerr=0:fault=0:drp=0:sd1=1:sd2=1
@VFLOG:t=211470:target=80:meas=-119:fe=9:fslip=5:vmag=33:theta=747283706:du=64:dv=50:dw=37:i1=2050:i2=2112:ires=153:vbus=607:eangle=13690:espeed=-119:eerr=0:fault=0:drp=0:sd1=1:sd2=1
@VFLOG:t=211510:target=80:meas=-139:fe=9:fslip=5:vmag=33:theta=2293471826:du=47:dv=38:dw=65:i1=2060:i2=2086:ires=61:vbus=615:eangle=12237:espeed=-139:eerr=0:fault=0:drp=0:sd1=1:sd2=1
@VF:target=80:meas=-151:fe=9:fslip=5:vmag=33:em_stop1=1:em_stop2=1
@VFLOG:t=211550:target=80:meas=-208:fe=9:fslip=5:vmag=33:theta=3839659946:du=40:dv=66:dw=44:i1=2072:i2=2051:ires=0:vbus=615:eangle=10184:espeed=-208:eerr=0:fault=0:drp=0:sd1=1:sd2=1
@VFLOG:t=211590:target=80:meas=-201:fe=9:fslip=5:vmag=33:theta=1090880770:du=66:dv=42:dw=43:i1=2031:i2=2144:ires=251:vbus=608:eangle=7989:espeed=-201:eerr=0:fault=0:drp=0:sd1=1:sd2=1
@VF:target=80:meas=-157:fe=9:fslip=5:vmag=33:em_stop1=1:em_stop2=1
@VFLOG:t=211630:target=80:meas=-130:fe=9:fslip=5:vmag=33:theta=2637068890:du=40:dv=45:dw=66:i1=2058:i2=2070:ires=53:vbus=1167:eangle=6352:espeed=-130:eerr=0:fault=0:drp=0:sd1=1:sd2=1
@VFLOG:t=211670:target=80:meas=-135:fe=9:fslip=5:vmag=33:theta=4183257010:du=48:dv=65:dw=38:i1=2061:i2=2076:ires=62:vbus=611:eangle=4936:espeed=-135:eerr=0:fault=0:drp=0:sd1=1:sd2=1
@VFLOG:t=211710:target=80:meas=-151:fe=9:fslip=5:vmag=33:theta=1434477834:du=64:dv=36:dw=50:i1=2035:i2=2141:ires=240:vbus=606:eangle=3391:espeed=-151:eerr=0:fault=0:drp=0:sd1=1:sd2=1
@VF:target=80:meas=-158:fe=9:fslip=5:vmag=33:em_stop1=1:em_stop2=1
@VFLOG:t=211750:target=80:meas=-197:fe=9:fslip=5:vmag=33:theta=2980665954:du=35:dv=52:dw=62:i1=2070:i2=2050:ires=0:vbus=615:eangle=1404:espeed=-197:eerr=0:fault=0:drp=0:sd1=1:sd2=1
@VFLOG:t=211790:target=80:meas=-173:fe=9:fslip=5:vmag=33:theta=231886778:du=55:dv=60:dw=34:i1=2055:i2=2094:ires=96:vbus=607:eangle=15750:espeed=-173:eerr=0:fault=0:drp=0:sd1=1:sd2=1
@VF:target=80:meas=-135:fe=9:fslip=5:vmag=33:em_stop1=1:em_stop2=1
@VFLOG:t=211830:target=80:meas=-115:fe=9:fslip=5:vmag=33:theta=1778074898:du=58:dv=34:dw=58:i1=2050:i2=2107:ires=147:vbus=611:eangle=14279:espeed=-115:eerr=0:fault=0:drp=0:sd1=1:sd2=1
@VFLOG:t=211870:target=80:meas=-134:fe=9:fslip=5:vmag=33:theta=3324263018:du=34:dv=60:dw=56:i1=2085:i2=2016:ires=0:vbus=627:eangle=12936:espeed=-134:eerr=0:fault=0:drp=0:sd1=1:sd2=1
@VFLOG:t=211910:target=80:meas=-184:fe=9:fslip=5:vmag=33:theta=575483842:du=62:dv=53:dw=35:i1=2049:i2=2094:ires=121:vbus=610:eangle=11189:espeed=-184:eerr=0:fault=0:drp=0:sd1=1:sd2=1
@VF:target=80:meas=-190:fe=9:fslip=5:vmag=33:em_stop1=1:em_stop2=1
@VFLOG:t=211950:target=80:meas=-200:fe=9:fslip=5:vmag=33:theta=2121671962:du=50:dv=36:dw=63:i1=2058:i2=2087:ires=82:vbus=615:eangle=8972:espeed=-200:eerr=0:fault=0:drp=0:sd1=1:sd2=1
@VFLOG:t=211990:target=80:meas=-157:fe=9:fslip=5:vmag=33:theta=3667860082:du=37:dv=65:dw=48:i1=2080:i2=2035:ires=0:vbus=628:eangle=6995:espeed=-157:eerr=0:fault=0:drp=0:sd1=1:sd2=1
@VF:target=80:meas=-127:fe=9:fslip=5:vmag=33:em_stop1=1:em_stop2=1
@VFLOG:t=212030:target=80:meas=-128:fe=9:fslip=5:vmag=33:theta=919080906:du=66:dv=46:dw=39:i1=2039:i2=2128:ires=202:vbus=606:eangle=5616:espeed=-128:eerr=0:fault=0:drp=0:sd1=1:sd2=1
@VFLOG:t=212070:target=80:meas=-137:fe=9:fslip=5:vmag=33:theta=2465269026:du=43:dv=41:dw=66:i1=2057:i2=2078:ires=63:vbus=612:eangle=4145:espeed=-137:eerr=0:fault=0:drp=0:sd1=1:sd2=1
@VFLOG:t=212110:target=80:meas=-182:fe=9:fslip=5:vmag=33:theta=4011457146:du=44:dv=66:dw=41:i1=2066:i2=2061:ires=28:vbus=616:eangle=2324:espeed=-182:eerr=0:fault=0:drp=0:sd1=1:sd2=1
@VF:target=80:meas=-189:fe=9:fslip=5:vmag=33:em_stop1=1:em_stop2=1
@VFLOG:t=212150:target=80:meas=-196:fe=9:fslip=5:vmag=33:theta=1262677970:du=65:dv=39:dw=46:i1=2031:i2=2149:ires=264:vbus=602:eangle=246:espeed=-196:eerr=0:fault=0:drp=0:sd1=1:sd2=1
@VFLOG:t=212190:target=80:meas=-145:fe=9:fslip=5:vmag=33:theta=2808866090:du=37:dv=49:dw=64:i1=2063:i2=2067:ires=24:vbus=607:eangle=14849:espeed=-145:eerr=0:fault=0:drp=0:sd1=1:sd2=1
@VF:target=80:meas=-113:fe=9:fslip=5:vmag=33:em_stop1=1:em_stop2=1
@VFLOG:t=212230:target=80:meas=-116:fe=9:fslip=5:vmag=33:theta=60086914:du=51:dv=63:dw=36:i1=2059:i2=2089:ires=95:vbus=609:eangle=13580:espeed=-116:eerr=0:fault=0:drp=0:sd1=1:sd2=1
@VFLOG:t=212270:target=80:meas=-150:fe=9:fslip=5:vmag=33:theta=1606275034:du=61:dv=35:dw=54:i1=2043:i2=2123:ires=187:vbus=609:eangle=12072:espeed=-150:eerr=0:fault=0:drp=0:sd1=1:sd2=1
@VFLOG:t=212310:target=80:meas=-212:fe=9:fslip=5:vmag=33:theta=3152463154:du=34:dv=56:dw=59:i1=2080:i2=2031:ires=0:vbus=620:eangle=9946:espeed=-212:eerr=0:fault=0:drp=0:sd1=1:sd2=1
@VF:target=80:meas=-205:fe=9:fslip=5:vmag=33:em_stop1=1:em_stop2=1
@VFLOG:t=212350:target=80:meas=-190:fe=9:fslip=5:vmag=33:theta=403683978:du=59:dv=57:dw=34:i1=2053:i2=2088:ires=98:vbus=609:eangle=7833:espeed=-190:eerr=0:fault=0:drp=0:sd1=1:sd2=1
@VFLOG:t=212390:target=80:meas=-130:fe=9:fslip=5:vmag=33:theta=1949872098:du=54:dv=34:dw=61:i1=2054:i2=2101:ires=114:vbus=613:eangle=6179:espeed=-130:eerr=0:fault=0:drp=0:sd1=1:sd2=1
@VF:target=80:meas=-128:fe=9:fslip=5:vmag=33:em_stop1=1:em_stop2=1
@VFLOG:t=212430:target=80:meas=-135:fe=9:fslip=5:vmag=33:theta=3496060218:du=35:dv=63:dw=51:i1=2086:i2=2021:ires=0:vbus=630:eangle=4807:espeed=-135:eerr=0:fault=0:drp=0:sd1=1:sd2=1
@VFLOG:t=212470:target=80:meas=-149:fe=9:fslip=5:vmag=33:theta=747281042:du=64:dv=50:dw=37:i1=2045:i2=2110:ires=151:vbus=606:eangle=3244:espeed=-149:eerr=0:fault=0:drp=0:sd1=1:sd2=1
@VFLOG:t=212510:target=80:meas=-187:fe=9:fslip=5:vmag=33:theta=2293469162:du=47:dv=38:dw=65:i1=2059:i2=2079:ires=60:vbus=613:eangle=1164:espeed=-187:eerr=0:fault=0:drp=0:sd1=1:sd2=1
@VF:target=80:meas=-191:fe=9:fslip=5:vmag=33:em_stop1=1:em_stop2=1
@VFLOG:t=212550:target=80:meas=-177:fe=9:fslip=5:vmag=33:theta=3839657282:du=40:dv=66:dw=44:i1=2072:i2=2050:ires=0:vbus=616:eangle=15548:espeed=-177:eerr=0:fault=0:drp=0:sd1=1:sd2=1
@VFLOG:t=212590:target=80:meas=-113:fe=9:fslip=5:vmag=33:theta=1090878106:du=66:dv=42:dw=43:i1=2031:i2=2143:ires=252:vbus=601:eangle=14132:espeed=-113:eerr=0:fault=0:drp=0:sd1=1:sd2=1
@VF:target=80:meas=-120:fe=9:fslip=5:vmag=33:em_stop1=1:em_stop2=1
@VFLOG:t=212630:target=80:meas=-131:fe=9:fslip=5:vmag=33:theta=2637066226:du=40:dv=45:dw=66:i1=2058:i2=2076:ires=53:vbus=1158:eangle=12807:espeed=-131:eerr=0:fault=0:drp=0:sd1=1:sd2=1
@VFLOG:t=212670:target=80:meas=-184:fe=9:fslip=5:vmag=33:theta=4183254346:du=48:dv=65:dw=38:i1=2060:i2=2076:ires=60:vbus=609:eangle=10974:espeed=-184:eerr=0:fault=0:drp=0:sd1=1:sd2=1
@VFLOG:t=212710:target=80:meas=-203:fe=9:fslip=5:vmag=33:theta=1434475170:du=64:dv=36:dw=50:i1=2036:i2=2139:ires=238:vbus=604:eangle=8715:espeed=-203:eerr=0:fault=0:drp=0:sd1=1:sd2=1
@VF:target=80:meas=-200:fe=9:fslip=5:vmag=33:em_stop1=1:em_stop2=1
@VFLOG:t=212750:target=80:meas=-154:fe=9:fslip=5:vmag=33:theta=2980663290:du=35:dv=52:dw=62:i1=2070:i2=2058:ires=0:vbus=614:eangle=6848:espeed=-154:eerr=0:fault=0:drp=0:sd1=1:sd2=1
@VFLOG:t=212790:target=80:meas=-128:fe=9:fslip=5:vmag=33:theta=231884114:du=55:dv=60:dw=34:i1=2055:i2=2091:ires=96:vbus=609:eangle=5451:espeed=-128:eerr=0:fault=0:drp=0:sd1=1:sd2=1
@VF:target=80:meas=-139:fe=9:fslip=5:vmag=33:em_stop1=1:em_stop2=1
@VFLOG:t=212830:target=80:meas=-138:fe=9:fslip=5:vmag=33:theta=1778072234:du=58:dv=34:dw=58:i1=2049:i2=2106:ires=151:vbus=613:eangle=3993:espeed=-138:eerr=0:fault=0:drp=0:sd1=1:sd2=1
@VFLOG:t=212870:target=80:meas=-195:fe=9:fslip=5:vmag=33:theta=3324260354:du=34:dv=60:dw=56:i1=2084:i2=2019:ires=0:vbus=625:eangle=2122:espeed=-195:eerr=0:fault=0:drp=0:sd1=1:sd2=1
@VFLOG:t=212910:target=80:meas=-185:fe=9:fslip=5:vmag=33:theta=575481178:du=62:dv=53:dw=35:i1=2050:i2=2099:ires=120:vbus=609:eangle=25:espeed=-185:eerr=0:fault=0:drp=0:sd1=1:sd2=1
@VF:target=80:meas=-183:fe=9:fslip=5:vmag=33:em_stop1=1:em_stop2=1
@VFLOG:t=212950:target=80:meas=-131:fe=9:fslip=5:vmag=33:theta=2121669298:du=50:dv=36:dw=63:i1=2059:i2=2083:ires=80:vbus=616:eangle=14720:espeed=-131:eerr=0:fault=0:drp=0:sd1=1:sd2=1
@VFLOG:t=212990:target=80:meas=-120:fe=9:fslip=5:vmag=33:theta=3667857418:du=37:dv=65:dw=48:i1=2080:i2=2037:ires=0:vbus=628:eangle=13414:espeed=-120:eerr=0:fault=0:drp=0:sd1=1:sd2=1
@VF:target=80:meas=-134:fe=9:fslip=5:vmag=33:em_stop1=1:em_stop2=1
@VFLOG:t=213030:target=80:meas=-163:fe=9:fslip=5:vmag=33:theta=919078242:du=66:dv=46:dw=39:i1=2038:i2=2124:ires=202:vbus=605:eangle=11906:espeed=-163:eerr=0:fault=0:drp=0:sd1=1:sd2=1
@VFLOG:t=213070:target=80:meas=-201:fe=9:fslip=5:vmag=33:theta=2465266362:du=43:dv=41:dw=66:i1=2058:i2=2082:ires=65:vbus=608:eangle=9754:espeed=-201:eerr=0:fault=0:drp=0:sd1=1:sd2=1
@VFLOG:t=213110:target=80:meas=-183:fe=9:fslip=5:vmag=33:theta=4011454482:du=44:dv=66:dw=41:i1=2067:i2=2061:ires=29:vbus=618:eangle=7602:espeed=-183:eerr=0:fault=0:drp=0:sd1=1:sd2=1
@VF:target=80:meas=-172:fe=9:fslip=5:vmag=33:em_stop1=1:em_stop2=1
@VFLOG:t=213150:target=80:meas=-129:fe=9:fslip=5:vmag=33:theta=1262675306:du=65:dv=39:dw=46:i1=2031:i2=2150:ires=264:vbus=602:eangle=6069:espeed=-129:eerr=0:fault=0:drp=0:sd1=1:sd2=1
@VFLOG:t=213190:target=80:meas=-135:fe=9:fslip=5:vmag=33:theta=2808863426:du=37:dv=49:dw=64:i1=2062:i2=2065:ires=27:vbus=609:eangle=4660:espeed=-135:eerr=0:fault=0:drp=0:sd1=1:sd2=1
@VF:target=80:meas=-146:fe=9:fslip=5:vmag=33:em_stop1=1:em_stop2=1
@VFLOG:t=213230:target=80:meas=-154:fe=9:fslip=5:vmag=33:theta=60084250:du=51:dv=63:dw=36:i1=2055:i2=2089:ires=96:vbus=607:eangle=3078:espeed=-154:eerr=0:fault=0:drp=0:sd1=1:sd2=1
@VFLOG:t=213270:target=80:meas=-194:fe=9:fslip=5:vmag=33:theta=1606272370:du=61:dv=35:dw=54:i1=2043:i2=2126:ires=190:vbus=607:eangle=963:espeed=-194:eerr=0:fault=0:drp=0:sd1=1:sd2=1
@VFLOG:t=213310:target=80:meas=-179:fe=9:fslip=5:vmag=33:theta=3152460490:du=34:dv=56:dw=59:i1=2078:i2=2032:ires=0:vbus=621:eangle=15347:espeed=-179:eerr=0:fault=0:drp=0:sd1=1:sd2=1
@VF:target=80:meas=-160:fe=9:fslip=5:vmag=33:em_stop1=1:em_stop2=1
@VFLOG:t=213350:target=80:meas=-115:fe=9:fslip=5:vmag=33:theta=403681314:du=59:dv=57:dw=34:i1=2052:i2=2085:ires=97:vbus=608:eangle=14021:espeed=-115:eerr=0:fault=0:drp=0:sd1=1:sd2=1
@VFLOG:t=213390:target=80:meas=-134:fe=9:fslip=5:vmag=33:theta=1949869434:du=54:dv=34:dw=61:i1=2054:i2=2098:ires=112:vbus=618:eangle=12624:espeed=-134:eerr=0:fault=0:drp=0:sd1=1:sd2=1
@VF:target=80:meas=-175:fe=9:fslip=5:vmag=33:em_stop1=1:em_stop2=1
@VFLOG:t=213430:target=80:meas=-203:fe=9:fslip=5:vmag=33:theta=3496057554:du=35:dv=63:dw=51:i1=2085:i2=2028:ires=0:vbus=627:eangle=10754:espeed=-203:eerr=0:fault=0:drp=0:sd1=1:sd2=1
@VFLOG:t=213470:target=80:meas=-191:fe=9:fslip=5:vmag=33:theta=747278378:du=64:dv=50:dw=37:i1=2043:i2=2107:ires=153:vbus=607:eangle=8559:espeed=-191:eerr=0:fault=0:drp=0:sd1=1:sd2=1
@VFLOG:t=213510:target=80:meas=-145:fe=9:fslip=5:vmag=33:theta=2293466498:du=47:dv=38:dw=65:i1=2060:i2=2079:ires=60:vbus=615:eangle=6665:espeed=-145:eerr=0:fault=0:drp=0:sd1=1:sd2=1
@VF:target=80:meas=-133:fe=9:fslip=5:vmag=33:em_stop1=1:em_stop2=1
@VFLOG:t=213550:target=80:meas=-133:fe=9:fslip=5:vmag=33:theta=3839654618:du=40:dv=66:dw=44:i1=2073:i2=2054:ires=0:vbus=612:eangle=5303:espeed=-133:eerr=0:fault=0:drp=0:sd1=1:sd2=1
@VFLOG:t=213590:target=80:meas=-145:fe=9:fslip=5:vmag=33:theta=1090875442:du=66:dv=42:dw=43:i1=2028:i2=2141:ires=250:vbus=603:eangle=3814:espeed=-145:eerr=0:fault=0:drp=0:sd1=1:sd2=1
@VF:target=80:meas=-173:fe=9:fslip=5:vmag=33:em_stop1=1:em_stop2=1
@VFLOG:t=213630:target=80:meas=-190:fe=9:fslip=5:vmag=33:theta=2637063562:du=40:dv=45:dw=66:i1=2058:i2=2078:ires=56:vbus=1138:eangle=1956:espeed=-190:eerr=0:fault=0:drp=0:sd1=1:sd2=1
@VFLOG:t=213670:target=80:meas=-180:fe=9:fslip=5:vmag=33:theta=4183251682:du=48:dv=65:dw=38:i1=2060:i2=2074:ires=59:vbus=616:eangle=16228:espeed=-180:eerr=0:fault=0:drp=0:sd1=1:sd2=1
@VFLOG:t=213710:target=80:meas=-125:fe=9:fslip=5:vmag=33:theta=1434472506:du=64:dv=36:dw=50:i1=2035:i2=2144:ires=239:vbus=608:eangle=14573:espeed=-125:eerr=0:fault=0:drp=0:sd1=1:sd2=1
@VF:target=80:meas=-121:fe=9:fslip=5:vmag=33:em_stop1=1:em_stop2=1
@VFLOG:t=213750:target=80:meas=-119:fe=9:fslip=5:vmag=33:theta=3019315329:du=35:dv=53:dw=62:i1=2072:i2=2047:ires=0:vbus=617:eangle=13286:espeed=-119:eerr=0:fault=0:drp=0:sd1=1:sd2=1
@VFLOG:t=213790:target=80:meas=-160:fe=9:fslip=5:vmag=33:theta=231881450:du=55:dv=60:dw=34:i1=2055:i2=2087:ires=97:vbus=609:eangle=11722:espeed=-160:eerr=0:fault=0:drp=0:sd1=1:sd2=1
@VF:target=80:meas=-204:fe=9:fslip=5:vmag=33:em_stop1=1:em_stop2=1
@VFLOG:t=213830:target=80:meas=-207:fe=9:fslip=5:vmag=33:theta=1778069570:du=58:dv=34:dw=58:i1=2049:i2=2109:ires=149:vbus=613:eangle=9534:espeed=-207:eerr=0:fault=0:drp=0:sd1=1:sd2=1
@VFLOG:t=213870:target=80:meas=-182:fe=9:fslip=5:vmag=33:theta=3324257690:du=34:dv=60:dw=56:i1=2085:i2=2020:ires=0:vbus=621:eangle=7437:espeed=-182:eerr=0:fault=0:drp=0:sd1=1:sd2=1
@VFLOG:t=213910:target=80:meas=-119:fe=9:fslip=5:vmag=33:theta=575478514:du=62:dv=53:dw=35:i1=2050:i2=2096:ires=120:vbus=604:eangle=5947:espeed=-119:eerr=0:fault=0:drp=0:sd1=1:sd2=1
@VF:target=80:meas=-128:fe=9:fslip=5:vmag=33:em_stop1=1:em_stop2=1
@VFLOG:t=213950:target=80:meas=-133:fe=9:fslip=5:vmag=33:theta=2160321337:du=50:dv=36:dw=64:i1=2058:i2=2083:ires=74:vbus=611:eangle=4494:espeed=-133:eerr=0:fault=0:drp=0:sd1=1:sd2=1
@VFLOG:t=213990:target=80:meas=-171:fe=9:fslip=5:vmag=33:theta=3667854754:du=37:dv=65:dw=48:i1=2085:i2=2036:ires=0:vbus=627:eangle=2857:espeed=-171:eerr=0:fault=0:drp=0:sd1=1:sd2=1
@VF:target=80:meas=-187:fe=9:fslip=5:vmag=33:em_stop1=1:em_stop2=1
@VFLOG:t=214030:target=80:meas=-189:fe=9:fslip=5:vmag=33:theta=919075578:du=66:dv=46:dw=39:i1=2037:i2=2123:ires=199:vbus=603:eangle=816:espeed=-189:eerr=0:fault=0:drp=0:sd1=1:sd2=1
@VFLOG:t=214070:target=80:meas=-159:fe=9:fslip=5:vmag=33:theta=2465263698:du=43:dv=41:dw=66:i1=2057:i2=2082:ires=64:vbus=608:eangle=15253:espeed=-159:eerr=0:fault=0:drp=0:sd1=1:sd2=1
@VFLOG:t=214110:target=80:meas=-118:fe=9:fslip=5:vmag=33:theta=4011451818:du=44:dv=66:dw=41:i1=2065:i2=2062:ires=32:vbus=618:eangle=13874:espeed=-118:eerr=0:fault=0:drp=0:sd1=1:sd2=1
@VF:target=80:meas=-114:fe=9:fslip=5:vmag=33:em_stop1=1:em_stop2=1
@VFLOG:t=214150:target=80:meas=-139:fe=9:fslip=5:vmag=33:theta=1301327345:du=65:dv=38:dw=47:i1=2031:i2=2149:ires=259:vbus=604:eangle=12476:espeed=-139:eerr=0:fault=0:drp=0:sd1=1:sd2=1
@VFLOG:t=214190:target=80:meas=-196:fe=9:fslip=5:vmag=33:theta=2808860762:du=37:dv=49:dw=64:i1=2063:i2=2063:ires=28:vbus=611:eangle=10564:espeed=-196:eerr=0:fault=0:drp=0:sd1=1:sd2=1
@VF:target=80:meas=-208:fe=9:fslip=5:vmag=33:em_stop1=1:em_stop2=1
@VFLOG:t=214230:target=80:meas=-190:fe=9:fslip=5:vmag=33:theta=60081586:du=51:dv=63:dw=36:i1=2056:i2=2085:ires=95:vbus=609:eangle=8338:espeed=-190:eerr=0:fault=0:drp=0:sd1=1:sd2=1
@VFLOG:t=214270:target=80:meas=-144:fe=9:fslip=5:vmag=33:theta=1606269706:du=61:dv=35:dw=54:i1=2041:i2=2120:ires=189:vbus=613:eangle=6536:espeed=-144:eerr=0:fault=0:drp=0:sd1=1:sd2=1
@VFLOG:t=214310:target=80:meas=-135:fe=9:fslip=5:vmag=33:theta=3152457826:du=34:dv=56:dw=59:i1=2080:i2=2032:ires=0:vbus=622:eangle=5156:espeed=-135:eerr=0:fault=0:drp=0:sd1=1:sd2=1
@VF:target=80:meas=-136:fe=9:fslip=5:vmag=33:em_stop1=1:em_stop2=1
@VFLOG:t=214350:target=80:meas=-140:fe=9:fslip=5:vmag=33:theta=442333353:du=59:dv=56:dw=34:i1=2053:i2=2088:ires=102:vbus=607:eangle=3648:espeed=-140:eerr=0:fault=0:drp=0:sd1=1:sd2=1
@VFLOG:t=214390:target=80:meas=-193:fe=9:fslip=5:vmag=33:theta=1949866770:du=54:dv=34:dw=61:i1=2055:i2=2102:ires=113:vbus=613:eangle=1699:espeed=-193:eerr=0:fault=0:drp=0:sd1=1:sd2=1
@VF:target=80:meas=-194:fe=9:fslip=5:vmag=33:em_stop1=1:em_stop2=1
@VFLOG:t=214430:target=80:meas=-189:fe=9:fslip=5:vmag=33:theta=3496054890:du=35:dv=63:dw=52:i1=2085:i2=2023:ires=0:vbus=628:eangle=15989:espeed=-189:eerr=0:fault=0:drp=0:sd1=1:sd2=1
@VFLOG:t=214470:target=80:meas=-130:fe=9:fslip=5:vmag=33:theta=747275714:du=64:dv=50:dw=37:i1=2044:i2=2106:ires=154:vbus=604:eangle=14444:espeed=-130:eerr=0:fault=0:drp=0:sd1=1:sd2=1
@VFLOG:t=214510:target=80:meas=-123:fe=9:fslip=5:vmag=33:theta=2293463834:du=47:dv=38:dw=65:i1=2060:i2=2079:ires=60:vbus=617:eangle=13138:espeed=-123:eerr=0:fault=0:drp=0:sd1=1:sd2=1
@VF:target=80:meas=-122:fe=9:fslip=5:vmag=33:em_stop1=1:em_stop2=1
@VFLOG:t=214550:target=80:meas=-182:fe=9:fslip=5:vmag=33:theta=3878306657:du=41:dv=66:dw=44:i1=2070:i2=2059:ires=4:vbus=0:eangle=11410:espeed=-182:eerr=0:fault=0:drp=0:sd1=1:sd2=1
@VFLOG:t=214590:target=80:meas=-208:fe=9:fslip=5:vmag=33:theta=1090872778:du=66:dv=42:dw=43:i1=2035:i2=2144:ires=252:vbus=597:eangle=9295:espeed=-208:eerr=0:fault=0:drp=0:sd1=1:sd2=1
@VF:target=80:meas=-194:fe=9:fslip=5:vmag=33:em_stop1=1:em_stop2=1
@VFLOG:t=214630:target=80:meas=-174:fe=9:fslip=5:vmag=33:theta=2637060898:du=40:dv=45:dw=66:i1=2058:i2=2069:ires=53:vbus=1181:eangle=7235:espeed=-174:eerr=0:fault=0:drp=0:sd1=1:sd2=1
@VFLOG:t=214670:target=80:meas=-119:fe=9:fslip=5:vmag=33:theta=4183249018:du=48:dv=65:dw=38:i1=2060:i2=2073:ires=61:vbus=611:eangle=5818:espeed=-119:eerr=0:fault=0:drp=0:sd1=1:sd2=1
@VFLOG:t=214710:target=80:meas=-141:fe=9:fslip=5:vmag=33:theta=1434469842:du=64:dv=36:dw=50:i1=2036:i2=2139:ires=239:vbus=607:eangle=4347:espeed=-141:eerr=0:fault=0:drp=0:sd1=1:sd2=1
@VF:target=80:meas=-140:fe=9:fslip=5:vmag=33:em_stop1=1:em_stop2=1
@VFLOG:t=214750:target=80:meas=-176:fe=9:fslip=5:vmag=33:theta=3019312665:du=35:dv=53:dw=62:i1=2072:i2=2047:ires=0:vbus=617:eangle=2600:espeed=-176:eerr=0:fault=0:drp=0:sd1=1:sd2=1
@VFLOG:t=214790:target=80:meas=-186:fe=9:fslip=5:vmag=33:theta=231878786:du=55:dv=60:dw=34:i1=2054:i2=2086:ires=98:vbus=610:eangle=558:espeed=-186:eerr=0:fault=0:drp=0:sd1=1:sd2=1
@BRK:valid=0
> @VF:target=80:meas=-179:fe=9:fslip=5:vmag=33:em_stop1=1:em_stop2=1
@VFLOG:t=214830:target=80:meas=-151:fe=9:fslip=5:vmag=33:theta=1778066906:du=58:dv=34:dw=58:i1=2050:i2=2108:ires=148:vbus=613:eangle=15051:espeed=-151:eerr=0:fault=0:drp=0:sd1=1:sd2=1
@VFLOG:t=214870:target=80:meas=-119:fe=9:fslip=5:vmag=33:theta=3324255026:du=34:dv=60:dw=56:i1=2086:i2=2018:ires=0:vbus=627:eangle=13764:espeed=-119:eerr=0:fault=0:drp=0:sd1=1:sd2=1
@VFLOG:t=214910:target=80:meas=-137:fe=9:fslip=5:vmag=33:theta=575475850:du=62:dv=53:dw=35:i1=2048:i2=2100:ires=120:vbus=607:eangle=12348:espeed=-137:eerr=0:fault=0:drp=0:sd1=1:sd2=1
@VF:target=80:meas=-150:fe=9:fslip=5:vmag=33:em_stop1=1:em_stop2=1
@VFLOG:t=214950:target=80:meas=-204:fe=9:fslip=5:vmag=33:theta=2160318673:du=50:dv=36:dw=64:i1=2059:i2=2081:ires=73:vbus=615:eangle=10232:espeed=-204:eerr=0:fault=0:drp=0:sd1=1:sd2=1
@VFLOG:t=214990:target=80:meas=-195:fe=9:fslip=5:vmag=33:theta=3667852090:du=37:dv=65:dw=48:i1=2077:i2=2037:ires=0:vbus=634:eangle=8136:espeed=-195:eerr=0:fault=0:drp=0:sd1=1:sd2=1
@VF:target=80:meas=-155:fe=9:fslip=5:vmag=33:em_stop1=1:em_stop2=1
@VFLOG:t=215030:target=80:meas=-142:fe=9:fslip=5:vmag=33:theta=919072914:du=66:dv=46:dw=39:i1=2039:i2=2121:ires=199:vbus=605:eangle=6389:espeed=-142:eerr=0:fault=0:drp=0:sd1=1:sd2=1
@VFLOG:t=215070:target=80:meas=-131:fe=9:fslip=5:vmag=33:theta=2465261034:du=43:dv=41:dw=66:i1=2058:i2=2085:ires=67:vbus=615:eangle=5046:espeed=-131:eerr=0:fault=0:drp=0:sd1=1:sd2=1
@VFLOG:t=215110:target=80:meas=-149:fe=9:fslip=5:vmag=33:theta=4011449154:du=44:dv=66:dw=41:i1=2067:i2=2061:ires=27:vbus=619:eangle=3483:espeed=-149:eerr=0:fault=0:drp=0:sd1=1:sd2=1
@VF:target=80:meas=-150:fe=9:fslip=5:vmag=33:em_stop1=1:em_stop2=1
@VFLOG:t=215150:target=80:meas=-196:fe=9:fslip=5:vmag=33:theta=1301324681:du=65:dv=38:dw=47:i1=2035:i2=2151:ires=261:vbus=601:eangle=1423:espeed=-196:eerr=0:fault=0:drp=0:sd1=1:sd2=1
@VFLOG:t=215190:target=80:meas=-177:fe=9:fslip=5:vmag=33:theta=2808858098:du=37:dv=49:dw=64:i1=2064:i2=2065:ires=26:vbus=604:eangle=15860:espeed=-177:eerr=0:fault=0:drp=0:sd1=1:sd2=1
@VF:target=80:meas=-136:fe=9:fslip=5:vmag=33:em_stop1=1:em_stop2=1
@VFLOG:t=215230:target=80:meas=-120:fe=9:fslip=5:vmag=33:theta=60078922:du=51:dv=63:dw=36:i1=2055:i2=2085:ires=94:vbus=608:eangle=14316:espeed=-120:eerr=0:fault=0:drp=0:sd1=1:sd2=1
@VFLOG:t=215270:target=80:meas=-127:fe=9:fslip=5:vmag=33:theta=1606267042:du=61:dv=35:dw=54:i1=2042:i2=2121:ires=188:vbus=603:eangle=13010:espeed=-127:eerr=0:fault=0:drp=0:sd1=1:sd2=1
@VFLOG:t=215310:target=80:meas=-184:fe=9:fslip=5:vmag=33:theta=3152455162:du=34:dv=56:dw=59:i1=2079:i2=2035:ires=0:vbus=620:eangle=11287:espeed=-184:eerr=0:fault=0:drp=0:sd1=1:sd2=1
@VF:target=80:meas=-187:fe=9:fslip=5:vmag=33:em_stop1=1:em_stop2=1
@VFLOG:t=215351:target=80:meas=-195:fe=9:fslip=5:vmag=33:theta=442330689:du=59:dv=56:dw=34:i1=2052:i2=2093:ires=102:vbus=607:eangle=9019:espeed=-195:eerr=0:fault=0:drp=0:sd1=1:sd2=1
@VFLOG:t=215391:target=80:meas=-162:fe=9:fslip=5:vmag=33:theta=1988518809:du=53:dv=35:dw=62:i1=2056:i2=2097:ires=107:vbus=614:eangle=7032:espeed=-162:eerr=0:fault=0:drp=0:sd1=1:sd2=1
@VF:target=80:meas=-127:fe=9:fslip=5:vmag=33:em_stop1=1:em_stop2=1
@VFLOG:t=215431:target=80:meas=-129:fe=9:fslip=5:vmag=33:theta=3534706929:du=36:dv=63:dw=51:i1=2087:i2=2022:ires=0:vbus=628:eangle=5616:espeed=-129:eerr=0:fault=0:drp=0:sd1=1:sd2=1
@VFLOG:t=215471:target=80:meas=-140:fe=9:fslip=5:vmag=33:theta=785927753:du=65:dv=49:dw=37:i1=2044:i2=2111:ires=159:vbus=604:eangle=4181:espeed=-140:eerr=0:fault=0:drp=0:sd1=1:sd2=1
@VFLOG:t=215511:target=80:meas=-183:fe=9:fslip=5:vmag=33:theta=2332115873:du=46:dv=39:dw=65:i1=2060:i2=2076:ires=62:vbus=612:eangle=2398:espeed=-183:eerr=0:fault=0:drp=0:sd1=1:sd2=1
@VF:target=80:meas=-182:fe=9:fslip=5:vmag=33:em_stop1=1:em_stop2=1
@VFLOG:t=215551:target=80:meas=-196:fe=9:fslip=5:vmag=33:theta=3878303993:du=41:dv=66:dw=44:i1=2072:i2=2057:ires=5:vbus=0:eangle=245:espeed=-196:eerr=0:fault=0:drp=0:sd1=1:sd2=1
@VFLOG:t=215591:target=80:meas=-145:fe=9:fslip=5:vmag=33:theta=1129524817:du=66:dv=41:dw=43:i1=2032:i2=2149:ires=256:vbus=604:eangle=14886:espeed=-145:eerr=0:fault=0:drp=0:sd1=1:sd2=1
@VF:target=80:meas=-118:fe=9:fslip=5:vmag=33:em_stop1=1:em_stop2=1
@VFLOG:t=215631:target=80:meas=-113:fe=9:fslip=5:vmag=33:theta=2675712937:du=39:dv=46:dw=65:i1=2054:i2=2068:ires=46:vbus=605:eangle=13598:espeed=-113:eerr=0:fault=0:drp=0:sd1=1:sd2=1
@VFLOG:t=215671:target=80:meas=-149:fe=9:fslip=5:vmag=33:theta=4221901057:du=49:dv=65:dw=37:i1=2057:i2=2075:ires=68:vbus=603:eangle=12127:espeed=-149:eerr=0:fault=0:drp=0:sd1=1:sd2=1
@VFLOG:t=215711:target=80:meas=-215:fe=9:fslip=5:vmag=33:theta=1473121881:du=63:dv=36:dw=50:i1=2032:i2=2134:ires=229:vbus=608:eangle=9994:espeed=-215:eerr=0:fault=0:drp=0:sd1=1:sd2=1
@VF:target=80:meas=-215:fe=9:fslip=5:vmag=33:em_stop1=1:em_stop2=1
@VFLOG:t=215751:target=80:meas=-195:fe=9:fslip=5:vmag=33:theta=3019310001:du=35:dv=53:dw=62:i1=2073:i2=2046:ires=0:vbus=616:eangle=7842:espeed=-195:eerr=0:fault=0:drp=0:sd1=1:sd2=1
@VFLOG:t=215791:target=80:meas=-127:fe=9:fslip=5:vmag=33:theta=270530825:du=56:dv=60:dw=34:i1=2055:i2=2092:ires=99:vbus=607:eangle=6241:espeed=-127:eerr=0:fault=0:drp=0:sd1=1:sd2=1
@VF:target=80:meas=-132:fe=9:fslip=5:vmag=33:em_stop1=1:em_stop2=1
@VFLOG:t=215831:target=80:meas=-136:fe=9:fslip=5:vmag=33:theta=1816718945:du=57:dv=34:dw=58:i1=2050:i2=2106:ires=141:vbus=615:eangle=4825:espeed=-136:eerr=0:fault=0:drp=0:sd1=1:sd2=1
@VFLOG:t=215871:target=80:meas=-155:fe=9:fslip=5:vmag=33:theta=3362907065:du=34:dv=61:dw=55:i1=2086:i2=2019:ires=0:vbus=626:eangle=3262:espeed=-155:eerr=0:fault=0:drp=0:sd1=1:sd2=1
@VFLOG:t=215911:target=80:meas=-191:fe=9:fslip=5:vmag=33:theta=614127889:du=62:dv=52:dw=35:i1=2048:i2=2099:ires=127:vbus=607:eangle=1257:espeed=-191:eerr=0:fault=0:drp=0:sd1=1:sd2=1
@VF:target=80:meas=-194:fe=9:fslip=5:vmag=33:em_stop1=1:em_stop2=1
@VFLOG:t=215951:target=80:meas=-167:fe=9:fslip=5:vmag=33:theta=2160316009:du=50:dv=36:dw=64:i1=2058:i2=2086:ires=75:vbus=614:eangle=15621:espeed=-167:eerr=0:fault=0:drp=0:sd1=1:sd2=1
@VFLOG:t=215991:target=80:meas=-121:fe=9:fslip=5:vmag=33:theta=3706504129:du=38:dv=65:dw=47:i1=2079:i2=2039:ires=0:vbus=626:eangle=14168:espeed=-121:eerr=0:fault=0:drp=0:sd1=1:sd2=1
@VF:target=80:meas=-118:fe=9:fslip=5:vmag=33:em_stop1=1:em_stop2=1
@VFLOG:t=216031:target=80:meas=-129:fe=9:fslip=5:vmag=33:theta=957724953:du=66:dv=45:dw=40:i1=2036:i2=2132:ires=216:vbus=597:eangle=12844:espeed=-129:eerr=0:fault=0:drp=0:sd1=1:sd2=1
@VFLOG:t=216071:target=80:meas=-180:fe=9:fslip=5:vmag=33:theta=2503913073:du=42:dv=42:dw=66:i1=2058:i2=2078:ires=66:vbus=610:eangle=11042:espeed=-180:eerr=0:fault=0:drp=0:sd1=1:sd2=1
@VFLOG:t=216111:target=80:meas=-192:fe=9:fslip=5:vmag=33:theta=4050101193:du=45:dv=66:dw=40:i1=2065:i2=2064:ires=38:vbus=703:eangle=8835:espeed=-192:eerr=0:fault=0:drp=0:sd1=1:sd2=1
@VF:target=80:meas=-193:fe=9:fslip=5:vmag=33:em_stop1=1:em_stop2=1
@VFLOG:t=216151:target=80:meas=-156:fe=9:fslip=5:vmag=33:theta=1301322017:du=65:dv=38:dw=47:i1=2031:i2=2149:ires=263:vbus=604:eangle=6867:espeed=-156:eerr=0:fault=0:drp=0:sd1=1:sd2=1
@VFLOG:t=216191:target=80:meas=-129:fe=9:fslip=5:vmag=33:theta=2847510137:du=36:dv=50:dw=64:i1=2064:i2=2063:ires=21:vbus=607:eangle=5506:espeed=-129:eerr=0:fault=0:drp=0:sd1=1:sd2=1
@VF:target=80:meas=-140:fe=9:fslip=5:vmag=33:em_stop1=1:em_stop2=1
@VFLOG:t=216231:target=80:meas=-139:fe=9:fslip=5:vmag=33:theta=98730961:du=52:dv=62:dw=35:i1=2055:i2=2089:ires=97:vbus=610:eangle=4016:espeed=-139:eerr=0:fault=0:drp=0:sd1=1:sd2=1
@VFLOG:t=216271:target=80:meas=-189:fe=9:fslip=5:vmag=33:theta=1644919081:du=61:dv=34:dw=55:i1=2045:i2=2120:ires=179:vbus=612:eangle=2158:espeed=-189:eerr=0:fault=0:drp=0:sd1=1:sd2=1
@VFLOG:t=216311:target=80:meas=-198:fe=9:fslip=5:vmag=33:theta=3191107201:du=34:dv=57:dw=58:i1=2081:i2=2022:ires=0:vbus=620:eangle=80:espeed=-198:eerr=0:fault=0:drp=0:sd1=1:sd2=1
@VF:target=80:meas=-190:fe=9:fslip=5:vmag=33:em_stop1=1:em_stop2=1
@VFLOG:t=216351:target=80:meas=-137:fe=9:fslip=5:vmag=33:theta=442328025:du=59:dv=56:dw=34:i1=2053:i2=2090:ires=101:vbus=610:eangle=14738:espeed=-137:eerr=0:fault=0:drp=0:sd1=1:sd2=1
@VFLOG:t=216391:target=80:meas=-122:fe=9:fslip=5:vmag=33:theta=1988516145:du=53:dv=35:dw=62:i1=2055:i2=2095:ires=102:vbus=615:eangle=13451:espeed=-122:eerr=0:fault=0:drp=0:sd1=1:sd2=1
@VF:target=80:meas=-128:fe=9:fslip=5:vmag=33:em_stop1=1:em_stop2=1
@VFLOG:t=216431:target=80:meas=-157:fe=9:fslip=5:vmag=33:theta=3534704265:du=36:dv=63:dw=51:i1=2084:i2=2028:ires=0:vbus=629:eangle=11925:espeed=-157:eerr=0:fault=0:drp=0:sd1=1:sd2=1
@VFLOG:t=216471:target=80:meas=-213:fe=9:fslip=5:vmag=33:theta=785925089:du=65:dv=49:dw=37:i1=2043:i2=2115:ires=162:vbus=606:eangle=9773:espeed=-213:eerr=0:fault=0:drp=0:sd1=1:sd2=1
@VFLOG:t=216511:target=80:meas=-181:fe=9:fslip=5:vmag=33:theta=2332113209:du=46:dv=39:dw=65:i1=2060:i2=2080:ires=60:vbus=613:eangle=7676:espeed=-181:eerr=0:fault=0:drp=0:sd1=1:sd2=1
@VF:target=80:meas=-181:fe=9:fslip=5:vmag=33:em_stop1=1:em_stop2=1
@VFLOG:t=216551:target=80:meas=-121:fe=9:fslip=5:vmag=33:theta=3878301329:du=41:dv=66:dw=44:i1=2071:i2=2057:ires=6:vbus=0:eangle=6094:espeed=-121:eerr=0:fault=0:drp=0:sd1=1:sd2=1
@VFLOG:t=216591:target=80:meas=-131:fe=9:fslip=5:vmag=33:theta=1129522153:du=66:dv=41:dw=43:i1=2031:i2=2144:ires=254:vbus=605:eangle=4678:espeed=-131:eerr=0:fault=0:drp=0:sd1=1:sd2=1
@VF:target=80:meas=-137:fe=9:fslip=5:vmag=33:em_stop1=1:em_stop2=1
@VFLOG:t=216631:target=80:meas=-155:fe=9:fslip=5:vmag=33:theta=2675710273:du=39:dv=46:dw=65:i1=2059:i2=2072:ires=47:vbus=606:eangle=3115:espeed=-155:eerr=0:fault=0:drp=0:sd1=1:sd2=1
@VFLOG:t=216671:target=80:meas=-188:fe=9:fslip=5:vmag=33:theta=4221898393:du=49:dv=65:dw=37:i1=2060:i2=2077:ires=69:vbus=610:eangle=1000:espeed=-188:eerr=0:fault=0:drp=0:sd1=1:sd2=1
@VFLOG:t=216711:target=80:meas=-167:fe=9:fslip=5:vmag=33:theta=1473119217:du=63:dv=36:dw=50:i1=2038:i2=2139:ires=230:vbus=608:eangle=15438:espeed=-167:eerr=0:fault=0:drp=0:sd1=1:sd2=1
@VF:target=80:meas=-166:fe=9:fslip=5:vmag=33:em_stop1=1:em_stop2=1
@VFLOG:t=216751:target=80:meas=-120:fe=9:fslip=5:vmag=33:theta=3019307337:du=35:dv=53:dw=62:i1=2073:i2=2042:ires=0:vbus=613:eangle=14040:espeed=-120:eerr=0:fault=0:drp=0:sd1=1:sd2=1
@VFLOG:t=216791:target=80:meas=-130:fe=9:fslip=5:vmag=33:theta=270528161:du=56:dv=60:dw=34:i1=2056:i2=2091:ires=98:vbus=609:eangle=12679:espeed=-130:eerr=0:fault=0:drp=0:sd1=1:sd2=1
@VF:target=80:meas=-170:fe=9:fslip=5:vmag=33:em_stop1=1:em_stop2=1
@VFLOG:t=216831:target=80:meas=-188:fe=9:fslip=5:vmag=33:theta=1816716281:du=57:dv=34:dw=58:i1=2051:i2=2109:ires=141:vbus=611:eangle=10821:espeed=-188:eerr=0:fault=0:drp=0:sd1=1:sd2=1
@VFLOG:t=216871:target=80:meas=-200:fe=9:fslip=5:vmag=33:theta=3362904401:du=34:dv=61:dw=55:i1=2087:i2=2012:ires=0:vbus=626:eangle=8596:espeed=-200:eerr=0:fault=0:drp=0:sd1=1:sd2=1
@VFLOG:t=216911:target=80:meas=-154:fe=9:fslip=5:vmag=33:theta=614125225:du=62:dv=52:dw=35:i1=2043:i2=2098:ires=131:vbus=607:eangle=6738:espeed=-154:eerr=0:fault=0:drp=0:sd1=1:sd2=1
@VF:target=80:meas=-147:fe=9:fslip=5:vmag=33:em_stop1=1:em_stop2=1
@VFLOG:t=216951:target=80:meas=-127:fe=9:fslip=5:vmag=33:theta=2160313345:du=50:dv=36:dw=64:i1=2062:i2=2089:ires=72:vbus=615:eangle=5359:espeed=-127:eerr=0:fault=0:drp=0:sd1=1:sd2=1
@VFLOG:t=216991:target=80:meas=-142:fe=9:fslip=5:vmag=33:theta=3706501465:du=38:dv=65:dw=47:i1=2077:i2=2036:ires=0:vbus=623:eangle=3851:espeed=-142:eerr=0:fault=0:drp=0:sd1=1:sd2=1
@VF:target=80:meas=-165:fe=9:fslip=5:vmag=33:em_stop1=1:em_stop2=1
@VFLOG:t=217031:target=80:meas=-193:fe=9:fslip=5:vmag=33:theta=957722289:du=66:dv=45:dw=40:i1=2035:i2=2131:ires=214:vbus=596:eangle=1993:espeed=-193:eerr=0:fault=0:drp=0:sd1=1:sd2=1
@VFLOG:t=217071:target=80:meas=-181:fe=9:fslip=5:vmag=33:theta=2503910409:du=42:dv=42:dw=66:i1=2057:i2=2077:ires=66:vbus=606:eangle=16283:espeed=-181:eerr=0:fault=0:drp=0:sd1=1:sd2=1
@VFLOG:t=217111:target=80:meas=-133:fe=9:fslip=5:vmag=33:theta=4050098529:du=45:dv=66:dw=40:i1=2066:i2=2067:ires=37:vbus=706:eangle=14610:espeed=-133:eerr=0:fault=0:drp=0:sd1=1:sd2=1
@VF:target=80:meas=-120:fe=9:fslip=5:vmag=33:em_stop1=1:em_stop2=1
@VFLOG:t=217151:target=80:meas=-121:fe=9:fslip=5:vmag=33:theta=1301319353:du=65:dv=38:dw=47:i1=2031:i2=2147:ires=261:vbus=605:eangle=13322:espeed=-121:eerr=0:fault=0:drp=0:sd1=1:sd2=1
@VFLOG:t=217191:target=80:meas=-166:fe=9:fslip=5:vmag=33:theta=2847507473:du=36:dv=50:dw=64:i1=2064:i2=2064:ires=19:vbus=608:eangle=11728:espeed=-166:eerr=0:fault=0:drp=0:sd1=1:sd2=1
@VF:target=80:meas=-201:fe=9:fslip=5:vmag=33:em_stop1=1:em_stop2=1
@VFLOG:t=217231:target=80:meas=-204:fe=9:fslip=5:vmag=33:theta=98728297:du=52:dv=62:dw=35:i1=2055:i2=2086:ires=97:vbus=609:eangle=9578:espeed=-204:eerr=0:fault=0:drp=0:sd1=1:sd2=1
@VFLOG:t=217271:target=80:meas=-185:fe=9:fslip=5:vmag=33:theta=1644916417:du=61:dv=34:dw=55:i1=2045:i2=2116:ires=179:vbus=607:eangle=7437:espeed=-185:eerr=0:fault=0:drp=0:sd1=1:sd2=1
@VFLOG:t=217311:target=80:meas=-121:fe=9:fslip=5:vmag=33:theta=3191104537:du=34:dv=57:dw=58:i1=2080:i2=2016:ires=0:vbus=624:eangle=5984:espeed=-121:eerr=0:fault=0:drp=0:sd1=1:sd2=1
@VF:target=80:meas=-128:fe=9:fslip=5:vmag=33:em_stop1=1:em_stop2=1
@VFLOG:t=217351:target=80:meas=-130:fe=9:fslip=5:vmag=33:theta=442325361:du=59:dv=56:dw=34:i1=2052:i2=2090:ires=100:vbus=605:eangle=4549:espeed=-130:eerr=0:fault=0:drp=0:sd1=1:sd2=1
@VFLOG:t=217391:target=80:meas=-165:fe=9:fslip=5:vmag=33:theta=1988513481:du=53:dv=35:dw=62:i1=2054:i2=2094:ires=108:vbus=612:eangle=2876:espeed=-165:eerr=0:fault=0:drp=0:sd1=1:sd2=1
@VF:target=80:meas=-198:fe=9:fslip=5:vmag=33:em_stop1=1:em_stop2=1
@VFLOG:t=217431:target=80:meas=-195:fe=9:fslip=5:vmag=33:theta=3534701601:du=36:dv=63:dw=51:i1=2085:i2=2023:ires=0:vbus=627:eangle=797:espeed=-195:eerr=0:fault=0:drp=0:sd1=1:sd2=1
@VFLOG:t=217471:target=80:meas=-170:fe=9:fslip=5:vmag=33:theta=785922425:du=65:dv=49:dw=37:i1=2044:i2=2113:ires=161:vbus=604:eangle=15235:espeed=-170:eerr=0:fault=0:drp=0:sd1=1:sd2=1
@VFLOG:t=217511:target=80:meas=-110:fe=9:fslip=5:vmag=33:theta=2332110545:du=46:dv=39:dw=65:i1=2065:i2=2077:ires=61:vbus=614:eangle=13929:espeed=-110:eerr=0:fault=0:drp=0:sd1=1:sd2=1
@VF:target=80:meas=-114:fe=9:fslip=5:vmag=33:em_stop1=1:em_stop2=1
@VFLOG:t=217551:target=80:meas=-137:fe=9:fslip=5:vmag=33:theta=3878298665:du=41:dv=66:dw=44:i1=2071:i2=2056:ires=8:vbus=0:eangle=12513:espeed=-137:eerr=0:fault=0:drp=0:sd1=1:sd2=1
@VFLOG:t=217591:target=80:meas=-197:fe=9:fslip=5:vmag=33:theta=1129519489:du=66:dv=41:dw=43:i1=2030:i2=2146:ires=257:vbus=602:eangle=10564:espeed=-197:eerr=0:fault=0:drp=0:sd1=1:sd2=1
@VF:target=80:meas=-200:fe=9:fslip=5:vmag=33:em_stop1=1:em_stop2=1
@VFLOG:t=217631:target=80:meas=-194:fe=9:fslip=5:vmag=33:theta=2675707609:du=39:dv=46:dw=65:i1=2058:i2=2075:ires=47:vbus=606:eangle=8393:espeed=-194:eerr=0:fault=0:drp=0:sd1=1:sd2=1
@VFLOG:t=217671:target=80:meas=-143:fe=9:fslip=5:vmag=33:theta=4221895729:du=49:dv=65:dw=37:i1=2059:i2=2080:ires=69:vbus=609:eangle=6554:espeed=-143:eerr=0:fault=0:drp=0:sd1=1:sd2=1
@VFLOG:t=217711:target=80:meas=-128:fe=9:fslip=5:vmag=33:theta=1473116553:du=63:dv=36:dw=50:i1=2037:i2=2135:ires=228:vbus=608:eangle=5211:espeed=-128:eerr=0:fault=0:drp=0:sd1=1:sd2=1
@VF:target=80:meas=-129:fe=9:fslip=5:vmag=33:em_stop1=1:em_stop2=1
@VFLOG:t=217751:target=80:meas=-146:fe=9:fslip=5:vmag=33:theta=3019304673:du=35:dv=53:dw=62:i1=2071:i2=2044:ires=0:vbus=620:eangle=3703:espeed=-146:eerr=0:fault=0:drp=0:sd1=1:sd2=1
@VFLOG:t=217791:target=80:meas=-192:fe=9:fslip=5:vmag=33:theta=270525497:du=56:dv=60:dw=34:i1=2053:i2=2083:ires=97:vbus=608:eangle=1735:espeed=-192:eerr=0:fault=0:drp=0:sd1=1:sd2=1
@VF:target=80:meas=-190:fe=9:fslip=5:vmag=33:em_stop1=1:em_stop2=1
@VFLOG:t=217831:target=80:meas=-182:fe=9:fslip=5:vmag=33:theta=1816713617:du=57:dv=34:dw=58:i1=2050:i2=2107:ires=141:vbus=612:eangle=16081:espeed=-182:eerr=0:fault=0:drp=0:sd1=1:sd2=1
@VFLOG:t=217871:target=80:meas=-129:fe=9:fslip=5:vmag=33:theta=3362901737:du=34:dv=61:dw=55:i1=2086:i2=2018:ires=0:vbus=626:eangle=14463:espeed=-129:eerr=0:fault=0:drp=0:sd1=1:sd2=1
@VFLOG:t=217911:target=80:meas=-120:fe=9:fslip=5:vmag=33:theta=614122561:du=62:dv=52:dw=35:i1=2049:i2=2096:ires=130:vbus=605:eangle=13212:espeed=-120:eerr=0:fault=0:drp=0:sd1=1:sd2=1
@VF:target=80:meas=-128:fe=9:fslip=5:vmag=33:em_stop1=1:em_stop2=1
@VFLOG:t=217951:target=80:meas=-165:fe=9:fslip=5:vmag=33:theta=2160310681:du=50:dv=36:dw=64:i1=2059:i2=2081:ires=74:vbus=615:eangle=11557:espeed=-165:eerr=0:fault=0:drp=0:sd1=1:sd2=1
@VFLOG:t=217991:target=80:meas=-209:fe=9:fslip=5:vmag=33:theta=3706498801:du=38:dv=65:dw=47:i1=2078:i2=2035:ires=0:vbus=624:eangle=9313:espeed=-209:eerr=0:fault=0:drp=0:sd1=1:sd2=1
@VF:target=80:meas=-190:fe=9:fslip=5:vmag=33:em_stop1=1:em_stop2=1
@VFLOG:t=218031:target=80:meas=-179:fe=9:fslip=5:vmag=33:theta=957719625:du=66:dv=45:dw=40:i1=2036:i2=2131:ires=217:vbus=596:eangle=7290:espeed=-179:eerr=0:fault=0:drp=0:sd1=1:sd2=1
@VFLOG:t=218071:target=80:meas=-116:fe=9:fslip=5:vmag=33:theta=2503907745:du=42:dv=42:dw=66:i1=2057:i2=2078:ires=65:vbus=607:eangle=5837:espeed=-116:eerr=0:fault=0:drp=0:sd1=1:sd2=1
@VFLOG:t=218111:target=80:meas=-132:fe=9:fslip=5:vmag=33:theta=4050095865:du=45:dv=66:dw=40:i1=2068:i2=2063:ires=36:vbus=706:eangle=4365:espeed=-134:eerr=0:fault=0:drp=0:sd1=1:sd2=1
@VF:target=80:meas=-131:fe=9:fslip=5:vmag=33:em_stop1=1:em_stop2=1
@VFLOG:t=218151:target=80:meas=-176:fe=9:fslip=5:vmag=33:theta=1301316689:du=65:dv=38:dw=47:i1=2031:i2=2147:ires=261:vbus=602:eangle=2692:espeed=-176:eerr=0:fault=0:drp=0:sd1=1:sd2=1
@VFLOG:t=218191:target=80:meas=-194:fe=9:fslip=5:vmag=33:theta=2847504809:du=36:dv=50:dw=64:i1=2064:i2=2062:ires=19:vbus=610:eangle=577:espeed=-194:eerr=0:fault=0:drp=0:sd1=1:sd2=1
@VF:target=80:meas=-177:fe=9:fslip=5:vmag=33:em_stop1=1:em_stop2=1
@VFLOG:t=218231:target=80:meas=-148:fe=9:fslip=5:vmag=33:theta=98725633:du=52:dv=62:dw=35:i1=2055:i2=2088:ires=97:vbus=609:eangle=15106:espeed=-148:eerr=0:fault=0:drp=0:sd1=1:sd2=1
@VFLOG:t=218271:target=80:meas=-115:fe=9:fslip=5:vmag=33:theta=1644913753:du=61:dv=34:dw=55:i1=2044:i2=2121:ires=179:vbus=609:eangle=13764:espeed=-115:eerr=0:fault=0:drp=0:sd1=1:sd2=1
@VFLOG:t=218311:target=80:meas=-146:fe=9:fslip=5:vmag=33:theta=3191101873:du=34:dv=57:dw=58:i1=2081:i2=2030:ires=0:vbus=621:eangle=12329:espeed=-146:eerr=0:fault=0:drp=0:sd1=1:sd2=1
@VF:target=80:meas=-148:fe=9:fslip=5:vmag=33:em_stop1=1:em_stop2=1
@VFLOG:t=218351:target=80:meas=-198:fe=9:fslip=5:vmag=33:theta=442322697:du=59:dv=56:dw=34:i1=2053:i2=2093:ires=100:vbus=609:eangle=10368:espeed=-198:eerr=0:fault=0:drp=0:sd1=1:sd2=1
@VFLOG:t=218391:target=80:meas=-192:fe=9:fslip=5:vmag=33:theta=1988510817:du=53:dv=35:dw=62:i1=2054:i2=2089:ires=107:vbus=615:eangle=8127:espeed=-192:eerr=0:fault=0:drp=0:sd1=1:sd2=1
