Time [s],Channel 0,Channel 1,Channel 2,Channel 3,Channel 4,Channel 5
0.000000000,0,0,1,0,0,0
0.000085333,0,0,1,1,1,1
0.000098667,0,0,1,0,0,0
0.000267917,0,0,1,1,1,1
0.000297000,0,0,1,0,0,0
0.000466292,0,0,1,1,1,1
0.000495333,0,0,1,0,0,0
0.000664625,0,0,1,1,1,1
0.000693708,0,0,1,0,0,0
0.000863000,0,0,1,1,1,1
0.000892042,0,0,1,0,0,0
0.001061333,0,0,1,1,1,1
0.001090417,0,0,1,0,0,0
0.001259708,0,0,1,1,1,1
0.001288792,0,0,1,0,0,0
0.001458042,0,0,1,1,1,1
0.001487083,0,0,1,0,0,0
0.001656375,0,0,1,1,1,1
0.001685417,0,0,1,0,0,0
0.001854750,0,0,1,1,1,1
0.001883833,0,0,1,0,0,0
0.002053125,0,0,1,1,1,1
0.002082167,0,0,1,0,0,0
0.002251500,0,0,1,1,1,1
0.002280542,0,0,1,0,0,0
0.002449833,0,0,1,1,1,1
0.002478875,0,0,1,0,0,0
0.002648208,0,0,1,1,1,1
0.002677250,0,0,1,0,0,0
0.002846500,0,0,1,1,1,1
0.002875583,0,0,1,0,0,0
0.003044833,0,0,1,1,1,1
0.003073917,0,0,1,0,0,0
0.003243208,0,0,1,1,1,1
0.003272250,0,0,1,0,0,0
0.003441542,0,0,1,1,1,1
0.003470625,0,0,1,0,0,0
0.003639875,0,0,1,1,1,1
0.003668917,0,0,1,1,0,0
0.003668958,0,0,1,0,0,0
0.003838208,0,0,1,1,1,1
0.003867292,0,0,1,0,0,0
0.004036542,0,0,1,0,1,0
0.004036583,0,0,1,1,1,1
0.004065625,0,0,1,0,0,0
0.004234833,0,0,1,1,1,1
0.004263875,0,0,1,0,0,0
0.004433125,0,0,1,1,1,1
0.004462167,0,0,1,0,0,0
0.004631417,0,0,1,1,1,1
0.004660458,0,0,1,0,0,0
0.004829667,0,0,1,1,1,1
0.004858708,0,0,1,0,0,0
0.005027958,0,0,1,1,1,1
0.005057000,0,0,1,0,0,0
0.005226208,0,0,1,1,1,1
0.005255250,0,0,1,0,0,0
0.005424500,0,0,1,1,1,1
0.005453542,0,0,1,0,0,0
0.005622792,0,0,1,1,1,1
0.005651833,0,0,1,0,0,0
0.005821125,0,0,1,1,1,1
0.005850167,0,0,1,0,0,0
0.006019417,0,0,1,1,1,1
0.006048458,0,0,1,0,0,0
0.006217708,0,0,1,1,1,1
0.006246750,0,0,1,0,0,0
0.006415958,0,0,1,1,1,1
0.006445042,0,0,1,0,0,0
0.006614250,0,0,1,1,1,1
0.006643292,0,0,1,0,0,0
0.006812542,0,0,1,1,1,1
0.006841583,0,0,1,0,0,0
0.007010833,0,0,1,1,1,1
0.007039875,0,0,1,0,0,0
0.007209167,0,0,1,1,1,1
0.007238208,0,0,1,0,0,0
0.007407500,0,0,1,1,1,1
0.007436542,0,0,1,0,0,0
0.007605792,0,0,1,1,1,1
0.007634833,0,0,1,0,0,0
0.007804125,0,0,1,1,1,1
0.007833167,0,0,1,0,0,0
0.008002417,0,0,1,1,1,1
0.008031458,0,0,1,0,0,0
0.008200708,0,0,1,1,1,1
0.008229750,0,0,1,0,0,0
0.008398958,0,0,1,1,1,1
0.008428000,0,0,1,0,0,0
0.008597250,0,0,1,1,1,1
0.008626292,0,0,1,0,0,0
0.008795542,0,0,1,1,1,1
0.008824583,0,0,1,0,0,0
0.008993833,0,0,1,1,1,1
0.009022917,0,0,1,0,0,0
0.009192167,0,0,1,1,1,1
0.009221208,0,0,1,0,0,0
0.009390500,0,0,1,1,1,1
0.009419542,0,0,1,0,0,0
0.009588750,0,0,1,1,1,1
0.009617792,0,0,1,0,0,0
0.009787000,0,0,1,0,1,1
0.009787042,0,0,1,1,1,1
0.009816042,0,0,1,0,0,0
0.009985250,0,0,1,1,1,1
0.010014292,0,0,1,0,0,0
0.010183500,0,0,1,1,1,1
0.010212542,0,0,1,0,0,0
0.010381750,0,0,1,1,1,1
0.010410750,0,0,1,1,0,0
0.010410792,0,0,1,0,0,0
0.010580000,0,0,1,1,1,1
0.010609042,0,0,1,0,0,0
0.010778333,0,0,1,1,1,1
0.010807375,0,0,1,0,0,0
0.010976625,0,0,1,1,1,1
0.011005667,0,0,1,0,0,0
0.011174958,0,0,1,1,1,1
0.011204000,0,0,1,0,0,0
0.011373292,0,0,1,1,1,1
0.011402333,0,0,1,0,0,0
0.011571625,0,0,1,1,1,1
0.011600667,0,0,1,1,0,0
0.011600708,0,0,1,0,0,0
0.011769958,0,0,1,1,1,1
0.011799000,0,0,1,0,0,0
0.011968292,0,0,1,1,1,1
0.011997333,0,0,1,0,0,0
0.012166625,0,0,1,1,1,1
0.012195667,0,0,1,0,0,0
0.012364917,0,0,1,1,1,1
0.012393958,0,0,1,0,0,0
0.012563250,0,0,1,1,1,1
0.012592292,0,0,1,0,0,0
0.012761583,0,0,1,1,1,1
0.012790667,0,0,1,0,0,0
0.012959958,0,0,1,1,1,1
0.012989000,0,0,1,0,0,0
0.013158208,0,0,1,1,1,1
0.013187250,0,0,1,0,0,0
0.013356500,0,0,1,1,1,1
0.013385583,0,0,1,0,0,0
0.013554875,0,0,1,1,1,1
0.013583917,0,0,1,0,0,0
0.013753208,0,0,1,1,1,1
0.013782250,0,0,1,0,0,0
0.013951542,0,0,1,1,1,1
0.013980625,0,0,1,0,0,0
0.014149917,0,0,1,1,1,1
0.014178958,0,0,1,0,0,0
0.014348208,0,0,1,1,1,1
0.014377250,0,0,1,0,0,0
0.014546542,0,0,1,1,1,1
0.014575583,0,0,1,0,0,0
0.014744875,0,0,1,1,1,1
0.014773917,0,0,1,0,0,0
0.014943208,0,0,1,1,1,1
0.014972250,0,0,1,0,0,0
0.015141583,0,0,1,1,1,1
0.015170625,0,0,1,0,0,0
0.015339917,0,0,1,1,1,1
0.015368958,0,0,1,0,0,0
0.015538250,0,0,1,0,1,1
0.015538292,0,0,1,1,1,1
0.015567333,0,0,1,0,0,0
0.015736667,0,0,1,1,1,1
0.015765708,0,0,1,0,0,0
0.015935000,0,0,1,1,1,1
0.015964083,0,0,1,0,0,0
0.016133333,0,0,1,1,1,1
0.016162417,0,0,1,0,0,0
0.016331667,0,0,1,1,1,1
0.016360708,0,0,1,0,0,0
0.016530000,0,0,1,1,1,1
0.016559042,0,0,1,0,0,0
0.016728333,0,0,1,1,1,1
0.016757375,0,0,1,0,0,0
0.016926667,0,0,1,1,1,1
0.016955708,0,0,1,0,0,0
0.017124958,0,0,1,1,1,1
0.017154042,0,0,1,0,0,0
0.017323292,0,0,1,1,1,1
0.017352333,0,0,1,0,0,0
0.017521583,0,0,1,0,1,1
0.017521625,0,0,1,1,1,1
0.017550667,0,0,1,0,0,0
0.017719958,0,0,1,1,1,1
0.017749000,0,0,1,0,0,0
0.017918250,0,0,1,1,1,1
0.017947292,0,0,1,0,0,0
0.018116583,0,0,1,1,1,1
0.018145625,0,0,1,0,0,0
0.018314833,0,0,1,1,1,1
0.018343875,0,0,1,0,0,0
0.018513083,0,0,1,1,1,1
0.018542167,0,0,1,0,0,0
0.018711375,0,0,1,1,1,1
0.018740458,0,0,1,0,0,0
0.018909708,0,0,1,1,1,1
0.018938750,0,0,1,0,0,0
0.019108000,0,0,1,1,1,1
0.019137042,0,0,1,0,0,0
0.019306292,0,0,1,1,1,1
0.019335333,0,0,1,0,0,0
0.019504625,0,0,1,1,1,1
0.019533667,0,0,1,0,0,0
0.019702917,0,0,1,1,1,1
0.019731958,0,0,1,0,0,0
0.019901250,0,0,1,1,1,1
0.019930292,0,0,1,0,0,0
0.020099542,0,0,1,1,1,1
0.020128583,0,0,1,0,0,0
0.020297833,0,0,1,1,1,1
0.020326875,0,0,1,0,0,0
0.020496125,0,0,1,1,1,1
0.020525208,0,0,1,0,0,0
0.020694500,0,0,1,1,1,1
0.020723542,0,0,1,0,0,0
0.020892792,0,0,1,1,1,1
0.020921833,0,0,1,0,0,0
0.021091042,0,0,1,1,1,1
0.021120083,0,0,1,0,0,0
0.021289250,0,0,1,1,1,1
0.021318333,0,0,1,0,0,0
0.021487542,0,0,1,1,1,1
0.021516583,0,0,1,0,0,0
0.021685833,0,0,1,1,1,1
0.021714875,0,0,1,0,0,0
0.021884125,0,0,1,1,1,1
0.021913167,0,0,1,0,0,0
0.022082375,0,0,1,1,1,1
0.022111417,0,0,1,0,0,0
0.022280667,0,0,1,1,1,1
0.022309708,0,0,1,0,0,0
0.022478958,0,0,1,1,1,1
0.022508000,0,0,1,0,0,0
0.022677208,0,0,1,1,1,1
0.022706250,0,0,1,0,0,0
0.022875500,0,0,1,1,1,1
0.022904542,0,0,1,0,0,0
0.023073750,0,0,1,1,1,1
0.023102792,0,0,1,0,0,0
0.023272042,0,0,1,1,1,1
0.023301083,0,0,1,0,0,0
0.023470292,0,0,1,1,1,1
0.023499333,0,0,1,0,0,0
0.023668583,0,0,1,1,1,1
0.023697625,0,0,1,0,0,0
0.023866875,0,0,1,1,1,1
0.023895917,0,0,1,0,0,0
0.024065125,0,0,1,1,1,1
0.024094167,0,0,1,0,0,0
0.024263458,0,0,1,1,1,1
0.024292542,0,0,1,0,0,0
0.024461792,0,0,1,1,1,1
0.024490833,0,0,1,0,0,0
0.024660083,0,0,1,1,1,1
0.024689125,0,0,1,0,0,0
0.024858417,0,0,1,1,1,1
0.024887458,0,0,1,0,0,0
0.025056708,0,0,1,1,1,1
0.025085750,0,0,1,0,0,0
0.025254958,0,0,1,1,1,1
0.025284000,0,0,1,0,0,0
0.025453292,0,0,1,1,1,1
0.025482333,0,0,1,0,0,0
0.025651625,0,0,1,1,1,1
0.025680667,0,0,1,0,0,0
0.025849958,0,0,1,1,1,1
0.025879000,0,0,1,0,0,0
0.026048250,0,0,1,1,1,1
0.026077333,0,0,1,0,0,0
0.026246583,0,0,1,1,1,1
0.026275625,0,0,1,0,0,0
0.026444875,0,0,1,1,1,1
0.026473917,0,0,1,0,0,0
0.026643208,0,0,1,1,1,1
0.026672250,0,0,1,0,0,0
0.026841458,0,0,1,1,1,1
0.026870500,0,0,1,0,0,0
0.027039750,0,0,1,1,1,1
0.027068833,0,0,1,0,0,0
0.027238083,0,0,1,1,1,1
0.027267125,0,0,1,0,0,0
0.027436375,0,0,1,1,1,1
0.027465417,0,0,1,0,0,0
0.027634708,0,0,1,1,1,1
0.027663792,0,0,1,0,0,0
0.027833042,0,0,1,1,1,1
0.027862083,0,0,1,0,0,0
0.028031417,0,0,1,1,1,1
0.028060458,0,0,1,0,0,0
0.028229708,0,0,1,1,1,1
0.028258792,0,0,1,0,0,0
0.028428042,0,0,1,1,1,1
0.028457125,0,0,1,0,0,0
0.028626333,0,0,1,1,1,1
0.028655375,0,0,1,0,0,0
0.028824583,0,0,1,1,1,1
0.028853625,0,0,1,0,0,0
0.029022917,0,0,1,1,1,1
0.029051958,0,0,1,0,0,0
0.029221250,0,0,1,1,1,1
0.029250292,0,0,1,0,0,0
0.029419583,0,0,1,1,1,1
0.029448667,0,0,1,0,0,0
0.029617917,0,0,1,1,1,1
0.029647000,0,0,1,0,0,0
0.029816250,0,0,1,1,1,1
0.029845292,0,0,1,0,0,0
0.030014542,0,0,1,1,1,1
0.030043583,0,0,1,0,0,0
0.030212875,0,0,1,1,1,1
0.030241917,0,0,1,0,0,0
0.030411167,0,0,1,1,1,1
0.030440208,0,0,1,0,0,0
0.030609500,0,0,1,1,1,1
0.030638542,0,0,1,0,0,0
0.030807833,0,0,1,1,1,1
0.030836875,0,0,1,0,0,0
0.031006125,0,0,1,1,1,1
0.031035167,0,0,1,0,0,0
0.031204458,0,0,1,1,1,1
0.031233500,0,0,1,0,0,0
0.031402792,0,0,1,1,1,1
0.031431833,0,0,1,0,0,0
0.031601125,0,0,1,1,1,1
0.031630167,0,0,1,0,0,0
0.031799417,0,0,1,0,1,1
0.031799458,0,0,1,1,1,1
0.031828500,0,0,1,0,0,0
0.031997750,0,0,1,1,1,1
0.032026792,0,0,1,0,0,0
0.032196042,0,0,1,1,1,1
0.032225042,0,0,1,1,0,0
0.032225083,0,0,1,0,0,0
0.032394292,0,0,1,1,1,1
0.032423333,0,0,1,0,0,0
0.032592542,0,0,1,1,1,1
0.032621583,0,0,1,0,0,0
0.032790792,0,0,1,1,1,1
0.032819833,0,0,1,0,0,0
0.032989125,0,0,1,1,1,1
0.033018167,0,0,1,0,0,0
0.033187417,0,0,1,1,1,1
0.033216458,0,0,1,0,0,0
0.033385708,0,0,1,1,1,1
0.033414750,0,0,1,0,0,0
0.033583958,0,0,1,1,1,1
0.033613000,0,0,1,0,0,0
0.033782250,0,0,1,1,1,1
0.033811292,0,0,1,0,0,0
0.033980583,0,0,1,1,1,1
0.034009667,0,0,1,0,0,0
0.034178917,0,0,1,1,1,1
0.034207958,0,0,1,0,0,0
0.034377250,0,0,1,1,1,1
0.034406292,0,0,1,0,0,0
0.034575542,0,0,1,1,1,1
0.034604583,0,0,1,0,0,0
0.034773833,0,0,1,1,1,1
0.034802875,0,0,1,0,0,0
0.034972125,0,0,1,1,1,1
0.035001167,0,0,1,0,0,0
0.035170417,0,0,1,1,1,1
0.035199458,0,0,1,0,0,0
0.035368708,0,0,1,1,1,1
0.035397750,0,0,1,0,0,0
0.035567000,0,0,1,1,1,1
0.035596042,0,0,1,0,0,0
0.035765250,0,0,1,1,1,1
0.035794292,0,0,1,0,0,0
0.035963458,0,0,1,1,1,1
0.035992500,0,0,1,0,0,0
0.036161708,0,0,1,1,1,1
0.036190708,0,0,1,0,0,0
0.036359958,0,0,1,1,1,1
0.036388958,0,0,1,0,0,0
0.036558167,0,0,1,1,1,1
0.036587208,0,0,1,0,0,0
0.036756417,0,0,1,1,1,1
0.036785458,0,0,1,0,0,0
0.036954667,0,0,1,1,1,1
0.036983708,0,0,1,0,0,0
0.037152958,0,0,1,1,1,1
0.037181958,0,0,1,0,0,0
0.037351167,0,0,1,0,1,1
0.037351208,0,0,1,1,1,1
0.037380250,0,0,1,0,0,0
0.037549458,0,0,1,1,1,1
0.037578500,0,0,1,0,0,0
0.037747708,0,0,1,1,1,1
0.037776750,0,0,1,0,0,0
0.037946000,0,0,1,1,1,1
0.037975042,0,0,1,0,0,0
0.038144292,0,0,1,1,1,1
0.038173292,0,0,1,0,0,0
0.038342542,0,0,1,1,1,1
0.038371583,0,0,1,0,0,0
0.038540833,0,0,1,1,1,1
0.038569875,0,0,1,0,0,0
0.038739083,0,0,1,1,1,1
0.038768125,0,0,1,0,0,0
0.038937333,0,0,1,1,1,1
0.038966375,0,0,1,0,0,0
0.039135583,0,0,1,1,1,1
0.039164625,0,0,1,0,0,0
0.039333875,0,0,1,1,1,1
0.039362917,0,0,1,0,0,0
0.039532125,0,0,1,1,1,1
0.039561167,0,0,1,0,0,0
0.039730375,0,0,1,1,1,1
0.039759417,0,0,1,0,0,0
0.039928625,0,0,1,1,1,1
0.039957667,0,0,1,0,0,0
0.040126875,0,0,1,1,1,1
0.040155875,0,0,1,0,0,0
0.040325083,0,0,1,1,1,1
0.040354125,0,0,1,0,0,0
0.040523375,0,0,1,1,1,1
0.040552375,0,0,1,0,0,0
0.040721583,0,0,1,1,1,1
0.040750625,0,0,1,0,0,0
0.040919875,0,0,1,1,1,1
0.040948917,0,0,1,0,0,0
0.041118167,0,0,1,1,1,1
0.041147208,0,0,1,0,0,0
0.041316500,0,0,1,1,1,1
0.041345542,0,0,1,0,0,0
0.041514833,0,0,1,1,1,1
0.041543917,0,0,1,0,0,0
0.041713167,0,0,1,1,1,1
0.041742250,0,0,1,0,0,0
0.041911458,0,0,1,1,1,1
0.041940500,0,0,1,0,0,0
0.042109708,0,0,1,1,1,1
0.042138750,0,0,1,0,0,0
0.042308000,0,0,1,1,1,1
0.042337042,0,0,1,0,0,0
0.042506250,0,0,1,1,1,1
0.042535292,0,0,1,0,0,0
0.042704542,0,0,1,1,1,1
0.042733583,0,0,1,0,0,0
0.042902792,0,0,1,1,1,1
0.042931833,0,0,1,0,0,0
0.043101042,0,0,1,0,1,1
0.043101083,0,0,1,1,1,1
0.043130083,0,0,1,0,0,0
0.043299333,0,0,1,1,1,1
0.043328333,0,0,1,0,0,0
0.043497583,0,0,1,1,1,1
0.043526667,0,0,1,0,0,0
0.043695875,0,0,1,0,1,0
0.043695917,0,0,1,1,1,1
0.043724958,0,0,1,0,0,0
0.043894167,0,0,1,1,1,1
0.043923167,0,0,1,0,0,0
0.044092375,0,0,1,1,1,1
0.044121417,0,0,1,0,0,0
0.044290625,0,0,1,1,1,1
0.044319625,0,0,1,0,0,0
0.044488833,0,0,1,1,1,1
0.044517875,0,0,1,0,0,0
0.044687083,0,0,1,1,1,1
0.044716125,0,0,1,0,0,0
0.044885292,0,0,1,0,1,1
0.044885333,0,0,1,1,1,1
0.044914333,0,0,1,0,0,0
0.045083542,0,0,1,1,1,1
0.045112583,0,0,1,0,0,0
0.045281833,0,0,1,1,1,1
0.045310875,0,0,1,0,0,0
0.045480125,0,0,1,1,1,1
0.045509167,0,0,1,0,0,0
0.045678417,0,0,1,1,1,1
0.045707458,0,0,1,0,0,0
0.045876667,0,0,1,1,1,1
0.045905708,0,0,1,0,0,0
0.046074917,0,0,1,1,1,1
0.046103958,0,0,1,0,0,0
0.046273208,0,0,1,1,1,1
0.046302250,0,0,1,0,0,0
0.046471500,0,0,1,1,1,1
0.046500542,0,0,1,1,0,1
0.046500583,0,0,1,0,0,0
0.046669833,0,0,1,1,1,1
0.046698875,0,0,1,0,0,0
0.046868125,0,0,1,1,1,1
0.046897167,0,0,1,0,0,0
0.047066375,0,0,1,1,1,1
0.047095417,0,0,1,0,0,0
0.047264625,0,0,1,1,1,1
0.047293667,0,0,1,0,0,0
0.047462875,0,0,1,1,1,1
0.047491917,0,0,1,0,0,0
0.047661208,0,0,1,1,1,1
0.047690250,0,0,1,0,0,0
0.047859542,0,0,1,1,1,1
0.047888583,0,0,1,0,0,0
0.048057875,0,0,1,1,1,1
0.048086917,0,0,1,0,0,0
0.048256167,0,0,1,1,1,1
0.048285208,0,0,1,0,0,0
0.048454458,0,0,1,1,1,1
0.048483500,0,0,1,0,0,0
0.048652750,0,0,1,1,1,1
0.048681792,0,0,1,0,0,0
0.048851042,0,0,1,1,1,1
0.048880083,0,0,1,0,0,0
0.049049375,0,0,1,1,1,1
0.049078417,0,0,1,0,0,0
0.049247625,0,0,1,1,1,1
0.049276667,0,0,1,0,0,0
0.049445958,0,0,1,1,1,1
0.049475042,0,0,1,0,0,0
0.049644375,0,0,1,1,1,1
0.049673417,0,0,1,0,0,0
0.049842708,0,0,1,1,1,1
0.049871750,0,0,1,0,0,0
0.050041042,0,0,1,1,1,1
0.050070083,0,0,1,0,0,0
0.050239333,0,0,1,1,1,1
0.050268375,0,0,1,0,0,0
0.050437667,0,0,1,1,1,1
0.050466708,0,0,1,0,0,0
0.050635958,0,0,1,1,1,1
0.050665000,0,0,1,0,0,0
0.050834292,0,0,1,1,1,1
0.050863333,0,0,1,0,0,0
0.051032583,0,0,1,1,1,1
0.051061625,0,0,1,0,0,0
0.051230917,0,0,1,1,1,1
0.051259958,0,0,1,0,0,0
0.051429250,0,0,1,1,1,1
0.051458292,0,0,1,0,0,0
0.051627542,0,0,1,1,1,1
0.051656583,0,0,1,0,0,0
0.051825792,0,0,1,1,1,1
0.051854833,0,0,1,0,0,0
0.052024083,0,0,1,1,1,1
0.052053125,0,0,1,0,0,0
0.052222375,0,0,1,1,1,1
0.052251417,0,0,1,0,0,0
0.052420667,0,0,1,1,1,1
0.052449708,0,0,1,0,0,0
0.052618917,0,0,1,1,1,1
0.052647958,0,0,1,0,0,0
0.052817208,0,0,1,1,1,1
0.052846208,0,0,1,0,0,0
0.053015458,0,0,1,1,1,1
0.053044500,0,0,1,0,0,0
0.053213708,0,0,1,1,1,1
0.053242750,0,0,1,0,0,0
0.053412042,0,0,1,1,1,1
0.053441083,0,0,1,0,0,0
0.053610292,0,0,1,1,1,1
0.053639333,0,0,1,0,0,0
0.053808583,0,0,1,1,1,1
0.053837625,0,0,1,0,0,0
0.054006833,0,0,1,1,1,1
0.054035875,0,0,1,0,0,0
0.054205125,0,0,1,1,1,1
0.054234167,0,0,1,0,0,0
0.054403333,0,0,1,1,1,1
0.054432375,0,0,1,0,0,0
0.054601583,0,0,1,1,1,1
0.054630625,0,0,1,0,0,0
0.054799833,0,0,1,1,1,1
0.054828875,0,0,1,0,0,0
0.054998042,0,0,1,1,1,1
0.055027083,0,0,1,0,0,0
0.055196292,0,0,1,1,1,1
0.055225333,0,0,1,0,0,0
0.055394500,0,0,1,1,1,1
0.055423500,0,0,1,0,0,0
0.055592708,0,0,1,1,1,1
0.055621750,0,0,1,0,0,0
0.055790958,0,0,1,1,1,1
0.055820000,0,0,1,0,0,0
0.055989208,0,0,1,1,1,1
0.056018250,0,0,1,0,0,0
0.056187500,0,0,1,1,1,1
0.056216500,0,0,1,0,0,0
0.056385750,0,0,1,1,1,1
0.056414792,0,0,1,0,0,0
0.056584000,0,0,1,1,1,1
0.056613042,0,0,1,0,0,0
0.056782250,0,0,1,1,1,1
0.056811292,0,0,1,0,0,0
0.056980500,0,0,1,1,1,1
0.057009542,0,0,1,0,0,0
0.057178750,0,0,1,1,1,1
0.057207792,0,0,1,0,0,0
0.057377000,0,0,1,1,1,1
0.057406042,0,0,1,0,0,0
0.057575208,0,0,1,0,1,1
0.057575250,0,0,1,1,1,1
0.057604250,0,0,1,0,0,0
0.057773458,0,0,1,0,1,0
0.057773500,0,0,1,1,1,1
0.057802500,0,0,1,0,0,0
0.057971750,0,0,1,1,1,1
0.058000792,0,0,1,0,0,0
0.058170042,0,0,1,1,1,1
0.058199083,0,0,1,0,0,0
0.058368333,0,0,1,1,1,1
0.058397375,0,0,1,0,0,0
0.058566625,0,0,1,1,1,1
0.058595667,0,0,1,0,0,0
0.058764958,0,0,1,1,1,1
0.058794000,0,0,1,0,0,0
0.058963250,0,0,1,1,1,1
0.058992292,0,0,1,0,0,0
0.059161583,0,0,1,1,1,1
0.059190625,0,0,1,0,0,0
0.059359917,0,0,1,1,1,1
0.059388958,0,0,1,0,0,0
0.059558250,0,0,1,1,1,1
0.059587292,0,0,1,0,0,0
0.059756542,0,0,1,1,1,1
0.059785583,0,0,1,0,0,0
0.059954875,0,0,1,1,1,1
0.059983917,0,0,1,0,0,0
0.060153208,0,0,1,1,1,1
0.060182250,0,0,1,0,0,0
0.060351542,0,0,1,1,1,1
0.060380583,0,0,1,0,0,0
0.060549875,0,0,1,1,1,1
0.060578917,0,0,1,0,0,0
0.060748208,0,0,1,1,1,1
0.060777250,0,0,1,0,0,0
0.060946500,0,0,1,1,1,1
0.060975583,0,0,1,0,0,0
0.061144875,0,0,1,1,1,1
0.061173917,0,0,1,0,0,0
0.061343208,0,0,1,1,1,1
0.061372250,0,0,1,0,0,0
0.061541500,0,0,1,1,1,1
0.061570583,0,0,1,0,0,0
0.061739875,0,0,1,1,1,1
0.061768917,0,0,1,0,0,0
0.061938208,0,0,1,1,1,1
0.061967292,0,0,1,0,0,0
0.062136500,0,0,1,1,1,1
0.062165542,0,0,1,0,0,0
0.062334833,0,0,1,1,1,1
0.062363875,0,0,1,0,0,0
0.062533167,0,0,1,1,1,1
0.062562208,0,0,1,0,0,0
0.062731500,0,0,1,1,1,1
0.062760542,0,0,1,0,0,0
0.062929833,0,0,1,1,1,1
0.062958875,0,0,1,0,0,0
0.063128167,0,0,1,1,1,1
0.063157208,0,0,1,0,0,0
0.063326458,0,0,1,1,1,1
0.063355500,0,0,1,0,0,0
0.063524792,0,0,1,1,1,1
0.063553833,0,0,1,0,0,0
0.063723125,0,0,1,1,1,1
0.063752167,0,0,1,0,0,0
0.063921417,0,0,1,1,1,1
0.063950458,0,0,1,0,0,0
0.064119708,0,0,1,1,1,1
0.064148792,0,0,1,0,0,0
0.064318042,0,0,1,1,1,1
0.064347083,0,0,1,0,0,0
0.064516333,0,0,1,1,1,1
0.064545375,0,0,1,0,0,0
0.064714583,0,0,1,1,1,1
0.064743625,0,0,1,0,0,0
0.064912875,0,0,1,1,1,1
0.064941917,0,0,1,0,0,0
0.065111125,0,0,1,1,1,1
0.065140167,0,0,1,0,0,0
0.065309375,0,0,1,1,1,1
0.065338417,0,0,1,0,0,0
0.065507667,0,0,1,1,1,1
0.065536708,0,0,1,0,0,0
0.065705917,0,0,1,1,1,1
0.065734958,0,0,1,0,0,0
0.065904208,0,0,1,1,1,1
0.065933250,0,0,1,0,0,0
0.066102542,0,0,1,1,1,1
0.066131583,0,0,1,0,0,0
0.066300875,0,0,1,1,1,1
0.066329917,0,0,1,0,0,0
0.066499208,0,0,1,1,1,1
0.066528250,0,0,1,0,0,0
0.066697500,0,0,1,1,1,1
0.066726542,0,0,1,0,0,0
0.066895792,0,0,1,1,1,1
0.066924875,0,0,1,0,0,0
0.067094125,0,0,1,1,1,1
0.067123167,0,0,1,0,0,0
0.067292458,0,0,1,1,1,1
0.067321500,0,0,1,0,0,0
0.067490708,0,0,1,1,1,1
0.067519750,0,0,1,0,0,0
0.067689000,0,0,1,0,1,1
0.067689042,0,0,1,1,1,1
0.067718083,0,0,1,0,0,0
0.067887292,0,0,1,1,1,1
0.067916333,0,0,1,0,0,0
0.068085583,0,0,1,1,1,1
0.068114625,0,0,1,0,0,0
0.068283875,0,0,1,1,1,1
0.068312917,0,0,1,0,0,0
0.068482167,0,0,1,1,1,1
0.068511208,0,0,1,0,0,0
0.068680458,0,0,1,1,1,1
0.068709500,0,0,1,0,0,0
0.068878750,0,0,1,1,1,1
0.068907792,0,0,1,0,0,0
0.069077000,0,0,1,1,1,1
0.069106042,0,0,1,0,0,0
0.069275250,0,0,1,1,1,1
0.069304333,0,0,1,0,0,0
0.069473583,0,0,1,1,1,1
0.069502625,0,0,1,0,0,0
0.069671833,0,0,1,1,1,1
0.069700875,0,0,1,0,0,0
0.069870167,0,0,1,1,1,1
0.069899208,0,0,1,0,0,0
0.070068458,0,0,1,1,1,1
0.070097500,0,0,1,0,0,0
0.070266708,0,0,1,1,1,1
0.070295750,0,0,1,0,0,0
0.070464917,0,0,1,1,1,1
0.070493958,0,0,1,0,0,0
0.070663167,0,0,1,1,1,1
0.070692208,0,0,1,0,0,0
0.070861375,0,0,1,1,1,1
0.070890417,0,0,1,0,0,0
0.071059583,0,0,1,1,1,1
0.071088625,0,0,1,0,0,0
0.071257875,0,0,1,1,1,1
0.071286917,0,0,1,0,0,0
0.071456167,0,0,1,1,1,1
0.071485208,0,0,1,0,0,0
0.071654458,0,0,1,1,1,1
0.071683500,0,0,1,0,0,0
0.071852750,0,0,1,1,1,1
0.071881792,0,0,1,0,0,0
0.072051042,0,0,1,1,1,1
0.072080083,0,0,1,0,0,0
0.072249375,0,0,1,1,1,1
0.072278417,0,0,1,0,0,0
0.072447667,0,0,1,1,1,1
0.072476708,0,0,1,0,0,0
0.072645917,0,0,1,1,1,1
0.072674958,0,0,1,0,0,0
0.072844167,0,0,1,1,1,1
0.072873208,0,0,1,0,0,0
0.073042458,0,0,1,1,1,1
0.073071500,0,0,1,0,0,0
0.073240750,0,0,1,1,1,1
0.073269792,0,0,1,0,0,0
0.073439042,0,0,1,1,1,1
0.073468083,0,0,1,0,0,0
0.073637292,0,0,1,1,1,1
0.073666333,0,0,1,0,0,0
0.073835625,0,0,1,1,1,1
0.073864667,0,0,1,0,0,0
0.074033875,0,0,1,1,1,1
0.074062917,0,0,1,0,0,0
0.074232167,0,0,1,1,1,1
0.074261208,0,0,1,0,0,0
0.074430458,0,0,1,1,1,1
0.074459500,0,0,1,0,0,0
0.074628750,0,0,1,1,1,1
0.074657792,0,0,1,0,0,0
0.074827083,0,0,1,1,1,1
0.074856125,0,0,1,0,0,0
0.075025375,0,0,1,1,1,1
0.075054417,0,0,1,0,0,0
0.075223708,0,0,1,1,1,1
0.075252750,0,0,1,0,0,0
0.075421958,0,0,1,0,1,1
0.075422000,0,0,1,1,1,1
0.075451000,0,0,1,1,0,0
0.075451042,0,0,1,0,0,0
0.075620250,0,0,1,1,1,1
0.075649292,0,0,1,0,0,0
0.075818542,0,0,1,1,1,1
0.075847583,0,0,1,0,0,0
0.076016833,0,0,1,1,1,1
0.076045875,0,0,1,0,0,0
0.076215125,0,0,1,1,1,1
0.076244208,0,0,1,0,0,0
0.076413458,0,0,1,1,1,1
0.076442500,0,0,1,0,0,0
0.076611750,0,0,1,1,1,1
0.076640792,0,0,1,0,0,0
0.076810042,0,0,1,1,1,1
0.076839083,0,0,1,0,0,0
0.077008333,0,0,1,1,1,1
0.077037333,0,0,1,0,0,0
0.077206583,0,0,1,1,1,1
0.077235625,0,0,1,0,0,0
0.077404792,0,0,1,1,1,1
0.077433833,0,0,1,0,0,0
0.077603042,0,0,1,1,1,1
0.077632083,0,0,1,0,0,0
0.077801292,0,0,1,1,1,1
0.077830333,0,0,1,0,0,0
0.077999500,0,0,1,1,1,1
0.078028542,0,0,1,0,0,0
0.078197750,0,0,1,1,1,1
0.078226792,0,0,1,0,0,0
0.078396000,0,0,1,1,1,1
0.078425042,0,0,1,0,0,0
0.078594250,0,0,1,1,1,1
0.078623292,0,0,1,0,0,0
0.078792542,0,0,1,1,1,1
0.078821583,0,0,1,0,0,0
0.078990792,0,0,1,1,1,1
0.079019833,0,0,1,0,0,0
0.079189042,0,0,1,1,1,1
0.079218083,0,0,1,0,0,0
0.079387292,0,0,1,1,1,1
0.079416333,0,0,1,0,0,0
0.079585625,0,0,1,1,1,1
0.079614667,0,0,1,0,0,0
0.079783875,0,0,1,1,1,1
0.079812917,0,0,1,0,0,0
0.079982167,0,0,1,1,1,1
0.080011250,0,0,1,0,0,0
0.080180500,0,0,1,1,1,1
0.080209542,0,0,1,0,0,0
0.080378833,0,0,1,1,1,1
0.080407875,0,0,1,0,0,0
0.080577167,0,0,1,1,1,1
0.080606208,0,0,1,0,0,0
0.080775458,0,0,1,1,1,1
0.080804500,0,0,1,0,0,0
0.080973792,0,0,1,1,1,1
0.081002833,0,0,1,0,0,0
0.081172083,0,0,1,1,1,1
0.081201125,0,0,1,0,0,0
0.081370375,0,0,1,1,1,1
0.081399417,0,0,1,0,0,0
0.081568625,0,0,1,1,1,1
0.081597708,0,0,1,0,0,0
0.081766917,0,0,1,1,1,1
0.081795958,0,0,1,0,0,0
0.081965208,0,0,1,1,1,1
0.081994250,0,0,1,0,0,0
0.082163500,0,0,1,1,1,1
0.082192583,0,0,1,0,0,0
0.082361792,0,0,1,1,1,1
0.082390833,0,0,1,0,0,0
0.082560125,0,0,1,1,1,1
0.082589167,0,0,1,0,0,0
0.082758417,0,0,1,1,1,1
0.082787458,0,0,1,0,0,0
0.082956708,0,0,1,1,1,1
0.082985750,0,0,1,0,0,0
0.083155042,0,0,1,1,1,1
0.083184083,0,0,1,0,0,0
0.083353333,0,0,1,1,1,1
0.083382375,0,0,1,0,0,0
0.083551583,0,0,1,1,1,1
0.083580625,0,0,1,0,0,0
0.083749833,0,0,1,1,1,1
0.083778833,0,0,1,0,0,0
0.083948042,0,0,1,1,1,1
0.083977083,0,0,1,0,0,0
0.084146292,0,0,1,1,1,1
0.084175333,0,0,1,0,0,0
0.084344500,0,0,1,1,1,1
0.084373542,0,0,1,0,0,0
0.084542750,0,0,1,1,1,1
0.084571792,0,0,1,0,0,0
0.084741000,0,0,1,1,1,1
0.084770042,0,0,1,0,0,0
0.084939208,0,0,1,1,1,1
0.084968250,0,0,1,0,0,0
0.085137500,0,0,1,1,1,1
0.085166542,0,0,1,0,0,0
0.085335750,0,0,1,1,1,1
0.085364792,0,0,1,0,0,0
0.085534000,0,0,1,1,1,1
0.085563000,0,0,1,0,0,0
0.085732208,0,0,1,1,1,1
0.085761250,0,0,1,0,0,0
0.085930417,0,0,1,1,1,1
0.085959458,0,0,1,0,0,0
0.086128667,0,0,1,1,1,1
0.086157708,0,0,1,0,0,0
0.086326875,0,0,1,1,1,1
0.086355917,0,0,1,0,0,0
0.086525042,0,0,1,1,1,1
0.086554083,0,0,1,0,0,0
0.086723208,0,0,1,1,1,1
0.086752250,0,0,1,0,0,0
0.086921417,0,0,1,1,1,1
0.086950458,0,0,1,0,0,0
0.087119667,0,0,1,1,1,1
0.087148667,0,0,1,0,0,0
0.087317875,0,0,1,1,1,1
0.087346917,0,0,1,0,0,0
0.087516208,0,0,1,1,1,1
0.087545250,0,0,1,0,0,0
0.087714500,0,0,1,1,1,1
0.087743542,0,0,1,0,0,0
0.087912792,0,0,1,1,1,1
0.087941833,0,0,1,0,0,0
0.088111083,0,0,1,1,1,1
0.088140125,0,0,1,0,0,0
0.088309375,0,0,1,1,1,1
0.088338417,0,0,1,0,0,0
0.088507667,0,0,1,1,1,1
0.088536708,0,0,1,0,0,0
0.088705958,0,0,1,1,1,1
0.088735000,0,0,1,0,0,0
0.088904250,0,0,1,1,1,1
0.088933292,0,0,1,0,0,0
0.089102500,0,0,1,1,1,1
0.089131542,0,0,1,0,0,0
0.089300792,0,0,1,1,1,1
0.089329833,0,0,1,0,0,0
0.089499083,0,0,1,1,1,1
0.089528125,0,0,1,0,0,0
0.089697333,0,0,1,1,1,1
0.089726375,0,0,1,0,0,0
0.089895583,0,0,1,1,1,1
0.089924625,0,0,1,0,0,0
0.090093833,0,0,1,1,1,1
0.090122875,0,0,1,0,0,0
0.090292083,0,0,1,1,1,1
0.090321167,0,0,1,0,0,0
0.090490417,0,0,1,1,1,1
0.090519500,0,0,1,0,0,0
0.090688792,0,0,1,1,1,1
0.090717833,0,0,1,0,0,0
0.090887083,0,0,1,1,1,1
0.090916125,0,0,1,0,0,0
0.091085375,0,0,1,1,1,1
0.091114417,0,0,1,0,0,0
0.091283625,0,0,1,1,1,1
0.091312667,0,0,1,1,0,0
0.091312708,0,0,1,0,0,0
0.091481917,0,0,1,1,1,1
0.091510958,0,0,1,0,0,0
0.091680208,0,0,1,1,1,1
0.091709250,0,0,1,1,0,0
0.091709292,0,0,1,0,0,0
0.091878542,0,0,1,1,1,1
0.091907583,0,0,1,0,0,0
0.092076875,0,0,1,1,1,1
0.092105917,0,0,1,0,0,0
0.092275167,0,0,1,1,1,1
0.092304208,0,0,1,0,0,0
0.092473500,0,0,1,1,1,1
0.092502542,0,0,1,0,0,0
0.092671792,0,0,1,1,1,1
0.092700833,0,0,1,0,0,0
0.092870083,0,0,1,1,1,1
0.092899125,0,0,1,0,0,0
0.093068417,0,0,1,1,1,1
0.093097458,0,0,1,0,0,0
0.093266708,0,0,1,1,1,1
0.093295792,0,0,1,0,0,0
0.093465042,0,0,1,1,1,1
0.093494083,0,0,1,0,0,0
0.093663375,0,0,1,1,1,1
0.093692458,0,0,1,0,0,0
0.093861708,0,0,1,1,1,1
0.093890750,0,0,1,0,0,0
0.094059958,0,0,1,1,1,1
0.094089000,0,0,1,0,0,0
0.094258250,0,0,1,1,1,1
0.094287292,0,0,1,0,0,0
0.094456542,0,0,1,1,1,1
0.094485583,0,0,1,0,0,0
0.094654833,0,0,1,1,1,1
0.094683875,0,0,1,0,0,0
0.094853125,0,0,1,1,1,1
0.094882167,0,0,1,0,0,0
0.095051417,0,0,1,1,1,1
0.095080458,0,0,1,0,0,0
0.095249708,0,0,1,1,1,1
0.095278750,0,0,1,0,0,0
0.095447958,0,0,1,1,1,1
0.095476958,0,0,1,0,0,0
0.095646208,0,0,1,1,1,1
0.095675250,0,0,1,0,0,0
0.095844458,0,0,1,1,1,1
0.095873500,0,0,1,0,0,0
0.096042708,0,0,1,1,1,1
0.096071708,0,0,1,0,0,0
0.096240917,0,0,1,0,1,1
0.096240958,0,0,1,1,1,1
0.096270000,0,0,1,0,0,0
0.096439250,0,0,1,1,1,1
0.096468292,0,0,1,0,0,0
0.096637542,0,0,1,1,1,1
0.096666583,0,0,1,0,0,0
0.096835875,0,0,1,1,1,1
0.096864917,0,0,1,0,0,0
0.097034167,0,0,1,1,1,1
0.097063208,0,0,1,0,0,0
0.097232458,0,0,1,1,1,1
0.097261500,0,0,1,0,0,0
0.097430792,0,0,1,1,1,1
0.097459833,0,0,1,0,0,0
0.097629125,0,0,1,1,1,1
0.097658167,0,0,1,0,0,0
0.097827417,0,0,1,1,1,1
0.097856458,0,0,1,0,0,0
0.098025708,0,0,1,1,1,1
0.098054792,0,0,1,0,0,0
0.098224042,0,0,1,1,1,1
0.098253083,0,0,1,0,0,0
0.098422333,0,0,1,1,1,1
0.098451375,0,0,1,0,0,0
0.098620625,0,0,1,1,1,1
0.098649708,0,0,1,0,0,0
0.098818958,0,0,1,1,1,1
0.098848000,0,0,1,0,0,0
0.099017250,0,0,1,1,1,1
0.099046292,0,0,1,0,0,0
0.099215542,0,0,1,1,1,1
0.099244583,0,0,1,0,0,0
0.099413875,0,0,1,1,1,1
0.099442917,0,0,1,0,0,0
0.099612208,0,0,1,1,1,1
0.099641250,0,0,1,0,0,0
0.099810500,0,0,1,1,1,1
0.099839542,0,0,1,0,0,0
0.100008750,0,0,1,1,1,1
0.100037792,0,0,1,0,0,0
0.100207000,0,0,1,1,1,1
0.100236042,0,0,1,0,0,0
0.100405250,0,0,1,1,1,1
0.100434292,0,0,1,0,0,0
0.100603500,0,0,1,1,1,1
0.100632542,0,0,1,0,0,0
0.100801792,0,0,1,1,1,1
0.100830833,0,0,1,0,0,0
0.101000083,0,0,1,1,1,1
0.101029125,0,0,1,0,0,0
0.101198375,0,0,1,1,1,1
0.101227417,0,0,1,0,0,0
0.101396625,0,0,1,1,1,1
0.101425667,0,0,1,0,0,0
0.101594917,0,0,1,1,1,1
0.101623958,0,0,1,0,0,0
0.101793250,0,0,1,1,1,1
0.101822292,0,0,1,0,0,0
0.101991542,0,0,1,1,1,1
0.102020542,0,0,1,0,0,0
0.102189792,0,0,1,1,1,1
0.102218833,0,0,1,0,0,0
0.102388083,0,0,1,1,1,1
0.102417125,0,0,1,0,0,0
0.102586375,0,0,1,1,1,1
0.102615417,0,0,1,0,0,0
0.102784625,0,0,1,1,1,1
0.102813667,0,0,1,0,0,0
0.102982958,0,0,1,1,1,1
0.103012042,0,0,1,0,0,0
0.103181292,0,0,1,1,1,1
0.103210333,0,0,1,0,0,0
0.103379542,0,0,1,1,1,1
0.103408583,0,0,1,0,0,0
0.103577792,0,0,1,1,1,1
0.103606833,0,0,1,0,0,0
0.103776083,0,0,1,1,1,1
0.103805125,0,0,1,0,0,0
0.103974375,0,0,1,1,1,1
0.104003417,0,0,1,0,0,0
0.104172667,0,0,1,1,1,1
0.104201708,0,0,1,0,0,0
0.104370958,0,0,1,1,1,1
0.104400000,0,0,1,0,0,0
0.104569292,0,0,1,1,1,1
0.104598333,0,0,1,0,0,0
0.104767583,0,0,1,1,1,1
0.104796625,0,0,1,0,0,0
0.104965917,0,0,1,1,1,1
0.104994958,0,0,1,0,0,0
0.105164167,0,0,1,1,1,1
0.105193208,0,0,1,0,0,0
0.105362458,0,0,1,1,1,1
0.105391500,0,0,1,0,0,0
0.105560708,0,0,1,1,1,1
0.105589750,0,0,1,0,0,0
0.105758958,0,0,1,1,1,1
0.105788042,0,0,1,0,0,0
0.105957292,0,0,1,1,1,1
0.105986333,0,0,1,0,0,0
0.106155583,0,0,1,1,1,1
0.106184625,0,0,1,0,0,0
0.106353875,0,0,1,1,1,1
0.106382917,0,0,1,0,0,0
0.106552167,0,0,1,1,1,1
0.106581208,0,0,1,0,0,0
0.106750500,0,0,1,1,1,1
0.106779542,0,0,1,0,0,0
0.106948833,0,0,1,1,1,1
0.106977917,0,0,1,0,0,0
0.107147208,0,0,1,1,1,1
0.107176250,0,0,1,0,0,0
0.107345583,0,0,1,1,1,1
0.107374625,0,0,1,0,0,0
0.107543917,0,0,1,1,1,1
0.107572958,0,0,1,0,0,0
0.107742292,0,0,1,1,1,1
0.107771333,0,0,1,0,0,0
0.107940625,0,0,1,1,1,1
0.107969667,0,0,1,0,0,0
0.108138958,0,0,1,1,1,1
0.108168000,0,0,1,0,0,0
0.108337292,0,0,1,1,1,1
0.108366333,0,0,1,0,0,0
0.108535583,0,0,1,1,1,1
0.108564625,0,0,1,0,0,0
0.108733875,0,0,1,1,1,1
0.108762917,0,0,1,0,0,0
0.108932208,0,0,1,1,1,1
0.108961250,0,0,1,0,0,0
0.109130542,0,0,1,1,1,1
0.109159583,0,0,1,0,0,0
0.109328875,0,0,1,1,1,1
0.109357917,0,0,1,0,0,0
0.109527167,0,0,1,1,1,1
0.109556208,0,0,1,0,0,0
0.109725458,0,0,1,1,1,1
0.109754500,0,0,1,0,0,0
0.109923750,0,0,1,1,1,1
0.109952792,0,0,1,0,0,0
0.110122042,0,0,1,1,1,1
0.110151083,0,0,1,1,1,0
0.110151125,0,0,1,0,0,0
0.110320333,0,0,1,1,1,1
0.110349375,0,0,1,0,0,0
0.110518583,0,0,1,1,1,1
0.110547625,0,0,1,0,0,0
0.110716917,0,0,1,1,1,1
0.110745958,0,0,1,0,0,0
0.110915250,0,0,1,1,1,1
0.110944292,0,0,1,0,0,0
0.111113542,0,0,1,1,1,1
0.111142583,0,0,1,0,0,0
0.111311833,0,0,1,1,1,1
0.111340875,0,0,1,0,0,0
0.111510167,0,0,1,1,1,1
0.111539208,0,0,1,0,0,0
0.111708458,0,0,1,1,1,1
0.111737500,0,0,1,0,0,0
0.111906750,0,0,1,1,1,1
0.111935792,0,0,1,0,0,0
0.112104958,0,0,1,1,1,1
0.112134000,0,0,1,0,0,0
0.112303208,0,0,1,1,1,1
0.112332250,0,0,1,0,0,0
0.112501458,0,0,1,1,1,1
0.112530500,0,0,1,0,0,0
0.112699708,0,0,1,1,1,1
0.112728750,0,0,1,0,0,0
0.112898000,0,0,1,1,1,1
0.112927042,0,0,1,0,0,0
0.113096292,0,0,1,1,1,1
0.113125333,0,0,1,0,0,0
0.113294583,0,0,1,1,1,1
0.113323625,0,0,1,0,0,0
0.113492833,0,0,1,1,1,1
0.113521875,0,0,1,0,0,0
0.113691125,0,0,1,1,1,1
0.113720167,0,0,1,0,0,0
0.113889375,0,0,1,1,1,1
0.113918417,0,0,1,0,0,0
0.114087667,0,0,1,1,1,1
0.114116708,0,0,1,0,0,0
0.114285958,0,0,1,1,1,1
0.114315000,0,0,1,0,0,0
0.114484208,0,0,1,1,1,1
0.114513250,0,0,1,0,0,0
0.114682542,0,0,1,1,1,1
0.114711583,0,0,1,0,0,0
0.114880833,0,0,1,0,1,1
0.114880875,0,0,1,1,1,1
0.114909917,0,0,1,0,0,0
0.115079167,0,0,1,1,1,1
0.115108208,0,0,1,0,0,0
0.115277458,0,0,1,1,1,1
0.115306500,0,0,1,0,0,0
0.115475750,0,0,1,1,1,1
0.115504792,0,0,1,0,0,0
0.115674042,0,0,1,1,1,1
0.115703083,0,0,1,0,0,0
0.115872333,0,0,1,1,1,1
0.115901375,0,0,1,0,0,0
0.116070625,0,0,1,1,1,1
0.116099667,0,0,1,0,0,0
0.116268917,0,0,1,1,1,1
0.116298000,0,0,1,0,0,0
0.116467250,0,0,1,1,1,1
0.116496333,0,0,1,0,0,0
0.116665583,0,0,1,0,1,1
0.116665625,0,0,1,1,1,1
0.116694667,0,0,1,0,0,0
0.116863917,0,0,1,1,1,1
0.116892958,0,0,1,0,0,0
0.117062250,0,0,1,1,1,1
0.117091292,0,0,1,0,0,0
0.117260542,0,0,1,1,1,1
0.117289625,0,0,1,0,0,0
0.117458875,0,0,1,1,1,1
0.117487917,0,0,1,0,0,0
0.117657167,0,0,1,1,1,1
0.117686208,0,0,1,0,0,0
0.117855417,0,0,1,1,1,1
0.117884458,0,0,1,0,0,0
0.118053667,0,0,1,1,1,1
0.118082750,0,0,1,0,0,0
0.118251958,0,0,1,0,1,1
0.118252000,0,0,1,1,1,1
0.118281042,0,0,1,0,0,0
0.118450292,0,0,1,1,1,1
0.118479333,0,0,1,0,0,0
0.118648625,0,0,1,1,1,1
0.118677667,0,0,1,0,0,0
0.118846958,0,0,1,1,1,1
0.118876000,0,0,1,0,0,0
0.119045250,0,0,1,1,1,1
0.119074292,0,0,1,0,0,0
0.119243500,0,0,1,1,1,1
0.119272542,0,0,1,0,0,0
0.119441750,0,0,1,1,1,1
0.119470792,0,0,1,0,0,0
0.119640042,0,0,1,1,1,1
0.119669083,0,0,1,0,0,0
0.119838333,0,0,1,1,1,1
0.119867375,0,0,1,0,0,0
0.120036625,0,0,1,1,1,1
0.120065667,0,0,1,0,0,0
0.120234958,0,0,1,1,1,1
0.120264000,0,0,1,0,0,0
0.120433250,0,0,1,1,1,1
0.120462292,0,0,1,0,0,0
0.120631542,0,0,1,1,1,1
0.120660583,0,0,1,0,0,0
0.120829792,0,0,1,1,1,1
0.120858833,0,0,1,0,0,0
0.121028000,0,0,1,1,1,1
0.121057042,0,0,1,0,0,0
0.121226250,0,0,1,1,1,1
0.121255292,0,0,1,0,0,0
0.121424458,0,0,1,1,1,1
0.121453500,0,0,1,0,0,0
0.121622708,0,0,1,1,1,1
0.121651750,0,0,1,0,0,0
0.121820958,0,0,1,1,1,1
0.121850000,0,0,1,0,0,0
0.122019208,0,0,1,1,1,1
0.122048250,0,0,1,0,0,0
0.122217458,0,0,1,1,1,1
0.122246458,0,0,1,0,0,0
0.122415667,0,0,1,1,1,1
0.122444708,0,0,1,0,0,0
0.122613917,0,0,1,1,1,1
0.122642958,0,0,1,0,0,0
0.122812208,0,0,1,1,1,1
0.122841250,0,0,1,0,0,0
0.123010500,0,0,1,1,1,1
0.123039542,0,0,1,0,0,0
0.123208750,0,0,1,1,1,1
0.123237792,0,0,1,0,0,0
0.123407042,0,0,1,1,1,1
0.123436083,0,0,1,0,0,0
0.123605292,0,0,1,1,1,1
0.123634333,0,0,1,0,0,0
0.123803583,0,0,1,1,1,1
0.123832625,0,0,1,0,0,0
0.124001875,0,0,1,1,1,1
0.124030917,0,0,1,0,0,0
0.124200167,0,0,1,1,1,1
0.124229208,0,0,1,0,0,0
0.124398417,0,0,1,1,1,1
0.124427458,0,0,1,0,0,0
0.124596708,0,0,1,1,1,1
0.124625750,0,0,1,0,0,0
0.124795042,0,0,1,1,1,1
0.124824083,0,0,1,0,0,0
0.124993333,0,0,1,1,1,1
0.125022417,0,0,1,0,0,0
0.125191667,0,0,1,1,1,1
0.125220708,0,0,1,0,0,0
0.125389958,0,0,1,1,1,1
0.125419000,0,0,1,0,0,0
0.125588292,0,0,1,1,1,1
0.125617333,0,0,1,0,0,0
0.125786583,0,0,1,1,1,1
0.125815625,0,0,1,0,0,0
0.125984833,0,0,1,1,1,1
0.126013875,0,0,1,0,0,0
0.126183125,0,0,1,1,1,1
0.126212167,0,0,1,0,0,0
0.126381375,0,0,1,1,1,1
0.126410417,0,0,1,0,0,0
0.126579625,0,0,1,1,1,1
0.126608667,0,0,1,0,0,0
0.126777833,0,0,1,1,1,1
0.126806875,0,0,1,0,0,0
0.126976083,0,0,1,1,1,1
0.127005125,0,0,1,0,0,0
0.127174333,0,0,1,1,1,1
0.127203375,0,0,1,0,0,0
0.127372625,0,0,1,1,1,1
0.127401667,0,0,1,0,0,0
0.127570875,0,0,1,1,1,1
0.127599917,0,0,1,0,0,0
0.127769125,0,0,1,1,1,1
0.127798167,0,0,1,0,0,0
0.127967375,0,0,1,1,1,1
0.127996417,0,0,1,0,0,0
0.128165625,0,0,1,1,1,1
0.128194667,0,0,1,0,0,0
0.128363917,0,0,1,1,1,1
0.128392958,0,0,1,0,0,0
0.128562167,0,0,1,1,1,1
0.128591208,0,0,1,0,0,0
0.128760458,0,0,1,1,1,1
0.128789500,0,0,1,0,0,0
0.128958708,0,0,1,1,1,1
0.128987750,0,0,1,0,0,0
0.129156958,0,0,1,1,1,1
0.129186000,0,0,1,0,0,0
0.129355250,0,0,1,1,1,1
0.129384292,0,0,1,0,0,0
0.129553542,0,0,1,1,1,1
0.129582583,0,0,1,0,0,0
0.129751833,0,0,1,1,1,1
0.129780875,0,0,1,0,0,0
0.129950125,0,0,1,1,1,1
0.129979167,0,0,1,0,0,0
0.130148417,0,0,1,1,1,1
0.130177458,0,0,1,0,0,0
0.130346708,0,0,1,1,1,1
0.130375750,0,0,1,0,0,0
0.130545000,0,0,1,1,1,1
0.130574042,0,0,1,0,0,0
0.130743292,0,0,1,1,1,1
0.130772333,0,0,1,0,0,0
0.130941583,0,0,1,1,1,1
0.130970625,0,0,1,0,0,0
0.131139875,0,0,1,1,1,1
0.131168917,0,0,1,0,0,0
0.131338208,0,0,1,1,1,1
0.131367250,0,0,1,0,0,0
0.131536500,0,0,1,1,1,1
0.131565542,0,0,1,0,0,0
0.131734792,0,0,1,1,1,1
0.131763875,0,0,1,0,0,0
0.131933125,0,0,1,1,1,1
0.131962167,0,0,1,0,0,0
0.132131417,0,0,1,1,1,1
0.132160458,0,0,1,1,0,0
0.132160500,0,0,1,0,0,0
0.132329750,0,0,1,1,1,1
0.132358792,0,0,1,0,0,0
0.132528083,0,0,1,1,1,1
0.132557125,0,0,1,0,0,0
0.132726375,0,0,1,1,1,1
0.132755417,0,0,1,0,0,0
0.132924708,0,0,1,1,1,1
0.132953750,0,0,1,0,0,0
0.133123042,0,0,1,1,1,1
0.133152125,0,0,1,0,0,0
0.133321417,0,0,1,1,1,1
0.133350458,0,0,1,0,0,0
0.133519708,0,0,1,1,1,1
0.133548750,0,0,1,0,0,0
0.133718042,0,0,1,1,1,1
0.133747083,0,0,1,0,0,0
0.133916333,0,0,1,1,1,1
0.133945375,0,0,1,0,0,0
0.134114625,0,0,1,1,1,1
0.134143708,0,0,1,0,0,0
0.134312958,0,0,1,1,1,1
0.134342000,0,0,1,0,0,0
0.134511333,0,0,1,1,1,1
0.134540375,0,0,1,0,0,0
0.134709625,0,0,1,1,1,1
0.134738667,0,0,1,0,0,0
0.134907917,0,0,1,1,1,1
0.134936958,0,0,1,0,0,0
0.135106167,0,0,1,1,1,1
0.135135208,0,0,1,0,0,0
0.135304500,0,0,1,1,1,1
0.135333542,0,0,1,0,0,0
0.135502750,0,0,1,1,1,1
0.135531792,0,0,1,0,0,0
0.135701000,0,0,1,1,1,1
0.135730083,0,0,1,0,0,0
0.135899292,0,0,1,1,1,1
0.135928333,0,0,1,0,0,0
0.136097625,0,0,1,1,1,1
0.136126667,0,0,1,0,0,0
0.136295917,0,0,1,1,1,1
0.136324958,0,0,1,1,0,0
0.136325000,0,0,1,0,0,0
0.136494292,0,0,1,1,1,1
0.136523333,0,0,1,0,0,0
0.136692583,0,0,1,1,1,1
0.136721667,0,0,1,0,0,0
0.136890875,0,0,1,1,1,1
0.136919958,0,0,1,0,0,0
0.137089208,0,0,1,1,1,1
0.137118292,0,0,1,0,0,0
0.137287542,0,0,1,1,1,1
0.137316583,0,0,1,0,0,0
0.137485875,0,0,1,1,1,1
0.137514917,0,0,1,0,0,0
0.137684167,0,0,1,1,1,1
0.137713250,0,0,1,0,0,0
0.137882458,0,0,1,1,1,1
0.137911542,0,0,1,0,0,0
0.138080792,0,0,1,1,1,1
0.138109833,0,0,1,0,0,0
0.138279083,0,0,1,1,1,1
0.138308125,0,0,1,0,0,0
0.138477417,0,0,1,1,1,1
0.138506458,0,0,1,0,0,0
0.138675750,0,0,1,1,1,1
0.138704792,0,0,1,0,0,0
0.138874083,0,0,1,1,1,1
0.138903125,0,0,1,0,0,0
0.139072375,0,0,1,1,1,1
0.139101417,0,0,1,0,0,0
0.139270667,0,0,1,1,1,1
0.139299708,0,0,1,0,0,0
0.139468958,0,0,1,1,1,1
0.139498042,0,0,1,0,0,0
0.139667292,0,0,1,1,1,1
0.139696333,0,0,1,0,0,0
0.139865625,0,0,1,1,1,1
0.139894667,0,0,1,0,0,0
0.140063958,0,0,1,1,1,1
0.140093042,0,0,1,0,0,0
0.140262292,0,0,1,1,1,1
0.140291375,0,0,1,0,0,0
0.140460667,0,0,1,1,1,1
0.140489708,0,0,1,0,0,0
0.140658958,0,0,1,1,1,1
0.140688000,0,0,1,0,0,0
0.140857250,0,0,1,1,1,1
0.140886333,0,0,1,0,0,0
0.141055542,0,0,1,1,1,1
0.141084625,0,0,1,0,0,0
0.141253917,0,0,1,1,1,1
0.141282958,0,0,1,0,0,0
0.141452250,0,0,1,1,1,1
0.141481333,0,0,1,0,0,0
0.141650625,0,0,1,1,1,1
0.141679708,0,0,1,0,0,0
0.141849000,0,0,1,1,1,1
0.141878042,0,0,1,0,0,0
0.142047375,0,0,1,1,1,1
0.142076417,0,0,1,0,0,0
0.142245750,0,0,1,1,1,1
0.142274792,0,0,1,0,0,0
0.142444125,0,0,1,1,1,1
0.142473167,0,0,1,0,0,0
0.142642458,0,0,1,1,1,1
0.142671542,0,0,1,0,0,0
0.142840833,0,0,1,1,1,1
0.142869875,0,0,1,0,0,0
0.143039208,0,0,1,1,1,1
0.143068250,0,0,1,0,0,0
0.143237583,0,0,1,1,1,1
0.143266625,0,0,1,0,0,0
0.143435958,0,0,1,1,1,1
0.143465000,0,0,1,0,0,0
0.143634333,0,0,1,1,1,1
0.143663417,0,0,1,0,0,0
0.143832708,0,0,1,1,1,1
0.143861792,0,0,1,0,0,0
0.144031083,0,0,1,1,1,1
0.144060125,0,0,1,0,0,0
0.144229417,0,0,1,1,1,1
0.144258500,0,0,1,0,0,0
0.144427792,0,0,1,1,1,1
0.144456875,0,0,1,0,0,0
0.144626167,0,0,1,1,1,1
0.144655208,0,0,1,0,0,0
0.144824500,0,0,1,1,1,1
0.144853583,0,0,1,0,0,0
0.145022917,0,0,1,1,1,1
0.145051958,0,0,1,0,0,0
0.145221292,0,0,1,0,1,1
0.145221333,0,0,1,1,1,1
0.145250375,0,0,1,0,0,0
0.145419708,0,0,1,0,1,0
0.145419750,0,0,1,1,1,1
0.145448792,0,0,1,0,0,0
0.145618125,0,0,1,1,1,1
0.145647167,0,0,1,0,0,0
0.145816500,0,0,1,1,1,1
0.145845542,0,0,1,0,0,0
0.146014917,0,0,1,1,1,1
0.146043958,0,0,1,0,0,0
0.146213333,0,0,1,1,1,1
0.146242417,0,0,1,0,0,0
0.146411750,0,0,1,1,1,1
0.146440792,0,0,1,0,0,0
0.146610125,0,0,1,1,1,1
0.146639208,0,0,1,0,0,0
0.146808542,0,0,1,1,1,1
0.146837583,0,0,1,0,0,0
0.147006917,0,0,1,1,1,1
0.147035958,0,0,1,0,0,0
0.147205333,0,0,1,1,1,1
0.147234375,0,0,1,0,0,0
0.147403708,0,0,1,1,1,1
0.147432750,0,0,1,0,0,0
0.147602042,0,0,1,1,1,1
0.147631125,0,0,1,0,0,0
0.147800375,0,0,1,1,1,1
0.147829458,0,0,1,0,0,0
0.147998708,0,0,1,1,1,1
0.148027750,0,0,1,0,0,0
0.148197042,0,0,1,1,1,1
0.148226083,0,0,1,1,0,0
0.148226125,0,0,1,0,0,0
0.148395417,0,0,1,1,1,1
0.148424458,0,0,1,0,0,0
0.148593750,0,0,1,1,1,1
0.148622792,0,0,1,0,0,0
0.148792125,0,0,1,1,1,1
0.148821167,0,0,1,0,0,0
0.148990458,0,0,1,0,1,1
0.148990500,0,0,1,1,1,1
0.149019542,0,0,1,0,0,0
0.149188833,0,0,1,1,1,1
0.149217917,0,0,1,0,0,0
0.149387167,0,0,1,1,1,1
0.149416208,0,0,1,1,0,0
0.149416250,0,0,1,0,0,0
0.149585500,0,0,1,1,1,1
0.149614542,0,0,1,0,0,0
0.149783792,0,0,1,1,1,1
0.149812875,0,0,1,0,0,0
0.149982167,0,0,1,1,1,1
0.150011208,0,0,1,0,0,0
0.150180500,0,0,1,1,1,1
0.150209542,0,0,1,0,0,0
0.150378792,0,0,1,1,1,1
0.150407875,0,0,1,0,0,0
0.150577125,0,0,1,1,1,1
0.150606167,0,0,1,0,0,0
0.150775458,0,0,1,0,1,0
0.150775500,0,0,1,1,1,1
0.150804542,0,0,1,0,0,0
0.150973833,0,0,1,1,1,1
0.151002875,0,0,1,0,0,0
0.151172167,0,0,1,1,1,1
0.151201208,0,0,1,1,0,0
0.151201250,0,0,1,0,0,0
0.151370542,0,0,1,1,1,1
0.151399583,0,0,1,0,0,0
0.151568833,0,0,1,1,1,1
0.151597875,0,0,1,0,0,0
0.151767125,0,0,1,1,1,1
0.151796167,0,0,1,0,0,0
0.151965458,0,0,1,1,1,1
0.151994500,0,0,1,0,0,0
0.152163792,0,0,1,1,1,1
0.152192833,0,0,1,0,0,0
0.152362083,0,0,1,1,1,1
0.152391167,0,0,1,0,0,0
0.152560417,0,0,1,1,1,1
0.152589500,0,0,1,0,0,0
0.152758792,0,0,1,1,1,1
0.152787833,0,0,1,0,0,0
0.152957125,0,0,1,1,1,1
0.152986167,0,0,1,0,0,0
0.153155417,0,0,1,1,1,1
0.153184458,0,0,1,0,0,0
0.153353750,0,0,1,1,1,1
0.153382792,0,0,1,0,0,0
0.153552083,0,0,1,1,1,1
0.153581125,0,0,1,0,0,0
0.153750417,0,0,1,1,1,1
0.153779500,0,0,1,0,0,0
0.153948792,0,0,1,1,1,1
0.153977875,0,0,1,0,0,0
0.154147167,0,0,1,1,1,1
0.154176208,0,0,1,0,0,0
0.154345500,0,0,1,1,1,1
0.154374542,0,0,1,0,0,0
0.154543792,0,0,1,0,1,1
0.154543833,0,0,1,1,1,1
0.154572875,0,0,1,0,0,0
0.154742125,0,0,1,1,1,1
0.154771208,0,0,1,0,0,0
0.154940458,0,0,1,1,1,1
0.154969500,0,0,1,0,0,0
0.155138792,0,0,1,1,1,1
0.155167833,0,0,1,0,0,0
0.155337208,0,0,1,1,1,1
0.155366250,0,0,1,0,0,0
0.155535583,0,0,1,1,1,1
0.155564625,0,0,1,0,0,0
0.155733917,0,0,1,1,1,1
0.155762958,0,0,1,0,0,0
0.155932292,0,0,1,1,1,1
0.155961333,0,0,1,0,0,0
0.156130708,0,0,1,1,1,1
0.156159750,0,0,1,0,0,0
0.156329083,0,0,1,1,1,1
0.156358167,0,0,1,0,0,0
0.156527500,0,0,1,1,1,1
0.156556542,0,0,1,0,0,0
0.156725917,0,0,1,1,1,1
0.156754958,0,0,1,0,0,0
0.156924250,0,0,1,1,1,1
0.156953292,0,0,1,0,0,0
0.157122583,0,0,1,1,1,1
0.157151667,0,0,1,0,0,0
0.157321042,0,0,1,1,1,1
0.157350083,0,0,1,0,0,0
0.157519500,0,0,1,1,1,1
0.157548542,0,0,1,0,0,0
0.157717958,0,0,1,1,1,1
0.157747000,0,0,1,0,0,0
0.157916375,0,0,1,1,1,1
0.157945458,0,0,1,0,0,0
0.158114833,0,0,1,1,1,1
0.158143875,0,0,1,0,0,0
0.158313250,0,0,1,1,1,1
0.158342292,0,0,1,0,0,0
0.158511625,0,0,1,1,1,1
0.158540667,0,0,1,0,0,0
0.158710042,0,0,1,1,1,1
0.158739083,0,0,1,0,0,0
0.158908458,0,0,1,1,1,1
0.158937500,0,0,1,0,0,0
0.159106875,0,0,1,1,1,1
0.159135917,0,0,1,0,0,0
0.159305250,0,0,1,1,1,1
0.159334292,0,0,1,0,0,0
0.159503625,0,0,1,1,1,1
0.159532708,0,0,1,0,0,0
0.159702042,0,0,1,1,1,1
0.159731083,0,0,1,0,0,0
0.159900458,0,0,1,1,1,1
0.159929500,0,0,1,0,0,0
0.160098833,0,0,1,1,1,1
0.160127917,0,0,1,0,0,0
0.160297250,0,0,1,1,1,1
0.160326292,0,0,1,0,0,0
0.160495625,0,0,1,1,1,1
0.160524667,0,0,1,0,0,0
0.160694000,0,0,1,1,1,1
0.160723042,0,0,1,0,0,0
0.160892333,0,0,1,1,1,1
0.160921417,0,0,1,0,0,0
0.161090708,0,0,1,1,1,1
0.161119792,0,0,1,0,0,0
0.161289125,0,0,1,1,1,1
0.161318167,0,0,1,0,0,0
0.161487500,0,0,1,1,1,1
0.161516542,0,0,1,0,0,0
0.161685875,0,0,1,1,1,1
0.161714917,0,0,1,0,0,0
0.161884250,0,0,1,1,1,1
0.161913292,0,0,1,0,0,0
0.162082625,0,0,1,1,1,1
0.162111667,0,0,1,0,0,0
0.162281042,0,0,1,1,1,1
0.162310083,0,0,1,0,0,0
0.162479417,0,0,1,1,1,1
0.162508500,0,0,1,0,0,0
0.162677792,0,0,1,0,1,1
0.162677833,0,0,1,1,1,1
0.162706875,0,0,1,0,0,0
0.162876208,0,0,1,1,1,1
0.162905250,0,0,1,0,0,0
0.163074583,0,0,1,1,1,1
0.163103625,0,0,1,0,0,0
0.163272958,0,0,1,1,1,1
0.163302000,0,0,1,0,0,0
0.163471292,0,0,1,1,1,1
0.163500375,0,0,1,0,0,0
0.163669667,0,0,1,1,1,1
0.163698708,0,0,1,0,0,0
0.163868000,0,0,1,1,1,1
0.163897042,0,0,1,1,0,0
0.163897083,0,0,1,0,0,0
0.164066375,0,0,1,1,1,1
0.164095417,0,0,1,0,0,0
0.164264708,0,0,1,1,1,1
0.164293750,0,0,1,0,0,0
0.164463083,0,0,1,1,1,1
0.164492125,0,0,1,0,0,0
0.164661458,0,0,1,1,1,1
0.164690500,0,0,1,0,0,0
0.164859833,0,0,1,1,1,1
0.164888875,0,0,1,1,0,0
0.164888917,0,0,1,0,0,0
0.165058250,0,0,1,1,1,1
0.165087292,0,0,1,0,0,0
0.165256625,0,0,1,1,1,1
0.165285667,0,0,1,0,0,0
0.165454958,0,0,1,0,1,1
0.165455000,0,0,1,1,1,1
0.165484042,0,0,1,0,0,0
0.165653292,0,0,1,1,1,1
0.165682333,0,0,1,0,0,0
0.165851667,0,0,1,1,1,1
0.165880708,0,0,1,0,0,0
0.166050000,0,0,1,1,1,1
0.166079042,0,0,1,0,0,0
0.166248375,0,0,1,1,1,1
0.166277417,0,0,1,0,0,0
0.166446708,0,0,1,1,1,1
0.166475792,0,0,1,0,0,0
0.166645083,0,0,1,1,1,1
0.166674125,0,0,1,0,0,0
0.166843417,0,0,1,1,1,1
0.166872458,0,0,1,0,0,0
0.167041750,0,0,1,1,1,1
0.167070792,0,0,1,0,0,0
0.167240083,0,0,1,1,1,1
0.167269125,0,0,1,0,0,0
0.167438417,0,0,1,1,1,1
0.167467458,0,0,1,0,0,0
0.167636792,0,0,1,1,1,1
0.167665833,0,0,1,0,0,0
0.167835167,0,0,1,1,1,1
0.167864208,0,0,1,0,0,0
0.168033542,0,0,1,1,1,1
0.168062583,0,0,1,0,0,0
0.168231917,0,0,1,1,1,1
0.168260958,0,0,1,0,0,0
0.168430250,0,0,1,1,1,1
0.168459333,0,0,1,0,0,0
0.168628583,0,0,1,1,1,1
0.168657625,0,0,1,0,0,0
0.168826917,0,0,1,1,1,1
0.168855958,0,0,1,0,0,0
0.169025208,0,0,1,1,1,1
0.169054250,0,0,1,0,0,0
0.169223542,0,0,1,1,1,1
0.169252583,0,0,1,0,0,0
0.169421875,0,0,1,1,1,1
0.169450917,0,0,1,0,0,0
0.169620208,0,0,1,1,1,1
0.169649250,0,0,1,0,0,0
0.169818542,0,0,1,1,1,1
0.169847583,0,0,1,0,0,0
0.170016917,0,0,1,1,1,1
0.170045958,0,0,1,0,0,0
0.170215292,0,0,1,1,1,1
0.170244333,0,0,1,0,0,0
0.170413667,0,0,1,1,1,1
0.170442708,0,0,1,0,0,0
0.170612042,0,0,1,1,1,1
0.170641083,0,0,1,0,0,0
0.170810375,0,0,1,1,1,1
0.170839417,0,0,1,0,0,0
0.171008750,0,0,1,1,1,1
0.171037833,0,0,1,0,0,0
0.171207083,0,0,1,1,1,1
0.171236125,0,0,1,0,0,0
0.171405417,0,0,1,1,1,1
0.171434458,0,0,1,0,0,0
0.171603708,0,0,1,1,1,1
0.171632750,0,0,1,0,0,0
0.171802042,0,0,1,1,1,1
0.171831083,0,0,1,0,0,0
0.172000375,0,0,1,1,1,1
0.172029417,0,0,1,0,0,0
0.172198667,0,0,1,1,1,1
0.172227708,0,0,1,0,0,0
0.172396958,0,0,1,1,1,1
0.172426000,0,0,1,0,0,0
0.172595250,0,0,1,1,1,1
0.172624333,0,0,1,0,0,0
0.172793583,0,0,1,1,1,1
0.172822625,0,0,1,0,0,0
0.172991917,0,0,1,1,1,1
0.173020958,0,0,1,0,0,0
0.173190250,0,0,1,1,1,1
0.173219292,0,0,1,0,0,0
0.173388583,0,0,1,1,1,1
0.173417625,0,0,1,1,0,0
0.173417667,0,0,1,0,0,0
0.173586917,0,0,1,1,1,1
0.173615958,0,0,1,0,0,0
0.173785250,0,0,1,1,1,1
0.173814292,0,0,1,0,0,0
0.173983500,0,0,1,1,1,1
0.174012583,0,0,1,0,0,0
0.174181833,0,0,1,1,1,1
0.174210875,0,0,1,0,0,0
0.174380125,0,0,1,1,1,1
0.174409167,0,0,1,0,0,0
0.174578417,0,0,1,1,1,1
0.174607458,0,0,1,0,0,0
0.174776708,0,0,1,1,1,1
0.174805792,0,0,1,0,0,0
0.174975083,0,0,1,1,1,1
0.175004125,0,0,1,0,0,0
0.175173375,0,0,1,1,1,1
0.175202417,0,0,1,0,0,0
0.175371708,0,0,1,1,1,1
0.175400750,0,0,1,0,0,0
0.175570083,0,0,1,1,1,1
0.175599125,0,0,1,0,0,0
0.175768458,0,0,1,1,1,1
0.175797500,0,0,1,0,0,0
0.175966833,0,0,1,1,1,1
0.175995875,0,0,1,0,0,0
0.176165250,0,0,1,1,1,1
0.176194292,0,0,1,0,0,0
0.176363625,0,0,1,1,1,1
0.176392667,0,0,1,0,0,0
0.176562042,0,0,1,1,1,1
0.176591083,0,0,1,0,0,0
0.176760417,0,0,1,1,1,1
0.176789500,0,0,1,0,0,0
0.176958833,0,0,1,1,1,1
0.176987875,0,0,1,0,0,0
0.177157167,0,0,1,1,1,1
0.177186250,0,0,1,0,0,0
0.177355542,0,0,1,1,1,1
0.177384625,0,0,1,0,0,0
0.177553917,0,0,1,1,1,1
0.177582958,0,0,1,0,0,0
0.177752250,0,0,1,1,1,1
0.177781292,0,0,1,0,0,0
0.177950583,0,0,1,1,1,1
0.177979667,0,0,1,0,0,0
0.178148958,0,0,1,1,1,1
0.178178000,0,0,1,1,0,0
0.178178042,0,0,1,0,0,0
0.178347250,0,0,1,1,1,1
0.178376292,0,0,1,0,0,0
0.178545542,0,0,1,1,1,1
0.178574583,0,0,1,0,0,0
0.178743792,0,0,1,1,1,1
0.178772833,0,0,1,0,0,0
0.178942042,0,0,1,1,1,1
0.178971083,0,0,1,0,0,0
0.179140333,0,0,1,1,1,1
0.179169375,0,0,1,0,0,0
0.179338583,0,0,1,1,1,1
0.179367625,0,0,1,0,0,0
0.179536875,0,0,1,1,1,1
0.179565917,0,0,1,1,0,0
0.179565958,0,0,1,0,0,0
0.179735250,0,0,1,1,1,1
0.179764292,0,0,1,0,0,0
0.179933625,0,0,1,1,1,1
0.179962667,0,0,1,0,0,0
0.180131958,0,0,1,1,1,1
0.180161000,0,0,1,0,0,0
0.180330292,0,0,1,1,1,1
0.180359375,0,0,1,0,0,0
0.180528667,0,0,1,1,1,1
0.180557750,0,0,1,0,0,0
0.180727000,0,0,1,1,1,1
0.180756042,0,0,1,0,0,0
0.180925292,0,0,1,1,1,1
0.180954375,0,0,1,0,0,0
0.181123667,0,0,1,1,1,1
0.181152750,0,0,1,0,0,0
0.181322042,0,0,1,1,1,1
0.181351125,0,0,1,0,0,0
0.181520417,0,0,1,1,1,1
0.181549458,0,0,1,0,0,0
0.181718708,0,0,1,1,1,1
0.181747750,0,0,1,0,0,0
0.181917042,0,0,1,1,1,1
0.181946083,0,0,1,0,0,0
0.182115375,0,0,1,1,1,1
0.182144417,0,0,1,0,0,0
0.182313667,0,0,1,1,1,1
0.182342708,0,0,1,0,0,0
0.182511958,0,0,1,1,1,1
0.182541000,0,0,1,0,0,0
0.182710250,0,0,1,1,1,1
0.182739292,0,0,1,0,0,0
0.182908583,0,0,1,1,1,1
0.182937625,0,0,1,0,0,0
0.183106875,0,0,1,1,1,1
0.183135917,0,0,1,0,0,0
0.183305167,0,0,1,1,1,1
0.183334208,0,0,1,0,0,0
0.183503500,0,0,1,1,1,1
0.183532583,0,0,1,0,0,0
0.183701917,0,0,1,1,1,1
0.183730958,0,0,1,0,0,0
0.183900292,0,0,1,1,1,1
0.183929333,0,0,1,0,0,0
0.184098667,0,0,1,1,1,1
0.184127750,0,0,1,0,0,0
0.184297042,0,0,1,1,1,1
0.184326083,0,0,1,0,0,0
0.184495417,0,0,1,1,1,1
0.184524458,0,0,1,0,0,0
0.184693750,0,0,1,1,1,1
0.184722833,0,0,1,0,0,0
0.184892125,0,0,1,1,1,1
0.184921167,0,0,1,0,0,0
0.185090542,0,0,1,1,1,1
0.185119583,0,0,1,0,0,0
0.185288875,0,0,1,1,1,1
0.185317958,0,0,1,0,0,0
0.185487250,0,0,1,1,1,1
0.185516292,0,0,1,0,0,0
0.185685583,0,0,1,1,1,1
0.185714625,0,0,1,0,0,0
0.185883875,0,0,1,1,1,1
0.185912917,0,0,1,0,0,0
0.186082167,0,0,1,1,1,1
0.186111208,0,0,1,0,0,0
0.186280458,0,0,1,1,1,1
0.186309500,0,0,1,0,0,0
0.186478708,0,0,1,1,1,1
0.186507750,0,0,1,0,0,0
0.186677000,0,0,1,1,1,1
0.186706083,0,0,1,0,0,0
0.186875292,0,0,1,1,1,1
0.186904375,0,0,1,0,0,0
0.187073625,0,0,1,1,1,1
0.187102667,0,0,1,0,0,0
0.187271917,0,0,1,1,1,1
0.187300958,0,0,1,0,0,0
0.187470208,0,0,1,1,1,1
0.187499250,0,0,1,0,0,0
0.187668542,0,0,1,1,1,1
0.187697583,0,0,1,0,0,0
0.187866875,0,0,1,1,1,1
0.187895958,0,0,1,0,0,0
0.188065208,0,0,1,1,1,1
0.188094292,0,0,1,0,0,0
0.188263583,0,0,1,1,1,1
0.188292625,0,0,1,0,0,0
0.188461958,0,0,1,1,1,1
0.188491000,0,0,1,0,0,0
0.188660292,0,0,1,1,1,1
0.188689333,0,0,1,0,0,0
0.188858583,0,0,1,1,1,1
0.188887625,0,0,1,0,0,0
0.189056833,0,0,1,1,1,1
0.189085875,0,0,1,0,0,0
0.189255125,0,0,1,1,1,1
0.189284167,0,0,1,0,0,0
0.189453417,0,0,1,1,1,1
0.189482458,0,0,1,0,0,0
0.189651708,0,0,1,1,1,1
0.189680750,0,0,1,0,0,0
0.189850042,0,0,1,1,1,1
0.189879083,0,0,1,0,0,0
0.190048333,0,0,1,1,1,1
0.190077375,0,0,1,0,0,0
0.190246667,0,0,1,1,1,1
0.190275708,0,0,1,0,0,0
0.190444958,0,0,1,1,1,1
0.190474000,0,0,1,0,0,0
0.190643250,0,0,1,1,1,1
0.190672292,0,0,1,0,0,0
0.190841542,0,0,1,1,1,1
0.190870625,0,0,1,0,0,0
0.191039833,0,0,1,1,1,1
0.191068875,0,0,1,0,0,0
0.191238125,0,0,1,1,1,1
0.191267167,0,0,1,0,0,0
0.191436375,0,0,1,1,1,1
0.191465458,0,0,1,0,0,0
0.191634708,0,0,1,1,1,1
0.191663750,0,0,1,0,0,0
0.191833000,0,0,1,1,1,1
0.191862042,0,0,1,0,0,0
0.192031250,0,0,1,1,1,1
0.192060292,0,0,1,0,0,0
0.192229583,0,0,1,1,1,1
0.192258625,0,0,1,0,0,0
0.192427875,0,0,1,1,1,1
0.192456917,0,0,1,0,0,0
0.192626208,0,0,1,1,1,1
0.192655250,0,0,1,0,0,0
0.192824500,0,0,1,1,1,1
0.192853583,0,0,1,0,0,0
0.193022833,0,0,1,1,1,1
0.193051875,0,0,1,0,0,0
0.193221167,0,0,1,1,1,1
0.193250208,0,0,1,0,0,0
0.193419500,0,0,1,1,1,1
0.193448542,0,0,1,0,0,0
0.193617875,0,0,1,1,1,1
0.193646958,0,0,1,0,0,0
0.193816250,0,0,1,1,1,1
0.193845292,0,0,1,0,0,0
0.194014542,0,0,1,1,1,1
0.194043583,0,0,1,0,0,0
0.194212875,0,0,1,1,1,1
0.194241917,0,0,1,0,0,0
0.194411208,0,0,1,1,1,1
0.194440292,0,0,1,0,0,0
0.194609583,0,0,1,1,1,1
0.194638625,0,0,1,0,0,0
0.194807875,0,0,1,1,1,1
0.194836917,0,0,1,0,0,0
0.195006208,0,0,1,1,1,1
0.195035292,0,0,1,0,0,0
0.195204583,0,0,1,1,1,1
0.195233625,0,0,1,0,0,0
0.195402958,0,0,1,1,1,1
0.195432000,0,0,1,0,0,0
0.195601333,0,0,1,1,1,1
0.195630417,0,0,1,0,0,0
0.195799750,0,0,1,1,1,1
0.195828792,0,0,1,0,0,0
0.195998125,0,0,1,1,1,1
0.196027208,0,0,1,0,0,0
0.196196542,0,0,1,1,1,1
0.196225625,0,0,1,0,0,0
0.196394958,0,0,1,1,1,1
0.196424042,0,0,1,0,0,0
0.196593333,0,0,1,1,1,1
0.196622417,0,0,1,0,0,0
0.196791708,0,0,1,1,1,1
0.196820792,0,0,1,0,0,0
0.196990125,0,0,1,1,1,1
0.197019167,0,0,1,0,0,0
0.197188458,0,0,1,1,1,1
0.197217542,0,0,1,0,0,0
0.197386792,0,0,1,1,1,1
0.197415833,0,0,1,0,0,0
0.197585125,0,0,1,1,1,1
0.197614167,0,0,1,0,0,0
0.197783458,0,0,1,1,1,1
0.197812542,0,0,1,0,0,0
0.197981792,0,0,1,1,1,1
0.198010833,0,0,1,0,0,0
0.198180083,0,0,1,1,1,1
0.198209125,0,0,1,0,0,0
0.198378417,0,0,1,1,1,1
0.198407458,0,0,1,0,0,0
0.198576708,0,0,1,1,1,1
0.198605792,0,0,1,0,0,0
0.198775083,0,0,1,1,1,1
0.198804125,0,0,1,0,0,0
0.198973417,0,0,1,1,1,1
0.199002458,0,0,1,0,0,0
0.199171708,0,0,1,1,1,1
0.199200750,0,0,1,0,0,0
0.199370042,0,0,1,1,1,1
0.199399083,0,0,1,0,0,0
0.199568375,0,0,1,1,1,1
0.199597417,0,0,1,0,0,0
0.199766708,0,0,1,1,1,1
0.199795750,0,0,1,0,0,0
0.199965000,0,0,1,1,1,1
0.199994083,0,0,1,0,0,0
0.200163333,0,0,1,1,1,1
0.200192375,0,0,1,1,0,0
0.200192417,0,0,1,0,0,0
0.200361667,0,0,1,1,1,1
0.200390750,0,0,1,0,0,0
0.200560042,0,0,1,1,1,1
0.200589083,0,0,1,0,0,0
0.200758375,0,0,1,1,1,1
0.200787417,0,0,1,0,0,0
0.200956708,0,0,1,0,1,1
0.200956750,0,0,1,1,1,1
0.200985792,0,0,1,0,0,0
0.201155083,0,0,1,1,1,1
0.201184125,0,0,1,0,0,0
0.201353417,0,0,1,1,1,1
0.201382458,0,0,1,0,0,0
0.201551750,0,0,1,1,1,1
0.201580792,0,0,1,0,0,0
0.201750083,0,0,1,1,1,1
0.201779125,0,0,1,0,0,0
0.201948417,0,0,1,1,1,1
0.201977458,0,0,1,0,0,0
0.202146792,0,0,1,1,1,1
0.202175833,0,0,1,0,0,0
0.202345125,0,0,1,1,1,1
0.202374167,0,0,1,0,0,0
0.202543458,0,0,1,1,1,1
0.202572500,0,0,1,0,0,0
0.202741833,0,0,1,1,1,1
0.202770875,0,0,1,0,0,0
0.202940208,0,0,1,1,1,1
0.202969250,0,0,1,0,0,0
0.203138625,0,0,1,1,1,1
0.203167667,0,0,1,0,0,0
0.203337000,0,0,1,1,1,1
0.203366042,0,0,1,0,0,0
0.203535375,0,0,1,1,1,1
0.203564458,0,0,1,0,0,0
0.203733750,0,0,1,1,1,1
0.203762833,0,0,1,0,0,0
0.203932208,0,0,1,1,1,1
0.203961250,0,0,1,0,0,0
0.204130625,0,0,1,1,1,1
0.204159667,0,0,1,0,0,0
0.204329042,0,0,1,1,1,1
0.204358083,0,0,1,0,0,0
0.204527417,0,0,1,1,1,1
0.204556458,0,0,1,0,0,0
0.204725792,0,0,1,1,1,1
0.204754875,0,0,1,0,0,0
0.204924208,0,0,1,1,1,1
0.204953250,0,0,1,0,0,0
0.205122583,0,0,1,1,1,1
0.205151625,0,0,1,0,0,0
0.205320958,0,0,1,1,1,1
0.205350000,0,0,1,0,0,0
0.205519292,0,0,1,1,1,1
0.205548375,0,0,1,0,0,0
0.205717667,0,0,1,1,1,1
0.205746708,0,0,1,0,0,0
0.205916042,0,0,1,1,1,1
0.205945083,0,0,1,0,0,0
0.206114375,0,0,1,1,1,1
0.206143417,0,0,1,0,0,0
0.206312750,0,0,1,1,1,1
0.206341792,0,0,1,0,0,0
0.206511125,0,0,1,1,1,1
0.206540167,0,0,1,0,0,0
0.206709500,0,0,1,1,1,1
0.206738542,0,0,1,0,0,0
0.206907875,0,0,1,1,1,1
0.206936917,0,0,1,0,0,0
0.207106250,0,0,1,1,1,1
0.207135292,0,0,1,0,0,0
0.207304583,0,0,1,1,1,1
0.207333667,0,0,1,0,0,0
0.207502958,0,0,1,1,1,1
0.207532042,0,0,1,0,0,0
0.207701333,0,0,1,1,1,1
0.207730375,0,0,1,0,0,0
0.207899667,0,0,1,1,1,1
0.207928708,0,0,1,0,0,0
0.208098000,0,0,1,1,1,1
0.208127042,0,0,1,0,0,0
0.208296333,0,0,1,1,1,1
0.208325375,0,0,1,1,0,0
0.208325417,0,0,1,0,0,0
0.208494667,0,0,1,1,1,1
0.208523750,0,0,1,0,0,0
0.208693000,0,0,1,1,1,1
0.208722083,0,0,1,0,0,0
0.208891375,0,0,1,1,1,1
0.208920417,0,0,1,0,0,0
0.209089708,0,0,1,1,1,1
0.209118750,0,0,1,0,0,0
0.209288042,0,0,1,1,1,1
0.209317083,0,0,1,0,0,0
0.209486417,0,0,1,1,1,1
0.209515458,0,0,1,0,0,0
0.209684792,0,0,1,1,1,1
0.209713833,0,0,1,0,0,0
0.209883167,0,0,1,1,1,1
0.209912208,0,0,1,0,0,0
0.210081458,0,0,1,1,1,1
0.210110500,0,0,1,0,0,0
0.210279750,0,0,1,1,1,1
0.210308792,0,0,1,0,0,0
0.210478083,0,0,1,1,1,1
0.210507125,0,0,1,0,0,0
0.210676333,0,0,1,1,1,1
0.210705375,0,0,1,0,0,0
0.210874667,0,0,1,1,1,1
0.210903708,0,0,1,0,0,0
0.211073000,0,0,1,1,1,1
0.211102042,0,0,1,0,0,0
0.211271375,0,0,1,1,1,1
0.211300417,0,0,1,0,0,0
0.211469667,0,0,1,0,1,1
0.211469708,0,0,1,1,1,1
0.211498750,0,0,1,0,0,0
0.211668000,0,0,1,1,1,1
0.211697042,0,0,1,0,0,0
0.211866333,0,0,1,1,1,1
0.211895375,0,0,1,0,0,0
0.212064667,0,0,1,1,1,1
0.212093708,0,0,1,0,0,0
0.212263000,0,0,1,1,1,1
0.212292042,0,0,1,0,0,0
0.212461292,0,0,1,1,1,1
0.212490333,0,0,1,0,0,0
0.212659625,0,0,1,1,1,1
0.212688708,0,0,1,0,0,0
0.212858000,0,0,1,1,1,1
0.212887042,0,0,1,0,0,0
0.213056333,0,0,1,1,1,1
0.213085375,0,0,1,1,0,0
0.213085417,0,0,1,0,0,0
0.213254708,0,0,1,1,1,1
0.213283750,0,0,1,0,0,0
0.213453042,0,0,1,1,1,1
0.213482083,0,0,1,0,0,0
0.213651333,0,0,1,1,1,1
0.213680417,0,0,1,0,0,0
0.213849708,0,0,1,1,1,1
0.213878750,0,0,1,0,0,0
0.214048042,0,0,1,1,1,1
0.214077083,0,0,1,0,0,0
0.214246375,0,0,1,1,1,1
0.214275458,0,0,1,0,0,0
0.214444750,0,0,1,1,1,1
0.214473792,0,0,1,0,0,0
0.214643083,0,0,1,1,1,1
0.214672125,0,0,1,0,0,0
0.214841417,0,0,1,1,1,1
0.214870458,0,0,1,0,0,0
0.215039750,0,0,1,1,1,1
0.215068792,0,0,1,0,0,0
0.215238083,0,0,1,1,1,1
0.215267125,0,0,1,0,0,0
0.215436417,0,0,1,1,1,1
0.215465500,0,0,1,0,0,0
0.215634792,0,0,1,1,1,1
0.215663833,0,0,1,0,0,0
0.215833125,0,0,1,1,1,1
0.215862208,0,0,1,0,0,0
0.216031458,0,0,1,1,1,1
0.216060500,0,0,1,0,0,0
0.216229792,0,0,1,1,1,1
0.216258833,0,0,1,0,0,0
0.216428083,0,0,1,1,1,1
0.216457167,0,0,1,0,0,0
0.216626417,0,0,1,1,1,1
0.216655458,0,0,1,0,0,0
0.216824708,0,0,1,1,1,1
0.216853750,0,0,1,0,0,0
0.217023083,0,0,1,1,1,1
0.217052125,0,0,1,0,0,0
0.217221417,0,0,1,1,1,1
0.217250458,0,0,1,0,0,0
0.217419750,0,0,1,1,1,1
0.217448792,0,0,1,0,0,0
0.217618042,0,0,1,1,1,1
0.217647083,0,0,1,0,0,0
0.217816333,0,0,1,1,1,1
0.217845417,0,0,1,0,0,0
0.218014667,0,0,1,1,1,1
0.218043708,0,0,1,0,0,0
0.218213000,0,0,1,1,1,1
0.218242042,0,0,1,0,0,0
0.218411333,0,0,1,1,1,1
0.218440375,0,0,1,0,0,0
0.218609667,0,0,1,1,1,1
0.218638708,0,0,1,0,0,0
0.218808000,0,0,1,1,1,1
0.218837042,0,0,1,0,0,0
0.219006333,0,0,1,1,1,1
0.219035375,0,0,1,0,0,0
0.219204667,0,0,1,1,1,1
0.219233708,0,0,1,0,0,0
0.219402958,0,0,1,1,1,1
0.219432042,0,0,1,0,0,0
0.219601250,0,0,1,1,1,1
0.219630292,0,0,1,1,0,0
0.219630333,0,0,1,0,0,0
0.219799583,0,0,1,1,1,1
0.219828625,0,0,1,0,0,0
0.219997875,0,0,1,1,1,1
0.220026917,0,0,1,0,0,0
0.220196167,0,0,1,1,1,1
0.220225208,0,0,1,0,0,0
0.220394458,0,0,1,1,1,1
0.220423500,0,0,1,0,0,0
0.220592708,0,0,1,1,1,1
0.220621750,0,0,1,0,0,0
0.220790958,0,0,1,1,1,1
0.220820000,0,0,1,0,0,0
0.220989208,0,0,1,1,1,1
0.221018250,0,0,1,0,0,0
0.221187542,0,0,1,1,1,1
0.221216583,0,0,1,0,0,0
0.221385833,0,0,1,1,1,1
0.221414833,0,0,1,0,0,0
0.221584083,0,0,1,1,1,1
0.221613125,0,0,1,0,0,0
0.221782333,0,0,1,1,1,1
0.221811417,0,0,1,0,0,0
0.221980667,0,0,1,1,1,1
0.222009708,0,0,1,0,0,0
0.222178958,0,0,1,0,1,1
0.222179000,0,0,1,1,1,1
0.222208042,0,0,1,0,0,0
0.222377292,0,0,1,1,1,1
0.222406333,0,0,1,0,0,0
0.222575583,0,0,1,1,1,1
0.222604625,0,0,1,0,0,0
0.222773875,0,0,1,1,1,1
0.222802958,0,0,1,0,0,0
0.222972208,0,0,1,1,1,1
0.223001250,0,0,1,0,0,0
0.223170542,0,0,1,1,1,1
0.223199583,0,0,1,0,0,0
0.223368833,0,0,1,1,1,1
0.223397875,0,0,1,0,0,0
0.223567125,0,0,1,1,1,1
0.223596167,0,0,1,0,0,0
0.223765458,0,0,1,1,1,1
0.223794500,0,0,1,0,0,0
0.223963750,0,0,1,1,1,1
0.223992792,0,0,1,0,0,0
0.224162083,0,0,1,1,1,1
0.224191125,0,0,1,0,0,0
0.224360375,0,0,1,1,1,1
0.224389417,0,0,1,0,0,0
0.224558708,0,0,1,1,1,1
0.224587750,0,0,1,0,0,0
0.224756958,0,0,1,1,1,1
0.224786000,0,0,1,0,0,0
0.224955208,0,0,1,1,1,1
0.224984250,0,0,1,0,0,0
0.225153500,0,0,1,1,1,1
0.225182542,0,0,1,0,0,0
0.225351750,0,0,1,1,1,1
0.225380792,0,0,1,0,0,0
0.225550000,0,0,1,1,1,1
0.225579042,0,0,1,0,0,0
0.225748250,0,0,1,1,1,1
0.225777292,0,0,1,0,0,0
0.225946500,0,0,1,1,1,1
0.225975542,0,0,1,0,0,0
0.226144750,0,0,1,1,1,1
0.226173792,0,0,1,0,0,0
0.226343042,0,0,1,1,1,1
0.226372083,0,0,1,0,0,0
0.226541292,0,0,1,1,1,1
0.226570333,0,0,1,0,0,0
0.226739542,0,0,1,1,1,1
0.226768583,0,0,1,0,0,0
0.226937792,0,0,1,0,1,1
0.226937833,0,0,1,1,1,1
0.226966833,0,0,1,0,0,0
0.227136083,0,0,1,1,1,1
0.227165083,0,0,1,0,0,0
0.227334333,0,0,1,1,1,1
0.227363375,0,0,1,0,0,0
0.227532542,0,0,1,1,1,1
0.227561583,0,0,1,0,0,0
0.227730833,0,0,1,1,1,1
0.227759875,0,0,1,0,0,0
0.227929083,0,0,1,1,1,1
0.227958125,0,0,1,0,0,0
0.228127375,0,0,1,1,1,1
0.228156417,0,0,1,0,0,0
0.228325625,0,0,1,1,1,1
0.228354625,0,0,1,1,0,0
0.228354667,0,0,1,0,0,0
0.228523875,0,0,1,1,1,1
0.228552917,0,0,1,0,0,0
0.228722125,0,0,1,1,1,1
0.228751167,0,0,1,0,0,0
0.228920417,0,0,1,1,1,1
0.228949458,0,0,1,0,0,0
0.229118667,0,0,1,1,1,1
0.229147708,0,0,1,0,0,0
0.229316958,0,0,1,1,1,1
0.229346000,0,0,1,0,0,0
0.229515292,0,0,1,1,1,1
0.229544375,0,0,1,0,0,0
0.229713667,0,0,1,1,1,1
0.229742708,0,0,1,0,0,0
0.229912042,0,0,1,1,1,1
0.229941083,0,0,1,0,0,0
0.230110375,0,0,1,1,1,1
0.230139417,0,0,1,0,0,0
0.230308667,0,0,1,1,1,1
0.230337708,0,0,1,0,0,0
0.230507000,0,0,1,1,1,1
0.230536042,0,0,1,0,0,0
0.230705292,0,0,1,1,1,1
0.230734333,0,0,1,0,0,0
0.230903542,0,0,1,1,1,1
0.230932583,0,0,1,0,0,0
0.231101875,0,0,1,1,1,1
0.231130917,0,0,1,0,0,0
0.231300208,0,0,1,1,1,1
0.231329250,0,0,1,0,0,0
0.231498500,0,0,1,1,1,1
0.231527542,0,0,1,0,0,0
0.231696833,0,0,1,1,1,1
0.231725875,0,0,1,0,0,0
0.231895125,0,0,1,1,1,1
0.231924167,0,0,1,0,0,0
0.232093458,0,0,1,1,1,1
0.232122500,0,0,1,0,0,0
0.232291792,0,0,1,1,1,1
0.232320833,0,0,1,0,0,0
0.232490125,0,0,1,1,1,1
0.232519167,0,0,1,0,0,0
0.232688458,0,0,1,1,1,1
0.232717542,0,0,1,0,0,0
0.232886792,0,0,1,1,1,1
0.232915833,0,0,1,0,0,0
0.233085125,0,0,1,1,1,1
0.233114167,0,0,1,0,0,0
0.233283417,0,0,1,1,1,1
0.233312458,0,0,1,0,0,0
0.233481667,0,0,1,1,1,1
0.233510708,0,0,1,0,0,0
0.233679958,0,0,1,1,1,1
0.233709000,0,0,1,0,0,0
0.233878292,0,0,1,1,1,1
0.233907333,0,0,1,0,0,0
0.234076625,0,0,1,1,1,1
0.234105667,0,0,1,0,0,0
0.234274917,0,0,1,1,1,1
0.234303958,0,0,1,0,0,0
0.234473250,0,0,1,1,1,1
0.234502333,0,0,1,0,0,0
0.234671583,0,0,1,1,1,1
0.234700625,0,0,1,0,0,0
0.234869917,0,0,1,1,1,1
0.234898958,0,0,1,0,0,0
0.235068208,0,0,1,1,1,1
0.235097250,0,0,1,0,0,0
0.235266500,0,0,1,1,1,1
0.235295542,0,0,1,0,0,0
0.235464792,0,0,1,1,1,1
0.235493833,0,0,1,0,0,0
0.235663083,0,0,1,1,1,1
0.235692125,0,0,1,0,0,0
0.235861375,0,0,1,1,1,1
0.235890417,0,0,1,0,0,0
0.236059667,0,0,1,1,1,1
0.236088708,0,0,1,0,0,0
0.236257917,0,0,1,1,1,1
0.236286958,0,0,1,0,0,0
0.236456167,0,0,1,1,1,1
0.236485208,0,0,1,0,0,0
0.236654458,0,0,1,1,1,1
0.236683500,0,0,1,0,0,0
0.236852708,0,0,1,1,1,1
0.236881750,0,0,1,0,0,0
0.237051000,0,0,1,1,1,1
0.237080042,0,0,1,0,0,0
0.237249250,0,0,1,1,1,1
0.237278292,0,0,1,0,0,0
0.237447500,0,0,1,1,1,1
0.237476542,0,0,1,0,0,0
0.237645750,0,0,1,1,1,1
0.237674792,0,0,1,0,0,0
0.237844042,0,0,1,1,1,1
0.237873083,0,0,1,0,0,0
0.238042333,0,0,1,1,1,1
0.238071375,0,0,1,0,0,0
0.238240667,0,0,1,1,1,1
0.238269708,0,0,1,0,0,0
0.238438958,0,0,1,1,1,1
0.238468000,0,0,1,0,0,0
0.238637250,0,0,1,1,1,1
0.238666292,0,0,1,0,0,0
0.238835500,0,0,1,1,1,1
0.238864542,0,0,1,1,0,0
0.238864583,0,0,1,0,0,0
0.239033792,0,0,1,1,1,1
0.239062833,0,0,1,0,0,0
0.239232083,0,0,1,1,1,1
0.239261167,0,0,1,0,0,0
0.239430375,0,0,1,1,1,1
0.239459417,0,0,1,0,0,0
0.239628708,0,0,1,1,1,1
0.239657750,0,0,1,0,0,0
0.239827000,0,0,1,1,1,1
0.239856042,0,0,1,0,0,0
0.240025250,0,0,1,1,1,1
0.240054292,0,0,1,0,0,0
0.240223500,0,0,1,1,1,1
0.240252542,0,0,1,0,0,0
0.240421750,0,0,1,1,1,1
0.240450792,0,0,1,0,0,0
0.240620000,0,0,1,1,1,1
0.240649042,0,0,1,0,0,0
0.240818250,0,0,1,1,1,1
0.240847292,0,0,1,0,0,0
0.241016458,0,0,1,1,1,1
0.241045500,0,0,1,0,0,0
0.241214667,0,0,1,1,1,1
0.241243708,0,0,1,0,0,0
0.241412917,0,0,1,1,1,1
0.241441958,0,0,1,0,0,0
0.241611208,0,0,1,1,1,1
0.241640250,0,0,1,0,0,0
0.241809500,0,0,1,1,1,1
0.241838542,0,0,1,0,0,0
0.242007750,0,0,1,1,1,1
0.242036792,0,0,1,0,0,0
0.242206000,0,0,1,1,1,1
0.242235042,0,0,1,0,0,0
0.242404250,0,0,1,1,1,1
0.242433292,0,0,1,0,0,0
0.242602500,0,0,1,1,1,1
0.242631542,0,0,1,0,0,0
0.242800750,0,0,1,1,1,1
0.242829792,0,0,1,0,0,0
0.242998958,0,0,1,1,1,1
0.243028000,0,0,1,0,0,0
0.243197208,0,0,1,1,1,1
0.243226250,0,0,1,0,0,0
0.243395542,0,0,1,1,1,1
0.243424583,0,0,1,0,0,0
0.243593792,0,0,1,1,1,1
0.243622833,0,0,1,0,0,0
0.243792042,0,0,1,1,1,1
0.243821083,0,0,1,0,0,0
0.243990333,0,0,1,1,1,1
0.244019375,0,0,1,0,0,0
0.244188583,0,0,1,1,1,1
0.244217625,0,0,1,0,0,0
0.244386833,0,0,1,1,1,1
0.244415875,0,0,1,0,0,0
0.244585125,0,0,1,1,1,1
0.244614167,0,0,1,0,0,0
0.244783375,0,0,1,0,1,1
0.244783417,0,0,1,1,1,1
0.244812458,0,0,1,0,0,0
0.244981708,0,0,1,1,1,1
0.245010750,0,0,1,0,0,0
0.245180042,0,0,1,1,1,1
0.245209083,0,0,1,0,0,0
0.245378333,0,0,1,1,1,1
0.245407375,0,0,1,0,0,0
0.245576625,0,0,1,1,1,1
0.245605667,0,0,1,1,0,0
0.245605708,0,0,1,0,0,0
0.245774958,0,0,1,1,1,1
0.245804000,0,0,1,0,0,0
0.245973250,0,0,1,1,1,1
0.246002292,0,0,1,0,0,0
0.246171542,0,0,1,1,1,1
0.246200583,0,0,1,0,0,0
0.246369833,0,0,1,1,1,1
0.246398833,0,0,1,0,0,0
0.246568083,0,0,1,1,1,1
0.246597125,0,0,1,0,0,0
0.246766375,0,0,1,1,1,1
0.246795417,0,0,1,0,0,0
0.246964667,0,0,1,1,1,1
0.246993708,0,0,1,0,0,0
0.247162958,0,0,1,1,1,1
0.247192042,0,0,1,0,0,0
0.247361292,0,0,1,1,1,1
0.247390333,0,0,1,0,0,0
0.247559542,0,0,1,1,1,1
0.247588583,0,0,1,0,0,0
0.247757875,0,0,1,1,1,1
0.247786917,0,0,1,0,0,0
0.247956167,0,0,1,1,1,1
0.247985208,0,0,1,0,0,0
0.248154458,0,0,1,1,1,1
0.248183500,0,0,1,0,0,0
0.248352750,0,0,1,1,1,1
0.248381792,0,0,1,0,0,0
0.248551042,0,0,1,1,1,1
0.248580083,0,0,1,0,0,0
0.248749375,0,0,1,1,1,1
0.248778417,0,0,1,0,0,0
0.248947667,0,0,1,1,1,1
0.248976708,0,0,1,0,0,0
0.249145958,0,0,1,1,1,1
0.249175000,0,0,1,0,0,0
0.249344250,0,0,1,1,1,1
0.249373292,0,0,1,0,0,0
0.249542500,0,0,1,1,1,1
0.249571542,0,0,1,0,0,0
0.249740792,0,0,1,1,1,1
0.249769833,0,0,1,0,0,0
0.249939042,0,0,1,1,1,1
0.249968083,0,0,1,0,0,0
0.250137250,0,0,1,1,1,1
0.250166292,0,0,1,0,0,0
0.250335542,0,0,1,1,1,1
0.250364542,0,0,1,0,0,0
0.250533750,0,0,1,1,1,1
0.250562792,0,0,1,0,0,0
0.250731958,0,0,1,1,1,1
0.250761000,0,0,1,0,0,0
0.250930208,0,0,1,1,1,1
0.250959250,0,0,1,0,0,0
0.251128458,0,0,1,1,1,1
0.251157500,0,0,1,0,0,0
0.251326667,0,0,1,1,1,1
0.251355708,0,0,1,0,0,0
0.251524917,0,0,1,1,1,1
0.251553958,0,0,1,0,0,0
0.251723125,0,0,1,1,1,1
0.251752167,0,0,1,0,0,0
0.251921375,0,0,1,1,1,1
0.251950375,0,0,1,0,0,0
0.252119583,0,0,1,1,1,1
0.252148583,0,0,1,0,0,0
0.252317750,0,0,1,1,1,1
0.252346792,0,0,1,0,0,0
0.252516000,0,0,1,1,1,1
0.252545000,0,0,1,0,0,0
0.252714167,0,0,1,1,1,1
0.252743208,0,0,1,0,0,0
0.252912417,0,0,1,1,1,1
0.252941458,0,0,1,0,0,0
0.253110667,0,0,1,1,1,1
0.253139708,0,0,1,0,0,0
0.253308958,0,0,1,1,1,1
0.253338000,0,0,1,0,0,0
0.253507250,0,0,1,1,1,1
0.253536292,0,0,1,0,0,0
0.253705500,0,0,1,1,1,1
0.253734542,0,0,1,0,0,0
0.253903792,0,0,1,1,1,1
0.253932833,0,0,1,0,0,0
0.254102000,0,0,1,1,1,1
0.254131042,0,0,1,0,0,0
0.254300250,0,0,1,1,1,1
0.254329292,0,0,1,0,0,0
0.254498542,0,0,1,1,1,1
0.254527583,0,0,1,0,0,0
0.254696792,0,0,1,1,1,1
0.254725833,0,0,1,0,0,0
0.254895042,0,0,1,1,1,1
0.254924083,0,0,1,0,0,0
0.255093292,0,0,1,1,1,1
0.255122333,0,0,1,0,0,0
0.255291542,0,0,1,1,1,1
0.255320583,0,0,1,0,0,0
0.255489833,0,0,1,1,1,1
0.255518875,0,0,1,0,0,0
0.255688042,0,0,1,1,1,1
0.255717083,0,0,1,0,0,0
0.255886250,0,0,1,1,1,1
0.255915292,0,0,1,0,0,0
0.256084500,0,0,1,1,1,1
0.256113583,0,0,1,0,0,0
0.256282875,0,0,1,1,1,1
0.256311917,0,0,1,0,0,0
0.256481167,0,0,1,1,1,1
0.256510208,0,0,1,0,0,0
0.256679458,0,0,1,1,1,1
0.256708542,0,0,1,0,0,0
0.256877792,0,0,1,1,1,1
0.256906833,0,0,1,0,0,0
0.257076083,0,0,1,1,1,1
0.257105125,0,0,1,0,0,0
0.257274375,0,0,1,1,1,1
0.257303417,0,0,1,0,0,0
0.257472667,0,0,1,1,1,1
0.257501708,0,0,1,0,0,0
0.257670917,0,0,1,1,1,1
0.257699958,0,0,1,0,0,0
0.257869167,0,0,1,1,1,1
0.257898208,0,0,1,0,0,0
0.258067458,0,0,1,1,1,1
0.258096500,0,0,1,0,0,0
0.258265708,0,0,1,1,1,1
0.258294708,0,0,1,1,0,0
0.258294750,0,0,1,0,0,0
0.258463958,0,0,1,1,1,1
0.258492958,0,0,1,1,0,0
0.258493000,0,0,1,0,0,0
0.258662167,0,0,1,1,1,1
0.258691208,0,0,1,0,0,0
0.258860417,0,0,1,1,1,1
0.258889458,0,0,1,0,0,0
0.259058708,0,0,1,1,1,1
0.259087750,0,0,1,0,0,0
0.259257042,0,0,1,1,1,1
0.259286083,0,0,1,0,0,0
0.259455333,0,0,1,1,1,1
0.259484375,0,0,1,0,0,0
0.259653625,0,0,1,1,1,1
0.259682667,0,0,1,0,0,0
0.259851958,0,0,1,1,1,1
0.259881000,0,0,1,0,0,0
0.260050208,0,0,1,1,1,1
0.260079250,0,0,1,0,0,0
0.260248500,0,0,1,1,1,1
0.260277542,0,0,1,0,0,0
0.260446750,0,0,1,1,1,1
0.260475833,0,0,1,0,0,0
0.260645042,0,0,1,1,1,1
0.260674042,0,0,1,0,0,0
0.260843292,0,0,1,1,1,1
0.260872333,0,0,1,0,0,0
0.261041542,0,0,1,1,1,1
0.261070583,0,0,1,0,0,0
0.261239833,0,0,1,1,1,1
0.261268875,0,0,1,0,0,0
0.261438083,0,0,1,1,1,1
0.261467125,0,0,1,0,0,0
0.261636375,0,0,1,1,1,1
0.261665417,0,0,1,0,0,0
0.261834625,0,0,1,1,1,1
0.261863625,0,0,1,0,0,0
0.262032833,0,0,1,1,1,1
0.262061875,0,0,1,0,0,0
0.262231042,0,0,1,1,1,1
0.262260083,0,0,1,0,0,0
0.262429250,0,0,1,1,1,1
0.262458292,0,0,1,0,0,0
0.262627500,0,0,1,1,1,1
0.262656542,0,0,1,0,0,0
0.262825750,0,0,1,1,1,1
0.262854792,0,0,1,0,0,0
0.263024000,0,0,1,1,1,1
0.263053042,0,0,1,0,0,0
0.263222250,0,0,1,1,1,1
0.263251292,0,0,1,0,0,0
0.263420542,0,0,1,1,1,1
0.263449583,0,0,1,0,0,0
0.263618792,0,0,1,1,1,1
0.263647833,0,0,1,0,0,0
0.263817083,0,0,1,1,1,1
0.263846125,0,0,1,0,0,0
0.264015375,0,0,1,1,1,1
0.264044417,0,0,1,0,0,0
0.264213625,0,0,1,1,1,1
0.264242667,0,0,1,0,0,0
0.264411917,0,0,1,1,1,1
0.264440958,0,0,1,0,0,0
0.264610167,0,0,1,1,1,1
0.264639208,0,0,1,0,0,0
0.264808458,0,0,1,1,1,1
0.264837500,0,0,1,0,0,0
0.265006750,0,0,1,1,1,1
0.265035833,0,0,1,0,0,0
0.265205083,0,0,1,1,1,1
0.265234125,0,0,1,0,0,0
0.265403375,0,0,1,1,1,1
0.265432417,0,0,1,0,0,0
0.265601667,0,0,1,1,1,1
0.265630750,0,0,1,0,0,0
0.265800000,0,0,1,1,1,1
0.265829042,0,0,1,0,0,0
0.265998292,0,0,1,1,1,1
0.266027333,0,0,1,0,0,0
0.266196583,0,0,1,1,1,1
0.266225625,0,0,1,0,0,0
0.266394875,0,0,1,1,1,1
0.266423917,0,0,1,0,0,0
0.266593208,0,0,1,1,1,1
0.266622250,0,0,1,0,0,0
0.266791458,0,0,1,1,1,1
0.266820500,0,0,1,0,0,0
0.266989708,0,0,1,1,1,1
0.267018750,0,0,1,0,0,0
0.267187958,0,0,1,1,1,1
0.267217000,0,0,1,0,0,0
0.267386208,0,0,1,1,1,1
0.267415250,0,0,1,0,0,0
0.267584458,0,0,1,1,1,1
0.267613500,0,0,1,0,0,0
0.267782708,0,0,1,1,1,1
0.267811750,0,0,1,0,0,0
0.267980958,0,0,1,1,1,1
0.268010000,0,0,1,0,0,0
0.268179250,0,0,1,1,1,1
0.268208292,0,0,1,0,0,0
0.268377500,0,0,1,1,1,1
0.268406542,0,0,1,0,0,0
0.268575750,0,0,1,1,1,1
0.268604792,0,0,1,0,0,0
0.268773958,0,0,1,0,1,1
0.268774000,0,0,1,1,1,1
0.268803000,0,0,1,0,0,0
0.268972208,0,0,1,1,1,1
0.269001250,0,0,1,0,0,0
0.269170500,0,0,1,1,1,1
0.269199542,0,0,1,0,0,0
0.269368792,0,0,1,1,1,1
0.269397833,0,0,1,0,0,0
0.269567042,0,0,1,1,1,1
0.269596083,0,0,1,0,0,0
0.269765292,0,0,1,1,1,1
0.269794333,0,0,1,1,0,0
0.269794375,0,0,1,0,0,0
0.269963583,0,0,1,1,1,1
0.269992625,0,0,1,0,0,0
0.270161875,0,0,1,1,1,1
0.270190917,0,0,1,0,0,0
0.270360167,0,0,1,1,1,1
0.270389208,0,0,1,0,0,0
0.270558417,0,0,1,1,1,1
0.270587458,0,0,1,0,0,0
0.270756625,0,0,1,1,1,1
0.270785667,0,0,1,0,0,0
0.270954875,0,0,1,1,1,1
0.270983875,0,0,1,1,0,1
0.270983917,0,0,1,0,0,0
0.271153083,0,0,1,1,1,1
0.271182125,0,0,1,0,0,0
0.271351333,0,0,1,1,1,1
0.271380375,0,0,1,0,0,0
0.271549583,0,0,1,1,1,1
0.271578625,0,0,1,0,0,0
0.271747833,0,0,1,1,1,1
0.271776875,0,0,1,0,0,0
0.271946083,0,0,1,1,1,1
0.271975125,0,0,1,0,0,0
0.272144375,0,0,1,1,1,1
0.272173417,0,0,1,0,0,0
0.272342667,0,0,1,1,1,1
0.272371708,0,0,1,0,0,0
0.272540917,0,0,1,1,1,1
0.272569958,0,0,1,0,0,0
0.272739167,0,0,1,1,1,1
0.272768208,0,0,1,0,0,0
0.272937458,0,0,1,1,1,1
0.272966500,0,0,1,0,0,0
0.273135750,0,0,1,1,1,1
0.273164792,0,0,1,0,0,0
0.273334000,0,0,1,1,1,1
0.273363083,0,0,1,0,0,0
0.273532292,0,0,1,1,1,1
0.273561333,0,0,1,0,0,0
0.273730542,0,0,1,1,1,1
0.273759583,0,0,1,0,0,0
0.273928875,0,0,1,1,1,1
0.273957917,0,0,1,0,0,0
0.274127208,0,0,1,1,1,1
0.274156250,0,0,1,0,0,0
0.274325542,0,0,1,1,1,1
0.274354583,0,0,1,0,0,0
0.274523833,0,0,1,1,1,1
0.274552875,0,0,1,0,0,0
0.274722125,0,0,1,1,1,1
0.274751167,0,0,1,0,0,0
0.274920375,0,0,1,1,1,1
0.274949375,0,0,1,0,0,0
0.275118625,0,0,1,1,1,1
0.275147667,0,0,1,0,0,0
0.275316917,0,0,1,1,1,1
0.275345958,0,0,1,0,0,0
0.275515167,0,0,1,1,1,1
0.275544208,0,0,1,0,0,0
0.275713417,0,0,1,1,1,1
0.275742458,0,0,1,0,0,0
0.275911750,0,0,1,1,1,1
0.275940792,0,0,1,0,0,0
0.276110042,0,0,1,1,1,1
0.276139083,0,0,1,0,0,0
0.276308333,0,0,1,1,1,1
0.276337375,0,0,1,1,0,1
0.276337417,0,0,1,0,0,0
0.276506625,0,0,1,1,1,1
0.276535667,0,0,1,0,0,0
0.276704917,0,0,1,1,1,1
0.276733958,0,0,1,0,0,0
0.276903208,0,0,1,0,1,0
0.276903250,0,0,1,1,1,1
0.276932292,0,0,1,0,0,0
0.277101542,0,0,1,1,1,1
0.277130583,0,0,1,0,0,0
0.277299750,0,0,1,1,1,1
0.277328792,0,0,1,0,0,0
0.277498000,0,0,1,1,1,1
0.277527042,0,0,1,0,0,0
0.277696208,0,0,1,1,1,1
0.277725250,0,0,1,0,0,0
0.277894500,0,0,1,1,1,1
0.277923542,0,0,1,0,0,0
0.278092792,0,0,1,1,1,1
0.278121833,0,0,1,0,0,0
0.278291167,0,0,1,1,1,1
0.278320208,0,0,1,0,0,0
0.278489417,0,0,1,1,1,1
0.278518458,0,0,1,0,0,0
0.278687708,0,0,1,1,1,1
0.278716750,0,0,1,0,0,0
0.278885958,0,0,1,1,1,1
0.278915000,0,0,1,0,0,0
0.279084250,0,0,1,1,1,1
0.279113292,0,0,1,0,0,0
0.279282542,0,0,1,1,1,1
0.279311583,0,0,1,0,0,0
0.279480875,0,0,1,1,1,1
0.279509875,0,0,1,0,0,0
0.279679125,0,0,1,1,1,1
0.279708167,0,0,1,0,0,0
0.279877417,0,0,1,1,1,1
0.279906458,0,0,1,0,0,0
0.280075667,0,0,1,1,1,1
0.280104708,0,0,1,0,0,0
0.280273917,0,0,1,1,1,1
0.280302958,0,0,1,0,0,0
0.280472208,0,0,1,1,1,1
0.280501250,0,0,1,0,0,0
0.280670458,0,0,1,1,1,1
0.280699500,0,0,1,0,0,0
0.280868750,0,0,1,1,1,1
0.280897792,0,0,1,0,0,0
0.281067042,0,0,1,1,1,1
0.281096083,0,0,1,0,0,0
0.281265333,0,0,1,1,1,1
0.281294375,0,0,1,0,0,0
0.281463542,0,0,1,1,1,1
0.281492583,0,0,1,0,0,0
0.281661875,0,0,1,1,1,1
0.281690917,0,0,1,0,0,0
0.281860208,0,0,1,1,1,1
0.281889250,0,0,1,1,0,0
0.281889292,0,0,1,0,0,0
0.282058500,0,0,1,1,1,1
0.282087583,0,0,1,0,0,0
0.282256833,0,0,1,1,1,1
0.282285875,0,0,1,0,0,0
0.282455167,0,0,1,1,1,1
0.282484208,0,0,1,1,0,0
0.282484250,0,0,1,0,0,0
0.282653500,0,0,1,0,1,1
0.282653542,0,0,1,1,1,1
0.282682583,0,0,1,0,0,0
0.282851833,0,0,1,1,1,1
0.282880875,0,0,1,0,0,0
0.283050125,0,0,1,1,1,1
0.283079167,0,0,1,0,0,0
0.283248458,0,0,1,1,1,1
0.283277500,0,0,1,0,0,0
0.283446750,0,0,1,1,1,1
0.283475792,0,0,1,0,0,0
0.283645083,0,0,1,1,1,1
0.283674125,0,0,1,0,0,0
0.283843417,0,0,1,1,1,1
0.283872458,0,0,1,0,0,0
0.284041667,0,0,1,1,1,1
0.284070708,0,0,1,0,0,0
0.284239958,0,0,1,1,1,1
0.284269000,0,0,1,0,0,0
0.284438250,0,0,1,1,1,1
0.284467292,0,0,1,0,0,0
0.284636583,0,0,1,1,1,1
0.284665625,0,0,1,0,0,0
0.284834833,0,0,1,1,1,1
0.284863875,0,0,1,0,0,0
0.285033167,0,0,1,1,1,1
0.285062208,0,0,1,0,0,0
0.285231458,0,0,1,1,1,1
0.285260500,0,0,1,0,0,0
0.285429750,0,0,1,1,1,1
0.285458792,0,0,1,0,0,0
0.285628083,0,0,1,1,1,1
0.285657125,0,0,1,0,0,0
0.285826375,0,0,1,1,1,1
0.285855417,0,0,1,0,0,0
0.286024667,0,0,1,1,1,1
0.286053708,0,0,1,0,0,0
0.286222917,0,0,1,1,1,1
0.286251958,0,0,1,1,0,0
0.286252000,0,0,1,0,0,0
0.286421250,0,0,1,1,1,1
0.286450292,0,0,1,0,0,0
0.286619542,0,0,1,1,1,1
0.286648583,0,0,1,0,0,0
0.286817875,0,0,1,1,1,1
0.286846917,0,0,1,0,0,0
0.287016208,0,0,1,1,1,1
0.287045250,0,0,1,0,0,0
0.287214542,0,0,1,1,1,1
0.287243583,0,0,1,0,0,0
0.287412875,0,0,1,1,1,1
0.287441917,0,0,1,0,0,0
0.287611208,0,0,1,1,1,1
0.287640250,0,0,1,0,0,0
0.287809542,0,0,1,1,1,1
0.287838583,0,0,1,0,0,0
0.288007917,0,0,1,1,1,1
0.288036958,0,0,1,0,0,0
0.288206292,0,0,1,1,1,1
0.288235333,0,0,1,0,0,0
0.288404625,0,0,1,1,1,1
0.288433667,0,0,1,0,0,0
0.288602958,0,0,1,1,1,1
0.288632042,0,0,1,0,0,0
0.288801333,0,0,1,1,1,1
0.288830375,0,0,1,0,0,0
0.288999667,0,0,1,1,1,1
0.289028708,0,0,1,0,0,0
0.289198000,0,0,1,1,1,1
0.289227042,0,0,1,0,0,0
0.289396292,0,0,1,1,1,1
0.289425333,0,0,1,0,0,0
0.289594625,0,0,1,1,1,1
0.289623667,0,0,1,0,0,0
0.289792917,0,0,1,1,1,1
0.289821958,0,0,1,0,0,0
0.289991250,0,0,1,1,1,1
0.290020292,0,0,1,0,0,0
0.290189583,0,0,1,1,1,1
0.290218625,0,0,1,0,0,0
0.290387833,0,0,1,1,1,1
0.290416875,0,0,1,0,0,0
0.290586125,0,0,1,1,1,1
0.290615167,0,0,1,0,0,0
0.290784417,0,0,1,1,1,1
0.290813458,0,0,1,0,0,0
0.290982708,0,0,1,0,1,1
0.290982750,0,0,1,1,1,1
0.291011792,0,0,1,0,0,0
0.291181042,0,0,1,1,1,1
0.291210083,0,0,1,0,0,0
0.291379333,0,0,1,1,1,1
0.291408375,0,0,1,0,0,0
0.291577583,0,0,1,1,1,1
0.291606625,0,0,1,0,0,0
0.291775833,0,0,1,1,1,1
0.291804917,0,0,1,0,0,0
0.291974167,0,0,1,1,1,1
0.292003250,0,0,1,0,0,0
0.292172542,0,0,1,1,1,1
0.292201583,0,0,1,0,0,0
0.292370875,0,0,1,1,1,1
0.292399917,0,0,1,0,0,0
0.292569167,0,0,1,1,1,1
0.292598208,0,0,1,0,0,0
0.292767500,0,0,1,1,1,1
0.292796542,0,0,1,0,0,0
0.292965792,0,0,1,1,1,1
0.292994833,0,0,1,0,0,0
0.293164083,0,0,1,1,1,1
0.293193125,0,0,1,0,0,0
0.293362333,0,0,1,1,1,1
0.293391375,0,0,1,0,0,0
0.293560625,0,0,1,1,1,1
0.293589667,0,0,1,0,0,0
0.293758875,0,0,1,1,1,1
0.293787917,0,0,1,0,0,0
0.293957125,0,0,1,1,1,1
0.293986208,0,0,1,0,0,0
0.294155458,0,0,1,1,1,1
0.294184500,0,0,1,0,0,0
0.294353792,0,0,1,1,1,1
0.294382833,0,0,1,0,0,0
0.294552083,0,0,1,1,1,1
0.294581167,0,0,1,0,0,0
0.294750417,0,0,1,1,1,1
0.294779458,0,0,1,0,0,0
0.294948708,0,0,1,1,1,1
0.294977750,0,0,1,0,0,0
0.295147000,0,0,1,1,1,1
0.295176042,0,0,1,0,0,0
0.295345333,0,0,1,1,1,1
0.295374375,0,0,1,0,0,0
0.295543625,0,0,1,1,1,1
0.295572667,0,0,1,0,0,0
0.295741917,0,0,1,1,1,1
0.295770958,0,0,1,0,0,0
0.295940250,0,0,1,1,1,1
0.295969292,0,0,1,0,0,0
0.296138583,0,0,1,1,1,1
0.296167625,0,0,1,0,0,0
0.296336917,0,0,1,1,1,1
0.296365958,0,0,1,0,0,0
0.296535250,0,0,1,1,1,1
0.296564292,0,0,1,0,0,0
0.296733500,0,0,1,1,1,1
0.296762583,0,0,1,0,0,0
0.296931833,0,0,1,1,1,1
0.296960875,0,0,1,0,0,0
0.297130125,0,0,1,1,1,1
0.297159167,0,0,1,0,0,0
0.297328375,0,0,1,1,1,1
0.297357417,0,0,1,0,0,0
0.297526625,0,0,1,1,1,1
0.297555625,0,0,1,0,0,0
0.297724792,0,0,1,1,1,1
0.297753833,0,0,1,0,0,0
0.297923042,0,0,1,1,1,1
0.297952083,0,0,1,0,0,0
0.298121292,0,0,1,1,1,1
0.298150333,0,0,1,0,0,0
0.298319542,0,0,1,1,1,1
0.298348583,0,0,1,0,0,0
0.298517792,0,0,1,1,1,1
0.298546833,0,0,1,0,0,0
0.298716000,0,0,1,1,1,1
0.298745042,0,0,1,0,0,0
0.298914250,0,0,1,1,1,1
0.298943292,0,0,1,0,0,0
0.299112500,0,0,1,1,1,1
0.299141542,0,0,1,0,0,0
0.299310750,0,0,1,1,1,1
0.299339792,0,0,1,0,0,0
0.299508958,0,0,1,1,1,1
0.299538000,0,0,1,0,0,0
0.299707208,0,0,1,1,1,1
0.299736250,0,0,1,0,0,0
0.299905500,0,0,1,1,1,1
0.299934542,0,0,1,0,0,0
0.300103750,0,0,1,1,1,1
0.300132792,0,0,1,0,0,0
0.300302000,0,0,1,1,1,1
0.300331042,0,0,1,0,0,0
0.300500208,0,0,1,1,1,1
0.300529250,0,0,1,0,0,0
0.300698458,0,0,1,1,1,1
0.300727500,0,0,1,0,0,0
0.300896708,0,0,1,1,1,1
0.300925750,0,0,1,0,0,0
0.301094917,0,0,1,1,1,1
0.301123958,0,0,1,0,0,0
0.301293208,0,0,1,1,1,1
0.301322250,0,0,1,0,0,0
0.301491417,0,0,1,1,1,1
0.301520417,0,0,1,0,0,0
0.301689583,0,0,1,1,1,1
0.301718625,0,0,1,0,0,0
0.301887792,0,0,1,1,1,1
0.301916833,0,0,1,0,0,0
0.302086000,0,0,1,1,1,1
0.302115042,0,0,1,0,0,0
0.302284167,0,0,1,1,1,1
0.302313208,0,0,1,0,0,0
0.302482333,0,0,1,0,1,1
0.302482375,0,0,1,1,1,1
0.302511375,0,0,1,0,0,0
0.302680542,0,0,1,1,1,1
0.302709583,0,0,1,0,0,0
0.302878750,0,0,1,1,1,1
0.302907792,0,0,1,0,0,0
0.303076917,0,0,1,1,1,1
0.303105917,0,0,1,0,0,0
0.303275083,0,0,1,1,1,1
0.303304083,0,0,1,0,0,0
0.303473250,0,0,1,1,1,1
0.303502250,0,0,1,0,0,0
0.303671375,0,0,1,1,1,1
0.303700417,0,0,1,0,0,0
0.303869583,0,0,1,1,1,1
0.303898625,0,0,1,0,0,0
0.304067792,0,0,1,1,1,1
0.304096833,0,0,1,0,0,0
0.304265958,0,0,1,1,1,1
0.304295000,0,0,1,0,0,0
0.304464125,0,0,1,1,1,1
0.304493167,0,0,1,0,0,0
0.304662292,0,0,1,1,1,1
0.304691333,0,0,1,0,0,0
0.304860458,0,0,1,1,1,1
0.304889500,0,0,1,0,0,0
0.305058625,0,0,1,1,1,1
0.305087625,0,0,1,0,0,0
0.305256792,0,0,1,1,1,1
0.305285792,0,0,1,0,0,0
0.305454958,0,0,1,1,1,1
0.305484000,0,0,1,0,0,0
0.305653125,0,0,1,0,1,1
0.305653167,0,0,1,1,1,1
0.305682167,0,0,1,0,0,0
0.305851333,0,0,1,1,1,1
0.305880375,0,0,1,0,0,0
0.306049542,0,0,1,1,1,1
0.306078583,0,0,1,0,0,0
0.306247750,0,0,1,1,1,1
0.306276792,0,0,1,0,0,0
0.306445958,0,0,1,1,1,1
0.306475000,0,0,1,0,0,0
0.306644167,0,0,1,1,1,1
0.306673208,0,0,1,0,0,0
0.306842375,0,0,1,1,1,1
0.306871375,0,0,1,0,0,0
0.307040542,0,0,1,1,1,1
0.307069583,0,0,1,0,0,0
0.307238708,0,0,1,1,1,1
0.307267750,0,0,1,0,0,0
0.307436875,0,0,1,1,1,1
0.307465917,0,0,1,0,0,0
0.307635042,0,0,1,1,1,1
0.307664083,0,0,1,0,0,0
0.307833292,0,0,1,1,1,1
0.307862333,0,0,1,0,0,0
0.308031583,0,0,1,1,1,1
0.308060625,0,0,1,0,0,0
0.308229875,0,0,1,1,1,1
0.308258917,0,0,1,0,0,0
0.308428125,0,0,1,0,1,0
0.308428167,0,0,1,1,1,1
0.308457208,0,0,1,0,0,0
0.308626417,0,0,1,1,1,1
0.308655458,0,0,1,0,0,0
0.308824708,0,0,1,1,1,1
0.308853708,0,0,1,0,0,0
0.309022917,0,0,1,1,1,1
0.309051958,0,0,1,0,0,0
0.309221167,0,0,1,1,1,1
0.309250208,0,0,1,0,0,0
0.309419417,0,0,1,1,1,1
0.309448458,0,0,1,0,0,0
0.309617667,0,0,1,1,1,1
0.309646708,0,0,1,0,0,0
0.309815917,0,0,1,1,1,1
0.309844958,0,0,1,0,0,0
0.310014167,0,0,1,1,1,1
0.310043208,0,0,1,0,0,0
0.310212458,0,0,1,1,1,1
0.310241500,0,0,1,0,0,0
0.310410708,0,0,1,1,1,1
0.310439750,0,0,1,0,0,0
0.310608958,0,0,1,1,1,1
0.310638000,0,0,1,0,0,0
0.310807208,0,0,1,1,1,1
0.310836250,0,0,1,0,0,0
0.311005500,0,0,1,1,1,1
0.311034542,0,0,1,0,0,0
0.311203750,0,0,1,1,1,1
0.311232792,0,0,1,0,0,0
0.311402042,0,0,1,1,1,1
0.311431083,0,0,1,0,0,0
0.311600292,0,0,1,1,1,1
0.311629333,0,0,1,0,0,0
0.311798542,0,0,1,1,1,1
0.311827583,0,0,1,0,0,0
0.311996833,0,0,1,1,1,1
0.312025875,0,0,1,0,0,0
0.312195125,0,0,1,1,1,1
0.312224167,0,0,1,0,0,0
0.312393375,0,0,1,1,1,1
0.312422417,0,0,1,0,0,0
0.312591667,0,0,1,1,1,1
0.312620708,0,0,1,0,0,0
0.312789917,0,0,1,1,1,1
0.312818958,0,0,1,0,0,0
0.312988167,0,0,1,1,1,1
0.313017208,0,0,1,0,0,0
0.313186458,0,0,1,1,1,1
0.313215500,0,0,1,0,0,0
0.313384750,0,0,1,1,1,1
0.313413792,0,0,1,0,0,0
0.313583000,0,0,1,1,1,1
0.313612042,0,0,1,0,0,0
0.313781292,0,0,1,1,1,1
0.313810333,0,0,1,0,0,0
0.313979542,0,0,1,1,1,1
0.314008583,0,0,1,0,0,0
0.314177833,0,0,1,1,1,1
0.314206875,0,0,1,0,0,0
0.314376083,0,0,1,1,1,1
0.314405125,0,0,1,0,0,0
0.314574292,0,0,1,1,1,1
0.314603333,0,0,1,0,0,0
0.314772542,0,0,1,1,1,1
0.314801583,0,0,1,0,0,0
0.314970792,0,0,1,1,1,1
0.314999833,0,0,1,0,0,0
0.315169083,0,0,1,1,1,1
0.315198125,0,0,1,0,0,0
0.315367333,0,0,1,1,1,1
0.315396375,0,0,1,0,0,0
0.315565667,0,0,1,1,1,1
0.315594708,0,0,1,0,0,0
0.315763958,0,0,1,1,1,1
0.315793000,0,0,1,0,0,0
0.315962250,0,0,1,1,1,1
0.315991292,0,0,1,0,0,0
0.316160542,0,0,1,1,1,1
0.316189583,0,0,1,0,0,0
0.316358792,0,0,1,1,1,1
0.316387833,0,0,1,0,0,0
0.316557083,0,0,1,1,1,1
0.316586125,0,0,1,0,0,0
0.316755375,0,0,1,1,1,1
0.316784375,0,0,1,0,0,0
0.316953625,0,0,1,1,1,1
0.316982667,0,0,1,0,0,0
0.317151875,0,0,1,1,1,1
0.317180917,0,0,1,0,0,0
0.317350167,0,0,1,1,1,1
0.317379208,0,0,1,0,0,0
0.317548458,0,0,1,1,1,1
0.317577500,0,0,1,0,0,0
0.317746708,0,0,1,1,1,1
0.317775750,0,0,1,0,0,0
0.317944958,0,0,1,1,1,1
0.317974000,0,0,1,0,0,0
0.318143250,0,0,1,1,1,1
0.318172292,0,0,1,0,0,0
0.318341583,0,0,1,1,1,1
0.318370625,0,0,1,0,0,0
0.318539875,0,0,1,1,1,1
0.318568917,0,0,1,0,0,0
0.318738125,0,0,1,1,1,1
0.318767167,0,0,1,1,0,0
0.318767208,0,0,1,0,0,0
0.318936417,0,0,1,1,1,1
0.318965458,0,0,1,1,0,0
0.318965500,0,0,1,0,0,0
0.319134708,0,0,1,1,1,1
0.319163750,0,0,1,0,0,0
0.319333000,0,0,1,1,1,1
0.319362042,0,0,1,0,0,0
0.319531250,0,0,1,1,1,1
0.319560292,0,0,1,0,0,0
0.319729500,0,0,1,1,1,1
0.319758542,0,0,1,0,0,0
0.319927708,0,0,1,1,1,1
0.319956750,0,0,1,0,0,0
0.320125958,0,0,1,1,1,1
0.320155000,0,0,1,0,0,0
0.320324208,0,0,1,1,1,1
0.320353292,0,0,1,0,0,0
0.320522542,0,0,1,1,1,1
0.320551583,0,0,1,0,0,0
0.320720833,0,0,1,1,1,1
0.320749875,0,0,1,0,0,0
0.320919167,0,0,1,1,1,1
0.320948208,0,0,1,1,0,0
0.320948250,0,0,1,0,0,0
0.321117500,0,0,1,1,1,1
0.321146542,0,0,1,0,0,0
0.321315792,0,0,1,1,1,1
0.321344875,0,0,1,0,0,0
0.321514125,0,0,1,1,1,1
0.321543167,0,0,1,0,0,0
0.321712417,0,0,1,1,1,1
0.321741458,0,0,1,0,0,0
0.321910667,0,0,1,1,1,1
0.321939708,0,0,1,0,0,0
0.322108917,0,0,1,1,1,1
0.322137958,0,0,1,0,0,0
0.322307208,0,0,1,1,1,1
0.322336250,0,0,1,0,0,0
0.322505500,0,0,1,1,1,1
0.322534542,0,0,1,0,0,0
0.322703750,0,0,1,1,1,1
0.322732833,0,0,1,0,0,0
0.322902042,0,0,1,1,1,1
0.322931083,0,0,1,0,0,0
0.323100333,0,0,1,1,1,1
0.323129375,0,0,1,0,0,0
0.323298625,0,0,1,1,1,1
0.323327667,0,0,1,0,0,0
0.323496917,0,0,1,1,1,1
0.323525958,0,0,1,0,0,0
0.323695208,0,0,1,1,1,1
0.323724208,0,0,1,1,0,1
0.323724250,0,0,1,0,0,0
0.323893458,0,0,1,1,1,1
0.323922500,0,0,1,0,0,0
0.324091750,0,0,1,1,1,1
0.324120792,0,0,1,0,0,0
0.324290000,0,0,1,1,1,1
0.324319042,0,0,1,0,0,0
0.324488292,0,0,1,1,1,1
0.324517333,0,0,1,0,0,0
0.324686583,0,0,1,1,1,1
0.324715625,0,0,1,0,0,0
0.324884833,0,0,1,1,1,1
0.324913875,0,0,1,0,0,0
0.325083083,0,0,1,1,1,1
0.325112125,0,0,1,0,0,0
0.325281292,0,0,1,1,1,1
0.325310333,0,0,1,0,0,0
0.325479500,0,0,1,1,1,1
0.325508542,0,0,1,0,0,0
0.325677750,0,0,1,1,1,1
0.325706792,0,0,1,0,0,0
0.325876000,0,0,1,1,1,1
0.325905042,0,0,1,0,0,0
0.326074208,0,0,1,1,1,1
0.326103250,0,0,1,0,0,0
0.326272458,0,0,1,1,1,1
0.326301500,0,0,1,0,0,0
0.326470667,0,0,1,1,1,1
0.326499708,0,0,1,0,0,0
0.326668875,0,0,1,1,1,1
0.326697917,0,0,1,0,0,0
0.326867083,0,0,1,1,1,1
0.326896125,0,0,1,0,0,0
0.327065333,0,0,1,1,1,1
0.327094375,0,0,1,0,0,0
0.327263583,0,0,1,1,1,1
0.327292625,0,0,1,0,0,0
0.327461792,0,0,1,1,1,1
0.327490833,0,0,1,0,0,0
0.327660042,0,0,1,1,1,1
0.327689042,0,0,1,0,0,0
0.327858250,0,0,1,1,1,1
0.327887292,0,0,1,0,0,0
0.328056500,0,0,1,1,1,1
0.328085542,0,0,1,0,0,0
0.328254750,0,0,1,1,1,1
0.328283792,0,0,1,0,0,0
0.328452958,0,0,1,1,1,1
0.328482000,0,0,1,0,0,0
0.328651208,0,0,1,1,1,1
0.328680250,0,0,1,0,0,0
0.328849458,0,0,1,1,1,1
0.328878500,0,0,1,0,0,0
0.329047708,0,0,1,1,1,1
0.329076750,0,0,1,0,0,0
0.329245958,0,0,1,1,1,1
0.329275000,0,0,1,0,0,0
0.329444208,0,0,1,1,1,1
0.329473250,0,0,1,0,0,0
0.329642542,0,0,1,1,1,1
0.329671583,0,0,1,0,0,0
0.329840875,0,0,1,1,1,1
0.329869917,0,0,1,1,0,0
0.329869958,0,0,1,0,0,0
0.330039208,0,0,1,1,1,1
0.330068250,0,0,1,0,0,0
0.330237500,0,0,1,1,1,1
0.330266542,0,0,1,0,0,0
0.330435792,0,0,1,1,1,1
0.330464833,0,0,1,0,0,0
0.330634125,0,0,1,1,1,1
0.330663167,0,0,1,0,0,0
0.330832417,0,0,1,1,1,1
0.330861458,0,0,1,0,0,0
0.331030750,0,0,1,1,1,1
0.331059792,0,0,1,0,0,0
0.331229042,0,0,1,1,1,1
0.331258083,0,0,1,0,0,0
0.331427333,0,0,1,1,1,1
0.331456375,0,0,1,0,0,0
0.331625708,0,0,1,1,1,1
0.331654750,0,0,1,0,0,0
0.331824083,0,0,1,1,1,1
0.331853125,0,0,1,0,0,0
0.332022417,0,0,1,1,1,1
0.332051458,0,0,1,0,0,0
0.332220750,0,0,1,1,1,1
0.332249792,0,0,1,0,0,0
0.332419083,0,0,1,1,1,1
0.332448125,0,0,1,0,0,0
0.332617417,0,0,1,1,1,1
0.332646458,0,0,1,0,0,0
0.332815750,0,0,1,1,1,1
0.332844792,0,0,1,0,0,0
0.333014042,0,0,1,1,1,1
0.333043125,0,0,1,0,0,0
0.333212375,0,0,1,1,1,1
0.333241417,0,0,1,0,0,0
0.333410667,0,0,1,1,1,1
0.333439708,0,0,1,0,0,0
0.333609000,0,0,1,1,1,1
0.333638042,0,0,1,0,0,0
0.333807375,0,0,1,1,1,1
0.333836417,0,0,1,0,0,0
0.334005708,0,0,1,1,1,1
0.334034750,0,0,1,0,0,0
0.334204042,0,0,1,1,1,1
0.334233083,0,0,1,0,0,0
0.334402375,0,0,1,1,1,1
0.334431458,0,0,1,0,0,0
0.334600750,0,0,1,1,1,1
0.334629792,0,0,1,0,0,0
0.334799083,0,0,1,1,1,1
0.334828125,0,0,1,0,0,0
0.334997417,0,0,1,1,1,1
0.335026500,0,0,1,0,0,0
0.335195750,0,0,1,1,1,1
0.335224833,0,0,1,0,0,0
0.335394125,0,0,1,1,1,1
0.335423167,0,0,1,0,0,0
0.335592458,0,0,1,1,1,1
0.335621500,0,0,1,0,0,0
0.335790750,0,0,1,1,1,1
0.335819792,0,0,1,0,0,0
0.335989083,0,0,1,1,1,1
0.336018167,0,0,1,0,0,0
0.336187458,0,0,1,1,1,1
0.336216500,0,0,1,0,0,0
0.336385792,0,0,1,1,1,1
0.336414833,0,0,1,0,0,0
0.336584083,0,0,1,1,1,1
0.336613167,0,0,1,0,0,0
0.336782417,0,0,1,1,1,1
0.336811500,0,0,1,0,0,0
0.336980792,0,0,1,1,1,1
0.337009833,0,0,1,0,0,0
0.337179125,0,0,1,1,1,1
0.337208167,0,0,1,0,0,0
0.337377417,0,0,1,1,1,1
0.337406458,0,0,1,0,0,0
0.337575750,0,0,1,1,1,1
0.337604833,0,0,1,0,0,0
0.337774083,0,0,1,1,1,1
0.337803125,0,0,1,1,0,1
0.337803167,0,0,1,0,0,0
0.337972417,0,0,1,1,1,1
0.338001458,0,0,1,0,0,0
0.338170750,0,0,1,1,1,1
0.338199792,0,0,1,0,0,0
0.338369042,0,0,1,1,1,1
0.338398083,0,0,1,0,0,0
0.338567375,0,0,1,1,1,1
0.338596417,0,0,1,0,0,0
0.338765708,0,0,1,1,1,1
0.338794750,0,0,1,0,0,0
0.338964042,0,0,1,1,1,1
0.338993083,0,0,1,0,0,0
0.339162375,0,0,1,1,1,1
0.339191417,0,0,1,0,0,0
0.339360667,0,0,1,1,1,1
0.339389750,0,0,1,0,0,0
0.339559042,0,0,1,1,1,1
0.339588083,0,0,1,0,0,0
0.339757375,0,0,1,1,1,1
0.339786417,0,0,1,0,0,0
0.339955667,0,0,1,1,1,1
0.339984708,0,0,1,0,0,0
0.340154000,0,0,1,1,1,1
0.340183042,0,0,1,0,0,0
0.340352333,0,0,1,1,1,1
0.340381375,0,0,1,0,0,0
0.340550667,0,0,1,1,1,1
0.340579708,0,0,1,0,0,0
0.340748958,0,0,1,1,1,1
0.340778000,0,0,1,0,0,0
0.340947250,0,0,1,1,1,1
0.340976292,0,0,1,0,0,0
0.341145500,0,0,1,1,1,1
0.341174542,0,0,1,0,0,0
0.341343708,0,0,1,1,1,1
0.341372750,0,0,1,0,0,0
0.341541958,0,0,1,1,1,1
0.341571000,0,0,1,0,0,0
0.341740208,0,0,1,1,1,1
0.341769250,0,0,1,0,0,0
0.341938458,0,0,1,1,1,1
0.341967500,0,0,1,0,0,0
0.342136708,0,0,1,1,1,1
0.342165750,0,0,1,0,0,0
0.342334958,0,0,1,1,1,1
0.342364000,0,0,1,0,0,0
0.342533167,0,0,1,1,1,1
0.342562208,0,0,1,0,0,0
0.342731417,0,0,1,1,1,1
0.342760458,0,0,1,0,0,0
0.342929667,0,0,1,1,1,1
0.342958708,0,0,1,0,0,0
0.343127958,0,0,1,1,1,1
0.343157000,0,0,1,0,0,0
0.343326208,0,0,1,1,1,1
0.343355250,0,0,1,0,0,0
0.343524458,0,0,1,1,1,1
0.343553500,0,0,1,0,0,0
0.343722708,0,0,1,1,1,1
0.343751750,0,0,1,0,0,0
0.343920958,0,0,1,1,1,1
0.343950000,0,0,1,0,0,0
0.344119208,0,0,1,1,1,1
0.344148250,0,0,1,0,0,0
0.344317500,0,0,1,1,1,1
0.344346542,0,0,1,0,0,0
0.344515750,0,0,1,1,1,1
0.344544792,0,0,1,0,0,0
0.344714000,0,0,1,1,1,1
0.344743000,0,0,1,0,0,0
0.344912208,0,0,1,1,1,1
0.344941250,0,0,1,0,0,0
0.345110417,0,0,1,1,1,1
0.345139458,0,0,1,0,0,0
0.345308708,0,0,1,1,1,1
0.345337750,0,0,1,0,0,0
0.345506958,0,0,1,1,1,1
0.345536000,0,0,1,0,0,0
0.345705167,0,0,1,1,1,1
0.345734208,0,0,1,0,0,0
0.345903417,0,0,1,1,1,1
0.345932458,0,0,1,0,0,0
0.346101708,0,0,1,1,1,1
0.346130750,0,0,1,0,0,0
0.346299958,0,0,1,1,1,1
0.346329000,0,0,1,0,0,0
0.346498250,0,0,1,1,1,1
0.346527292,0,0,1,0,0,0
0.346696500,0,0,1,1,1,1
0.346725542,0,0,1,0,0,0
0.346894750,0,0,1,1,1,1
0.346923792,0,0,1,0,0,0
0.347093000,0,0,1,1,1,1
0.347122042,0,0,1,0,0,0
0.347291250,0,0,1,1,1,1
0.347320292,0,0,1,0,0,0
0.347489458,0,0,1,1,1,1
0.347518500,0,0,1,0,0,0
0.347687667,0,0,1,1,1,1
0.347716708,0,0,1,0,0,0
0.347885833,0,0,1,1,1,1
0.347914875,0,0,1,0,0,0
0.348084042,0,0,1,1,1,1
0.348113042,0,0,1,0,0,0
0.348282208,0,0,1,1,1,1
0.348311250,0,0,1,0,0,0
0.348480417,0,0,1,1,1,1
0.348509458,0,0,1,0,0,0
0.348678583,0,0,1,1,1,1
0.348707625,0,0,1,0,0,0
0.348876750,0,0,1,1,1,1
0.348905792,0,0,1,0,0,0
0.349075000,0,0,1,1,1,1
0.349104000,0,0,1,0,0,0
0.349273208,0,0,1,1,1,1
0.349302208,0,0,1,0,0,0
0.349471417,0,0,1,1,1,1
0.349500458,0,0,1,0,0,0
0.349669667,0,0,1,1,1,1
0.349698667,0,0,1,0,0,0
0.349867875,0,0,1,1,1,1
0.349896917,0,0,1,0,0,0
0.350066083,0,0,1,1,1,1
0.350095125,0,0,1,0,0,0
0.350264333,0,0,1,1,1,1
0.350293375,0,0,1,0,0,0
0.350462583,0,0,1,1,1,1
0.350491625,0,0,1,0,0,0
0.350660875,0,0,1,1,1,1
0.350689917,0,0,1,0,0,0
0.350859125,0,0,1,1,1,1
0.350888167,0,0,1,0,0,0
0.351057417,0,0,1,1,1,1
0.351086417,0,0,1,1,1,0
0.351086458,0,0,1,0,0,0
0.351255667,0,0,1,1,1,1
0.351284667,0,0,1,0,0,0
0.351453875,0,0,1,1,1,1
0.351482875,0,0,1,0,0,0
0.351652125,0,0,1,1,1,1
0.351681167,0,0,1,0,0,0
0.351850375,0,0,1,1,1,1
0.351879417,0,0,1,0,0,0
0.352048667,0,0,1,1,1,1
0.352077708,0,0,1,0,0,0
0.352246958,0,0,1,1,1,1
0.352275958,0,0,1,1,0,0
0.352276000,0,0,1,0,0,0
0.352445250,0,0,1,1,1,1
0.352474292,0,0,1,0,0,0
0.352643542,0,0,1,1,1,1
0.352672583,0,0,1,0,0,0
0.352841833,0,0,1,1,1,1
0.352870875,0,0,1,0,0,0
0.353040125,0,0,1,1,1,1
0.353069167,0,0,1,0,0,0
0.353238375,0,0,1,1,1,1
0.353267417,0,0,1,0,0,0
0.353436625,0,0,1,1,1,1
0.353465667,0,0,1,0,0,0
0.353634875,0,0,1,1,1,1
0.353663917,0,0,1,0,0,0
0.353833125,0,0,1,1,1,1
0.353862167,0,0,1,0,0,0
0.354031333,0,0,1,1,1,1
0.354060375,0,0,1,0,0,0
0.354229583,0,0,1,1,1,1
0.354258625,0,0,1,0,0,0
0.354427750,0,0,1,1,1,1
0.354456792,0,0,1,0,0,0
0.354626000,0,0,1,1,1,1
0.354655000,0,0,1,0,0,0
0.354824208,0,0,1,1,1,1
0.354853250,0,0,1,0,0,0
0.355022458,0,0,1,1,1,1
0.355051500,0,0,1,0,0,0
0.355220708,0,0,1,1,1,1
0.355249750,0,0,1,0,0,0
0.355418958,0,0,1,1,1,1
0.355448000,0,0,1,0,0,0
0.355617208,0,0,1,1,1,1
0.355646208,0,0,1,1,0,0
0.355646250,0,0,1,0,0,0
0.355815375,0,0,1,1,1,1
0.355844417,0,0,1,0,0,0
0.356013625,0,0,1,1,1,1
0.356042667,0,0,1,0,0,0
0.356211875,0,0,1,1,1,1
0.356240917,0,0,1,0,0,0
0.356410125,0,0,1,1,1,1
0.356439167,0,0,1,0,0,0
0.356608417,0,0,1,1,1,1
0.356637458,0,0,1,0,0,0
0.356806667,0,0,1,1,1,1
0.356835708,0,0,1,0,0,0
0.357004917,0,0,1,1,1,1
0.357033958,0,0,1,0,0,0
0.357203167,0,0,1,1,1,1
0.357232208,0,0,1,0,0,0
0.357401417,0,0,1,1,1,1
0.357430458,0,0,1,0,0,0
0.357599708,0,0,1,1,1,1
0.357628750,0,0,1,0,0,0
0.357798000,0,0,1,1,1,1
0.357827042,0,0,1,0,0,0
0.357996292,0,0,1,1,1,1
0.358025333,0,0,1,0,0,0
0.358194583,0,0,1,1,1,1
0.358223625,0,0,1,0,0,0
0.358392875,0,0,1,1,1,1
0.358421917,0,0,1,0,0,0
0.358591167,0,0,1,0,1,1
0.358591208,0,0,1,1,1,1
0.358620208,0,0,1,0,0,0
0.358789500,0,0,1,1,1,1
0.358818542,0,0,1,0,0,0
0.358987833,0,0,1,1,1,1
0.359016875,0,0,1,0,0,0
0.359186083,0,0,1,1,1,1
0.359215125,0,0,1,1,0,1
0.359215167,0,0,1,0,0,0
0.359384417,0,0,1,1,1,1
0.359413458,0,0,1,0,0,0
0.359582708,0,0,1,1,1,1
0.359611750,0,0,1,0,0,0
0.359781000,0,0,1,1,1,1
0.359810000,0,0,1,1,0,0
0.359810042,0,0,1,0,0,0
0.359979250,0,0,1,1,1,1
0.360008292,0,0,1,0,0,0
0.360177500,0,0,1,1,1,1
0.360206542,0,0,1,0,0,0
0.360375750,0,0,1,0,1,1
0.360375792,0,0,1,1,1,1
0.360404833,0,0,1,0,0,0
0.360574042,0,0,1,1,1,1
0.360603083,0,0,1,0,0,0
0.360772292,0,0,1,1,1,1
0.360801333,0,0,1,0,0,0
0.360970542,0,0,1,1,1,1
0.360999583,0,0,1,0,0,0
0.361168833,0,0,1,1,1,1
0.361197875,0,0,1,0,0,0
0.361367083,0,0,1,1,1,1
0.361396083,0,0,1,0,0,0
0.361565292,0,0,1,1,1,1
0.361594333,0,0,1,0,0,0
0.361763583,0,0,1,1,1,1
0.361792625,0,0,1,0,0,0
0.361961792,0,0,1,1,1,1
0.361990833,0,0,1,0,0,0
0.362160042,0,0,1,1,1,1
0.362189083,0,0,1,0,0,0
0.362358292,0,0,1,1,1,1
0.362387333,0,0,1,0,0,0
0.362556542,0,0,1,1,1,1
0.362585583,0,0,1,0,0,0
0.362754792,0,0,1,1,1,1
0.362783833,0,0,1,0,0,0
0.362953042,0,0,1,1,1,1
0.362982083,0,0,1,0,0,0
0.363151292,0,0,1,1,1,1
0.363180333,0,0,1,0,0,0
0.363349542,0,0,1,1,1,1
0.363378583,0,0,1,0,0,0
0.363547792,0,0,1,1,1,1
0.363576833,0,0,1,0,0,0
0.363746042,0,0,1,1,1,1
0.363775083,0,0,1,0,0,0
0.363944292,0,0,1,1,1,1
0.363973333,0,0,1,0,0,0
0.364142542,0,0,1,1,1,1
0.364171583,0,0,1,0,0,0
0.364340833,0,0,1,1,1,1
0.364369875,0,0,1,0,0,0
0.364539125,0,0,1,1,1,1
0.364568167,0,0,1,0,0,0
0.364737375,0,0,1,1,1,1
0.364766417,0,0,1,0,0,0
0.364935667,0,0,1,1,1,1
0.364964708,0,0,1,0,0,0
0.365134000,0,0,1,1,1,1
0.365163042,0,0,1,0,0,0
0.365332292,0,0,1,1,1,1
0.365361333,0,0,1,0,0,0
0.365530625,0,0,1,1,1,1
0.365559667,0,0,1,0,0,0
0.365728958,0,0,1,1,1,1
0.365758000,0,0,1,0,0,0
0.365927250,0,0,1,1,1,1
0.365956292,0,0,1,0,0,0
0.366125583,0,0,1,1,1,1
0.366154625,0,0,1,0,0,0
0.366323917,0,0,1,1,1,1
0.366352958,0,0,1,0,0,0
0.366522167,0,0,1,1,1,1
0.366551208,0,0,1,0,0,0
0.366720458,0,0,1,1,1,1
0.366749458,0,0,1,0,0,0
0.366918667,0,0,1,1,1,1
0.366947708,0,0,1,0,0,0
0.367116917,0,0,1,1,1,1
0.367145917,0,0,1,0,0,0
0.367315125,0,0,1,1,1,1
0.367344167,0,0,1,0,0,0
0.367513333,0,0,1,1,1,1
0.367542375,0,0,1,0,0,0
0.367711542,0,0,1,1,1,1
0.367740583,0,0,1,0,0,0
0.367909750,0,0,1,1,1,1
0.367938792,0,0,1,0,0,0
0.368108000,0,0,1,1,1,1
0.368137000,0,0,1,0,0,0
0.368306208,0,0,1,1,1,1
0.368335250,0,0,1,0,0,0
0.368504458,0,0,1,1,1,1
0.368533500,0,0,1,0,0,0
0.368702708,0,0,1,1,1,1
0.368731750,0,0,1,0,0,0
0.368900917,0,0,1,1,1,1
0.368929958,0,0,1,0,0,0
0.369099125,0,0,1,1,1,1
0.369128125,0,0,1,0,0,0
0.369297292,0,0,1,1,1,1
0.369326292,0,0,1,0,0,0
0.369495500,0,0,1,1,1,1
0.369524500,0,0,1,0,0,0
0.369693708,0,0,1,1,1,1
0.369722750,0,0,1,0,0,0
0.369891917,0,0,1,1,1,1
0.369920958,0,0,1,0,0,0
0.370090125,0,0,1,1,1,1
0.370119167,0,0,1,0,0,0
0.370288333,0,0,1,1,1,1
0.370317375,0,0,1,0,0,0
0.370486542,0,0,1,1,1,1
0.370515583,0,0,1,0,0,0
0.370684750,0,0,1,1,1,1
0.370713792,0,0,1,0,0,0
0.370882958,0,0,1,1,1,1
0.370911958,0,0,1,0,0,0
0.371081125,0,0,1,1,1,1
0.371110167,0,0,1,0,0,0
0.371279333,0,0,1,1,1,1
0.371308375,0,0,1,0,0,0
0.371477542,0,0,1,1,1,1
0.371506583,0,0,1,0,0,0
0.371675792,0,0,1,1,1,1
0.371704792,0,0,1,0,0,0
0.371874000,0,0,1,1,1,1
0.371903000,0,0,1,0,0,0
0.372072208,0,0,1,1,1,1
0.372101250,0,0,1,0,0,0
0.372270458,0,0,1,1,1,1
0.372299500,0,0,1,0,0,0
0.372468708,0,0,1,1,1,1
0.372497750,0,0,1,0,0,0
0.372666958,0,0,1,1,1,1
0.372696000,0,0,1,0,0,0
0.372865208,0,0,1,1,1,1
0.372894250,0,0,1,0,0,0
0.373063417,0,0,1,1,1,1
0.373092458,0,0,1,0,0,0
0.373261667,0,0,1,1,1,1
0.373290667,0,0,1,1,0,0
0.373290708,0,0,1,0,0,0
0.373459833,0,0,1,0,0,1
0.373459875,0,0,1,1,1,1
0.373488875,0,0,1,0,0,0
0.373658042,0,0,1,1,1,1
0.373687083,0,0,1,0,0,0
0.373856250,0,0,1,1,1,1
0.373885292,0,0,1,0,0,0
0.374054458,0,0,1,1,1,1
0.374083500,0,0,1,0,0,0
0.374252667,0,0,1,1,1,1
0.374281708,0,0,1,0,0,0
0.374450875,0,0,1,1,1,1
0.374479875,0,0,1,1,0,1
0.374479917,0,0,1,0,0,0
0.374649042,0,0,1,1,1,1
0.374678083,0,0,1,0,0,0
0.374847208,0,0,1,1,1,1
0.374876250,0,0,1,0,0,0
0.375045417,0,0,1,1,1,1
0.375074417,0,0,1,0,0,0
0.375243583,0,0,1,1,1,1
0.375272625,0,0,1,0,0,0
0.375441792,0,0,1,1,1,1
0.375470833,0,0,1,0,0,0
0.375640000,0,0,1,1,1,1
0.375669042,0,0,1,0,0,0
0.375838250,0,0,1,1,1,1
0.375867250,0,0,1,0,0,0
0.376036458,0,0,1,1,1,1
0.376065500,0,0,1,0,0,0
0.376234708,0,0,1,1,1,1
0.376263708,0,0,1,0,0,0
0.376432917,0,0,1,1,1,1
0.376461958,0,0,1,0,0,0
0.376631125,0,0,1,1,1,1
0.376660167,0,0,1,0,0,0
0.376829333,0,0,1,1,1,1
0.376858375,0,0,1,0,0,0
0.377027583,0,0,1,1,1,1
0.377056625,0,0,1,0,0,0
0.377225792,0,0,1,1,1,1
0.377254833,0,0,1,0,0,0
0.377424042,0,0,1,1,1,1
0.377453083,0,0,1,0,0,0
0.377622250,0,0,1,1,1,1
0.377651292,0,0,1,0,0,0
0.377820500,0,0,1,1,1,1
0.377849542,0,0,1,0,0,0
0.378018708,0,0,1,1,1,1
0.378047750,0,0,1,0,0,0
0.378216958,0,0,1,1,1,1
0.378246000,0,0,1,0,0,0
0.378415208,0,0,1,1,1,1
0.378444250,0,0,1,0,0,0
0.378613458,0,0,1,1,1,1
0.378642500,0,0,1,0,0,0
0.378811667,0,0,1,1,1,1
0.378840708,0,0,1,0,0,0
0.379009917,0,0,1,1,1,1
0.379038917,0,0,1,0,0,0
0.379208125,0,0,1,1,1,1
0.379237167,0,0,1,0,0,0
0.379406375,0,0,1,1,1,1
0.379435417,0,0,1,0,0,0
0.379604583,0,0,1,1,1,1
0.379633583,0,0,1,1,0,0
0.379633625,0,0,1,0,0,0
0.379802750,0,0,1,1,1,1
0.379831792,0,0,1,0,0,0
0.380001000,0,0,1,1,1,1
0.380030000,0,0,1,0,0,0
0.380199167,0,0,1,1,1,1
0.380228208,0,0,1,0,0,0
0.380397375,0,0,1,1,1,1
0.380426417,0,0,1,0,0,0
0.380595583,0,0,1,1,1,1
0.380624625,0,0,1,0,0,0
0.380793792,0,0,1,1,1,1
0.380822833,0,0,1,0,0,0
0.380992000,0,0,1,1,1,1
0.381021042,0,0,1,0,0,0
0.381190292,0,0,1,1,1,1
0.381219333,0,0,1,0,0,0
0.381388542,0,0,1,1,1,1
0.381417583,0,0,1,0,0,0
0.381586792,0,0,1,1,1,1
0.381615833,0,0,1,0,0,0
0.381785000,0,0,1,1,1,1
0.381814042,0,0,1,0,0,0
0.381983208,0,0,1,1,1,1
0.382012250,0,0,1,0,0,0
0.382181458,0,0,1,1,1,1
0.382210500,0,0,1,0,0,0
0.382379708,0,0,1,1,1,1
0.382408750,0,0,1,0,0,0
0.382577958,0,0,1,1,1,1
0.382607000,0,0,1,0,0,0
0.382776250,0,0,1,1,1,1
0.382805292,0,0,1,0,0,0
0.382974500,0,0,1,1,1,1
0.383003542,0,0,1,0,0,0
0.383172750,0,0,1,1,1,1
0.383201792,0,0,1,0,0,0
0.383371000,0,0,1,1,1,1
0.383400042,0,0,1,0,0,0
0.383569250,0,0,1,1,1,1
0.383598292,0,0,1,0,0,0
0.383767542,0,0,1,1,1,1
0.383796583,0,0,1,0,0,0
0.383965792,0,0,1,0,1,1
0.383965833,0,0,1,1,1,1
0.383994833,0,0,1,0,0,0
0.384164042,0,0,1,1,1,1
0.384193083,0,0,1,0,0,0
0.384362250,0,0,1,1,1,1
0.384391292,0,0,1,0,0,0
0.384560500,0,0,1,1,1,1
0.384589500,0,0,1,0,0,0
0.384758708,0,0,1,1,1,1
0.384787708,0,0,1,0,0,0
0.384956875,0,0,1,1,1,1
0.384985917,0,0,1,0,0,0
0.385155083,0,0,1,1,1,1
0.385184083,0,0,1,0,0,0
0.385353292,0,0,1,1,1,1
0.385382333,0,0,1,0,0,0
0.385551500,0,0,1,1,1,1
0.385580542,0,0,1,0,0,0
0.385749750,0,0,1,1,1,1
0.385778792,0,0,1,0,0,0
0.385947958,0,0,1,1,1,1
0.385977000,0,0,1,0,0,0
0.386146250,0,0,1,1,1,1
0.386175292,0,0,1,0,0,0
0.386344500,0,0,1,1,1,1
0.386373542,0,0,1,0,0,0
0.386542792,0,0,1,1,1,1
0.386571833,0,0,1,0,0,0
0.386741042,0,0,1,1,1,1
0.386770083,0,0,1,0,0,0
0.386939250,0,0,1,1,1,1
0.386968292,0,0,1,0,0,0
0.387137500,0,0,1,1,1,1
0.387166542,0,0,1,0,0,0
0.387335750,0,0,1,1,1,1
0.387364750,0,0,1,0,0,0
0.387533917,0,0,1,1,1,1
0.387562958,0,0,1,0,0,0
0.387732208,0,0,1,1,1,1
0.387761208,0,0,1,0,0,0
0.387930417,0,0,1,1,1,1
0.387959458,0,0,1,0,0,0
0.388128625,0,0,1,1,1,1
0.388157667,0,0,1,0,0,0
0.388326833,0,0,1,1,1,1
0.388355875,0,0,1,0,0,0
0.388525083,0,0,1,1,1,1
0.388554125,0,0,1,0,0,0
0.388723333,0,0,1,1,1,1
0.388752375,0,0,1,0,0,0
0.388921625,0,0,1,1,1,1
0.388950667,0,0,1,0,0,0
0.389119875,0,0,1,1,1,1
0.389148917,0,0,1,0,0,0
0.389318125,0,0,1,1,1,1
0.389347167,0,0,1,0,0,0
0.389516417,0,0,1,1,1,1
0.389545458,0,0,1,0,0,0
0.389714708,0,0,1,1,1,1
0.389743750,0,0,1,0,0,0
0.389912958,0,0,1,1,1,1
0.389941958,0,0,1,0,0,0
0.390111167,0,0,1,1,1,1
0.390140208,0,0,1,0,0,0
0.390309417,0,0,1,1,1,1
0.390338458,0,0,1,0,0,0
0.390507625,0,0,1,1,1,1
0.390536667,0,0,1,0,0,0
0.390705875,0,0,1,1,1,1
0.390734875,0,0,1,0,0,0
0.390904083,0,0,1,1,1,1
0.390933125,0,0,1,0,0,0
0.391102333,0,0,1,1,1,1
0.391131375,0,0,1,0,0,0
0.391300542,0,0,1,1,1,1
0.391329583,0,0,1,0,0,0
0.391498750,0,0,1,1,1,1
0.391527792,0,0,1,0,0,0
0.391697000,0,0,1,1,1,1
0.391726042,0,0,1,0,0,0
0.391895250,0,0,1,1,1,1
0.391924250,0,0,1,0,0,0
0.392093458,0,0,1,1,1,1
0.392122500,0,0,1,0,0,0
0.392291708,0,0,1,1,1,1
0.392320750,0,0,1,0,0,0
0.392490000,0,0,1,1,1,1
0.392519042,0,0,1,0,0,0
0.392688208,0,0,1,1,1,1
0.392717250,0,0,1,0,0,0
0.392886458,0,0,1,1,1,1
0.392915500,0,0,1,0,0,0
0.393084667,0,0,1,1,1,1
0.393113708,0,0,1,0,0,0
0.393282917,0,0,1,1,1,1
0.393311958,0,0,1,0,0,0
0.393481125,0,0,1,1,1,1
0.393510167,0,0,1,0,0,0
0.393679292,0,0,1,1,1,1
0.393708333,0,0,1,0,0,0
0.393877458,0,0,1,1,1,1
0.393906500,0,0,1,0,0,0
0.394075667,0,0,1,1,1,1
0.394104667,0,0,1,0,0,0
0.394273833,0,0,1,1,1,1
0.394302875,0,0,1,0,0,0
0.394472042,0,0,1,1,1,1
0.394501083,0,0,1,0,0,0
0.394670292,0,0,1,1,1,1
0.394699333,0,0,1,0,0,0
0.394868500,0,0,1,0,1,1
0.394868542,0,0,1,1,1,1
0.394897542,0,0,1,0,0,0
0.395066750,0,0,1,1,1,1
0.395095792,0,0,1,0,0,0
0.395264917,0,0,1,1,1,1
0.395293958,0,0,1,0,0,0
0.395463125,0,0,1,1,1,1
0.395492167,0,0,1,0,0,0
0.395661375,0,0,1,1,1,1
0.395690417,0,0,1,0,0,0
0.395859583,0,0,1,1,1,1
0.395888625,0,0,1,0,0,0
0.396057833,0,0,1,1,1,1
0.396086875,0,0,1,0,0,0
0.396256042,0,0,1,1,1,1
0.396285083,0,0,1,0,0,0
0.396454250,0,0,1,1,1,1
0.396483250,0,0,1,1,0,0
0.396483292,0,0,1,0,0,0
0.396652458,0,0,1,1,1,1
0.396681500,0,0,1,0,0,0
0.396850708,0,0,1,1,1,1
0.396879750,0,0,1,0,0,0
0.397049000,0,0,1,1,1,1
0.397078042,0,0,1,0,0,0
0.397247250,0,0,1,1,1,1
0.397276292,0,0,1,0,0,0
0.397445458,0,0,1,1,1,1
0.397474500,0,0,1,0,0,0
0.397643667,0,0,1,1,1,1
0.397672708,0,0,1,0,0,0
0.397841917,0,0,1,1,1,1
0.397870958,0,0,1,0,0,0
0.398040167,0,0,1,1,1,1
0.398069208,0,0,1,0,0,0
0.398238375,0,0,1,1,1,1
0.398267417,0,0,1,0,0,0
0.398436625,0,0,1,1,1,1
0.398465667,0,0,1,0,0,0
0.398634917,0,0,1,1,1,1
0.398663958,0,0,1,0,0,0
0.398833167,0,0,1,1,1,1
0.398862208,0,0,1,0,0,0
0.399031417,0,0,1,1,1,1
0.399060458,0,0,1,0,0,0
0.399229667,0,0,1,1,1,1
0.399258667,0,0,1,0,0,0
0.399427875,0,0,1,1,1,1
0.399456875,0,0,1,0,0,0
0.399626042,0,0,1,1,1,1
0.399655083,0,0,1,0,0,0
0.399824292,0,0,1,1,1,1
0.399853333,0,0,1,0,0,0
0.400022542,0,0,1,1,1,1
0.400051542,0,0,1,0,0,0
0.400220750,0,0,1,1,1,1
0.400249792,0,0,1,0,0,0
0.400419000,0,0,1,1,1,1
0.400448000,0,0,1,1,0,0
0.400448042,0,0,1,0,0,0
0.400617250,0,0,1,1,1,1
0.400646292,0,0,1,0,0,0
0.400815500,0,0,1,1,1,1
0.400844542,0,0,1,0,0,0
0.401013792,0,0,1,1,1,1
0.401042833,0,0,1,0,0,0
0.401212125,0,0,1,1,1,1
0.401241167,0,0,1,0,0,0
0.401410458,0,0,1,1,1,1
0.401439500,0,0,1,0,0,0
0.401608750,0,0,1,1,1,1
0.401637792,0,0,1,0,0,0
0.401806958,0,0,1,0,1,1
0.401807000,0,0,1,1,1,1
0.401836000,0,0,1,0,0,0
0.402005250,0,0,1,1,1,1
0.402034292,0,0,1,0,0,0
0.402203500,0,0,1,1,1,1
0.402232542,0,0,1,0,0,0
0.402401833,0,0,1,1,1,1
0.402430875,0,0,1,0,0,0
0.402600083,0,0,1,1,1,1
0.402629125,0,0,1,0,0,0
0.402798417,0,0,1,1,1,1
0.402827458,0,0,1,0,0,0
0.402996708,0,0,1,1,1,1
0.403025750,0,0,1,0,0,0
0.403195042,0,0,1,1,1,1
0.403224083,0,0,1,0,0,0
0.403393333,0,0,1,1,1,1
0.403422375,0,0,1,0,0,0
0.403591583,0,0,1,1,1,1
0.403620625,0,0,1,0,0,0
0.403789875,0,0,1,1,1,1
0.403818917,0,0,1,0,0,0
0.403988167,0,0,1,1,1,1
0.404017208,0,0,1,0,0,0
0.404186458,0,0,1,1,1,1
0.404215500,0,0,1,0,0,0
0.404384750,0,0,1,1,1,1
0.404413833,0,0,1,0,0,0
0.404583042,0,0,1,1,1,1
0.404612083,0,0,1,0,0,0
0.404781333,0,0,1,1,1,1
0.404810375,0,0,1,0,0,0
0.404979583,0,0,1,1,1,1
0.405008625,0,0,1,0,0,0
0.405177833,0,0,1,1,1,1
0.405206875,0,0,1,0,0,0
0.405376083,0,0,1,1,1,1
0.405405083,0,0,1,0,0,0
0.405574333,0,0,1,1,1,1
0.405603375,0,0,1,0,0,0
0.405772583,0,0,1,1,1,1
0.405801625,0,0,1,0,0,0
0.405970833,0,0,1,1,1,1
0.405999875,0,0,1,0,0,0
0.406169125,0,0,1,1,1,1
0.406198167,0,0,1,0,0,0
0.406367375,0,0,1,1,1,1
0.406396417,0,0,1,0,0,0
0.406565625,0,0,1,1,1,1
0.406594667,0,0,1,0,0,0
0.406763875,0,0,1,1,1,1
0.406792917,0,0,1,0,0,0
0.406962167,0,0,1,1,1,1
0.406991208,0,0,1,0,0,0
0.407160417,0,0,1,1,1,1
0.407189458,0,0,1,0,0,0
0.407358667,0,0,1,1,1,1
0.407387708,0,0,1,0,0,0
0.407556958,0,0,1,1,1,1
0.407586000,0,0,1,0,0,0
0.407755208,0,0,1,1,1,1
0.407784250,0,0,1,0,0,0
0.407953458,0,0,1,1,1,1
0.407982500,0,0,1,0,0,0
0.408151750,0,0,1,1,1,1
0.408180792,0,0,1,0,0,0
0.408350083,0,0,1,1,1,1
0.408379083,0,0,1,0,0,0
0.408548375,0,0,1,0,1,0
0.408548417,0,0,1,1,1,1
0.408577458,0,0,1,0,0,0
0.408746750,0,0,1,1,1,1
0.408775792,0,0,1,0,0,0
0.408945083,0,0,1,1,1,1
0.408974125,0,0,1,0,0,0
0.409143417,0,0,1,1,1,1
0.409172458,0,0,1,0,0,0
0.409341750,0,0,1,1,1,1
0.409370792,0,0,1,0,0,0
0.409540083,0,0,1,1,1,1
0.409569125,0,0,1,0,0,0
0.409738375,0,0,1,1,1,1
0.409767417,0,0,1,0,0,0
0.409936708,0,0,1,1,1,1
0.409965792,0,0,1,0,0,0
0.410135083,0,0,1,1,1,1
0.410164167,0,0,1,0,0,0
0.410333458,0,0,1,1,1,1
0.410362500,0,0,1,0,0,0
0.410531750,0,0,1,1,1,1
0.410560792,0,0,1,0,0,0
0.410730083,0,0,1,1,1,1
0.410759167,0,0,1,0,0,0
0.410928458,0,0,1,1,1,1
0.410957500,0,0,1,0,0,0
0.411126750,0,0,1,1,1,1
0.411155792,0,0,1,0,0,0
0.411325083,0,0,1,1,1,1
0.411354125,0,0,1,0,0,0
0.411523417,0,0,1,1,1,1
0.411552458,0,0,1,0,0,0
0.411721750,0,0,1,1,1,1
0.411750792,0,0,1,0,0,0
0.411920083,0,0,1,1,1,1
0.411949125,0,0,1,0,0,0
0.412118417,0,0,1,1,1,1
0.412147458,0,0,1,0,0,0
0.412316792,0,0,1,1,1,1
0.412345833,0,0,1,0,0,0
0.412515125,0,0,1,1,1,1
0.412544208,0,0,1,0,0,0
0.412713458,0,0,1,1,1,1
0.412742500,0,0,1,0,0,0
0.412911792,0,0,1,1,1,1
0.412940875,0,0,1,0,0,0
0.413110125,0,0,1,1,1,1
0.413139167,0,0,1,0,0,0
0.413308417,0,0,1,1,1,1
0.413337500,0,0,1,0,0,0
0.413506750,0,0,1,1,1,1
0.413535833,0,0,1,0,0,0
0.413705083,0,0,1,1,1,1
0.413734125,0,0,1,0,0,0
0.413903375,0,0,1,1,1,1
0.413932458,0,0,1,0,0,0
0.414101750,0,0,1,1,1,1
0.414130792,0,0,1,0,0,0
0.414300042,0,0,1,1,1,1
0.414329125,0,0,1,0,0,0
0.414498375,0,0,1,1,1,1
0.414527417,0,0,1,0,0,0
0.414696708,0,0,1,1,1,1
0.414725750,0,0,1,0,0,0
0.414895000,0,0,1,1,1,1
0.414924042,0,0,1,0,0,0
0.415093333,0,0,1,1,1,1
0.415122375,0,0,1,0,0,0
0.415291667,0,0,1,1,1,1
0.415320708,0,0,1,0,0,0
0.415490000,0,0,1,1,1,1
0.415519042,0,0,1,0,0,0
0.415688333,0,0,1,1,1,1
0.415717375,0,0,1,0,0,0
0.415886667,0,0,1,1,1,1
0.415915708,0,0,1,0,0,0
0.416085000,0,0,1,1,1,1
0.416114042,0,0,1,0,0,0
0.416283333,0,0,1,1,1,1
0.416312375,0,0,1,0,0,0
0.416481625,0,0,1,1,1,1
0.416510667,0,0,1,0,0,0
0.416679917,0,0,1,1,1,1
0.416708958,0,0,1,0,0,0
0.416878250,0,0,1,1,1,1
0.416907292,0,0,1,0,0,0
0.417076583,0,0,1,1,1,1
0.417105625,0,0,1,0,0,0
0.417274917,0,0,1,1,1,1
0.417303958,0,0,1,0,0,0
0.417473250,0,0,1,1,1,1
0.417502292,0,0,1,0,0,0
0.417671583,0,0,1,1,1,1
0.417700667,0,0,1,0,0,0
0.417869958,0,0,1,1,1,1
0.417899000,0,0,1,0,0,0
0.418068292,0,0,1,1,1,1
0.418097333,0,0,1,0,0,0
0.418266583,0,0,1,1,1,1
0.418295625,0,0,1,0,0,0
0.418464917,0,0,1,1,1,1
0.418493958,0,0,1,0,0,0
0.418663250,0,0,1,1,1,1
0.418692292,0,0,1,0,0,0
0.418861542,0,0,1,1,1,1
0.418890583,0,0,1,0,0,0
0.419059833,0,0,1,1,1,1
0.419088875,0,0,1,0,0,0
0.419258125,0,0,1,1,1,1
0.419287167,0,0,1,0,0,0
0.419456375,0,0,1,1,1,1
0.419485417,0,0,1,0,0,0
0.419654625,0,0,1,1,1,1
0.419683667,0,0,1,0,0,0
0.419852875,0,0,1,1,1,1
0.419881917,0,0,1,0,0,0
0.420051167,0,0,1,1,1,1
0.420080208,0,0,1,0,0,0
0.420249417,0,0,1,0,1,1
0.420249458,0,0,1,1,1,1
0.420278500,0,0,1,0,0,0
0.420447708,0,0,1,1,1,1
0.420476750,0,0,1,0,0,0
0.420645958,0,0,1,1,1,1
0.420675000,0,0,1,0,0,0
0.420844208,0,0,1,1,1,1
0.420873250,0,0,1,0,0,0
0.421042458,0,0,1,1,1,1
0.421071500,0,0,1,0,0,0
0.421240750,0,0,1,1,1,1
0.421269750,0,0,1,0,0,0
0.421439000,0,0,1,1,1,1
0.421468042,0,0,1,0,0,0
0.421637250,0,0,1,1,1,1
0.421666292,0,0,1,0,0,0
0.421835542,0,0,1,1,1,1
0.421864583,0,0,1,0,0,0
0.422033833,0,0,1,1,1,1
0.422062875,0,0,1,0,0,0
0.422232083,0,0,1,1,1,1
0.422261125,0,0,1,0,0,0
0.422430333,0,0,1,1,1,1
0.422459333,0,0,1,1,0,0
0.422459375,0,0,1,0,0,0
0.422628583,0,0,1,1,1,1
0.422657625,0,0,1,0,0,0
0.422826833,0,0,1,1,1,1
0.422855875,0,0,1,0,0,0
0.423025167,0,0,1,1,1,1
0.423054208,0,0,1,0,0,0
0.423223458,0,0,1,1,1,1
0.423252500,0,0,1,0,0,0
0.423421750,0,0,1,1,1,1
0.423450792,0,0,1,0,0,0
0.423620042,0,0,1,1,1,1
0.423649083,0,0,1,0,0,0
0.423818333,0,0,1,1,1,1
0.423847375,0,0,1,0,0,0
0.424016625,0,0,1,1,1,1
0.424045667,0,0,1,0,0,0
0.424214917,0,0,1,1,1,1
0.424243958,0,0,1,0,0,0
0.424413208,0,0,1,1,1,1
0.424442250,0,0,1,0,0,0
0.424611500,0,0,1,1,1,1
0.424640542,0,0,1,0,0,0
0.424809792,0,0,1,1,1,1
0.424838833,0,0,1,0,0,0
0.425008042,0,0,1,1,1,1
0.425037083,0,0,1,0,0,0
0.425206333,0,0,1,1,1,1
0.425235375,0,0,1,0,0,0
0.425404625,0,0,1,1,1,1
0.425433667,0,0,1,0,0,0
0.425602917,0,0,1,1,1,1
0.425631958,0,0,1,0,0,0
0.425801208,0,0,1,1,1,1
0.425830250,0,0,1,0,0,0
0.425999542,0,0,1,1,1,1
0.426028583,0,0,1,0,0,0
0.426197875,0,0,1,1,1,1
0.426226917,0,0,1,0,0,0
0.426396167,0,0,1,1,1,1
0.426425208,0,0,1,0,0,0
0.426594417,0,0,1,1,1,1
0.426623458,0,0,1,0,0,0
0.426792708,0,0,1,1,1,1
0.426821750,0,0,1,0,0,0
0.426990958,0,0,1,1,1,1
0.427020000,0,0,1,0,0,0
0.427189208,0,0,1,1,1,1
0.427218250,0,0,1,1,0,0
0.427218292,0,0,1,0,0,0
0.427387500,0,0,1,1,1,1
0.427416542,0,0,1,0,0,0
0.427585792,0,0,1,1,1,1
0.427614833,0,0,1,0,0,0
0.427784042,0,0,1,1,1,1
0.427813083,0,0,1,0,0,0
0.427982292,0,0,1,1,1,1
0.428011333,0,0,1,0,0,0
0.428180583,0,0,1,1,1,1
0.428209625,0,0,1,0,0,0
0.428378875,0,0,1,1,1,1
0.428407875,0,0,1,0,0,0
0.428577125,0,0,1,1,1,1
0.428606167,0,0,1,0,0,0
0.428775375,0,0,1,1,1,1
0.428804458,0,0,1,0,0,0
0.428973708,0,0,1,1,1,1
0.429002750,0,0,1,0,0,0
0.429172000,0,0,1,1,1,1
0.429201042,0,0,1,0,0,0
0.429370292,0,0,1,1,1,1
0.429399333,0,0,1,0,0,0
0.429568583,0,0,1,1,1,1
0.429597625,0,0,1,0,0,0
0.429766833,0,0,1,1,1,1
0.429795875,0,0,1,0,0,0
0.429965083,0,0,1,1,1,1
0.429994125,0,0,1,0,0,0
0.430163333,0,0,1,1,1,1
0.430192333,0,0,1,1,0,0
0.430192375,0,0,1,0,0,0
0.430361542,0,0,1,1,1,1
0.430390542,0,0,1,0,0,0
0.430559750,0,0,1,1,1,1
0.430588792,0,0,1,0,0,0
0.430758000,0,0,1,1,1,1
0.430787042,0,0,1,0,0,0
0.430956292,0,0,1,1,1,1
0.430985333,0,0,1,0,0,0
0.431154542,0,0,1,0,1,1
0.431154583,0,0,1,1,1,1
0.431183583,0,0,1,0,0,0
0.431352875,0,0,1,1,1,1
0.431381917,0,0,1,0,0,0
0.431551125,0,0,1,1,1,1
0.431580167,0,0,1,0,0,0
0.431749417,0,0,1,1,1,1
0.431778458,0,0,1,1,0,0
0.431778500,0,0,1,0,0,0
0.431947708,0,0,1,1,1,1
0.431976792,0,0,1,0,0,0
0.432146083,0,0,1,1,1,1
0.432175125,0,0,1,0,0,0
0.432344375,0,0,1,1,1,1
0.432373417,0,0,1,0,0,0
0.432542708,0,0,1,1,1,1
0.432571750,0,0,1,0,0,0
0.432741000,0,0,1,1,1,1
0.432770083,0,0,1,0,0,0
0.432939333,0,0,1,1,1,1
0.432968375,0,0,1,0,0,0
0.433137583,0,0,1,1,1,1
0.433166625,0,0,1,0,0,0
0.433335875,0,0,1,1,1,1
0.433364917,0,0,1,0,0,0
0.433534167,0,0,1,1,1,1
0.433563208,0,0,1,0,0,0
0.433732417,0,0,1,1,1,1
0.433761458,0,0,1,0,0,0
0.433930708,0,0,1,1,1,1
0.433959750,0,0,1,0,0,0
0.434129000,0,0,1,1,1,1
0.434158042,0,0,1,0,0,0
0.434327292,0,0,1,1,1,1
0.434356333,0,0,1,0,0,0
0.434525625,0,0,1,1,1,1
0.434554667,0,0,1,0,0,0
0.434723875,0,0,1,1,1,1
0.434752917,0,0,1,0,0,0
0.434922208,0,0,1,1,1,1
0.434951250,0,0,1,0,0,0
0.435120500,0,0,1,1,1,1
0.435149542,0,0,1,0,0,0
0.435318792,0,0,1,1,1,1
0.435347833,0,0,1,0,0,0
0.435517042,0,0,1,1,1,1
0.435546083,0,0,1,0,0,0
0.435715333,0,0,1,1,1,1
0.435744375,0,0,1,0,0,0
0.435913583,0,0,1,1,1,1
0.435942625,0,0,1,0,0,0
0.436111917,0,0,1,1,1,1
0.436140958,0,0,1,0,0,0
0.436310208,0,0,1,1,1,1
0.436339250,0,0,1,0,0,0
0.436508500,0,0,1,1,1,1
0.436537542,0,0,1,0,0,0
0.436706792,0,0,1,1,1,1
0.436735833,0,0,1,0,0,0
0.436905042,0,0,1,1,1,1
0.436934083,0,0,1,0,0,0
0.437103333,0,0,1,1,1,1
0.437132375,0,0,1,0,0,0
0.437301583,0,0,1,1,1,1
0.437330625,0,0,1,0,0,0
0.437499875,0,0,1,1,1,1
0.437528958,0,0,1,0,0,0
0.437698208,0,0,1,1,1,1
0.437727250,0,0,1,0,0,0
0.437896542,0,0,1,1,1,1
0.437925583,0,0,1,0,0,0
0.438094917,0,0,1,1,1,1
0.438123958,0,0,1,0,0,0
0.438293208,0,0,1,1,1,1
0.438322250,0,0,1,0,0,0
0.438491542,0,0,1,1,1,1
0.438520583,0,0,1,0,0,0
0.438689875,0,0,1,1,1,1
0.438718917,0,0,1,0,0,0
0.438888167,0,0,1,1,1,1
0.438917208,0,0,1,0,0,0
0.439086500,0,0,1,1,1,1
0.439115542,0,0,1,0,0,0
0.439284792,0,0,1,1,1,1
0.439313833,0,0,1,0,0,0
0.439483083,0,0,1,1,1,1
0.439512167,0,0,1,0,0,0
0.439681417,0,0,1,1,1,1
0.439710458,0,0,1,0,0,0
0.439879708,0,0,1,1,1,1
0.439908750,0,0,1,0,0,0
0.440078000,0,0,1,1,1,1
0.440107042,0,0,1,0,0,0
0.440276333,0,0,1,1,1,1
0.440305375,0,0,1,0,0,0
0.440474625,0,0,1,1,1,1
0.440503667,0,0,1,0,0,0
0.440672958,0,0,1,1,1,1
0.440702000,0,0,1,1,0,0
0.440702042,0,0,1,0,0,0
0.440871333,0,0,1,1,1,1
0.440900333,0,0,1,1,0,0
0.440900375,0,0,1,0,0,0
0.441069583,0,0,1,1,1,1
0.441098625,0,0,1,0,0,0
0.441267875,0,0,1,1,1,1
0.441296917,0,0,1,0,0,0
0.441466208,0,0,1,1,1,1
0.441495250,0,0,1,0,0,0
0.441664500,0,0,1,0,1,1
0.441664542,0,0,1,1,1,1
0.441693583,0,0,1,0,0,0
0.441862792,0,0,1,1,1,1
0.441891833,0,0,1,0,0,0
0.442061042,0,0,1,1,1,1
0.442090083,0,0,1,0,0,0
0.442259333,0,0,1,1,1,1
0.442288375,0,0,1,0,0,0
0.442457583,0,0,1,1,1,1
0.442486625,0,0,1,0,0,0
0.442655833,0,0,1,1,1,1
0.442684875,0,0,1,0,0,0
0.442854125,0,0,1,1,1,1
0.442883167,0,0,1,0,0,0
0.443052417,0,0,1,1,1,1
0.443081458,0,0,1,0,0,0
0.443250750,0,0,1,1,1,1
0.443279792,0,0,1,0,0,0
0.443449125,0,0,1,1,1,1
0.443478167,0,0,1,0,0,0
0.443647417,0,0,1,1,1,1
0.443676458,0,0,1,0,0,0
0.443845708,0,0,1,1,1,1
0.443874750,0,0,1,0,0,0
0.444044000,0,0,1,1,1,1
0.444073042,0,0,1,0,0,0
0.444242292,0,0,1,1,1,1
0.444271333,0,0,1,0,0,0
0.444440542,0,0,1,1,1,1
0.444469583,0,0,1,0,0,0
0.444638833,0,0,1,1,1,1
0.444667917,0,0,1,0,0,0
0.444837167,0,0,1,1,1,1
0.444866208,0,0,1,0,0,0
0.445035500,0,0,1,1,1,1
0.445064583,0,0,1,0,0,0
0.445233875,0,0,1,1,1,1
0.445262958,0,0,1,0,0,0
0.445432250,0,0,1,1,1,1
0.445461292,0,0,1,0,0,0
0.445630583,0,0,1,1,1,1
0.445659667,0,0,1,0,0,0
0.445828917,0,0,1,1,1,1
0.445857958,0,0,1,0,0,0
0.446027292,0,0,1,1,1,1
0.446056333,0,0,1,0,0,0
0.446225625,0,0,1,1,1,1
0.446254708,0,0,1,0,0,0
0.446423958,0,0,1,1,1,1
0.446453000,0,0,1,0,0,0
0.446622292,0,0,1,1,1,1
0.446651333,0,0,1,0,0,0
0.446820583,0,0,1,1,1,1
0.446849625,0,0,1,0,0,0
0.447018833,0,0,1,1,1,1
0.447047875,0,0,1,0,0,0
0.447217125,0,0,1,1,1,1
0.447246167,0,0,1,0,0,0
0.447415458,0,0,1,1,1,1
0.447444542,0,0,1,0,0,0
0.447613792,0,0,1,1,1,1
0.447642875,0,0,1,0,0,0
0.447812167,0,0,1,1,1,1
0.447841208,0,0,1,0,0,0
0.448010500,0,0,1,1,1,1
0.448039542,0,0,1,0,0,0
0.448208792,0,0,1,1,1,1
0.448237833,0,0,1,0,0,0
0.448407125,0,0,1,1,1,1
0.448436167,0,0,1,0,0,0
0.448605458,0,0,1,1,1,1
0.448634500,0,0,1,0,0,0
0.448803792,0,0,1,1,1,1
0.448832833,0,0,1,0,0,0
0.449002125,0,0,1,0,1,1
0.449002167,0,0,1,1,1,1
0.449031208,0,0,1,0,0,0
0.449200500,0,0,1,1,1,1
0.449229542,0,0,1,0,0,0
0.449398833,0,0,1,1,1,1
0.449427917,0,0,1,0,0,0
0.449597208,0,0,1,1,1,1
0.449626250,0,0,1,0,0,0
0.449795542,0,0,1,1,1,1
0.449824583,0,0,1,0,0,0
0.449993875,0,0,1,1,1,1
0.450022917,0,0,1,0,0,0
0.450192250,0,0,1,1,1,1
0.450221292,0,0,1,0,0,0
0.450390500,0,0,1,0,1,1
0.450390542,0,0,1,1,1,1
0.450419583,0,0,1,0,0,0
0.450588833,0,0,1,1,1,1
0.450617875,0,0,1,0,0,0
0.450787125,0,0,1,1,1,1
0.450816208,0,0,1,0,0,0
0.450985500,0,0,1,1,1,1
0.451014583,0,0,1,0,0,0
0.451183875,0,0,1,1,1,1
0.451212917,0,0,1,0,0,0
0.451382208,0,0,1,1,1,1
0.451411292,0,0,1,0,0,0
0.451580583,0,0,1,1,1,1
0.451609667,0,0,1,0,0,0
0.451778958,0,0,1,1,1,1
0.451808000,0,0,1,0,0,0
0.451977333,0,0,1,1,1,1
0.452006375,0,0,1,0,0,0
0.452175667,0,0,1,1,1,1
0.452204750,0,0,1,0,0,0
0.452374042,0,0,1,1,1,1
0.452403083,0,0,1,0,0,0
0.452572375,0,0,1,1,1,1
0.452601417,0,0,1,0,0,0
0.452770750,0,0,1,1,1,1
0.452799792,0,0,1,0,0,0
0.452969125,0,0,1,1,1,1
0.452998167,0,0,1,0,0,0
0.453167458,0,0,1,1,1,1
0.453196500,0,0,1,0,0,0
0.453365750,0,0,1,1,1,1
0.453394792,0,0,1,0,0,0
0.453564083,0,0,1,1,1,1
0.453593125,0,0,1,0,0,0
0.453762375,0,0,1,1,1,1
0.453791417,0,0,1,0,0,0
0.453960667,0,0,1,1,1,1
0.453989708,0,0,1,0,0,0
0.454158958,0,0,1,1,1,1
0.454188000,0,0,1,1,0,0
0.454188042,0,0,1,0,0,0
0.454357292,0,0,1,1,1,1
0.454386333,0,0,1,0,0,0
0.454555583,0,0,1,1,1,1
0.454584625,0,0,1,0,0,0
0.454753875,0,0,1,1,1,1
0.454782958,0,0,1,0,0,0
0.454952208,0,0,1,1,1,1
0.454981250,0,0,1,0,0,0
0.455150500,0,0,1,1,1,1
0.455179542,0,0,1,0,0,0
0.455348750,0,0,1,1,1,1
0.455377792,0,0,1,0,0,0
0.455547083,0,0,1,1,1,1
0.455576125,0,0,1,0,0,0
0.455745375,0,0,1,1,1,1
0.455774417,0,0,1,0,0,0
0.455943667,0,0,1,1,1,1
0.455972708,0,0,1,0,0,0
0.456141958,0,0,1,1,1,1
0.456171000,0,0,1,0,0,0
0.456340208,0,0,1,1,1,1
0.456369250,0,0,1,1,0,0
0.456369292,0,0,1,0,0,0
0.456538500,0,0,1,1,1,1
0.456567542,0,0,1,0,0,0
0.456736750,0,0,1,1,1,1
0.456765792,0,0,1,0,0,0
0.456935000,0,0,1,1,1,1
0.456964042,0,0,1,0,0,0
0.457133292,0,0,1,1,1,1
0.457162333,0,0,1,0,0,0
0.457331583,0,0,1,1,1,1
0.457360625,0,0,1,0,0,0
0.457529833,0,0,1,1,1,1
0.457558875,0,0,1,0,0,0
0.457728083,0,0,1,1,1,1
0.457757125,0,0,1,0,0,0
0.457926417,0,0,1,1,1,1
0.457955500,0,0,1,0,0,0
0.458124750,0,0,1,1,1,1
0.458153792,0,0,1,0,0,0
0.458323083,0,0,1,1,1,1
0.458352167,0,0,1,0,0,0
0.458521458,0,0,1,1,1,1
0.458550500,0,0,1,0,0,0
0.458719792,0,0,1,1,1,1
0.458748875,0,0,1,0,0,0
0.458918167,0,0,1,1,1,1
0.458947208,0,0,1,0,0,0
0.459116542,0,0,1,1,1,1
0.459145583,0,0,1,0,0,0
0.459314917,0,0,1,1,1,1
0.459344000,0,0,1,0,0,0
0.459513333,0,0,1,1,1,1
0.459542375,0,0,1,0,0,0
0.459711708,0,0,1,1,1,1
0.459740750,0,0,1,0,0,0
0.459910083,0,0,1,1,1,1
0.459939125,0,0,1,0,0,0
0.460108458,0,0,1,1,1,1
0.460137500,0,0,1,0,0,0
0.460306833,0,0,1,1,1,1
0.460335875,0,0,1,0,0,0
0.460505250,0,0,1,1,1,1
0.460534292,0,0,1,0,0,0
0.460703667,0,0,1,1,1,1
0.460732708,0,0,1,1,0,0
0.460732750,0,0,1,0,0,0
0.460902042,0,0,1,1,1,1
0.460931125,0,0,1,0,0,0
0.461100458,0,0,1,1,1,1
0.461129500,0,0,1,0,0,0
0.461298792,0,0,1,1,1,1
0.461327833,0,0,1,0,0,0
0.461497125,0,0,1,1,1,1
0.461526208,0,0,1,0,0,0
0.461695458,0,0,1,1,1,1
0.461724500,0,0,1,0,0,0
0.461893792,0,0,1,1,1,1
0.461922833,0,0,1,0,0,0
0.462092083,0,0,1,1,1,1
0.462121125,0,0,1,0,0,0
0.462290375,0,0,1,0,1,0
0.462290417,0,0,1,1,1,1
0.462319458,0,0,1,0,0,0
0.462488708,0,0,1,1,1,1
0.462517750,0,0,1,0,0,0
0.462687000,0,0,1,1,1,1
0.462716083,0,0,1,0,0,0
0.462885333,0,0,1,1,1,1
0.462914375,0,0,1,0,0,0
0.463083625,0,0,1,1,1,1
0.463112667,0,0,1,0,0,0
0.463281917,0,0,1,1,1,1
0.463310958,0,0,1,0,0,0
0.463480208,0,0,1,0,1,0
0.463480250,0,0,1,1,1,1
0.463509292,0,0,1,0,0,0
0.463678542,0,0,1,1,1,1
0.463707583,0,0,1,0,0,0
0.463876792,0,0,1,1,1,1
0.463905833,0,0,1,0,0,0
0.464075083,0,0,1,1,1,1
0.464104125,0,0,1,0,0,0
0.464273375,0,0,1,1,1,1
0.464302417,0,0,1,0,0,0
0.464471708,0,0,1,1,1,1
0.464500750,0,0,1,0,0,0
0.464670000,0,0,1,1,1,1
0.464699042,0,0,1,1,0,0
0.464699083,0,0,1,0,0,0
0.464868333,0,0,1,1,1,1
0.464897375,0,0,1,0,0,0
0.465066667,0,0,1,1,1,1
0.465095708,0,0,1,0,0,0
0.465265000,0,0,1,1,1,1
0.465294083,0,0,1,0,0,0
0.465463333,0,0,1,1,1,1
0.465492375,0,0,1,0,0,0
0.465661667,0,0,1,1,1,1
0.465690708,0,0,1,0,0,0
0.465859958,0,0,1,1,1,1
0.465889000,0,0,1,0,0,0
0.466058250,0,0,1,1,1,1
0.466087292,0,0,1,0,0,0
0.466256542,0,0,1,1,1,1
0.466285583,0,0,1,0,0,0
0.466454833,0,0,1,1,1,1
0.466483917,0,0,1,0,0,0
0.466653167,0,0,1,1,1,1
0.466682208,0,0,1,0,0,0
0.466851458,0,0,1,1,1,1
0.466880500,0,0,1,0,0,0
0.467049792,0,0,1,1,1,1
0.467078833,0,0,1,0,0,0
0.467248125,0,0,1,1,1,1
0.467277167,0,0,1,0,0,0
0.467446417,0,0,1,1,1,1
0.467475458,0,0,1,0,0,0
0.467644708,0,0,1,1,1,1
0.467673750,0,0,1,0,0,0
0.467843000,0,0,1,1,1,1
0.467872042,0,0,1,0,0,0
0.468041292,0,0,1,1,1,1
0.468070333,0,0,1,0,0,0
0.468239583,0,0,1,1,1,1
0.468268625,0,0,1,0,0,0
0.468437917,0,0,1,1,1,1
0.468466958,0,0,1,0,0,0
0.468636208,0,0,1,1,1,1
0.468665250,0,0,1,0,0,0
0.468834542,0,0,1,1,1,1
0.468863583,0,0,1,0,0,0
0.469032833,0,0,1,1,1,1
0.469061917,0,0,1,0,0,0
0.469231167,0,0,1,1,1,1
0.469260208,0,0,1,0,0,0
0.469429458,0,0,1,1,1,1
0.469458500,0,0,1,0,0,0
0.469627792,0,0,1,1,1,1
0.469656833,0,0,1,0,0,0
0.469826083,0,0,1,1,1,1
0.469855125,0,0,1,0,0,0
0.470024417,0,0,1,1,1,1
0.470053458,0,0,1,0,0,0
0.470222750,0,0,1,1,1,1
0.470251792,0,0,1,0,0,0
0.470421042,0,0,1,1,1,1
0.470450083,0,0,1,0,0,0
0.470619375,0,0,1,1,1,1
0.470648417,0,0,1,0,0,0
0.470817667,0,0,1,1,1,1
0.470846708,0,0,1,0,0,0
0.471015917,0,0,1,1,1,1
0.471044958,0,0,1,0,0,0
0.471214208,0,0,1,1,1,1
0.471243250,0,0,1,0,0,0
0.471412500,0,0,1,1,1,1
0.471441542,0,0,1,0,0,0
0.471610792,0,0,1,1,1,1
0.471639875,0,0,1,0,0,0
0.471809125,0,0,1,1,1,1
0.471838208,0,0,1,0,0,0
0.472007458,0,0,1,1,1,1
0.472036500,0,0,1,0,0,0
0.472205708,0,0,1,1,1,1
0.472234750,0,0,1,0,0,0
0.472404000,0,0,1,1,1,1
0.472433042,0,0,1,0,0,0
0.472602292,0,0,1,1,1,1
0.472631333,0,0,1,0,0,0
0.472800542,0,0,1,1,1,1
0.472829583,0,0,1,0,0,0
0.472998833,0,0,1,1,1,1
0.473027875,0,0,1,0,0,0
0.473197083,0,0,1,1,1,1
0.473226167,0,0,1,0,0,0
0.473395417,0,0,1,1,1,1
0.473424458,0,0,1,0,0,0
0.473593708,0,0,1,1,1,1
0.473622750,0,0,1,0,0,0
0.473792042,0,0,1,1,1,1
0.473821083,0,0,1,0,0,0
0.473990292,0,0,1,1,1,1
0.474019333,0,0,1,0,0,0
0.474188583,0,0,1,1,1,1
0.474217583,0,0,1,0,0,0
0.474386833,0,0,1,1,1,1
0.474415917,0,0,1,0,0,0
0.474585167,0,0,1,1,1,1
0.474614208,0,0,1,0,0,0
0.474783458,0,0,1,1,1,1
0.474812500,0,0,1,0,0,0
0.474981792,0,0,1,1,1,1
0.475010833,0,0,1,0,0,0
0.475180125,0,0,1,1,1,1
0.475209167,0,0,1,0,0,0
0.475378458,0,0,1,1,1,1
0.475407542,0,0,1,0,0,0
0.475576833,0,0,1,1,1,1
0.475605875,0,0,1,0,0,0
0.475775167,0,0,1,1,1,1
0.475804250,0,0,1,0,0,0
0.475973542,0,0,1,1,1,1
0.476002583,0,0,1,0,0,0
0.476171875,0,0,1,1,1,1
0.476200917,0,0,1,0,0,0
0.476370208,0,0,1,1,1,1
0.476399250,0,0,1,0,0,0
0.476568542,0,0,1,1,1,1
0.476597583,0,0,1,0,0,0
0.476766833,0,0,1,1,1,1
0.476795875,0,0,1,0,0,0
0.476965167,0,0,1,1,1,1
0.476994208,0,0,1,0,0,0
0.477163542,0,0,1,1,1,1
0.477192583,0,0,1,0,0,0
0.477361833,0,0,1,0,1,1
0.477361875,0,0,1,1,1,1
0.477390917,0,0,1,0,0,0
0.477560208,0,0,1,1,1,1
0.477589250,0,0,1,0,0,0
0.477758583,0,0,1,1,1,1
0.477787625,0,0,1,0,0,0
0.477956917,0,0,1,1,1,1
0.477985958,0,0,1,0,0,0
0.478155250,0,0,1,1,1,1
0.478184292,0,0,1,0,0,0
0.478353583,0,0,1,1,1,1
0.478382625,0,0,1,0,0,0
0.478551917,0,0,1,1,1,1
0.478581000,0,0,1,0,0,0
0.478750292,0,0,1,1,1,1
0.478779333,0,0,1,0,0,0
0.478948583,0,0,1,1,1,1
0.478977667,0,0,1,0,0,0
0.479146917,0,0,1,1,1,1
0.479175958,0,0,1,0,0,0
0.479345250,0,0,1,1,1,1
0.479374333,0,0,1,0,0,0
0.479543583,0,0,1,1,1,1
0.479572667,0,0,1,0,0,0
0.479741958,0,0,1,1,1,1
0.479771000,0,0,1,0,0,0
0.479940250,0,0,1,1,1,1
0.479969292,0,0,1,0,0,0
0.480138583,0,0,1,1,1,1
0.480167625,0,0,1,0,0,0
0.480336917,0,0,1,1,1,1
0.480365958,0,0,1,0,0,0
0.480535208,0,0,1,1,1,1
0.480564292,0,0,1,0,0,0
0.480733542,0,0,1,1,1,1
0.480762583,0,0,1,0,0,0
0.480931833,0,0,1,1,1,1
0.480960917,0,0,1,0,0,0
0.481130167,0,0,1,1,1,1
0.481159208,0,0,1,0,0,0
0.481328458,0,0,1,1,1,1
0.481357500,0,0,1,0,0,0
0.481526750,0,0,1,1,1,1
0.481555750,0,0,1,1,0,0
0.481555792,0,0,1,0,0,0
0.481725042,0,0,1,1,1,1
0.481754083,0,0,1,0,0,0
0.481923333,0,0,1,1,1,1
0.481952375,0,0,1,0,0,0
0.482121667,0,0,1,1,1,1
0.482150708,0,0,1,0,0,0
0.482320000,0,0,1,1,1,1
0.482349042,0,0,1,0,0,0
0.482518292,0,0,1,1,1,1
0.482547333,0,0,1,0,0,0
0.482716625,0,0,1,1,1,1
0.482745667,0,0,1,0,0,0
0.482914958,0,0,1,1,1,1
0.482944042,0,0,1,0,0,0
0.483113333,0,0,1,1,1,1
0.483142375,0,0,1,0,0,0
0.483311667,0,0,1,1,1,1
0.483340708,0,0,1,0,0,0
0.483510042,0,0,1,1,1,1
0.483539083,0,0,1,0,0,0
0.483708417,0,0,1,1,1,1
0.483737458,0,0,1,0,0,0
0.483906708,0,0,1,1,1,1
0.483935792,0,0,1,0,0,0
0.484105042,0,0,1,1,1,1
0.484134083,0,0,1,0,0,0
0.484303375,0,0,1,1,1,1
0.484332417,0,0,1,0,0,0
0.484501708,0,0,1,1,1,1
0.484530750,0,0,1,0,0,0
0.484699958,0,0,1,1,1,1
0.484729000,0,0,1,0,0,0
0.484898292,0,0,1,1,1,1
0.484927333,0,0,1,0,0,0
0.485096625,0,0,1,1,1,1
0.485125667,0,0,1,0,0,0
0.485294958,0,0,1,1,1,1
0.485324000,0,0,1,0,0,0
0.485493292,0,0,1,1,1,1
0.485522333,0,0,1,0,0,0
0.485691625,0,0,1,1,1,1
0.485720667,0,0,1,0,0,0
0.485889917,0,0,1,1,1,1
0.485918958,0,0,1,0,0,0
0.486088208,0,0,1,1,1,1
0.486117250,0,0,1,0,0,0
0.486286458,0,0,1,1,1,1
0.486315500,0,0,1,0,0,0
0.486484792,0,0,1,1,1,1
0.486513833,0,0,1,0,0,0
0.486683042,0,0,1,1,1,1
0.486712083,0,0,1,0,0,0
0.486881375,0,0,1,1,1,1
0.486910417,0,0,1,0,0,0
0.487079708,0,0,1,1,1,1
0.487108750,0,0,1,0,0,0
0.487278000,0,0,1,1,1,1
0.487307042,0,0,1,0,0,0
0.487476292,0,0,1,1,1,1
0.487505375,0,0,1,0,0,0
0.487674625,0,0,1,1,1,1
0.487703667,0,0,1,0,0,0
0.487872958,0,0,1,1,1,1
0.487902000,0,0,1,0,0,0
0.488071250,0,0,1,1,1,1
0.488100333,0,0,1,0,0,0
0.488269583,0,0,1,1,1,1
0.488298625,0,0,1,0,0,0
0.488467875,0,0,1,1,1,1
0.488496917,0,0,1,0,0,0
0.488666208,0,0,1,1,1,1
0.488695250,0,0,1,0,0,0
0.488864500,0,0,1,1,1,1
0.488893542,0,0,1,0,0,0
0.489062792,0,0,1,1,1,1
0.489091833,0,0,1,0,0,0
0.489261083,0,0,1,1,1,1
0.489290125,0,0,1,0,0,0
0.489459375,0,0,1,1,1,1
0.489488417,0,0,1,0,0,0
0.489657708,0,0,1,1,1,1
0.489686750,0,0,1,0,0,0
0.489855958,0,0,1,1,1,1
0.489885000,0,0,1,0,0,0
0.490054208,0,0,1,1,1,1
0.490083250,0,0,1,0,0,0
0.490252500,0,0,1,1,1,1
0.490281542,0,0,1,0,0,0
0.490450792,0,0,1,1,1,1
0.490479833,0,0,1,0,0,0
0.490649083,0,0,1,1,1,1
0.490678125,0,0,1,0,0,0
0.490847375,0,0,1,1,1,1
0.490876417,0,0,1,0,0,0
0.491045667,0,0,1,1,1,1
0.491074708,0,0,1,0,0,0
0.491243958,0,0,1,1,1,1
0.491273000,0,0,1,0,0,0
0.491442292,0,0,1,1,1,1
0.491471333,0,0,1,0,0,0
0.491640583,0,0,1,1,1,1
0.491669667,0,0,1,0,0,0
0.491838958,0,0,1,1,1,1
0.491868000,0,0,1,0,0,0
0.492037292,0,0,1,1,1,1
0.492066375,0,0,1,0,0,0
0.492235667,0,0,1,1,1,1
0.492264708,0,0,1,0,0,0
0.492434000,0,0,1,1,1,1
0.492463042,0,0,1,0,0,0
0.492632292,0,0,1,1,1,1
0.492661333,0,0,1,0,0,0
0.492830583,0,0,1,1,1,1
0.492859625,0,0,1,0,0,0
0.493028875,0,0,1,1,1,1
0.493057917,0,0,1,0,0,0
0.493227167,0,0,1,1,1,1
0.493256208,0,0,1,0,0,0
0.493425458,0,0,1,1,1,1
0.493454500,0,0,1,0,0,0
0.493623792,0,0,1,1,1,1
0.493652833,0,0,1,0,0,0
0.493822125,0,0,1,1,1,1
0.493851167,0,0,1,0,0,0
0.494020417,0,0,1,1,1,1
0.494049500,0,0,1,0,0,0
0.494218792,0,0,1,1,1,1
0.494247792,0,0,1,0,0,0
0.494417083,0,0,1,1,1,1
0.494446125,0,0,1,0,0,0
0.494615417,0,0,1,1,1,1
0.494644458,0,0,1,0,0,0
0.494813750,0,0,1,1,1,1
0.494842792,0,0,1,0,0,0
0.495012083,0,0,1,1,1,1
0.495041125,0,0,1,0,0,0
0.495210375,0,0,1,1,1,1
0.495239417,0,0,1,0,0,0
0.495408667,0,0,1,1,1,1
0.495437708,0,0,1,1,0,1
0.495437750,0,0,1,0,0,0
0.495606958,0,0,1,1,1,1
0.495636000,0,0,1,0,0,0
0.495805250,0,0,1,1,1,1
0.495834292,0,0,1,0,0,0
0.496003542,0,0,1,1,1,1
0.496032583,0,0,1,0,0,0
0.496201833,0,0,1,1,1,1
0.496230875,0,0,1,0,0,0
0.496400083,0,0,1,1,1,1
0.496429125,0,0,1,0,0,0
0.496598375,0,0,1,1,1,1
0.496627417,0,0,1,0,0,0
0.496796708,0,0,1,1,1,1
0.496825750,0,0,1,0,0,0
0.496995000,0,0,1,1,1,1
0.497024042,0,0,1,0,0,0
0.497193292,0,0,1,1,1,1
0.497222333,0,0,1,0,0,0
0.497391583,0,0,1,1,1,1
0.497420625,0,0,1,0,0,0
0.497589875,0,0,1,1,1,1
0.497618917,0,0,1,0,0,0
0.497788125,0,0,1,1,1,1
0.497817167,0,0,1,0,0,0
0.497986333,0,0,1,1,1,1
0.498015375,0,0,1,0,0,0
0.498184542,0,0,1,1,1,1
0.498213583,0,0,1,0,0,0
0.498382792,0,0,1,1,1,1
0.498411833,0,0,1,0,0,0
0.498581042,0,0,1,1,1,1
0.498610083,0,0,1,0,0,0
0.498779375,0,0,1,1,1,1
0.498808417,0,0,1,0,0,0
0.498977667,0,0,1,1,1,1
0.499006708,0,0,1,0,0,0
0.499175917,0,0,1,1,1,1
0.499205000,0,0,1,0,0,0
0.499374208,0,0,1,1,1,1
0.499403250,0,0,1,0,0,0
0.499572500,0,0,1,1,1,1
0.499601542,0,0,1,0,0,0
0.499770750,0,0,1,1,1,1
0.499799833,0,0,1,0,0,0
0.499969000,0,0,1,1,1,1
0.499998042,0,0,1,0,0,0
0.500167250,0,0,1,1,1,1
0.500196292,0,0,1,0,0,0
0.500365500,0,0,1,1,1,1
0.500394542,0,0,1,0,0,0
0.500563750,0,0,1,1,1,1
0.500592792,0,0,1,0,0,0
0.500762042,0,0,1,1,1,1
0.500791083,0,0,1,0,0,0
0.500960333,0,0,1,1,1,1
0.500989375,0,0,1,0,0,0
0.501158583,0,0,1,1,1,1
0.501187625,0,0,1,0,0,0
0.501356833,0,0,1,1,1,1
0.501385875,0,0,1,0,0,0
0.501555083,0,0,1,1,1,1
0.501584125,0,0,1,0,0,0
0.501753292,0,0,1,1,1,1
0.501782333,0,0,1,0,0,0
0.501951500,0,0,1,1,1,1
0.501980542,0,0,1,0,0,0
0.502149750,0,0,1,1,1,1
0.502178792,0,0,1,0,0,0
0.502348000,0,0,1,1,1,1
0.502377083,0,0,1,0,0,0
0.502546292,0,0,1,1,1,1
0.502575333,0,0,1,0,0,0
0.502744583,0,0,1,1,1,1
0.502773625,0,0,1,0,0,0
0.502942875,0,0,1,1,1,1
0.502971917,0,0,1,0,0,0
0.503141125,0,0,1,1,1,1
0.503170167,0,0,1,0,0,0
0.503339458,0,0,1,1,1,1
0.503368500,0,0,1,0,0,0
0.503537750,0,0,1,1,1,1
0.503566833,0,0,1,0,0,0
0.503736083,0,0,1,1,1,1
0.503765125,0,0,1,0,0,0
0.503934417,0,0,1,1,1,1
0.503963458,0,0,1,0,0,0
0.504132750,0,0,1,1,1,1
0.504161792,0,0,1,0,0,0
0.504331083,0,0,1,1,1,1
0.504360125,0,0,1,0,0,0
0.504529375,0,0,1,1,1,1
0.504558417,0,0,1,0,0,0
0.504727708,0,0,1,1,1,1
0.504756750,0,0,1,0,0,0
0.504926042,0,0,1,1,1,1
0.504955083,0,0,1,0,0,0
0.505124333,0,0,1,1,1,1
0.505153375,0,0,1,0,0,0
0.505322667,0,0,1,1,1,1
0.505351708,0,0,1,0,0,0
0.505520917,0,0,1,1,1,1
0.505549958,0,0,1,0,0,0
0.505719167,0,0,1,1,1,1
0.505748208,0,0,1,0,0,0
0.505917417,0,0,1,1,1,1
0.505946458,0,0,1,0,0,0
0.506115625,0,0,1,1,1,1
0.506144667,0,0,1,0,0,0
0.506313917,0,0,1,1,1,1
0.506342958,0,0,1,0,0,0
0.506512167,0,0,1,1,1,1
0.506541208,0,0,1,0,0,0
0.506710417,0,0,1,1,1,1
0.506739458,0,0,1,1,0,0
0.506739500,0,0,1,0,0,0
0.506908708,0,0,1,1,1,1
0.506937750,0,0,1,0,0,0
0.507107000,0,0,1,1,1,1
0.507136042,0,0,1,0,0,0
0.507305250,0,0,1,1,1,1
0.507334292,0,0,1,0,0,0
0.507503542,0,0,1,1,1,1
0.507532583,0,0,1,0,0,0
0.507701833,0,0,1,1,1,1
0.507730875,0,0,1,0,0,0
0.507900083,0,0,1,1,1,1
0.507929125,0,0,1,0,0,0
0.508098375,0,0,1,1,1,1
0.508127417,0,0,1,0,0,0
0.508296625,0,0,1,1,1,1
0.508325667,0,0,1,0,0,0
0.508494875,0,0,1,1,1,1
0.508523875,0,0,1,0,0,0
0.508693083,0,0,1,1,1,1
0.508722125,0,0,1,0,0,0
0.508891250,0,0,1,0,1,1
0.508891292,0,0,1,1,1,1
0.508920292,0,0,1,0,0,0
0.509089500,0,0,1,1,1,1
0.509118500,0,0,1,0,0,0
0.509287708,0,0,1,1,1,1
0.509316750,0,0,1,0,0,0
0.509485958,0,0,1,1,1,1
0.509515000,0,0,1,0,0,0
0.509684208,0,0,1,1,1,1
0.509713250,0,0,1,0,0,0
0.509882458,0,0,1,1,1,1
0.509911500,0,0,1,0,0,0
0.510080708,0,0,1,1,1,1
0.510109750,0,0,1,0,0,0
0.510278958,0,0,1,1,1,1
0.510308000,0,0,1,0,0,0
0.510477208,0,0,1,1,1,1
0.510506250,0,0,1,0,0,0
0.510675458,0,0,1,1,1,1
0.510704500,0,0,1,0,0,0
0.510873708,0,0,1,1,1,1
0.510902750,0,0,1,0,0,0
0.511071958,0,0,1,1,1,1
0.511101000,0,0,1,0,0,0
0.511270208,0,0,1,1,1,1
0.511299250,0,0,1,0,0,0
0.511468458,0,0,1,1,1,1
0.511497500,0,0,1,0,0,0
0.511666750,0,0,1,1,1,1
0.511695792,0,0,1,0,0,0
0.511865000,0,0,1,1,1,1
0.511894042,0,0,1,0,0,0
0.512063292,0,0,1,1,1,1
0.512092333,0,0,1,0,0,0
0.512261500,0,0,1,1,1,1
0.512290542,0,0,1,0,0,0
0.512459750,0,0,1,1,1,1
0.512488792,0,0,1,0,0,0
0.512658042,0,0,1,1,1,1
0.512687083,0,0,1,0,0,0
0.512856292,0,0,1,1,1,1
0.512885292,0,0,1,1,0,0
0.512885333,0,0,1,0,0,0
0.513054500,0,0,1,1,1,1
0.513083542,0,0,1,0,0,0
0.513252750,0,0,1,1,1,1
0.513281792,0,0,1,0,0,0
0.513451042,0,0,1,1,1,1
0.513480083,0,0,1,0,0,0
0.513649292,0,0,1,1,1,1
0.513678333,0,0,1,0,0,0
0.513847583,0,0,1,1,1,1
0.513876625,0,0,1,0,0,0
0.514045875,0,0,1,1,1,1
0.514074917,0,0,1,0,0,0
0.514244125,0,0,1,1,1,1
0.514273167,0,0,1,0,0,0
0.514442458,0,0,1,1,1,1
0.514471500,0,0,1,0,0,0
0.514640750,0,0,1,1,1,1
0.514669792,0,0,1,0,0,0
0.514839042,0,0,1,1,1,1
0.514868083,0,0,1,0,0,0
0.515037333,0,0,1,1,1,1
0.515066375,0,0,1,0,0,0
0.515235625,0,0,1,1,1,1
0.515264667,0,0,1,0,0,0
0.515433917,0,0,1,1,1,1
0.515462958,0,0,1,0,0,0
0.515632167,0,0,1,1,1,1
0.515661208,0,0,1,0,0,0
0.515830417,0,0,1,1,1,1
0.515859458,0,0,1,0,0,0
0.516028667,0,0,1,1,1,1
0.516057667,0,0,1,0,0,0
0.516226917,0,0,1,1,1,1
0.516255958,0,0,1,0,0,0
0.516425208,0,0,1,1,1,1
0.516454250,0,0,1,0,0,0
0.516623417,0,0,1,1,1,1
0.516652458,0,0,1,0,0,0
0.516821667,0,0,1,1,1,1
0.516850708,0,0,1,0,0,0
0.517019917,0,0,1,1,1,1
0.517048958,0,0,1,0,0,0
0.517218208,0,0,1,1,1,1
0.517247250,0,0,1,0,0,0
0.517416500,0,0,1,1,1,1
0.517445542,0,0,1,0,0,0
0.517614792,0,0,1,1,1,1
0.517643833,0,0,1,0,0,0
0.517813083,0,0,1,1,1,1
0.517842125,0,0,1,0,0,0
0.518011375,0,0,1,1,1,1
0.518040417,0,0,1,0,0,0
0.518209708,0,0,1,1,1,1
0.518238750,0,0,1,0,0,0
0.518408000,0,0,1,1,1,1
0.518437000,0,0,1,1,0,0
0.518437042,0,0,1,0,0,0
0.518606292,0,0,1,1,1,1
0.518635333,0,0,1,0,0,0
0.518804583,0,0,1,1,1,1
0.518833667,0,0,1,0,0,0
0.519002958,0,0,1,1,1,1
0.519032000,0,0,1,0,0,0
0.519201250,0,0,1,1,1,1
0.519230292,0,0,1,0,0,0
0.519399583,0,0,1,1,1,1
0.519428625,0,0,1,0,0,0
0.519597875,0,0,1,1,1,1
0.519626917,0,0,1,0,0,0
0.519796167,0,0,1,1,1,1
0.519825208,0,0,1,0,0,0
0.519994500,0,0,1,1,1,1
0.520023542,0,0,1,0,0,0
0.520192833,0,0,1,1,1,1
0.520221875,0,0,1,0,0,0
0.520391125,0,0,1,1,1,1
0.520420167,0,0,1,0,0,0
0.520589458,0,0,1,1,1,1
0.520618500,0,0,1,0,0,0
0.520787750,0,0,1,1,1,1
0.520816833,0,0,1,0,0,0
0.520986125,0,0,1,1,1,1
0.521015208,0,0,1,0,0,0
0.521184500,0,0,1,1,1,1
0.521213542,0,0,1,0,0,0
0.521382833,0,0,1,1,1,1
0.521411875,0,0,1,0,0,0
0.521581125,0,0,1,1,1,1
0.521610167,0,0,1,0,0,0
0.521779458,0,0,1,1,1,1
0.521808500,0,0,1,0,0,0
0.521977708,0,0,1,1,1,1
0.522006750,0,0,1,0,0,0
0.522176000,0,0,1,1,1,1
0.522205042,0,0,1,0,0,0
0.522374250,0,0,1,1,1,1
0.522403292,0,0,1,0,0,0
0.522572542,0,0,1,1,1,1
0.522601583,0,0,1,0,0,0
0.522770833,0,0,1,1,1,1
0.522799875,0,0,1,0,0,0
0.522969083,0,0,1,1,1,1
0.522998125,0,0,1,0,0,0
0.523167375,0,0,1,1,1,1
0.523196417,0,0,1,0,0,0
0.523365708,0,0,1,1,1,1
0.523394750,0,0,1,0,0,0
0.523564000,0,0,1,1,1,1
0.523593042,0,0,1,0,0,0
0.523762292,0,0,1,0,1,1
0.523762333,0,0,1,1,1,1
0.523791375,0,0,1,0,0,0
0.523960625,0,0,1,1,1,1
0.523989667,0,0,1,0,0,0
0.524158917,0,0,1,1,1,1
0.524187958,0,0,1,0,0,0
0.524357167,0,0,1,1,1,1
0.524386208,0,0,1,0,0,0
0.524555500,0,0,1,1,1,1
0.524584542,0,0,1,0,0,0
0.524753792,0,0,1,1,1,1
0.524782833,0,0,1,0,0,0
0.524952042,0,0,1,1,1,1
0.524981083,0,0,1,0,0,0
0.525150333,0,0,1,1,1,1
0.525179375,0,0,1,0,0,0
0.525348625,0,0,1,1,1,1
0.525377667,0,0,1,0,0,0
0.525547000,0,0,1,1,1,1
0.525576042,0,0,1,0,0,0
0.525745333,0,0,1,1,1,1
0.525774375,0,0,1,0,0,0
0.525943667,0,0,1,1,1,1
0.525972750,0,0,1,0,0,0
0.526142042,0,0,1,1,1,1
0.526171083,0,0,1,0,0,0
0.526340417,0,0,1,1,1,1
0.526369458,0,0,1,0,0,0
0.526538792,0,0,1,1,1,1
0.526567833,0,0,1,0,0,0
0.526737125,0,0,1,1,1,1
0.526766167,0,0,1,0,0,0
0.526935458,0,0,1,1,1,1
0.526964500,0,0,1,0,0,0
0.527133792,0,0,1,1,1,1
0.527162833,0,0,1,0,0,0
0.527332125,0,0,1,1,1,1
0.527361167,0,0,1,0,0,0
0.527530458,0,0,1,1,1,1
0.527559500,0,0,1,0,0,0
0.527728750,0,0,1,1,1,1
0.527757833,0,0,1,0,0,0
0.527927125,0,0,1,1,1,1
0.527956167,0,0,1,0,0,0
0.528125458,0,0,1,1,1,1
0.528154500,0,0,1,0,0,0
0.528323750,0,0,1,1,1,1
0.528352792,0,0,1,0,0,0
0.528522042,0,0,1,1,1,1
0.528551083,0,0,1,0,0,0
0.528720375,0,0,1,1,1,1
0.528749417,0,0,1,0,0,0
0.528918667,0,0,1,1,1,1
0.528947750,0,0,1,0,0,0
0.529117042,0,0,1,1,1,1
0.529146083,0,0,1,0,0,0
0.529315333,0,0,1,1,1,1
0.529344375,0,0,1,0,0,0
0.529513667,0,0,1,1,1,1
0.529542708,0,0,1,0,0,0
0.529711958,0,0,1,1,1,1
0.529741000,0,0,1,0,0,0
0.529910250,0,0,1,1,1,1
0.529939292,0,0,1,0,0,0
0.530108542,0,0,1,1,1,1
0.530137583,0,0,1,0,0,0
0.530306875,0,0,1,1,1,1
0.530335917,0,0,1,0,0,0
0.530505167,0,0,1,1,1,1
0.530534208,0,0,1,1,0,0
0.530534250,0,0,1,0,0,0
0.530703500,0,0,1,1,1,1
0.530732542,0,0,1,0,0,0
0.530901792,0,0,1,1,1,1
0.530930833,0,0,1,0,0,0
0.531100083,0,0,1,1,1,1
0.531129167,0,0,1,0,0,0
0.531298417,0,0,1,1,1,1
0.531327458,0,0,1,0,0,0
0.531496667,0,0,1,1,1,1
0.531525708,0,0,1,0,0,0
0.531694958,0,0,1,1,1,1
0.531724000,0,0,1,0,0,0
0.531893208,0,0,1,1,1,1
0.531922250,0,0,1,0,0,0
0.532091542,0,0,1,1,1,1
0.532120583,0,0,1,0,0,0
0.532289833,0,0,1,1,1,1
0.532318875,0,0,1,0,0,0
0.532488083,0,0,1,1,1,1
0.532517125,0,0,1,0,0,0
0.532686375,0,0,1,1,1,1
0.532715417,0,0,1,0,0,0
0.532884667,0,0,1,1,1,1
0.532913708,0,0,1,0,0,0
0.533082917,0,0,1,1,1,1
0.533112000,0,0,1,0,0,0
0.533281208,0,0,1,1,1,1
0.533310208,0,0,1,0,0,0
0.533479458,0,0,1,1,1,1
0.533508500,0,0,1,0,0,0
0.533677750,0,0,1,1,1,1
0.533706792,0,0,1,0,0,0
0.533876000,0,0,1,1,1,1
0.533905042,0,0,1,0,0,0
0.534074292,0,0,1,1,1,1
0.534103333,0,0,1,0,0,0
0.534272625,0,0,1,1,1,1
0.534301667,0,0,1,0,0,0
0.534470917,0,0,1,1,1,1
0.534499958,0,0,1,0,0,0
0.534669208,0,0,1,1,1,1
0.534698250,0,0,1,0,0,0
0.534867500,0,0,1,1,1,1
0.534896542,0,0,1,0,0,0
0.535065833,0,0,1,1,1,1
0.535094875,0,0,1,0,0,0
0.535264125,0,0,1,1,1,1
0.535293167,0,0,1,0,0,0
0.535462417,0,0,1,1,1,1
0.535491458,0,0,1,0,0,0
0.535660708,0,0,1,1,1,1
0.535689750,0,0,1,0,0,0
0.535859000,0,0,1,1,1,1
0.535888042,0,0,1,0,0,0
0.536057250,0,0,1,1,1,1
0.536086333,0,0,1,0,0,0
0.536255583,0,0,1,1,1,1
0.536284625,0,0,1,0,0,0
0.536453833,0,0,1,1,1,1
0.536482917,0,0,1,0,0,0
0.536652125,0,0,1,1,1,1
0.536681208,0,0,1,0,0,0
0.536850458,0,0,1,1,1,1
0.536879542,0,0,1,0,0,0
0.537048833,0,0,1,1,1,1
0.537077875,0,0,1,0,0,0
0.537247208,0,0,1,1,1,1
0.537276250,0,0,1,0,0,0
0.537445583,0,0,1,1,1,1
0.537474667,0,0,1,0,0,0
0.537643958,0,0,1,1,1,1
0.537673042,0,0,1,0,0,0
0.537842333,0,0,1,1,1,1
0.537871417,0,0,1,0,0,0
0.538040708,0,0,1,1,1,1
0.538069750,0,0,1,0,0,0
0.538239083,0,0,1,1,1,1
0.538268125,0,0,1,0,0,0
0.538437417,0,0,1,1,1,1
0.538466458,0,0,1,0,0,0
0.538635750,0,0,1,1,1,1
0.538664833,0,0,1,0,0,0
0.538834125,0,0,1,1,1,1
0.538863167,0,0,1,0,0,0
0.539032500,0,0,1,1,1,1
0.539061542,0,0,1,0,0,0
0.539230833,0,0,1,1,1,1
0.539259875,0,0,1,0,0,0
0.539429167,0,0,1,1,1,1
0.539458250,0,0,1,0,0,0
0.539627583,0,0,1,1,1,1
0.539656625,0,0,1,0,0,0
0.539825917,0,0,1,1,1,1
0.539854958,0,0,1,0,0,0
0.540024250,0,0,1,1,1,1
0.540053292,0,0,1,0,0,0
0.540222583,0,0,1,1,1,1
0.540251667,0,0,1,0,0,0
0.540421000,0,0,1,1,1,1
0.540450042,0,0,1,0,0,0
0.540619333,0,0,1,1,1,1
0.540648375,0,0,1,0,0,0
0.540817625,0,0,1,1,1,1
0.540846667,0,0,1,0,0,0
0.541015958,0,0,1,1,1,1
0.541045000,0,0,1,0,0,0
0.541214250,0,0,1,1,1,1
0.541243292,0,0,1,0,0,0
0.541412625,0,0,1,1,1,1
0.541441667,0,0,1,0,0,0
0.541611000,0,0,1,1,1,1
0.541640042,0,0,1,1,0,0
0.541640083,0,0,1,0,0,0
0.541809375,0,0,1,1,1,1
0.541838417,0,0,1,0,0,0
0.542007708,0,0,1,1,1,1
0.542036750,0,0,1,0,0,0
0.542206042,0,0,1,1,1,1
0.542235083,0,0,1,0,0,0
0.542404333,0,0,1,1,1,1
0.542433417,0,0,1,0,0,0
0.542602667,0,0,1,1,1,1
0.542631708,0,0,1,0,0,0
0.542800958,0,0,1,1,1,1
0.542830000,0,0,1,0,0,0
0.542999292,0,0,1,1,1,1
0.543028333,0,0,1,0,0,0
0.543197625,0,0,1,1,1,1
0.543226667,0,0,1,0,0,0
0.543395917,0,0,1,1,1,1
0.543424958,0,0,1,0,0,0
0.543594208,0,0,1,1,1,1
0.543623250,0,0,1,0,0,0
0.543792542,0,0,1,1,1,1
0.543821583,0,0,1,0,0,0
0.543990833,0,0,1,1,1,1
0.544019875,0,0,1,0,0,0
0.544189125,0,0,1,1,1,1
0.544218167,0,0,1,0,0,0
0.544387458,0,0,1,1,1,1
0.544416500,0,0,1,0,0,0
0.544585792,0,0,1,1,1,1
0.544614833,0,0,1,0,0,0
0.544784125,0,0,1,1,1,1
0.544813167,0,0,1,0,0,0
0.544982458,0,0,1,1,1,1
0.545011500,0,0,1,1,0,0
0.545011542,0,0,1,0,0,0
0.545180792,0,0,1,1,1,1
0.545209833,0,0,1,0,0,0
0.545379125,0,0,1,1,1,1
0.545408208,0,0,1,0,0,0
0.545577500,0,0,1,1,1,1
0.545606542,0,0,1,0,0,0
0.545775792,0,0,1,1,1,1
0.545804875,0,0,1,0,0,0
0.545974167,0,0,1,1,1,1
0.546003250,0,0,1,0,0,0
0.546172542,0,0,1,1,1,1
0.546201583,0,0,1,0,0,0
0.546370917,0,0,1,1,1,1
0.546399958,0,0,1,0,0,0
0.546569208,0,0,1,1,1,1
0.546598250,0,0,1,0,0,0
0.546767500,0,0,1,1,1,1
0.546796542,0,0,1,0,0,0
0.546965833,0,0,1,1,1,1
0.546994875,0,0,1,0,0,0
0.547164167,0,0,1,1,1,1
0.547193208,0,0,1,0,0,0
0.547362500,0,0,1,1,1,1
0.547391542,0,0,1,0,0,0
0.547560833,0,0,1,1,1,1
0.547589875,0,0,1,0,0,0
0.547759125,0,0,1,0,1,1
0.547759167,0,0,1,1,1,1
0.547788208,0,0,1,0,0,0
0.547957500,0,0,1,1,1,1
0.547986542,0,0,1,0,0,0
0.548155875,0,0,1,1,1,1
0.548184917,0,0,1,0,0,0
0.548354250,0,0,1,1,1,1
0.548383292,0,0,1,0,0,0
0.548552583,0,0,1,1,1,1
0.548581625,0,0,1,0,0,0
0.548750875,0,0,1,1,1,1
0.548779917,0,0,1,0,0,0
0.548949167,0,0,1,1,1,1
0.548978250,0,0,1,0,0,0
0.549147500,0,0,1,1,1,1
0.549176542,0,0,1,0,0,0
0.549345833,0,0,1,1,1,1
0.549374875,0,0,1,0,0,0
0.549544167,0,0,1,1,1,1
0.549573208,0,0,1,0,0,0
0.549742500,0,0,1,1,1,1
0.549771542,0,0,1,0,0,0
0.549940833,0,0,1,1,1,1
0.549969875,0,0,1,0,0,0
0.550139167,0,0,1,1,1,1
0.550168208,0,0,1,0,0,0
0.550337500,0,0,1,1,1,1
0.550366542,0,0,1,0,0,0
0.550535833,0,0,1,1,1,1
0.550564875,0,0,1,0,0,0
0.550734167,0,0,1,1,1,1
0.550763208,0,0,1,0,0,0
0.550932542,0,0,1,1,1,1
0.550961583,0,0,1,0,0,0
0.551130875,0,0,1,1,1,1
0.551159917,0,0,1,0,0,0
0.551329250,0,0,1,1,1,1
0.551358292,0,0,1,0,0,0
0.551527542,0,0,1,1,1,1
0.551556583,0,0,1,0,0,0
0.551725875,0,0,1,1,1,1
0.551754917,0,0,1,0,0,0
0.551924208,0,0,1,1,1,1
0.551953250,0,0,1,0,0,0
0.552122542,0,0,1,1,1,1
0.552151583,0,0,1,0,0,0
0.552320875,0,0,1,1,1,1
0.552349917,0,0,1,0,0,0
0.552519167,0,0,1,1,1,1
0.552548208,0,0,1,0,0,0
0.552717458,0,0,1,1,1,1
0.552746500,0,0,1,0,0,0
0.552915750,0,0,1,1,1,1
0.552944792,0,0,1,0,0,0
0.553114083,0,0,1,1,1,1
0.553143125,0,0,1,0,0,0
0.553312375,0,0,1,1,1,1
0.553341417,0,0,1,0,0,0
0.553510667,0,0,1,1,1,1
0.553539708,0,0,1,0,0,0
0.553708917,0,0,1,1,1,1
0.553738000,0,0,1,0,0,0
0.553907292,0,0,1,1,1,1
0.553936333,0,0,1,0,0,0
0.554105625,0,0,1,0,1,0
0.554105667,0,0,1,1,1,1
0.554134708,0,0,1,0,0,0
0.554303917,0,0,1,1,1,1
0.554332958,0,0,1,0,0,0
0.554502250,0,0,1,1,1,1
0.554531292,0,0,1,0,0,0
0.554700583,0,0,1,1,1,1
0.554729625,0,0,1,0,0,0
0.554898958,0,0,1,1,1,1
0.554928000,0,0,1,0,0,0
0.555097333,0,0,1,1,1,1
0.555126375,0,0,1,0,0,0
0.555295667,0,0,1,1,1,1
0.555324750,0,0,1,0,0,0
0.555494000,0,0,1,1,1,1
0.555523083,0,0,1,0,0,0
0.555692375,0,0,1,1,1,1
0.555721417,0,0,1,0,0,0
0.555890708,0,0,1,1,1,1
0.555919750,0,0,1,0,0,0
0.556089042,0,0,1,1,1,1
0.556118083,0,0,1,0,0,0
0.556287375,0,0,1,1,1,1
0.556316417,0,0,1,0,0,0
0.556485708,0,0,1,1,1,1
0.556514750,0,0,1,0,0,0
0.556684042,0,0,1,0,1,1
0.556684083,0,0,1,1,1,1
0.556713125,0,0,1,0,0,0
0.556882375,0,0,1,1,1,1
0.556911458,0,0,1,0,0,0
0.557080750,0,0,1,1,1,1
0.557109792,0,0,1,0,0,0
0.557279083,0,0,1,1,1,1
0.557308125,0,0,1,0,0,0
0.557477375,0,0,1,1,1,1
0.557506417,0,0,1,0,0,0
0.557675750,0,0,1,1,1,1
0.557704792,0,0,1,0,0,0
0.557874083,0,0,1,1,1,1
0.557903125,0,0,1,0,0,0
0.558072417,0,0,1,1,1,1
0.558101458,0,0,1,0,0,0
0.558270750,0,0,1,1,1,1
0.558299792,0,0,1,0,0,0
0.558469042,0,0,1,1,1,1
0.558498083,0,0,1,0,0,0
0.558667333,0,0,1,1,1,1
0.558696375,0,0,1,0,0,0
0.558865625,0,0,1,1,1,1
0.558894708,0,0,1,0,0,0
0.559063958,0,0,1,1,1,1
0.559093000,0,0,1,1,0,0
0.559093042,0,0,1,0,0,0
0.559262292,0,0,1,1,1,1
0.559291375,0,0,1,0,0,0
0.559460625,0,0,1,1,1,1
0.559489708,0,0,1,0,0,0
0.559658958,0,0,1,1,1,1
0.559688042,0,0,1,0,0,0
0.559857292,0,0,1,1,1,1
0.559886333,0,0,1,0,0,0
0.560055625,0,0,1,1,1,1
0.560084667,0,0,1,0,0,0
0.560253958,0,0,1,1,1,1
0.560283000,0,0,1,0,0,0
0.560452292,0,0,1,1,1,1
0.560481375,0,0,1,0,0,0
0.560650667,0,0,1,1,1,1
0.560679708,0,0,1,0,0,0
0.560848958,0,0,1,1,1,1
0.560878000,0,0,1,0,0,0
0.561047250,0,0,1,1,1,1
0.561076292,0,0,1,0,0,0
0.561245542,0,0,1,1,1,1
0.561274583,0,0,1,0,0,0
0.561443875,0,0,1,1,1,1
0.561472917,0,0,1,0,0,0
0.561642167,0,0,1,1,1,1
0.561671208,0,0,1,0,0,0
0.561840500,0,0,1,1,1,1
0.561869542,0,0,1,0,0,0
0.562038833,0,0,1,1,1,1
0.562067875,0,0,1,0,0,0
0.562237083,0,0,1,1,1,1
0.562266167,0,0,1,0,0,0
0.562435417,0,0,1,1,1,1
0.562464458,0,0,1,0,0,0
0.562633708,0,0,1,1,1,1
0.562662750,0,0,1,0,0,0
0.562832042,0,0,1,1,1,1
0.562861083,0,0,1,0,0,0
0.563030333,0,0,1,1,1,1
0.563059375,0,0,1,0,0,0
0.563228625,0,0,1,1,1,1
0.563257667,0,0,1,0,0,0
0.563426917,0,0,1,1,1,1
0.563455958,0,0,1,0,0,0
0.563625250,0,0,1,1,1,1
0.563654292,0,0,1,0,0,0
0.563823542,0,0,1,1,1,1
0.563852583,0,0,1,0,0,0
0.564021833,0,0,1,1,1,1
0.564050917,0,0,1,0,0,0
0.564220167,0,0,1,1,1,1
0.564249208,0,0,1,0,0,0
0.564418500,0,0,1,1,1,1
0.564447542,0,0,1,0,0,0
0.564616750,0,0,1,1,1,1
0.564645792,0,0,1,0,0,0
0.564815042,0,0,1,1,1,1
0.564844083,0,0,1,0,0,0
0.565013292,0,0,1,1,1,1
0.565042333,0,0,1,0,0,0
0.565211583,0,0,1,1,1,1
0.565240625,0,0,1,0,0,0
0.565409833,0,0,1,1,1,1
0.565438875,0,0,1,0,0,0
0.565608125,0,0,1,1,1,1
0.565637167,0,0,1,0,0,0
0.565806417,0,0,1,1,1,1
0.565835458,0,0,1,0,0,0
0.566004667,0,0,1,1,1,1
0.566033708,0,0,1,0,0,0
0.566202958,0,0,1,1,1,1
0.566232000,0,0,1,0,0,0
0.566401208,0,0,1,1,1,1
0.566430250,0,0,1,0,0,0
0.566599500,0,0,1,1,1,1
0.566628542,0,0,1,0,0,0
0.566797792,0,0,1,1,1,1
0.566826833,0,0,1,0,0,0
0.566996083,0,0,1,1,1,1
0.567025125,0,0,1,0,0,0
0.567194375,0,0,1,1,1,1
0.567223417,0,0,1,0,0,0
0.567392625,0,0,1,1,1,1
0.567421667,0,0,1,0,0,0
0.567590917,0,0,1,1,1,1
0.567619958,0,0,1,0,0,0
0.567789167,0,0,1,1,1,1
0.567818208,0,0,1,0,0,0
0.567987458,0,0,1,1,1,1
0.568016458,0,0,1,0,0,0
0.568185708,0,0,1,1,1,1
0.568214750,0,0,1,0,0,0
0.568384000,0,0,1,1,1,1
0.568413042,0,0,1,0,0,0
0.568582292,0,0,1,1,1,1
0.568611333,0,0,1,0,0,0
0.568780625,0,0,1,1,1,1
0.568809667,0,0,1,0,0,0
0.568978917,0,0,1,1,1,1
0.569007958,0,0,1,0,0,0
0.569177208,0,0,1,1,1,1
0.569206250,0,0,1,0,0,0
0.569375542,0,0,1,1,1,1
0.569404583,0,0,1,0,0,0
0.569573875,0,0,1,1,1,1
0.569602917,0,0,1,0,0,0
0.569772167,0,0,1,1,1,1
0.569801208,0,0,1,0,0,0
0.569970500,0,0,1,1,1,1
0.569999542,0,0,1,0,0,0
0.570168833,0,0,1,1,1,1
0.570197875,0,0,1,0,0,0
0.570367125,0,0,1,1,1,1
0.570396208,0,0,1,0,0,0
0.570565500,0,0,1,1,1,1
0.570594542,0,0,1,0,0,0
0.570763833,0,0,1,1,1,1
0.570792875,0,0,1,0,0,0
0.570962167,0,0,1,1,1,1
0.570991208,0,0,1,0,0,0
0.571160500,0,0,1,1,1,1
0.571189542,0,0,1,0,0,0
0.571358833,0,0,1,1,1,1
0.571387875,0,0,1,0,0,0
0.571557167,0,0,1,1,1,1
0.571586208,0,0,1,0,0,0
0.571755500,0,0,1,1,1,1
0.571784542,0,0,1,0,0,0
0.571953833,0,0,1,1,1,1
0.571982875,0,0,1,0,0,0
0.572152125,0,0,1,1,1,1
0.572181167,0,0,1,0,0,0
0.572350458,0,0,1,1,1,1
0.572379500,0,0,1,0,0,0
0.572548792,0,0,1,1,1,1
0.572577833,0,0,1,0,0,0
0.572747083,0,0,1,1,1,1
0.572776125,0,0,1,0,0,0
0.572945417,0,0,1,1,1,1
0.572974458,0,0,1,0,0,0
0.573143750,0,0,1,1,1,1
0.573172792,0,0,1,0,0,0
0.573342083,0,0,1,1,1,1
0.573371167,0,0,1,0,0,0
0.573540417,0,0,1,1,1,1
0.573569458,0,0,1,0,0,0
0.573738708,0,0,1,1,1,1
0.573767750,0,0,1,0,0,0
0.573937042,0,0,1,1,1,1
0.573966083,0,0,1,0,0,0
0.574135292,0,0,1,1,1,1
0.574164333,0,0,1,0,0,0
0.574333625,0,0,1,1,1,1
0.574362667,0,0,1,0,0,0
0.574531958,0,0,1,1,1,1
0.574561000,0,0,1,0,0,0
0.574730333,0,0,1,1,1,1
0.574759375,0,0,1,0,0,0
0.574928625,0,0,1,1,1,1
0.574957667,0,0,1,0,0,0
0.575126958,0,0,1,1,1,1
0.575156000,0,0,1,0,0,0
0.575325250,0,0,1,1,1,1
0.575354292,0,0,1,0,0,0
0.575523583,0,0,1,1,1,1
0.575552625,0,0,1,0,0,0
0.575721917,0,0,1,1,1,1
0.575751000,0,0,1,0,0,0
0.575920250,0,0,1,1,1,1
0.575949292,0,0,1,0,0,0
0.576118542,0,0,1,1,1,1
0.576147583,0,0,1,0,0,0
0.576316833,0,0,1,1,1,1
0.576345875,0,0,1,0,0,0
0.576515167,0,0,1,1,1,1
0.576544208,0,0,1,0,0,0
0.576713458,0,0,1,1,1,1
0.576742500,0,0,1,0,0,0
0.576911750,0,0,1,1,1,1
0.576940792,0,0,1,0,0,0
0.577110042,0,0,1,1,1,1
0.577139083,0,0,1,0,0,0
0.577308333,0,0,1,1,1,1
0.577337375,0,0,1,0,0,0
0.577506625,0,0,1,1,1,1
0.577535667,0,0,1,0,0,0
0.577704958,0,0,1,1,1,1
0.577734000,0,0,1,0,0,0
0.577903250,0,0,1,1,1,1
0.577932292,0,0,1,0,0,0
0.578101583,0,0,1,1,1,1
0.578130625,0,0,1,0,0,0
0.578299875,0,0,1,1,1,1
0.578328958,0,0,1,0,0,0
0.578498250,0,0,1,1,1,1
0.578527292,0,0,1,1,0,0
0.578527333,0,0,1,0,0,0
0.578696625,0,0,1,1,1,1
0.578725708,0,0,1,0,0,0
0.578895042,0,0,1,1,1,1
0.578924125,0,0,1,0,0,0
0.579093500,0,0,1,1,1,1
0.579122542,0,0,1,0,0,0
0.579291917,0,0,1,1,1,1
0.579320958,0,0,1,0,0,0
0.579490250,0,0,1,1,1,1
0.579519333,0,0,1,0,0,0
0.579688583,0,0,1,0,1,1
0.579688625,0,0,1,1,1,1
0.579717667,0,0,1,0,0,0
0.579886917,0,0,1,1,1,1
0.579915958,0,0,1,0,0,0
0.580085208,0,0,1,1,1,1
0.580114250,0,0,1,0,0,0
0.580283542,0,0,1,1,1,1
0.580312583,0,0,1,0,0,0
0.580481875,0,0,1,1,1,1
0.580510917,0,0,1,0,0,0
0.580680208,0,0,1,1,1,1
0.580709250,0,0,1,0,0,0
0.580878542,0,0,1,1,1,1
0.580907625,0,0,1,0,0,0
0.581076917,0,0,1,1,1,1
0.581106000,0,0,1,0,0,0
0.581275333,0,0,1,1,1,1
0.581304375,0,0,1,0,0,0
0.581473708,0,0,1,1,1,1
0.581502750,0,0,1,0,0,0
0.581672042,0,0,1,1,1,1
0.581701125,0,0,1,0,0,0
0.581870417,0,0,1,1,1,1
0.581899458,0,0,1,0,0,0
0.582068750,0,0,1,1,1,1
0.582097792,0,0,1,0,0,0
0.582267125,0,0,1,1,1,1
0.582296167,0,0,1,0,0,0
0.582465458,0,0,1,1,1,1
0.582494500,0,0,1,1,0,0
0.582494542,0,0,1,0,0,0
0.582663833,0,0,1,1,1,1
0.582692875,0,0,1,0,0,0
0.582862125,0,0,1,1,1,1
0.582891167,0,0,1,0,0,0
0.583060458,0,0,1,1,1,1
0.583089500,0,0,1,0,0,0
0.583258792,0,0,1,1,1,1
0.583287833,0,0,1,0,0,0
0.583457125,0,0,1,1,1,1
0.583486167,0,0,1,0,0,0
0.583655458,0,0,1,1,1,1
0.583684542,0,0,1,0,0,0
0.583853792,0,0,1,1,1,1
0.583882833,0,0,1,0,0,0
0.584052125,0,0,1,1,1,1
0.584081167,0,0,1,0,0,0
0.584250417,0,0,1,1,1,1
0.584279458,0,0,1,0,0,0
0.584448750,0,0,1,1,1,1
0.584477792,0,0,1,0,0,0
0.584647083,0,0,1,1,1,1
0.584676125,0,0,1,0,0,0
0.584845417,0,0,1,1,1,1
0.584874458,0,0,1,0,0,0
0.585043708,0,0,1,1,1,1
0.585072750,0,0,1,0,0,0
0.585242000,0,0,1,1,1,1
0.585271042,0,0,1,0,0,0
0.585440292,0,0,1,1,1,1
0.585469333,0,0,1,1,0,0
0.585469375,0,0,1,0,0,0
0.585638583,0,0,1,1,1,1
0.585667625,0,0,1,0,0,0
0.585836917,0,0,1,1,1,1
0.585865958,0,0,1,0,0,0
0.586035208,0,0,1,1,1,1
0.586064250,0,0,1,0,0,0
0.586233458,0,0,1,0,1,1
0.586233500,0,0,1,1,1,1
0.586262542,0,0,1,0,0,0
0.586431833,0,0,1,1,1,1
0.586460875,0,0,1,0,0,0
0.586630167,0,0,1,1,1,1
0.586659250,0,0,1,0,0,0
0.586828542,0,0,1,1,1,1
0.586857625,0,0,1,0,0,0
0.587026917,0,0,1,1,1,1
0.587055958,0,0,1,0,0,0
0.587225208,0,0,1,1,1,1
0.587254250,0,0,1,0,0,0
0.587423500,0,0,1,1,1,1
0.587452542,0,0,1,0,0,0
0.587621792,0,0,1,1,1,1
0.587650833,0,0,1,0,0,0
0.587820083,0,0,1,1,1,1
0.587849125,0,0,1,0,0,0
0.588018333,0,0,1,1,1,1
0.588047375,0,0,1,0,0,0
0.588216625,0,0,1,1,1,1
0.588245667,0,0,1,0,0,0
0.588414917,0,0,1,1,1,1
0.588443958,0,0,1,0,0,0
0.588613167,0,0,1,1,1,1
0.588642208,0,0,1,0,0,0
0.588811458,0,0,1,1,1,1
0.588840500,0,0,1,0,0,0
0.589009750,0,0,1,1,1,1
0.589038792,0,0,1,0,0,0
0.589208042,0,0,1,1,1,1
0.589237083,0,0,1,0,0,0
0.589406333,0,0,1,1,1,1
0.589435375,0,0,1,0,0,0
0.589604625,0,0,1,1,1,1
0.589633667,0,0,1,0,0,0
0.589802917,0,0,1,1,1,1
0.589831958,0,0,1,0,0,0
0.590001208,0,0,1,1,1,1
0.590030250,0,0,1,0,0,0
0.590199458,0,0,1,1,1,1
0.590228500,0,0,1,0,0,0
0.590397750,0,0,1,1,1,1
0.590426792,0,0,1,0,0,0
0.590596042,0,0,1,1,1,1
0.590625083,0,0,1,0,0,0
0.590794333,0,0,1,1,1,1
0.590823375,0,0,1,1,0,0
0.590823417,0,0,1,0,0,0
0.590992625,0,0,1,0,1,1
0.590992667,0,0,1,1,1,1
0.591021708,0,0,1,0,0,0
0.591190958,0,0,1,1,1,1
0.591220000,0,0,1,0,0,0
0.591389250,0,0,1,1,1,1
0.591418292,0,0,1,0,0,0
0.591587583,0,0,1,1,1,1
0.591616625,0,0,1,0,0,0
0.591785833,0,0,1,1,1,1
0.591814875,0,0,1,0,0,0
0.591984125,0,0,1,1,1,1
0.592013167,0,0,1,0,0,0
0.592182417,0,0,1,1,1,1
0.592211458,0,0,1,0,0,0
0.592380708,0,0,1,1,1,1
0.592409750,0,0,1,0,0,0
0.592578958,0,0,1,1,1,1
0.592608000,0,0,1,0,0,0
0.592777250,0,0,1,1,1,1
0.592806292,0,0,1,0,0,0
0.592975542,0,0,1,1,1,1
0.593004583,0,0,1,0,0,0
0.593173792,0,0,1,1,1,1
0.593202875,0,0,1,0,0,0
0.593372125,0,0,1,1,1,1
0.593401167,0,0,1,0,0,0
0.593570458,0,0,1,1,1,1
0.593599542,0,0,1,0,0,0
0.593768833,0,0,1,1,1,1
0.593797875,0,0,1,0,0,0
0.593967167,0,0,1,1,1,1
0.593996208,0,0,1,0,0,0
0.594165542,0,0,1,1,1,1
0.594194583,0,0,1,0,0,0
0.594363875,0,0,1,1,1,1
0.594392917,0,0,1,0,0,0
0.594562167,0,0,1,1,1,1
0.594591250,0,0,1,0,0,0
0.594760542,0,0,1,1,1,1
0.594789583,0,0,1,0,0,0
0.594958875,0,0,1,1,1,1
0.594987917,0,0,1,0,0,0
0.595157167,0,0,1,1,1,1
0.595186208,0,0,1,0,0,0
0.595355500,0,0,1,1,1,1
0.595384542,0,0,1,0,0,0
0.595553833,0,0,1,1,1,1
0.595582875,0,0,1,0,0,0
0.595752167,0,0,1,1,1,1
0.595781250,0,0,1,0,0,0
0.595950500,0,0,1,1,1,1
0.595979542,0,0,1,0,0,0
0.596148833,0,0,1,1,1,1
0.596177875,0,0,1,0,0,0
0.596347083,0,0,1,1,1,1
0.596376167,0,0,1,0,0,0
0.596545417,0,0,1,1,1,1
0.596574458,0,0,1,0,0,0
0.596743750,0,0,1,1,1,1
0.596772833,0,0,1,0,0,0
0.596942125,0,0,1,1,1,1
0.596971167,0,0,1,0,0,0
0.597140458,0,0,1,1,1,1
0.597169500,0,0,1,0,0,0
0.597338750,0,0,1,1,1,1
0.597367833,0,0,1,0,0,0
0.597537125,0,0,1,1,1,1
0.597566167,0,0,1,0,0,0
0.597735458,0,0,1,1,1,1
0.597764542,0,0,1,0,0,0
0.597933792,0,0,1,1,1,1
0.597962875,0,0,1,0,0,0
0.598132083,0,0,1,1,1,1
0.598161125,0,0,1,0,0,0
0.598330375,0,0,1,1,1,1
0.598359417,0,0,1,0,0,0
0.598528667,0,0,1,1,1,1
0.598557708,0,0,1,0,0,0
0.598726958,0,0,1,1,1,1
0.598756000,0,0,1,0,0,0
0.598925250,0,0,1,1,1,1
0.598954292,0,0,1,0,0,0
0.599123500,0,0,1,1,1,1
0.599152542,0,0,1,0,0,0
0.599321792,0,0,1,1,1,1
0.599350833,0,0,1,0,0,0
0.599520083,0,0,1,1,1,1
0.599549125,0,0,1,0,0,0
0.599718375,0,0,1,1,1,1
0.599747417,0,0,1,0,0,0
0.599916667,0,0,1,1,1,1
0.599945708,0,0,1,0,0,0
0.600114958,0,0,1,1,1,1
0.600144000,0,0,1,0,0,0
0.600313250,0,0,1,1,1,1
0.600342292,0,0,1,0,0,0
0.600511583,0,0,1,1,1,1
0.600540625,0,0,1,0,0,0
0.600709875,0,0,1,1,1,1
0.600738917,0,0,1,0,0,0
0.600908167,0,0,1,1,1,1
0.600937167,0,0,1,1,0,0
0.600937208,0,0,1,0,0,0
0.601106458,0,0,1,1,1,1
0.601135500,0,0,1,0,0,0
0.601304708,0,0,1,1,1,1
0.601333750,0,0,1,1,0,0
0.601333792,0,0,1,0,0,0
0.601503042,0,0,1,1,1,1
0.601532083,0,0,1,0,0,0
0.601701375,0,0,1,1,1,1
0.601730458,0,0,1,0,0,0
0.601899750,0,0,1,1,1,1
0.601928833,0,0,1,0,0,0
0.602098167,0,0,1,1,1,1
0.602127208,0,0,1,0,0,0
0.602296500,0,0,1,1,1,1
0.602325542,0,0,1,0,0,0
0.602494875,0,0,1,1,1,1
0.602523917,0,0,1,0,0,0
0.602693208,0,0,1,1,1,1
0.602722250,0,0,1,0,0,0
0.602891583,0,0,1,1,1,1
0.602920625,0,0,1,0,0,0
0.603089917,0,0,1,1,1,1
0.603118958,0,0,1,0,0,0
0.603288250,0,0,1,1,1,1
0.603317292,0,0,1,0,0,0
0.603486625,0,0,1,1,1,1
0.603515708,0,0,1,0,0,0
0.603685000,0,0,1,1,1,1
0.603714083,0,0,1,0,0,0
0.603883375,0,0,1,1,1,1
0.603912458,0,0,1,0,0,0
0.604081750,0,0,1,1,1,1
0.604110792,0,0,1,0,0,0
0.604280125,0,0,1,1,1,1
0.604309167,0,0,1,0,0,0
0.604478458,0,0,1,1,1,1
0.604507500,0,0,1,0,0,0
0.604676833,0,0,1,1,1,1
0.604705875,0,0,1,0,0,0
0.604875167,0,0,1,1,1,1
0.604904208,0,0,1,0,0,0
0.605073458,0,0,1,1,1,1
0.605102500,0,0,1,0,0,0
0.605271792,0,0,1,1,1,1
0.605300833,0,0,1,0,0,0
0.605470125,0,0,1,1,1,1
0.605499167,0,0,1,0,0,0
0.605668500,0,0,1,1,1,1
0.605697542,0,0,1,0,0,0
0.605866875,0,0,1,1,1,1
0.605895917,0,0,1,0,0,0
0.606065167,0,0,1,1,1,1
0.606094208,0,0,1,0,0,0
0.606263417,0,0,1,1,1,1
0.606292458,0,0,1,0,0,0
0.606461750,0,0,1,1,1,1
0.606490792,0,0,1,0,0,0
0.606660042,0,0,1,1,1,1
0.606689083,0,0,1,0,0,0
0.606858333,0,0,1,1,1,1
0.606887375,0,0,1,0,0,0
0.607056625,0,0,1,1,1,1
0.607085667,0,0,1,0,0,0
0.607254917,0,0,1,1,1,1
0.607283958,0,0,1,0,0,0
0.607453208,0,0,1,0,1,1
0.607453250,0,0,1,1,1,1
0.607482250,0,0,1,0,0,0
0.607651500,0,0,1,1,1,1
0.607680542,0,0,1,0,0,0
0.607849750,0,0,1,1,1,1
0.607878792,0,0,1,0,0,0
0.608048083,0,0,1,1,1,1
0.608077125,0,0,1,0,0,0
0.608246417,0,0,1,1,1,1
0.608275458,0,0,1,0,0,0
0.608444792,0,0,1,1,1,1
0.608473833,0,0,1,0,0,0
0.608643125,0,0,1,1,1,1
0.608672167,0,0,1,0,0,0
0.608841458,0,0,1,1,1,1
0.608870500,0,0,1,0,0,0
0.609039792,0,0,1,1,1,1
0.609068833,0,0,1,0,0,0
0.609238125,0,0,1,1,1,1
0.609267167,0,0,1,0,0,0
0.609436417,0,0,1,1,1,1
0.609465458,0,0,1,0,0,0
0.609634708,0,0,1,1,1,1
0.609663750,0,0,1,0,0,0
0.609833000,0,0,1,1,1,1
0.609862042,0,0,1,0,0,0
0.610031292,0,0,1,1,1,1
0.610060333,0,0,1,0,0,0
0.610229583,0,0,1,1,1,1
0.610258625,0,0,1,0,0,0
0.610427833,0,0,1,1,1,1
0.610456833,0,0,1,1,1,0
0.610456875,0,0,1,0,0,0
0.610626083,0,0,1,1,1,1
0.610655125,0,0,1,0,0,0
0.610824375,0,0,1,1,1,1
0.610853417,0,0,1,0,0,0
0.611022583,0,0,1,1,1,1
0.611051625,0,0,1,0,0,0
0.611220875,0,0,1,1,1,1
0.611249917,0,0,1,0,0,0
0.611419083,0,0,1,1,1,1
0.611448125,0,0,1,1,0,0
0.611448167,0,0,1,0,0,0
0.611617375,0,0,1,1,1,1
0.611646417,0,0,1,0,0,0
0.611815625,0,0,1,1,1,1
0.611844667,0,0,1,1,0,0
0.611844708,0,0,1,0,0,0
0.612013917,0,0,1,1,1,1
0.612042958,0,0,1,0,0,0
0.612212208,0,0,1,1,1,1
0.612241250,0,0,1,0,0,0
0.612410500,0,0,1,1,1,1
0.612439542,0,0,1,0,0,0
0.612608750,0,0,1,1,1,1
0.612637792,0,0,1,0,0,0
0.612807042,0,0,1,1,1,1
0.612836083,0,0,1,0,0,0
0.613005292,0,0,1,1,1,1
0.613034333,0,0,1,0,0,0
0.613203625,0,0,1,1,1,1
0.613232667,0,0,1,0,0,0
0.613401958,0,0,1,1,1,1
0.613431000,0,0,1,0,0,0
0.613600292,0,0,1,1,1,1
0.613629375,0,0,1,0,0,0
0.613798667,0,0,1,1,1,1
0.613827750,0,0,1,0,0,0
0.613997083,0,0,1,1,1,1
0.614026167,0,0,1,0,0,0
0.614195458,0,0,1,1,1,1
0.614224500,0,0,1,0,0,0
0.614393833,0,0,1,1,1,1
0.614422875,0,0,1,0,0,0
0.614592208,0,0,1,1,1,1
0.614621292,0,0,1,0,0,0
0.614790625,0,0,1,1,1,1
0.614819667,0,0,1,0,0,0
0.614989042,0,0,1,1,1,1
0.615018083,0,0,1,0,0,0
0.615187375,0,0,1,1,1,1
0.615216458,0,0,1,0,0,0
0.615385750,0,0,1,1,1,1
0.615414792,0,0,1,0,0,0
0.615584083,0,0,1,1,1,1
0.615613125,0,0,1,1,0,1
0.615613167,0,0,1,0,0,0
0.615782458,0,0,1,1,1,1
0.615811500,0,0,1,0,0,0
0.615980833,0,0,1,1,1,1
0.616009875,0,0,1,0,0,0
0.616179167,0,0,1,1,1,1
0.616208208,0,0,1,0,0,0
0.616377542,0,0,1,1,1,1
0.616406583,0,0,1,0,0,0
0.616575875,0,0,1,1,1,1
0.616604917,0,0,1,0,0,0
0.616774208,0,0,1,1,1,1
0.616803250,0,0,1,0,0,0
0.616972542,0,0,1,1,1,1
0.617001583,0,0,1,0,0,0
0.617170875,0,0,1,1,1,1
0.617199917,0,0,1,0,0,0
0.617369167,0,0,1,1,1,1
0.617398208,0,0,1,0,0,0
0.617567417,0,0,1,1,1,1
0.617596458,0,0,1,0,0,0
0.617765750,0,0,1,1,1,1
0.617794792,0,0,1,0,0,0
0.617964083,0,0,1,1,1,1
0.617993125,0,0,1,0,0,0
0.618162417,0,0,1,1,1,1
0.618191458,0,0,1,0,0,0
0.618360708,0,0,1,1,1,1
0.618389750,0,0,1,0,0,0
0.618559000,0,0,1,1,1,1
0.618588042,0,0,1,0,0,0
0.618757292,0,0,1,1,1,1
0.618786333,0,0,1,0,0,0
0.618955583,0,0,1,1,1,1
0.618984625,0,0,1,0,0,0
0.619153833,0,0,1,1,1,1
0.619182875,0,0,1,0,0,0
0.619352083,0,0,1,1,1,1
0.619381125,0,0,1,0,0,0
0.619550333,0,0,1,1,1,1
0.619579375,0,0,1,0,0,0
0.619748583,0,0,1,1,1,1
0.619777625,0,0,1,0,0,0
0.619946833,0,0,1,1,1,1
0.619975875,0,0,1,0,0,0
0.620145125,0,0,1,1,1,1
0.620174167,0,0,1,0,0,0
0.620343375,0,0,1,1,1,1
0.620372417,0,0,1,0,0,0
0.620541667,0,0,1,1,1,1
0.620570708,0,0,1,0,0,0
0.620739958,0,0,1,1,1,1
0.620769000,0,0,1,0,0,0
0.620938208,0,0,1,1,1,1
0.620967250,0,0,1,0,0,0
0.621136458,0,0,1,1,1,1
0.621165500,0,0,1,0,0,0
0.621334792,0,0,1,1,1,1
0.621363833,0,0,1,0,0,0
0.621533083,0,0,1,1,1,1
0.621562125,0,0,1,0,0,0
0.621731375,0,0,1,1,1,1
0.621760417,0,0,1,0,0,0
0.621929708,0,0,1,1,1,1
0.621958750,0,0,1,0,0,0
0.622128042,0,0,1,1,1,1
0.622157083,0,0,1,0,0,0
0.622326333,0,0,1,1,1,1
0.622355417,0,0,1,0,0,0
0.622524667,0,0,1,1,1,1
0.622553708,0,0,1,0,0,0
0.622723000,0,0,1,1,1,1
0.622752083,0,0,1,0,0,0
0.622921333,0,0,1,1,1,1
0.622950333,0,0,1,0,0,0
0.623119583,0,0,1,1,1,1
0.623148667,0,0,1,0,0,0
0.623317917,0,0,1,0,1,1
0.623317958,0,0,1,1,1,1
0.623347000,0,0,1,0,0,0
0.623516208,0,0,1,1,1,1
0.623545250,0,0,1,0,0,0
0.623714542,0,0,1,1,1,1
0.623743583,0,0,1,0,0,0
0.623912833,0,0,1,1,1,1
0.623941875,0,0,1,0,0,0
0.624111125,0,0,1,1,1,1
0.624140167,0,0,1,0,0,0
0.624309458,0,0,1,1,1,1
0.624338542,0,0,1,0,0,0
0.624507792,0,0,1,1,1,1
0.624536833,0,0,1,0,0,0
0.624706125,0,0,1,1,1,1
0.624735167,0,0,1,0,0,0
0.624904417,0,0,1,1,1,1
0.624933458,0,0,1,1,0,1
0.624933500,0,0,1,0,0,0
0.625102750,0,0,1,1,1,1
0.625131792,0,0,1,0,0,0
0.625301083,0,0,1,1,1,1
0.625330125,0,0,1,0,0,0
0.625499417,0,0,1,1,1,1
0.625528458,0,0,1,0,0,0
0.625697750,0,0,1,1,1,1
0.625726792,0,0,1,0,0,0
0.625896000,0,0,1,1,1,1
0.625925042,0,0,1,0,0,0
0.626094292,0,0,1,1,1,1
0.626123333,0,0,1,0,0,0
0.626292583,0,0,1,1,1,1
0.626321625,0,0,1,0,0,0
0.626490875,0,0,1,1,1,1
0.626519917,0,0,1,0,0,0
0.626689167,0,0,1,1,1,1
0.626718208,0,0,1,0,0,0
0.626887500,0,0,1,1,1,1
0.626916583,0,0,1,0,0,0
0.627085833,0,0,1,1,1,1
0.627114875,0,0,1,0,0,0
0.627284208,0,0,1,1,1,1
0.627313250,0,0,1,0,0,0
0.627482542,0,0,1,1,1,1
0.627511583,0,0,1,0,0,0
0.627680875,0,0,1,1,1,1
0.627709917,0,0,1,0,0,0
0.627879208,0,0,1,1,1,1
0.627908250,0,0,1,0,0,0
0.628077500,0,0,1,1,1,1
0.628106542,0,0,1,0,0,0
0.628275792,0,0,1,1,1,1
0.628304833,0,0,1,0,0,0
0.628474125,0,0,1,1,1,1
0.628503167,0,0,1,0,0,0
0.628672417,0,0,1,1,1,1
0.628701458,0,0,1,1,0,0
0.628701500,0,0,1,0,0,0
0.628870750,0,0,1,1,1,1
0.628899792,0,0,1,0,0,0
0.629069042,0,0,1,1,1,1
0.629098125,0,0,1,0,0,0
0.629267417,0,0,1,1,1,1
0.629296458,0,0,1,0,0,0
0.629465750,0,0,1,1,1,1
0.629494833,0,0,1,0,0,0
0.629664125,0,0,1,1,1,1
0.629693167,0,0,1,0,0,0
0.629862458,0,0,1,1,1,1
0.629891500,0,0,1,0,0,0
0.630060750,0,0,1,1,1,1
0.630089833,0,0,1,0,0,0
0.630259125,0,0,1,1,1,1
0.630288167,0,0,1,0,0,0
0.630457417,0,0,1,1,1,1
0.630486458,0,0,1,0,0,0
0.630655750,0,0,1,1,1,1
0.630684792,0,0,1,0,0,0
0.630854083,0,0,1,1,1,1
0.630883125,0,0,1,0,0,0
0.631052375,0,0,1,1,1,1
0.631081375,0,0,1,0,0,0
0.631250625,0,0,1,1,1,1
0.631279667,0,0,1,0,0,0
0.631448917,0,0,1,1,1,1
0.631477958,0,0,1,0,0,0
0.631647250,0,0,1,1,1,1
0.631676333,0,0,1,0,0,0
0.631845583,0,0,1,1,1,1
0.631874625,0,0,1,0,0,0
0.632043917,0,0,1,1,1,1
0.632072958,0,0,1,0,0,0
0.632242250,0,0,1,1,1,1
0.632271333,0,0,1,0,0,0
0.632440583,0,0,1,1,1,1
0.632469625,0,0,1,0,0,0
0.632638917,0,0,1,1,1,1
0.632667958,0,0,1,0,0,0
0.632837250,0,0,1,1,1,1
0.632866292,0,0,1,0,0,0
0.633035583,0,0,1,1,1,1
0.633064625,0,0,1,0,0,0
0.633233917,0,0,1,1,1,1
0.633262958,0,0,1,0,0,0
0.633432250,0,0,1,1,1,1
0.633461292,0,0,1,0,0,0
0.633630583,0,0,1,1,1,1
0.633659625,0,0,1,0,0,0
0.633828875,0,0,1,1,1,1
0.633857917,0,0,1,0,0,0
0.634027208,0,0,1,1,1,1
0.634056250,0,0,1,0,0,0
0.634225542,0,0,1,1,1,1
0.634254583,0,0,1,0,0,0
0.634423875,0,0,1,1,1,1
0.634452917,0,0,1,0,0,0
0.634622208,0,0,1,1,1,1
0.634651250,0,0,1,0,0,0
0.634820542,0,0,1,1,1,1
0.634849583,0,0,1,0,0,0
0.635018833,0,0,1,1,1,1
0.635047875,0,0,1,0,0,0
0.635217125,0,0,1,1,1,1
0.635246167,0,0,1,0,0,0
0.635415333,0,0,1,1,1,1
0.635444375,0,0,1,0,0,0
0.635613625,0,0,1,1,1,1
0.635642667,0,0,1,0,0,0
0.635811917,0,0,1,1,1,1
0.635840958,0,0,1,0,0,0
0.636010208,0,0,1,1,1,1
0.636039250,0,0,1,0,0,0
0.636208500,0,0,1,1,1,1
0.636237542,0,0,1,0,0,0
0.636406792,0,0,1,1,1,1
0.636435833,0,0,1,0,0,0
0.636605083,0,0,1,1,1,1
0.636634125,0,0,1,0,0,0
0.636803375,0,0,1,1,1,1
0.636832417,0,0,1,0,0,0
0.637001667,0,0,1,1,1,1
0.637030708,0,0,1,0,0,0
0.637199917,0,0,1,1,1,1
0.637229000,0,0,1,0,0,0
0.637398208,0,0,1,1,1,1
0.637427250,0,0,1,0,0,0
0.637596500,0,0,1,1,1,1
0.637625583,0,0,1,0,0,0
0.637794833,0,0,1,1,1,1
0.637823875,0,0,1,0,0,0
0.637993125,0,0,1,1,1,1
0.638022167,0,0,1,1,0,0
0.638022208,0,0,1,0,0,0
0.638191458,0,0,1,0,1,1
0.638191500,0,0,1,1,1,1
0.638220542,0,0,1,0,0,0
0.638389792,0,0,1,1,1,1
0.638418833,0,0,1,0,0,0
0.638588083,0,0,1,1,1,1
0.638617125,0,0,1,0,0,0
0.638786417,0,0,1,1,1,1
0.638815458,0,0,1,0,0,0
0.638984750,0,0,1,1,1,1
0.639013792,0,0,1,0,0,0
0.639183042,0,0,1,1,1,1
0.639212083,0,0,1,0,0,0
0.639381375,0,0,1,1,1,1
0.639410417,0,0,1,0,0,0
0.639579750,0,0,1,1,1,1
0.639608792,0,0,1,0,0,0
0.639778125,0,0,1,1,1,1
0.639807167,0,0,1,0,0,0
0.639976500,0,0,1,1,1,1
0.640005542,0,0,1,0,0,0
0.640174833,0,0,1,1,1,1
0.640203917,0,0,1,0,0,0
0.640373208,0,0,1,1,1,1
0.640402250,0,0,1,0,0,0
0.640571542,0,0,1,1,1,1
0.640600625,0,0,1,0,0,0
0.640769875,0,0,1,1,1,1
0.640798917,0,0,1,0,0,0
0.640968208,0,0,1,1,1,1
0.640997250,0,0,1,0,0,0
0.641166542,0,0,1,0,1,1
0.641166583,0,0,1,1,1,1
0.641195625,0,0,1,0,0,0
0.641364917,0,0,1,1,1,1
0.641393958,0,0,1,0,0,0
0.641563250,0,0,1,1,1,1
0.641592292,0,0,1,0,0,0
0.641761542,0,0,1,1,1,1
0.641790625,0,0,1,0,0,0
0.641959875,0,0,1,1,1,1
0.641988917,0,0,1,0,0,0
0.642158167,0,0,1,1,1,1
0.642187208,0,0,1,0,0,0
0.642356458,0,0,1,1,1,1
0.642385500,0,0,1,0,0,0
0.642554708,0,0,1,1,1,1
0.642583750,0,0,1,0,0,0
0.642753000,0,0,1,1,1,1
0.642782042,0,0,1,0,0,0
0.642951292,0,0,1,1,1,1
0.642980333,0,0,1,1,0,0
0.642980375,0,0,1,0,0,0
0.643149625,0,0,1,1,1,1
0.643178667,0,0,1,0,0,0
0.643347958,0,0,1,1,1,1
0.643377042,0,0,1,0,0,0
0.643546333,0,0,1,1,1,1
0.643575375,0,0,1,0,0,0
0.643744708,0,0,1,1,1,1
0.643773750,0,0,1,0,0,0
0.643943083,0,0,1,1,1,1
0.643972167,0,0,1,0,0,0
0.644141417,0,0,1,1,1,1
0.644170500,0,0,1,0,0,0
0.644339750,0,0,1,1,1,1
0.644368792,0,0,1,0,0,0
0.644538083,0,0,1,1,1,1
0.644567125,0,0,1,0,0,0
0.644736458,0,0,1,1,1,1
0.644765500,0,0,1,0,0,0
0.644934792,0,0,1,1,1,1
0.644963833,0,0,1,0,0,0
0.645133125,0,0,1,1,1,1
0.645162208,0,0,1,0,0,0
0.645331500,0,0,1,1,1,1
0.645360583,0,0,1,0,0,0
0.645529875,0,0,1,1,1,1
0.645558917,0,0,1,0,0,0
0.645728250,0,0,1,1,1,1
0.645757292,0,0,1,0,0,0
0.645926583,0,0,1,1,1,1
0.645955667,0,0,1,0,0,0
0.646124958,0,0,1,1,1,1
0.646154000,0,0,1,0,0,0
0.646323333,0,0,1,1,1,1
0.646352375,0,0,1,0,0,0
0.646521625,0,0,1,1,1,1
0.646550667,0,0,1,0,0,0
0.646719958,0,0,1,1,1,1
0.646749000,0,0,1,0,0,0
0.646918292,0,0,1,1,1,1
0.646947333,0,0,1,0,0,0
0.647116625,0,0,1,1,1,1
0.647145667,0,0,1,0,0,0
0.647314958,0,0,1,1,1,1
0.647344042,0,0,1,0,0,0
0.647513333,0,0,1,1,1,1
0.647542375,0,0,1,0,0,0
0.647711708,0,0,1,1,1,1
0.647740792,0,0,1,0,0,0
0.647910083,0,0,1,1,1,1
0.647939125,0,0,1,0,0,0
0.648108458,0,0,1,1,1,1
0.648137500,0,0,1,0,0,0
0.648306792,0,0,1,1,1,1
0.648335875,0,0,1,0,0,0
0.648505167,0,0,1,1,1,1
0.648534208,0,0,1,0,0,0
0.648703542,0,0,1,1,1,1
0.648732583,0,0,1,0,0,0
0.648901875,0,0,1,1,1,1
0.648930917,0,0,1,0,0,0
0.649100167,0,0,1,1,1,1
0.649129208,0,0,1,0,0,0
0.649298458,0,0,1,1,1,1
0.649327500,0,0,1,0,0,0
0.649496708,0,0,1,0,1,1
0.649496750,0,0,1,1,1,1
0.649525750,0,0,1,0,0,0
0.649695000,0,0,1,1,1,1
0.649724042,0,0,1,0,0,0
0.649893292,0,0,1,1,1,1
0.649922333,0,0,1,0,0,0
0.650091625,0,0,1,1,1,1
0.650120667,0,0,1,0,0,0
0.650289917,0,0,1,1,1,1
0.650318958,0,0,1,0,0,0
0.650488208,0,0,1,1,1,1
0.650517250,0,0,1,0,0,0
0.650686500,0,0,1,1,1,1
0.650715583,0,0,1,0,0,0
0.650884875,0,0,1,1,1,1
0.650913917,0,0,1,0,0,0
0.651083208,0,0,1,1,1,1
0.651112292,0,0,1,0,0,0
0.651281583,0,0,1,1,1,1
0.651310625,0,0,1,0,0,0
0.651479917,0,0,1,1,1,1
0.651508958,0,0,1,0,0,0
0.651678208,0,0,1,1,1,1
0.651707250,0,0,1,0,0,0
0.651876458,0,0,1,0,1,0
0.651876500,0,0,1,1,1,1
0.651905542,0,0,1,0,0,0
0.652074792,0,0,1,1,1,1
0.652103833,0,0,1,0,0,0
0.652273083,0,0,1,1,1,1
0.652302125,0,0,1,0,0,0
0.652471375,0,0,1,1,1,1
0.652500417,0,0,1,0,0,0
0.652669667,0,0,1,1,1,1
0.652698708,0,0,1,0,0,0
0.652867917,0,0,1,1,1,1
0.652897000,0,0,1,0,0,0
0.653066250,0,0,1,1,1,1
0.653095292,0,0,1,0,0,0
0.653264625,0,0,1,1,1,1
0.653293667,0,0,1,0,0,0
0.653463000,0,0,1,1,1,1
0.653492042,0,0,1,0,0,0
0.653661333,0,0,1,1,1,1
0.653690375,0,0,1,0,0,0
0.653859667,0,0,1,1,1,1
0.653888708,0,0,1,0,0,0
0.654058000,0,0,1,1,1,1
0.654087042,0,0,1,0,0,0
0.654256333,0,0,1,1,1,1
0.654285375,0,0,1,0,0,0
0.654454708,0,0,1,1,1,1
0.654483750,0,0,1,0,0,0
0.654652958,0,0,1,1,1,1
0.654682042,0,0,1,0,0,0
0.654851292,0,0,1,1,1,1
0.654880333,0,0,1,0,0,0
0.655049625,0,0,1,1,1,1
0.655078667,0,0,1,0,0,0
0.655247875,0,0,1,0,1,1
0.655247917,0,0,1,1,1,1
0.655276917,0,0,1,0,0,0
0.655446167,0,0,1,1,1,1
0.655475208,0,0,1,0,0,0
0.655644417,0,0,1,1,1,1
0.655673458,0,0,1,0,0,0
0.655842667,0,0,1,1,1,1
0.655871708,0,0,1,0,0,0
0.656040958,0,0,1,1,1,1
0.656070000,0,0,1,0,0,0
0.656239292,0,0,1,1,1,1
0.656268333,0,0,1,0,0,0
0.656437625,0,0,1,1,1,1
0.656466708,0,0,1,0,0,0
0.656635958,0,0,1,1,1,1
0.656665000,0,0,1,0,0,0
0.656834292,0,0,1,1,1,1
0.656863333,0,0,1,0,0,0
0.657032542,0,0,1,0,1,0
0.657032583,0,0,1,1,1,1
0.657061625,0,0,1,0,0,0
0.657230875,0,0,1,1,1,1
0.657259917,0,0,1,0,0,0
0.657429125,0,0,1,1,1,1
0.657458167,0,0,1,0,0,0
0.657627375,0,0,1,1,1,1
0.657656417,0,0,1,0,0,0
0.657825667,0,0,1,1,1,1
0.657854708,0,0,1,0,0,0
0.658023958,0,0,1,1,1,1
0.658053000,0,0,1,0,0,0
0.658222250,0,0,1,1,1,1
0.658251292,0,0,1,0,0,0
0.658420500,0,0,1,1,1,1
0.658449542,0,0,1,0,0,0
0.658618750,0,0,1,1,1,1
0.658647792,0,0,1,0,0,0
0.658817042,0,0,1,1,1,1
0.658846042,0,0,1,1,0,0
0.658846083,0,0,1,0,0,0
0.659015292,0,0,1,1,1,1
0.659044333,0,0,1,0,0,0
0.659213583,0,0,1,1,1,1
0.659242625,0,0,1,0,0,0
0.659411917,0,0,1,1,1,1
0.659440958,0,0,1,0,0,0
0.659610250,0,0,1,1,1,1
0.659639292,0,0,1,0,0,0
0.659808625,0,0,1,1,1,1
0.659837667,0,0,1,0,0,0
0.660006958,0,0,1,1,1,1
0.660036042,0,0,1,0,0,0
0.660205333,0,0,1,1,1,1
0.660234417,0,0,1,0,0,0
0.660403750,0,0,1,1,1,1
0.660432792,0,0,1,0,0,0
0.660602083,0,0,1,1,1,1
0.660631167,0,0,1,0,0,0
0.660800417,0,0,1,1,1,1
0.660829500,0,0,1,0,0,0
0.660998792,0,0,1,1,1,1
0.661027833,0,0,1,0,0,0
0.661197167,0,0,1,1,1,1
0.661226208,0,0,1,0,0,0
0.661395500,0,0,1,1,1,1
0.661424542,0,0,1,0,0,0
0.661593875,0,0,1,1,1,1
0.661622917,0,0,1,0,0,0
0.661792208,0,0,1,1,1,1
0.661821250,0,0,1,0,0,0
0.661990583,0,0,1,1,1,1
0.662019625,0,0,1,0,0,0
0.662188958,0,0,1,1,1,1
0.662218000,0,0,1,0,0,0
0.662387333,0,0,1,1,1,1
0.662416375,0,0,1,0,0,0
0.662585667,0,0,1,1,1,1
0.662614708,0,0,1,1,0,0
0.662614750,0,0,1,0,0,0
0.662784042,0,0,1,1,1,1
0.662813083,0,0,1,0,0,0
0.662982375,0,0,1,1,1,1
0.663011458,0,0,1,0,0,0
0.663180750,0,0,1,1,1,1
0.663209792,0,0,1,1,0,0
0.663209833,0,0,1,0,0,0
0.663379167,0,0,1,1,1,1
0.663408208,0,0,1,0,0,0
0.663577542,0,0,1,1,1,1
0.663606583,0,0,1,0,0,0
0.663775917,0,0,1,1,1,1
0.663804958,0,0,1,0,0,0
0.663974292,0,0,1,1,1,1
0.664003333,0,0,1,0,0,0
0.664172667,0,0,1,1,1,1
0.664201750,0,0,1,0,0,0
0.664371083,0,0,1,1,1,1
0.664400125,0,0,1,0,0,0
0.664569458,0,0,1,1,1,1
0.664598500,0,0,1,0,0,0
0.664767833,0,0,1,1,1,1
0.664796875,0,0,1,0,0,0
0.664966167,0,0,1,1,1,1
0.664995208,0,0,1,0,0,0
0.665164542,0,0,1,1,1,1
0.665193583,0,0,1,0,0,0
0.665362833,0,0,1,1,1,1
0.665391875,0,0,1,0,0,0
0.665561125,0,0,1,1,1,1
0.665590167,0,0,1,0,0,0
0.665759417,0,0,1,1,1,1
0.665788458,0,0,1,0,0,0
0.665957708,0,0,1,1,1,1
0.665986750,0,0,1,0,0,0
0.666156042,0,0,1,1,1,1
0.666185083,0,0,1,0,0,0
0.666354375,0,0,1,1,1,1
0.666383417,0,0,1,0,0,0
0.666552667,0,0,1,1,1,1
0.666581708,0,0,1,0,0,0
0.666751000,0,0,1,1,1,1
0.666780042,0,0,1,0,0,0
0.666949292,0,0,1,1,1,1
0.666978375,0,0,1,0,0,0
0.667147625,0,0,1,1,1,1
0.667176667,0,0,1,0,0,0
0.667345917,0,0,1,1,1,1
0.667375000,0,0,1,0,0,0
0.667544208,0,0,1,1,1,1
0.667573292,0,0,1,0,0,0
0.667742542,0,0,1,1,1,1
0.667771583,0,0,1,0,0,0
0.667940833,0,0,1,1,1,1
0.667969917,0,0,1,0,0,0
0.668139167,0,0,1,1,1,1
0.668168208,0,0,1,0,0,0
0.668337500,0,0,1,1,1,1
0.668366583,0,0,1,0,0,0
0.668535875,0,0,1,1,1,1
0.668564917,0,0,1,0,0,0
0.668734208,0,0,1,1,1,1
0.668763250,0,0,1,0,0,0
0.668932542,0,0,1,1,1,1
0.668961583,0,0,1,0,0,0
0.669130833,0,0,1,1,1,1
0.669159875,0,0,1,0,0,0
0.669329167,0,0,1,1,1,1
0.669358208,0,0,1,0,0,0
0.669527500,0,0,1,1,1,1
0.669556542,0,0,1,0,0,0
0.669725875,0,0,1,1,1,1
0.669754917,0,0,1,0,0,0
0.669924208,0,0,1,1,1,1
0.669953292,0,0,1,0,0,0
0.670122583,0,0,1,1,1,1
0.670151625,0,0,1,0,0,0
0.670320958,0,0,1,1,1,1
0.670350000,0,0,1,0,0,0
0.670519292,0,0,1,1,1,1
0.670548375,0,0,1,0,0,0
0.670717667,0,0,1,1,1,1
0.670746708,0,0,1,0,0,0
0.670916042,0,0,1,1,1,1
0.670945083,0,0,1,0,0,0
0.671114375,0,0,1,1,1,1
0.671143417,0,0,1,0,0,0
0.671312750,0,0,1,1,1,1
0.671341792,0,0,1,0,0,0
0.671511083,0,0,1,1,1,1
0.671540167,0,0,1,0,0,0
0.671709458,0,0,1,1,1,1
0.671738500,0,0,1,0,0,0
0.671907833,0,0,1,1,1,1
0.671936875,0,0,1,0,0,0
0.672106208,0,0,1,1,1,1
0.672135250,0,0,1,0,0,0
0.672304542,0,0,1,0,1,1
0.672304583,0,0,1,1,1,1
0.672333625,0,0,1,0,0,0
0.672502958,0,0,1,1,1,1
0.672532042,0,0,1,0,0,0
0.672701333,0,0,1,1,1,1
0.672730375,0,0,1,0,0,0
0.672899708,0,0,1,1,1,1
0.672928792,0,0,1,0,0,0
0.673098125,0,0,1,1,1,1
0.673127167,0,0,1,0,0,0
0.673296500,0,0,1,1,1,1
0.673325542,0,0,1,0,0,0
0.673494917,0,0,1,1,1,1
0.673523958,0,0,1,0,0,0
0.673693333,0,0,1,1,1,1
0.673722375,0,0,1,0,0,0
0.673891708,0,0,1,1,1,1
0.673920792,0,0,1,0,0,0
0.674090125,0,0,1,1,1,1
0.674119208,0,0,1,0,0,0
0.674288542,0,0,1,1,1,1
0.674317625,0,0,1,0,0,0
0.674486958,0,0,1,1,1,1
0.674516042,0,0,1,0,0,0
0.674685333,0,0,1,1,1,1
0.674714417,0,0,1,0,0,0
0.674883708,0,0,1,1,1,1
0.674912750,0,0,1,0,0,0
0.675082083,0,0,1,1,1,1
0.675111125,0,0,1,0,0,0
0.675280417,0,0,1,1,1,1
0.675309500,0,0,1,0,0,0
0.675478833,0,0,1,1,1,1
0.675507875,0,0,1,0,0,0
0.675677167,0,0,1,1,1,1
0.675706250,0,0,1,0,0,0
0.675875500,0,0,1,1,1,1
0.675904583,0,0,1,0,0,0
0.676073833,0,0,1,1,1,1
0.676102875,0,0,1,0,0,0
0.676272208,0,0,1,1,1,1
0.676301250,0,0,1,0,0,0
0.676470542,0,0,1,1,1,1
0.676499625,0,0,1,0,0,0
0.676668917,0,0,1,1,1,1
0.676698000,0,0,1,0,0,0
0.676867250,0,0,1,1,1,1
0.676896292,0,0,1,0,0,0
0.677065583,0,0,1,1,1,1
0.677094625,0,0,1,0,0,0
0.677263958,0,0,1,1,1,1
0.677293000,0,0,1,0,0,0
0.677462250,0,0,1,1,1,1
0.677491333,0,0,1,0,0,0
0.677660625,0,0,1,1,1,1
0.677689708,0,0,1,0,0,0
0.677859000,0,0,1,1,1,1
0.677888042,0,0,1,0,0,0
0.678057333,0,0,1,1,1,1
0.678086375,0,0,1,0,0,0
0.678255667,0,0,1,1,1,1
0.678284708,0,0,1,1,0,0
0.678284750,0,0,1,0,0,0
0.678454042,0,0,1,1,1,1
0.678483083,0,0,1,0,0,0
0.678652375,0,0,1,1,1,1
0.678681458,0,0,1,0,0,0
0.678850750,0,0,1,1,1,1
0.678879792,0,0,1,0,0,0
0.679049083,0,0,1,1,1,1
0.679078125,0,0,1,0,0,0
0.679247417,0,0,1,1,1,1
0.679276500,0,0,1,0,0,0
0.679445750,0,0,1,1,1,1
0.679474792,0,0,1,0,0,0
0.679644083,0,0,1,1,1,1
0.679673125,0,0,1,0,0,0
0.679842417,0,0,1,1,1,1
0.679871500,0,0,1,0,0,0
0.680040833,0,0,1,1,1,1
0.680069875,0,0,1,0,0,0
0.680239208,0,0,1,1,1,1
0.680268250,0,0,1,0,0,0
0.680437583,0,0,1,1,1,1
0.680466625,0,0,1,0,0,0
0.680635958,0,0,1,1,1,1
0.680665000,0,0,1,0,0,0
0.680834333,0,0,1,1,1,1
0.680863375,0,0,1,0,0,0
0.681032667,0,0,1,1,1,1
0.681061750,0,0,1,0,0,0
0.681231000,0,0,1,1,1,1
0.681260042,0,0,1,1,0,0
0.681260083,0,0,1,0,0,0
0.681429292,0,0,1,1,1,1
0.681458333,0,0,1,0,0,0
0.681627542,0,0,1,1,1,1
0.681656583,0,0,1,0,0,0
0.681825833,0,0,1,1,1,1
0.681854875,0,0,1,0,0,0
0.682024125,0,0,1,1,1,1
0.682053167,0,0,1,0,0,0
0.682222417,0,0,1,1,1,1
0.682251458,0,0,1,0,0,0
0.682420708,0,0,1,1,1,1
0.682449750,0,0,1,0,0,0
0.682619042,0,0,1,1,1,1
0.682648042,0,0,1,1,0,1
0.682648083,0,0,1,0,0,0
0.682817292,0,0,1,1,1,1
0.682846333,0,0,1,0,0,0
0.683015583,0,0,1,1,1,1
0.683044625,0,0,1,0,0,0
0.683213917,0,0,1,1,1,1
0.683242958,0,0,1,0,0,0
0.683412250,0,0,1,1,1,1
0.683441292,0,0,1,0,0,0
0.683610583,0,0,1,1,1,1
0.683639625,0,0,1,0,0,0
0.683808958,0,0,1,1,1,1
0.683838042,0,0,1,0,0,0
0.684007333,0,0,1,1,1,1
0.684036375,0,0,1,0,0,0
0.684205667,0,0,1,1,1,1
0.684234708,0,0,1,0,0,0
0.684404042,0,0,1,1,1,1
0.684433083,0,0,1,0,0,0
0.684602417,0,0,1,1,1,1
0.684631458,0,0,1,0,0,0
0.684800792,0,0,1,1,1,1
0.684829833,0,0,1,0,0,0
0.684999167,0,0,1,1,1,1
0.685028208,0,0,1,0,0,0
0.685197500,0,0,1,1,1,1
0.685226583,0,0,1,0,0,0
0.685395875,0,0,1,1,1,1
0.685424917,0,0,1,0,0,0
0.685594250,0,0,1,1,1,1
0.685623292,0,0,1,0,0,0
0.685792625,0,0,1,1,1,1
0.685821667,0,0,1,0,0,0
0.685990958,0,0,1,1,1,1
0.686020042,0,0,1,0,0,0
0.686189333,0,0,1,1,1,1
0.686218417,0,0,1,0,0,0
0.686387708,0,0,1,1,1,1
0.686416708,0,0,1,1,0,0
0.686416750,0,0,1,0,0,0
0.686585958,0,0,1,1,1,1
0.686615000,0,0,1,0,0,0
0.686784250,0,0,1,1,1,1
0.686813292,0,0,1,0,0,0
0.686982542,0,0,1,1,1,1
0.687011583,0,0,1,0,0,0
0.687180833,0,0,1,1,1,1
0.687209875,0,0,1,0,0,0
0.687379167,0,0,1,1,1,1
0.687408208,0,0,1,0,0,0
0.687577500,0,0,1,1,1,1
0.687606542,0,0,1,0,0,0
0.687775792,0,0,1,1,1,1
0.687804875,0,0,1,0,0,0
0.687974125,0,0,1,1,1,1
0.688003167,0,0,1,0,0,0
0.688172417,0,0,1,1,1,1
0.688201458,0,0,1,0,0,0
0.688370708,0,0,1,1,1,1
0.688399750,0,0,1,0,0,0
0.688569000,0,0,1,1,1,1
0.688598042,0,0,1,0,0,0
0.688767250,0,0,1,1,1,1
0.688796292,0,0,1,0,0,0
0.688965542,0,0,1,1,1,1
0.688994583,0,0,1,0,0,0
0.689163833,0,0,1,1,1,1
0.689192875,0,0,1,0,0,0
0.689362125,0,0,1,1,1,1
0.689391167,0,0,1,0,0,0
0.689560375,0,0,1,0,1,1
0.689560417,0,0,1,1,1,1
0.689589458,0,0,1,0,0,0
0.689758667,0,0,1,1,1,1
0.689787708,0,0,1,0,0,0
0.689957000,0,0,1,1,1,1
0.689986042,0,0,1,0,0,0
0.690155292,0,0,1,1,1,1
0.690184333,0,0,1,0,0,0
0.690353583,0,0,1,1,1,1
0.690382625,0,0,1,0,0,0
0.690551958,0,0,1,1,1,1
0.690581000,0,0,1,0,0,0
0.690750250,0,0,1,1,1,1
0.690779292,0,0,1,1,0,1
0.690779333,0,0,1,0,0,0
0.690948583,0,0,1,1,1,1
0.690977625,0,0,1,0,0,0
0.691146875,0,0,1,1,1,1
0.691175958,0,0,1,0,0,0
0.691345208,0,0,1,1,1,1
0.691374250,0,0,1,0,0,0
0.691543542,0,0,1,1,1,1
0.691572583,0,0,1,0,0,0
0.691741875,0,0,1,1,1,1
0.691770917,0,0,1,0,0,0
0.691940167,0,0,1,1,1,1
0.691969208,0,0,1,0,0,0
0.692138458,0,0,1,1,1,1
0.692167500,0,0,1,0,0,0
0.692336667,0,0,1,1,1,1
0.692365708,0,0,1,0,0,0
0.692534958,0,0,1,1,1,1
0.692563958,0,0,1,0,0,0
0.692733208,0,0,1,1,1,1
0.692762250,0,0,1,0,0,0
0.692931458,0,0,1,1,1,1
0.692960500,0,0,1,0,0,0
0.693129750,0,0,1,1,1,1
0.693158792,0,0,1,0,0,0
0.693328083,0,0,1,1,1,1
0.693357167,0,0,1,0,0,0
0.693526417,0,0,1,1,1,1
0.693555500,0,0,1,0,0,0
0.693724792,0,0,1,1,1,1
0.693753833,0,0,1,0,0,0
0.693923083,0,0,1,1,1,1
0.693952125,0,0,1,0,0,0
0.694121375,0,0,1,1,1,1
0.694150417,0,0,1,0,0,0
0.694319667,0,0,1,1,1,1
0.694348708,0,0,1,0,0,0
0.694517958,0,0,1,1,1,1
0.694547000,0,0,1,0,0,0
0.694716208,0,0,1,1,1,1
0.694745250,0,0,1,0,0,0
0.694914500,0,0,1,1,1,1
0.694943542,0,0,1,0,0,0
0.695112833,0,0,1,1,1,1
0.695141875,0,0,1,0,0,0
0.695311167,0,0,1,1,1,1
0.695340208,0,0,1,0,0,0
0.695509458,0,0,1,1,1,1
0.695538500,0,0,1,0,0,0
0.695707708,0,0,1,0,1,0
0.695707750,0,0,1,1,1,1
0.695736750,0,0,1,1,0,0
0.695736792,0,0,1,0,0,0
0.695906042,0,0,1,1,1,1
0.695935083,0,0,1,0,0,0
0.696104375,0,0,1,1,1,1
0.696133417,0,0,1,0,0,0
0.696302667,0,0,1,1,1,1
0.696331708,0,0,1,0,0,0
0.696500958,0,0,1,1,1,1
0.696530000,0,0,1,0,0,0
0.696699208,0,0,1,1,1,1
0.696728250,0,0,1,0,0,0
0.696897542,0,0,1,1,1,1
0.696926583,0,0,1,0,0,0
0.697095833,0,0,1,1,1,1
0.697124917,0,0,1,0,0,0
0.697294167,0,0,1,1,1,1
0.697323208,0,0,1,0,0,0
0.697492458,0,0,1,1,1,1
0.697521500,0,0,1,0,0,0
0.697690792,0,0,1,1,1,1
0.697719875,0,0,1,0,0,0
0.697889125,0,0,1,1,1,1
0.697918208,0,0,1,0,0,0
0.698087458,0,0,1,1,1,1
0.698116500,0,0,1,0,0,0
0.698285750,0,0,1,1,1,1
0.698314792,0,0,1,0,0,0
0.698484042,0,0,1,1,1,1
0.698513083,0,0,1,0,0,0
0.698682292,0,0,1,1,1,1
0.698711333,0,0,1,0,0,0
0.698880583,0,0,1,1,1,1
0.698909625,0,0,1,0,0,0
0.699078917,0,0,1,1,1,1
0.699107958,0,0,1,0,0,0
0.699277208,0,0,1,1,1,1
0.699306250,0,0,1,0,0,0
0.699475500,0,0,1,1,1,1
0.699504542,0,0,1,0,0,0
0.699673833,0,0,1,1,1,1
0.699702875,0,0,1,0,0,0
0.699872167,0,0,1,1,1,1
0.699901208,0,0,1,0,0,0
0.700070458,0,0,1,0,1,1
0.700070500,0,0,1,1,1,1
0.700099542,0,0,1,0,0,0
0.700268833,0,0,1,1,1,1
0.700297875,0,0,1,0,0,0
0.700467125,0,0,1,1,1,1
0.700496167,0,0,1,0,0,0
0.700665500,0,0,1,1,1,1
0.700694542,0,0,1,0,0,0
0.700863792,0,0,1,1,1,1
0.700892875,0,0,1,0,0,0
0.701062083,0,0,1,1,1,1
0.701091125,0,0,1,0,0,0
0.701260375,0,0,1,1,1,1
0.701289417,0,0,1,0,0,0
0.701458708,0,0,1,1,1,1
0.701487750,0,0,1,0,0,0
0.701657000,0,0,1,1,1,1
0.701686042,0,0,1,0,0,0
0.701855250,0,0,1,1,1,1
0.701884333,0,0,1,0,0,0
0.702053542,0,0,1,1,1,1
0.702082583,0,0,1,0,0,0
0.702251875,0,0,1,1,1,1
0.702280875,0,0,1,1,0,1
0.702280917,0,0,1,0,0,0
0.702450167,0,0,1,1,1,1
0.702479208,0,0,1,0,0,0
0.702648458,0,0,1,1,1,1
0.702677500,0,0,1,0,0,0
0.702846750,0,0,1,1,1,1
0.702875792,0,0,1,0,0,0
0.703045042,0,0,1,1,1,1
0.703074083,0,0,1,0,0,0
0.703243333,0,0,1,1,1,1
0.703272375,0,0,1,0,0,0
0.703441625,0,0,1,1,1,1
0.703470667,0,0,1,0,0,0
0.703639917,0,0,1,1,1,1
0.703669000,0,0,1,0,0,0
0.703838250,0,0,1,1,1,1
0.703867292,0,0,1,0,0,0
0.704036583,0,0,1,1,1,1
0.704065625,0,0,1,0,0,0
0.704234917,0,0,1,1,1,1
0.704263958,0,0,1,0,0,0
0.704433208,0,0,1,1,1,1
0.704462250,0,0,1,0,0,0
0.704631500,0,0,1,1,1,1
0.704660542,0,0,1,0,0,0
0.704829792,0,0,1,1,1,1
0.704858833,0,0,1,0,0,0
0.705028042,0,0,1,1,1,1
0.705057083,0,0,1,0,0,0
0.705226333,0,0,1,1,1,1
0.705255375,0,0,1,0,0,0
0.705424625,0,0,1,1,1,1
0.705453708,0,0,1,0,0,0
0.705622958,0,0,1,1,1,1
0.705652000,0,0,1,0,0,0
0.705821292,0,0,1,1,1,1
0.705850333,0,0,1,0,0,0
0.706019625,0,0,1,1,1,1
0.706048667,0,0,1,0,0,0
0.706217958,0,0,1,1,1,1
0.706247000,0,0,1,0,0,0
0.706416292,0,0,1,1,1,1
0.706445333,0,0,1,0,0,0
0.706614625,0,0,1,1,1,1
0.706643667,0,0,1,0,0,0
0.706812958,0,0,1,1,1,1
0.706842000,0,0,1,0,0,0
0.707011250,0,0,1,1,1,1
0.707040292,0,0,1,0,0,0
0.707209583,0,0,1,1,1,1
0.707238667,0,0,1,0,0,0
0.707407917,0,0,1,1,1,1
0.707437000,0,0,1,0,0,0
0.707606250,0,0,1,1,1,1
0.707635292,0,0,1,0,0,0
0.707804583,0,0,1,1,1,1
0.707833667,0,0,1,0,0,0
0.708003000,0,0,1,1,1,1
0.708032042,0,0,1,0,0,0
0.708201333,0,0,1,1,1,1
0.708230375,0,0,1,0,0,0
0.708399708,0,0,1,1,1,1
0.708428792,0,0,1,0,0,0
0.708598042,0,0,1,1,1,1
0.708627083,0,0,1,0,0,0
0.708796333,0,0,1,1,1,1
0.708825417,0,0,1,0,0,0
0.708994667,0,0,1,1,1,1
0.709023708,0,0,1,0,0,0
0.709192958,0,0,1,1,1,1
0.709222042,0,0,1,0,0,0
0.709391250,0,0,1,1,1,1
0.709420292,0,0,1,0,0,0
0.709589542,0,0,1,1,1,1
0.709618583,0,0,1,0,0,0
0.709787875,0,0,1,1,1,1
0.709816917,0,0,1,0,0,0
0.709986208,0,0,1,1,1,1
0.710015250,0,0,1,0,0,0
0.710184583,0,0,1,1,1,1
0.710213625,0,0,1,0,0,0
0.710382958,0,0,1,1,1,1
0.710412042,0,0,1,0,0,0
0.710581333,0,0,1,1,1,1
0.710610375,0,0,1,0,0,0
0.710779625,0,0,1,1,1,1
0.710808667,0,0,1,0,0,0
0.710977917,0,0,1,1,1,1
0.711006958,0,0,1,0,0,0
0.711176208,0,0,1,1,1,1
0.711205250,0,0,1,0,0,0
0.711374542,0,0,1,1,1,1
0.711403583,0,0,1,0,0,0
0.711572833,0,0,1,1,1,1
0.711601875,0,0,1,0,0,0
0.711771125,0,0,1,1,1,1
0.711800167,0,0,1,0,0,0
0.711969417,0,0,1,1,1,1
0.711998458,0,0,1,0,0,0
0.712167708,0,0,1,1,1,1
0.712196750,0,0,1,0,0,0
0.712365958,0,0,1,1,1,1
0.712395000,0,0,1,0,0,0
0.712564208,0,0,1,1,1,1
0.712593250,0,0,1,0,0,0
0.712762500,0,0,1,1,1,1
0.712791542,0,0,1,0,0,0
0.712960750,0,0,1,1,1,1
0.712989833,0,0,1,0,0,0
0.713159083,0,0,1,1,1,1
0.713188167,0,0,1,0,0,0
0.713357458,0,0,1,1,1,1
0.713386500,0,0,1,0,0,0
0.713555833,0,0,1,1,1,1
0.713584875,0,0,1,0,0,0
0.713754208,0,0,1,1,1,1
0.713783250,0,0,1,0,0,0
0.713952542,0,0,1,1,1,1
0.713981625,0,0,1,0,0,0
0.714150917,0,0,1,1,1,1
0.714179958,0,0,1,0,0,0
0.714349208,0,0,1,1,1,1
0.714378250,0,0,1,0,0,0
0.714547542,0,0,1,1,1,1
0.714576583,0,0,1,0,0,0
0.714745875,0,0,1,1,1,1
0.714774917,0,0,1,0,0,0
0.714944208,0,0,1,1,1,1
0.714973250,0,0,1,0,0,0
0.715142500,0,0,1,1,1,1
0.715171542,0,0,1,0,0,0
0.715340833,0,0,1,1,1,1
0.715369917,0,0,1,0,0,0
0.715539167,0,0,1,1,1,1
0.715568208,0,0,1,0,0,0
0.715737500,0,0,1,1,1,1
0.715766583,0,0,1,0,0,0
0.715935875,0,0,1,1,1,1
0.715964917,0,0,1,0,0,0
0.716134167,0,0,1,1,1,1
0.716163208,0,0,1,0,0,0
0.716332500,0,0,1,1,1,1
0.716361542,0,0,1,0,0,0
0.716530833,0,0,1,1,1,1
0.716559875,0,0,1,0,0,0
0.716729167,0,0,1,1,1,1
0.716758250,0,0,1,0,0,0
0.716927500,0,0,1,1,1,1
0.716956583,0,0,1,0,0,0
0.717125833,0,0,1,1,1,1
0.717154875,0,0,1,0,0,0
0.717324125,0,0,1,1,1,1
0.717353167,0,0,1,0,0,0
0.717522458,0,0,1,1,1,1
0.717551500,0,0,1,0,0,0
0.717720750,0,0,1,1,1,1
0.717749792,0,0,1,0,0,0
0.717919042,0,0,1,0,1,1
0.717919083,0,0,1,1,1,1
0.717948125,0,0,1,0,0,0
0.718117375,0,0,1,1,1,1
0.718146458,0,0,1,0,0,0
0.718315750,0,0,1,1,1,1
0.718344792,0,0,1,0,0,0
0.718514083,0,0,1,1,1,1
0.718543125,0,0,1,0,0,0
0.718712375,0,0,1,1,1,1
0.718741417,0,0,1,0,0,0
0.718910708,0,0,1,1,1,1
0.718939792,0,0,1,0,0,0
0.719109083,0,0,1,1,1,1
0.719138125,0,0,1,0,0,0
0.719307417,0,0,1,1,1,1
0.719336458,0,0,1,0,0,0
0.719505750,0,0,1,1,1,1
0.719534792,0,0,1,0,0,0
0.719704042,0,0,1,1,1,1
0.719733083,0,0,1,0,0,0
0.719902375,0,0,1,1,1,1
0.719931417,0,0,1,0,0,0
0.720100667,0,0,1,1,1,1
0.720129708,0,0,1,0,0,0
0.720298958,0,0,1,1,1,1
0.720328000,0,0,1,0,0,0
0.720497250,0,0,1,1,1,1
0.720526292,0,0,1,0,0,0
0.720695583,0,0,1,1,1,1
0.720724625,0,0,1,0,0,0
0.720893958,0,0,1,1,1,1
0.720923000,0,0,1,0,0,0
0.721092333,0,0,1,1,1,1
0.721121375,0,0,1,0,0,0
0.721290625,0,0,1,1,1,1
0.721319667,0,0,1,0,0,0
0.721488875,0,0,1,0,1,0
0.721488917,0,0,1,1,1,1
0.721517958,0,0,1,0,0,0
0.721687167,0,0,1,1,1,1
0.721716208,0,0,1,0,0,0
0.721885458,0,0,1,1,1,1
0.721914500,0,0,1,0,0,0
0.722083750,0,0,1,1,1,1
0.722112792,0,0,1,0,0,0
0.722282042,0,0,1,1,1,1
0.722311083,0,0,1,0,0,0
0.722480375,0,0,1,1,1,1
0.722509417,0,0,1,0,0,0
0.722678708,0,0,1,1,1,1
0.722707750,0,0,1,0,0,0
0.722877042,0,0,1,1,1,1
0.722906083,0,0,1,0,0,0
0.723075333,0,0,1,1,1,1
0.723104375,0,0,1,0,0,0
0.723273583,0,0,1,1,1,1
0.723302625,0,0,1,0,0,0
0.723471917,0,0,1,1,1,1
0.723500958,0,0,1,0,0,0
0.723670250,0,0,1,1,1,1
0.723699292,0,0,1,0,0,0
0.723868583,0,0,1,1,1,1
0.723897667,0,0,1,0,0,0
0.724066958,0,0,1,1,1,1
0.724096000,0,0,1,0,0,0
0.724265250,0,0,1,1,1,1
0.724294292,0,0,1,0,0,0
0.724463583,0,0,1,1,1,1
0.724492625,0,0,1,0,0,0
0.724661917,0,0,1,1,1,1
0.724691000,0,0,1,0,0,0
0.724860250,0,0,1,1,1,1
0.724889333,0,0,1,0,0,0
0.725058625,0,0,1,1,1,1
0.725087667,0,0,1,0,0,0
0.725256958,0,0,1,1,1,1
0.725286000,0,0,1,0,0,0
0.725455250,0,0,1,1,1,1
0.725484292,0,0,1,0,0,0
0.725653542,0,0,1,1,1,1
0.725682583,0,0,1,0,0,0
0.725851833,0,0,1,1,1,1
0.725880875,0,0,1,0,0,0
0.726050167,0,0,1,1,1,1
0.726079208,0,0,1,0,0,0
0.726248458,0,0,1,1,1,1
0.726277500,0,0,1,0,0,0
0.726446792,0,0,1,1,1,1
0.726475833,0,0,1,0,0,0
0.726645083,0,0,1,1,1,1
0.726674125,0,0,1,0,0,0
0.726843417,0,0,1,1,1,1
0.726872458,0,0,1,0,0,0
0.727041708,0,0,1,1,1,1
0.727070750,0,0,1,0,0,0
0.727240042,0,0,1,1,1,1
0.727269083,0,0,1,0,0,0
0.727438333,0,0,1,1,1,1
0.727467375,0,0,1,1,0,1
0.727467417,0,0,1,0,0,0
0.727636667,0,0,1,1,1,1
0.727665750,0,0,1,0,0,0
0.727835000,0,0,1,1,1,1
0.727864042,0,0,1,0,0,0
0.728033292,0,0,1,1,1,1
0.728062333,0,0,1,0,0,0
0.728231542,0,0,1,0,1,0
0.728231583,0,0,1,1,1,1
0.728260583,0,0,1,0,0,0
0.728429833,0,0,1,1,1,1
0.728458875,0,0,1,0,0,0
0.728628125,0,0,1,1,1,1
0.728657167,0,0,1,0,0,0
0.728826417,0,0,1,1,1,1
0.728855458,0,0,1,0,0,0
0.729024708,0,0,1,1,1,1
0.729053750,0,0,1,0,0,0
0.729223000,0,0,1,1,1,1
0.729252042,0,0,1,0,0,0
0.729421250,0,0,1,1,1,1
0.729450292,0,0,1,0,0,0
0.729619500,0,0,1,1,1,1
0.729648542,0,0,1,0,0,0
0.729817792,0,0,1,1,1,1
0.729846833,0,0,1,0,0,0
0.730016042,0,0,1,1,1,1
0.730045083,0,0,1,0,0,0
0.730214250,0,0,1,0,0,1
0.730214292,0,0,1,1,1,1
0.730243292,0,0,1,0,0,0
0.730412500,0,0,1,1,1,1
0.730441542,0,0,1,0,0,0
0.730610750,0,0,1,1,1,1
0.730639792,0,0,1,0,0,0
0.730809042,0,0,1,1,1,1
0.730838083,0,0,1,0,0,0
0.731007333,0,0,1,1,1,1
0.731036375,0,0,1,0,0,0
0.731205583,0,0,1,1,1,1
0.731234625,0,0,1,1,0,0
0.731234667,0,0,1,0,0,0
0.731403875,0,0,1,1,1,1
0.731432917,0,0,1,0,0,0
0.731602167,0,0,1,1,1,1
0.731631208,0,0,1,0,0,0
0.731800458,0,0,1,1,1,1
0.731829500,0,0,1,0,0,0
0.731998708,0,0,1,1,1,1
0.732027750,0,0,1,0,0,0
0.732197000,0,0,1,1,1,1
0.732226000,0,0,1,0,0,0
0.732395250,0,0,1,1,1,1
0.732424292,0,0,1,0,0,0
0.732593500,0,0,1,1,1,1
0.732622542,0,0,1,0,0,0
0.732791792,0,0,1,0,1,1
0.732791833,0,0,1,1,1,1
0.732820875,0,0,1,0,0,0
0.732990125,0,0,1,1,1,1
0.733019167,0,0,1,0,0,0
0.733188458,0,0,1,1,1,1
0.733217500,0,0,1,0,0,0
0.733386792,0,0,1,1,1,1
0.733415833,0,0,1,0,0,0
0.733585125,0,0,1,1,1,1
0.733614167,0,0,1,0,0,0
0.733783458,0,0,1,1,1,1
0.733812500,0,0,1,0,0,0
0.733981792,0,0,1,1,1,1
0.734010833,0,0,1,0,0,0
0.734180125,0,0,1,1,1,1
0.734209167,0,0,1,0,0,0
0.734378458,0,0,1,1,1,1
0.734407500,0,0,1,0,0,0
0.734576792,0,0,1,1,1,1
0.734605833,0,0,1,0,0,0
0.734775125,0,0,1,0,1,1
0.734775167,0,0,1,1,1,1
0.734804208,0,0,1,0,0,0
0.734973458,0,0,1,1,1,1
0.735002500,0,0,1,0,0,0
0.735171792,0,0,1,1,1,1
0.735200833,0,0,1,0,0,0
0.735370125,0,0,1,0,1,1
0.735370167,0,0,1,1,1,1
0.735399208,0,0,1,0,0,0
0.735568458,0,0,1,1,1,1
0.735597500,0,0,1,0,0,0
0.735766792,0,0,1,1,1,1
0.735795833,0,0,1,0,0,0
0.735965042,0,0,1,1,1,1
0.735994083,0,0,1,0,0,0
0.736163333,0,0,1,1,1,1
0.736192375,0,0,1,0,0,0
0.736361667,0,0,1,1,1,1
0.736390708,0,0,1,0,0,0
0.736560000,0,0,1,1,1,1
0.736589042,0,0,1,0,0,0
0.736758292,0,0,1,1,1,1
0.736787333,0,0,1,0,0,0
0.736956583,0,0,1,1,1,1
0.736985625,0,0,1,0,0,0
0.737154833,0,0,1,0,1,1
0.737154875,0,0,1,1,1,1
0.737183875,0,0,1,0,0,0
0.737353125,0,0,1,1,1,1
0.737382167,0,0,1,0,0,0
0.737551375,0,0,1,1,1,1
0.737580417,0,0,1,0,0,0
0.737749667,0,0,1,1,1,1
0.737778708,0,0,1,0,0,0
0.737947958,0,0,1,1,1,1
0.737977000,0,0,1,0,0,0
0.738146208,0,0,1,1,1,1
0.738175250,0,0,1,0,0,0
0.738344458,0,0,1,1,1,1
0.738373500,0,0,1,0,0,0
0.738542708,0,0,1,1,1,1
0.738571750,0,0,1,0,0,0
0.738741000,0,0,1,1,1,1
0.738770042,0,0,1,0,0,0
0.738939250,0,0,1,1,1,1
0.738968292,0,0,1,0,0,0
0.739137500,0,0,1,1,1,1
0.739166542,0,0,1,0,0,0
0.739335792,0,0,1,1,1,1
0.739364833,0,0,1,0,0,0
0.739534083,0,0,1,1,1,1
0.739563125,0,0,1,0,0,0
0.739732417,0,0,1,1,1,1
0.739761458,0,0,1,0,0,0
0.739930667,0,0,1,1,1,1
0.739959708,0,0,1,0,0,0
0.740128958,0,0,1,1,1,1
0.740158000,0,0,1,0,0,0
0.740327250,0,0,1,1,1,1
0.740356292,0,0,1,0,0,0
0.740525583,0,0,1,1,1,1
0.740554625,0,0,1,0,0,0
0.740723917,0,0,1,1,1,1
0.740752958,0,0,1,0,0,0
0.740922250,0,0,1,1,1,1
0.740951292,0,0,1,0,0,0
0.741120625,0,0,1,1,1,1
0.741149667,0,0,1,0,0,0
0.741318958,0,0,1,0,1,0
0.741319000,0,0,1,1,1,1
0.741348042,0,0,1,0,0,0
0.741517333,0,0,1,1,1,1
0.741546417,0,0,1,0,0,0
0.741715750,0,0,1,1,1,1
0.741744792,0,0,1,0,0,0
0.741914083,0,0,1,1,1,1
0.741943125,0,0,1,0,0,0
0.742112417,0,0,1,1,1,1
0.742141458,0,0,1,0,0,0
0.742310750,0,0,1,1,1,1
0.742339833,0,0,1,0,0,0
0.742509125,0,0,1,1,1,1
0.742538167,0,0,1,0,0,0
0.742707417,0,0,1,1,1,1
0.742736458,0,0,1,0,0,0
0.742905792,0,0,1,1,1,1
0.742934833,0,0,1,0,0,0
0.743104042,0,0,1,1,1,1
0.743133125,0,0,1,0,0,0
0.743302375,0,0,1,1,1,1
0.743331417,0,0,1,0,0,0
0.743500667,0,0,1,1,1,1
0.743529750,0,0,1,0,0,0
0.743699042,0,0,1,1,1,1
0.743728083,0,0,1,0,0,0
0.743897375,0,0,1,1,1,1
0.743926417,0,0,1,0,0,0
0.744095708,0,0,1,1,1,1
0.744124792,0,0,1,0,0,0
0.744294083,0,0,1,1,1,1
0.744323125,0,0,1,0,0,0
0.744492375,0,0,1,1,1,1
0.744521417,0,0,1,0,0,0
0.744690625,0,0,1,1,1,1
0.744719667,0,0,1,0,0,0
0.744888958,0,0,1,1,1,1
0.744918000,0,0,1,0,0,0
0.745087292,0,0,1,1,1,1
0.745116333,0,0,1,0,0,0
0.745285625,0,0,1,1,1,1
0.745314667,0,0,1,0,0,0
0.745483917,0,0,1,1,1,1
0.745512958,0,0,1,0,0,0
0.745682208,0,0,1,1,1,1
0.745711250,0,0,1,0,0,0
0.745880500,0,0,1,1,1,1
0.745909542,0,0,1,0,0,0
0.746078792,0,0,1,1,1,1
0.746107833,0,0,1,0,0,0
0.746277083,0,0,1,1,1,1
0.746306125,0,0,1,0,0,0
0.746475375,0,0,1,1,1,1
0.746504417,0,0,1,0,0,0
0.746673667,0,0,1,1,1,1
0.746702708,0,0,1,0,0,0
0.746871917,0,0,1,1,1,1
0.746900958,0,0,1,0,0,0
0.747070208,0,0,1,1,1,1
0.747099250,0,0,1,0,0,0
0.747268458,0,0,1,1,1,1
0.747297500,0,0,1,1,0,0
0.747297542,0,0,1,0,0,0
0.747466750,0,0,1,1,1,1
0.747495792,0,0,1,0,0,0
0.747665000,0,0,1,1,1,1
0.747694042,0,0,1,0,0,0
0.747863250,0,0,1,1,1,1
0.747892292,0,0,1,0,0,0
0.748061542,0,0,1,1,1,1
0.748090583,0,0,1,0,0,0
0.748259792,0,0,1,1,1,1
0.748288833,0,0,1,0,0,0
0.748458042,0,0,1,1,1,1
0.748487083,0,0,1,0,0,0
0.748656333,0,0,1,1,1,1
0.748685375,0,0,1,0,0,0
0.748854625,0,0,1,1,1,1
0.748883667,0,0,1,0,0,0
0.749052917,0,0,1,1,1,1
0.749081958,0,0,1,0,0,0
0.749251208,0,0,1,1,1,1
0.749280250,0,0,1,0,0,0
0.749449458,0,0,1,1,1,1
0.749478500,0,0,1,0,0,0
0.749647750,0,0,1,1,1,1
0.749676792,0,0,1,0,0,0
0.749846042,0,0,1,1,1,1
0.749875083,0,0,1,0,0,0
0.750044375,0,0,1,1,1,1
0.750073417,0,0,1,0,0,0
0.750242667,0,0,1,1,1,1
0.750271708,0,0,1,0,0,0
0.750440958,0,0,1,1,1,1
0.750470000,0,0,1,0,0,0
0.750639250,0,0,1,1,1,1
0.750668292,0,0,1,0,0,0
0.750837542,0,0,1,0,1,0
0.750837583,0,0,1,1,1,1
0.750866625,0,0,1,0,0,0
0.751035833,0,0,1,1,1,1
0.751064875,0,0,1,0,0,0
0.751234167,0,0,1,1,1,1
0.751263208,0,0,1,0,0,0
0.751432458,0,0,1,1,1,1
0.751461500,0,0,1,0,0,0
0.751630750,0,0,1,1,1,1
0.751659792,0,0,1,0,0,0
0.751829042,0,0,1,1,1,1
0.751858083,0,0,1,0,0,0
0.752027333,0,0,1,1,1,1
0.752056333,0,0,1,1,0,0
0.752056375,0,0,1,0,0,0
0.752225625,0,0,1,1,1,1
0.752254667,0,0,1,0,0,0
0.752423917,0,0,1,1,1,1
0.752452958,0,0,1,0,0,0
0.752622208,0,0,1,1,1,1
0.752651250,0,0,1,0,0,0
0.752820417,0,0,1,1,1,1
0.752849458,0,0,1,0,0,0
0.753018667,0,0,1,1,1,1
0.753047708,0,0,1,0,0,0
0.753216958,0,0,1,1,1,1
0.753246000,0,0,1,0,0,0
0.753415250,0,0,1,1,1,1
0.753444292,0,0,1,0,0,0
0.753613500,0,0,1,1,1,1
0.753642542,0,0,1,0,0,0
0.753811792,0,0,1,1,1,1
0.753840833,0,0,1,0,0,0
0.754010083,0,0,1,1,1,1
0.754039125,0,0,1,0,0,0
0.754208417,0,0,1,1,1,1
0.754237458,0,0,1,0,0,0
0.754406708,0,0,1,1,1,1
0.754435750,0,0,1,0,0,0
0.754605042,0,0,1,1,1,1
0.754634083,0,0,1,0,0,0
0.754803375,0,0,1,1,1,1
0.754832417,0,0,1,0,0,0
0.755001667,0,0,1,1,1,1
0.755030708,0,0,1,0,0,0
0.755200000,0,0,1,1,1,1
0.755229042,0,0,1,0,0,0
0.755398292,0,0,1,1,1,1
0.755427333,0,0,1,0,0,0
0.755596625,0,0,1,1,1,1
0.755625667,0,0,1,0,0,0
0.755794917,0,0,1,1,1,1
0.755823958,0,0,1,0,0,0
0.755993208,0,0,1,1,1,1
0.756022208,0,0,1,0,0,0
0.756191417,0,0,1,1,1,1
0.756220500,0,0,1,0,0,0
0.756389708,0,0,1,1,1,1
0.756418750,0,0,1,0,0,0
0.756588000,0,0,1,1,1,1
0.756617042,0,0,1,0,0,0
0.756786292,0,0,1,1,1,1
0.756815333,0,0,1,0,0,0
0.756984542,0,0,1,1,1,1
0.757013583,0,0,1,0,0,0
0.757182833,0,0,1,1,1,1
0.757211833,0,0,1,0,0,0
0.757381083,0,0,1,1,1,1
0.757410125,0,0,1,0,0,0
0.757579375,0,0,1,1,1,1
0.757608417,0,0,1,0,0,0
0.757777625,0,0,1,1,1,1
0.757806667,0,0,1,0,0,0
0.757975833,0,0,1,1,1,1
0.758004875,0,0,1,0,0,0
0.758174083,0,0,1,1,1,1
0.758203125,0,0,1,0,0,0
0.758372292,0,0,1,1,1,1
0.758401333,0,0,1,0,0,0
0.758570542,0,0,1,1,1,1
0.758599583,0,0,1,0,0,0
0.758768792,0,0,1,1,1,1
0.758797833,0,0,1,0,0,0
0.758967042,0,0,1,1,1,1
0.758996083,0,0,1,0,0,0
0.759165250,0,0,1,1,1,1
0.759194292,0,0,1,0,0,0
0.759363500,0,0,1,1,1,1
0.759392542,0,0,1,0,0,0
0.759561708,0,0,1,1,1,1
0.759590708,0,0,1,1,0,0
0.759590750,0,0,1,0,0,0
0.759759917,0,0,1,1,1,1
0.759788958,0,0,1,0,0,0
0.759958208,0,0,1,1,1,1
0.759987250,0,0,1,0,0,0
0.760156500,0,0,1,1,1,1
0.760185542,0,0,1,0,0,0
0.760354833,0,0,1,1,1,1
0.760383875,0,0,1,1,0,0
0.760383917,0,0,1,0,0,0
0.760553208,0,0,1,1,1,1
0.760582250,0,0,1,0,0,0
0.760751542,0,0,1,1,1,1
0.760780583,0,0,1,0,0,0
0.760949875,0,0,1,1,1,1
0.760978917,0,0,1,0,0,0
0.761148208,0,0,1,1,1,1
0.761177250,0,0,1,0,0,0
0.761346542,0,0,1,1,1,1
0.761375583,0,0,1,0,0,0
0.761544792,0,0,1,1,1,1
0.761573792,0,0,1,0,0,0
0.761743042,0,0,1,1,1,1
0.761772083,0,0,1,0,0,0
0.761941292,0,0,1,1,1,1
0.761970292,0,0,1,1,0,0
0.761970333,0,0,1,0,0,0
0.762139458,0,0,1,1,1,1
0.762168500,0,0,1,0,0,0
0.762337667,0,0,1,1,1,1
0.762366708,0,0,1,0,0,0
0.762535917,0,0,1,1,1,1
0.762564917,0,0,1,0,0,0
0.762734167,0,0,1,1,1,1
0.762763208,0,0,1,0,0,0
0.762932375,0,0,1,1,1,1
0.762961417,0,0,1,0,0,0
0.763130583,0,0,1,1,1,1
0.763159625,0,0,1,0,0,0
0.763328750,0,0,1,1,1,1
0.763357792,0,0,1,0,0,0
0.763526917,0,0,1,1,1,1
0.763555958,0,0,1,0,0,0
0.763725167,0,0,1,1,1,1
0.763754208,0,0,1,0,0,0
0.763923417,0,0,1,1,1,1
0.763952458,0,0,1,0,0,0
0.764121708,0,0,1,1,1,1
0.764150750,0,0,1,0,0,0
0.764320000,0,0,1,1,1,1
0.764349042,0,0,1,0,0,0
0.764518292,0,0,1,1,1,1
0.764547333,0,0,1,0,0,0
0.764716583,0,0,1,1,1,1
0.764745625,0,0,1,0,0,0
0.764914875,0,0,1,1,1,1
0.764943917,0,0,1,0,0,0
0.765113125,0,0,1,1,1,1
0.765142167,0,0,1,0,0,0
0.765311417,0,0,1,1,1,1
0.765340417,0,0,1,0,0,0
0.765509667,0,0,1,1,1,1
0.765538708,0,0,1,0,0,0
0.765707917,0,0,1,1,1,1
0.765736958,0,0,1,0,0,0
0.765906167,0,0,1,1,1,1
0.765935208,0,0,1,0,0,0
0.766104458,0,0,1,1,1,1
0.766133500,0,0,1,0,0,0
0.766302708,0,0,1,1,1,1
0.766331750,0,0,1,0,0,0
0.766501000,0,0,1,1,1,1
0.766530042,0,0,1,0,0,0
0.766699250,0,0,1,1,1,1
0.766728292,0,0,1,0,0,0
0.766897500,0,0,1,1,1,1
0.766926542,0,0,1,0,0,0
0.767095750,0,0,1,1,1,1
0.767124792,0,0,1,0,0,0
0.767294042,0,0,1,1,1,1
0.767323083,0,0,1,0,0,0
0.767492375,0,0,1,1,1,1
0.767521417,0,0,1,0,0,0
0.767690750,0,0,1,1,1,1
0.767719792,0,0,1,0,0,0
0.767889125,0,0,1,1,1,1
0.767918167,0,0,1,0,0,0
0.768087417,0,0,1,1,1,1
0.768116458,0,0,1,0,0,0
0.768285708,0,0,1,1,1,1
0.768314750,0,0,1,0,0,0
0.768484000,0,0,1,1,1,1
0.768513042,0,0,1,0,0,0
0.768682250,0,0,1,1,1,1
0.768711292,0,0,1,0,0,0
0.768880458,0,0,1,1,1,1
0.768909500,0,0,1,0,0,0
0.769078708,0,0,1,1,1,1
0.769107750,0,0,1,0,0,0
0.769276958,0,0,1,1,1,1
0.769306000,0,0,1,0,0,0
0.769475208,0,0,1,1,1,1
0.769504250,0,0,1,0,0,0
0.769673417,0,0,1,1,1,1
0.769702458,0,0,1,0,0,0
0.769871667,0,0,1,1,1,1
0.769900708,0,0,1,0,0,0
0.770069917,0,0,1,1,1,1
0.770098958,0,0,1,0,0,0
0.770268208,0,0,1,1,1,1
0.770297250,0,0,1,0,0,0
0.770466458,0,0,1,1,1,1
0.770495500,0,0,1,0,0,0
0.770664792,0,0,1,1,1,1
0.770693833,0,0,1,0,0,0
0.770863083,0,0,1,1,1,1
0.770892125,0,0,1,0,0,0
0.771061375,0,0,1,1,1,1
0.771090417,0,0,1,0,0,0
0.771259667,0,0,1,1,1,1
0.771288708,0,0,1,0,0,0
0.771457958,0,0,1,1,1,1
0.771487000,0,0,1,0,0,0
0.771656250,0,0,1,1,1,1
0.771685292,0,0,1,0,0,0
0.771854542,0,0,1,1,1,1
0.771883583,0,0,1,0,0,0
0.772052792,0,0,1,0,1,1
0.772052833,0,0,1,1,1,1
0.772081875,0,0,1,0,0,0
0.772251083,0,0,1,1,1,1
0.772280125,0,0,1,0,0,0
0.772449333,0,0,1,1,1,1
0.772478375,0,0,1,0,0,0
0.772647625,0,0,1,1,1,1
0.772676667,0,0,1,0,0,0
0.772845875,0,0,1,1,1,1
0.772874917,0,0,1,0,0,0
0.773044167,0,0,1,1,1,1
0.773073208,0,0,1,1,0,0
0.773073250,0,0,1,0,0,0
0.773242458,0,0,1,1,1,1
0.773271500,0,0,1,0,0,0
0.773440750,0,0,1,1,1,1
0.773469792,0,0,1,0,0,0
0.773639083,0,0,1,1,1,1
0.773668125,0,0,1,0,0,0
0.773837333,0,0,1,0,1,1
0.773837375,0,0,1,1,1,1
0.773866417,0,0,1,0,0,0
0.774035667,0,0,1,1,1,1
0.774064708,0,0,1,0,0,0
0.774233917,0,0,1,1,1,1
0.774263000,0,0,1,0,0,0
0.774432250,0,0,1,1,1,1
0.774461292,0,0,1,0,0,0
0.774630583,0,0,1,1,1,1
0.774659625,0,0,1,0,0,0
0.774828875,0,0,1,1,1,1
0.774857917,0,0,1,0,0,0
0.775027208,0,0,1,1,1,1
0.775056292,0,0,1,0,0,0
0.775225542,0,0,1,1,1,1
0.775254583,0,0,1,0,0,0
0.775423792,0,0,1,1,1,1
0.775452833,0,0,1,0,0,0
0.775622042,0,0,1,1,1,1
0.775651125,0,0,1,0,0,0
0.775820375,0,0,1,1,1,1
0.775849458,0,0,1,0,0,0
0.776018708,0,0,1,1,1,1
0.776047750,0,0,1,0,0,0
0.776217000,0,0,1,1,1,1
0.776246042,0,0,1,0,0,0
0.776415333,0,0,1,1,1,1
0.776444375,0,0,1,0,0,0
0.776613667,0,0,1,1,1,1
0.776642708,0,0,1,0,0,0
0.776812000,0,0,1,1,1,1
0.776841042,0,0,1,0,0,0
0.777010333,0,0,1,1,1,1
0.777039375,0,0,1,0,0,0
0.777208667,0,0,1,1,1,1
0.777237708,0,0,1,0,0,0
0.777407000,0,0,1,1,1,1
0.777436042,0,0,1,0,0,0
0.777605292,0,0,1,1,1,1
0.777634333,0,0,1,0,0,0
0.777803583,0,0,1,1,1,1
0.777832625,0,0,1,0,0,0
0.778001917,0,0,1,1,1,1
0.778030958,0,0,1,0,0,0
0.778200208,0,0,1,1,1,1
0.778229250,0,0,1,0,0,0
0.778398500,0,0,1,1,1,1
0.778427542,0,0,1,0,0,0
0.778596792,0,0,1,1,1,1
0.778625833,0,0,1,0,0,0
0.778795083,0,0,1,1,1,1
0.778824125,0,0,1,0,0,0
0.778993333,0,0,1,0,1,1
0.778993375,0,0,1,1,1,1
0.779022417,0,0,1,0,0,0
0.779191667,0,0,1,1,1,1
0.779220708,0,0,1,0,0,0
0.779389958,0,0,1,1,1,1
0.779419000,0,0,1,0,0,0
0.779588250,0,0,1,1,1,1
0.779617250,0,0,1,0,0,0
0.779786500,0,0,1,1,1,1
0.779815542,0,0,1,0,0,0
0.779984750,0,0,1,1,1,1
0.780013792,0,0,1,0,0,0
0.780183000,0,0,1,1,1,1
0.780212042,0,0,1,0,0,0
0.780381250,0,0,1,1,1,1
0.780410292,0,0,1,0,0,0
0.780579542,0,0,1,1,1,1
0.780608583,0,0,1,0,0,0
0.780777875,0,0,1,1,1,1
0.780806917,0,0,1,0,0,0
0.780976208,0,0,1,1,1,1
0.781005250,0,0,1,0,0,0
0.781174500,0,0,1,1,1,1
0.781203542,0,0,1,0,0,0
0.781372792,0,0,1,1,1,1
0.781401833,0,0,1,0,0,0
0.781571125,0,0,1,1,1,1
0.781600125,0,0,1,1,0,1
0.781600167,0,0,1,0,0,0
0.781769417,0,0,1,1,1,1
0.781798458,0,0,1,0,0,0
0.781967667,0,0,1,1,1,1
0.781996708,0,0,1,0,0,0
0.782165958,0,0,1,1,1,1
0.782195000,0,0,1,0,0,0
0.782364250,0,0,1,1,1,1
0.782393292,0,0,1,0,0,0
0.782562500,0,0,1,1,1,1
0.782591542,0,0,1,0,0,0
0.782760750,0,0,1,1,1,1
0.782789792,0,0,1,0,0,0
0.782959042,0,0,1,1,1,1
0.782988083,0,0,1,0,0,0
0.783157333,0,0,1,1,1,1
0.783186375,0,0,1,0,0,0
0.783355625,0,0,1,1,1,1
0.783384667,0,0,1,0,0,0
0.783553917,0,0,1,1,1,1
0.783582958,0,0,1,0,0,0
0.783752167,0,0,1,1,1,1
0.783781208,0,0,1,0,0,0
0.783950417,0,0,1,1,1,1
0.783979458,0,0,1,0,0,0
0.784148667,0,0,1,1,1,1
0.784177667,0,0,1,0,0,0
0.784346875,0,0,1,1,1,1
0.784375917,0,0,1,0,0,0
0.784545125,0,0,1,1,1,1
0.784574167,0,0,1,0,0,0
0.784743417,0,0,1,1,1,1
0.784772458,0,0,1,0,0,0
0.784941708,0,0,1,1,1,1
0.784970750,0,0,1,0,0,0
0.785140042,0,0,1,1,1,1
0.785169083,0,0,1,0,0,0
0.785338333,0,0,1,1,1,1
0.785367375,0,0,1,0,0,0
0.785536667,0,0,1,1,1,1
0.785565708,0,0,1,0,0,0
0.785735000,0,0,1,1,1,1
0.785764042,0,0,1,0,0,0
0.785933292,0,0,1,1,1,1
0.785962333,0,0,1,0,0,0
0.786131583,0,0,1,1,1,1
0.786160625,0,0,1,0,0,0
0.786329917,0,0,1,1,1,1
0.786359000,0,0,1,0,0,0
0.786528208,0,0,1,0,1,0
0.786528250,0,0,1,1,1,1
0.786557250,0,0,1,0,0,0
0.786726500,0,0,1,1,1,1
0.786755542,0,0,1,0,0,0
0.786924792,0,0,1,1,1,1
0.786953833,0,0,1,0,0,0
0.787123000,0,0,1,1,1,1
0.787152042,0,0,1,0,0,0
0.787321208,0,0,1,1,1,1
0.787350208,0,0,1,0,0,0
0.787519375,0,0,1,1,1,1
0.787548417,0,0,1,0,0,0
0.787717542,0,0,1,0,1,1
0.787717583,0,0,1,1,1,1
0.787746583,0,0,1,0,0,0
0.787915750,0,0,1,1,1,1
0.787944792,0,0,1,0,0,0
0.788114000,0,0,1,1,1,1
0.788143000,0,0,1,0,0,0
0.788312208,0,0,1,1,1,1
0.788341208,0,0,1,0,0,0
0.788510417,0,0,1,1,1,1
0.788539458,0,0,1,0,0,0
0.788708625,0,0,1,1,1,1
0.788737667,0,0,1,0,0,0
0.788906833,0,0,1,1,1,1
0.788935875,0,0,1,0,0,0
0.789105083,0,0,1,1,1,1
0.789134125,0,0,1,0,0,0
0.789303292,0,0,1,0,1,0
0.789303333,0,0,1,1,1,1
0.789332333,0,0,1,0,0,0
0.789501500,0,0,1,1,1,1
0.789530542,0,0,1,1,0,1
0.789530583,0,0,1,0,0,0
0.789699792,0,0,1,1,1,1
0.789728833,0,0,1,0,0,0
0.789898042,0,0,1,1,1,1
0.789927083,0,0,1,0,0,0
0.790096292,0,0,1,1,1,1
0.790125333,0,0,1,0,0,0
0.790294542,0,0,1,1,1,1
0.790323583,0,0,1,0,0,0
0.790492833,0,0,1,1,1,1
0.790521875,0,0,1,0,0,0
0.790691125,0,0,1,1,1,1
0.790720167,0,0,1,0,0,0
0.790889375,0,0,1,1,1,1
0.790918417,0,0,1,0,0,0
0.791087667,0,0,1,1,1,1
0.791116708,0,0,1,0,0,0
0.791285958,0,0,1,1,1,1
0.791314958,0,0,1,1,0,0
0.791315000,0,0,1,0,0,0
0.791484208,0,0,1,1,1,1
0.791513250,0,0,1,0,0,0
0.791682458,0,0,1,1,1,1
0.791711500,0,0,1,0,0,0
0.791880708,0,0,1,0,1,0
0.791880750,0,0,1,1,1,1
0.791909750,0,0,1,0,0,0
0.792078958,0,0,1,1,1,1
0.792108000,0,0,1,0,0,0
0.792277167,0,0,1,1,1,1
0.792306167,0,0,1,0,0,0
0.792475375,0,0,1,1,1,1
0.792504375,0,0,1,0,0,0
0.792673583,0,0,1,1,1,1
0.792702625,0,0,1,0,0,0
0.792871792,0,0,1,1,1,1
0.792900833,0,0,1,0,0,0
0.793070042,0,0,1,1,1,1
0.793099042,0,0,1,0,0,0
0.793268250,0,0,1,1,1,1
0.793297250,0,0,1,0,0,0
0.793466458,0,0,1,1,1,1
0.793495500,0,0,1,0,0,0
0.793664667,0,0,1,1,1,1
0.793693708,0,0,1,0,0,0
0.793862917,0,0,1,1,1,1
0.793891958,0,0,1,0,0,0
0.794061208,0,0,1,1,1,1
0.794090250,0,0,1,0,0,0
0.794259500,0,0,1,1,1,1
0.794288542,0,0,1,0,0,0
0.794457792,0,0,1,1,1,1
0.794486833,0,0,1,0,0,0
0.794656083,0,0,1,1,1,1
0.794685125,0,0,1,0,0,0
0.794854375,0,0,1,1,1,1
0.794883417,0,0,1,0,0,0
0.795052667,0,0,1,1,1,1
0.795081708,0,0,1,0,0,0
0.795250958,0,0,1,1,1,1
0.795280000,0,0,1,0,0,0
0.795449250,0,0,1,1,1,1
0.795478292,0,0,1,0,0,0
0.795647500,0,0,1,1,1,1
0.795676542,0,0,1,0,0,0
0.795845792,0,0,1,1,1,1
0.795874833,0,0,1,0,0,0
0.796044000,0,0,1,1,1,1
0.796073042,0,0,1,0,0,0
0.796242292,0,0,1,1,1,1
0.796271333,0,0,1,0,0,0
0.796440542,0,0,1,1,1,1
0.796469542,0,0,1,0,0,0
0.796638792,0,0,1,1,1,1
0.796667792,0,0,1,0,0,0
0.796837042,0,0,1,1,1,1
0.796866083,0,0,1,0,0,0
0.797035333,0,0,1,1,1,1
0.797064375,0,0,1,0,0,0
0.797233583,0,0,1,1,1,1
0.797262625,0,0,1,0,0,0
0.797431875,0,0,1,1,1,1
0.797460917,0,0,1,0,0,0
0.797630167,0,0,1,1,1,1
0.797659208,0,0,1,0,0,0
0.797828458,0,0,1,1,1,1
0.797857500,0,0,1,0,0,0
0.798026750,0,0,1,1,1,1
0.798055792,0,0,1,0,0,0
0.798225000,0,0,1,1,1,1
0.798254042,0,0,1,0,0,0
0.798423250,0,0,1,1,1,1
0.798452292,0,0,1,0,0,0
0.798621500,0,0,1,1,1,1
0.798650542,0,0,1,0,0,0
0.798819750,0,0,1,1,1,1
0.798848792,0,0,1,0,0,0
0.799017958,0,0,1,1,1,1
0.799047000,0,0,1,0,0,0
0.799216208,0,0,1,1,1,1
0.799245208,0,0,1,0,0,0
0.799414417,0,0,1,1,1,1
0.799443458,0,0,1,0,0,0
0.799612708,0,0,1,1,1,1
0.799641750,0,0,1,0,0,0
0.799810958,0,0,1,1,1,1
0.799840000,0,0,1,0,0,0
0.800009208,0,0,1,1,1,1
0.800038250,0,0,1,0,0,0
0.800207458,0,0,1,1,1,1
0.800236500,0,0,1,0,0,0
0.800405750,0,0,1,1,1,1
0.800434792,0,0,1,0,0,0
0.800604000,0,0,1,1,1,1
0.800633042,0,0,1,0,0,0
0.800802292,0,0,1,1,1,1
0.800831333,0,0,1,0,0,0
0.801000542,0,0,1,1,1,1
0.801029583,0,0,1,0,0,0
0.801198792,0,0,1,1,1,1
0.801227833,0,0,1,0,0,0
0.801397083,0,0,1,1,1,1
0.801426125,0,0,1,0,0,0
0.801595333,0,0,1,1,1,1
0.801624375,0,0,1,0,0,0
0.801793583,0,0,1,1,1,1
0.801822625,0,0,1,0,0,0
0.801991833,0,0,1,1,1,1
0.802020875,0,0,1,0,0,0
0.802190125,0,0,1,1,1,1
0.802219125,0,0,1,0,0,0
0.802388333,0,0,1,1,1,1
0.802417375,0,0,1,0,0,0
0.802586583,0,0,1,1,1,1
0.802615625,0,0,1,0,0,0
0.802784875,0,0,1,1,1,1
0.802813917,0,0,1,0,0,0
0.802983083,0,0,1,1,1,1
0.803012125,0,0,1,0,0,0
0.803181292,0,0,1,1,1,1
0.803210333,0,0,1,0,0,0
0.803379500,0,0,1,1,1,1
0.803408542,0,0,1,0,0,0
0.803577750,0,0,1,1,1,1
0.803606792,0,0,1,0,0,0
0.803775958,0,0,1,1,1,1
0.803804958,0,0,1,1,0,1
0.803805000,0,0,1,0,0,0
0.803974208,0,0,1,1,1,1
0.804003250,0,0,1,0,0,0
0.804172500,0,0,1,1,1,1
0.804201542,0,0,1,0,0,0
0.804370750,0,0,1,1,1,1
0.804399792,0,0,1,0,0,0
0.804569000,0,0,1,1,1,1
0.804598042,0,0,1,0,0,0
0.804767292,0,0,1,1,1,1
0.804796333,0,0,1,0,0,0
0.804965583,0,0,1,1,1,1
0.804994583,0,0,1,0,0,0
0.805163792,0,0,1,1,1,1
0.805192833,0,0,1,0,0,0
0.805362083,0,0,1,1,1,1
0.805391125,0,0,1,0,0,0
0.805560375,0,0,1,1,1,1
0.805589417,0,0,1,0,0,0
0.805758667,0,0,1,1,1,1
0.805787708,0,0,1,0,0,0
0.805956958,0,0,1,1,1,1
0.805986042,0,0,1,0,0,0
0.806155292,0,0,1,1,1,1
0.806184333,0,0,1,0,0,0
0.806353583,0,0,1,1,1,1
0.806382625,0,0,1,0,0,0
0.806551833,0,0,1,1,1,1
0.806580875,0,0,1,0,0,0
0.806750167,0,0,1,1,1,1
0.806779208,0,0,1,0,0,0
0.806948458,0,0,1,1,1,1
0.806977500,0,0,1,0,0,0
0.807146792,0,0,1,1,1,1
0.807175833,0,0,1,0,0,0
0.807345083,0,0,1,1,1,1
0.807374125,0,0,1,0,0,0
0.807543375,0,0,1,1,1,1
0.807572458,0,0,1,0,0,0
0.807741750,0,0,1,1,1,1
0.807770792,0,0,1,0,0,0
0.807940083,0,0,1,1,1,1
0.807969125,0,0,1,0,0,0
0.808138375,0,0,1,1,1,1
0.808167417,0,0,1,0,0,0
0.808336708,0,0,1,1,1,1
0.808365750,0,0,1,0,0,0
0.808535042,0,0,1,1,1,1
0.808564083,0,0,1,0,0,0
0.808733333,0,0,1,1,1,1
0.808762417,0,0,1,0,0,0
0.808931667,0,0,1,1,1,1
0.808960750,0,0,1,0,0,0
0.809130042,0,0,1,1,1,1
0.809159083,0,0,1,0,0,0
0.809328333,0,0,1,1,1,1
0.809357417,0,0,1,0,0,0
0.809526625,0,0,1,1,1,1
0.809555667,0,0,1,0,0,0
0.809724917,0,0,1,1,1,1
0.809753958,0,0,1,0,0,0
0.809923208,0,0,1,1,1,1
0.809952250,0,0,1,0,0,0
0.810121500,0,0,1,1,1,1
0.810150542,0,0,1,0,0,0
0.810319792,0,0,1,1,1,1
0.810348833,0,0,1,0,0,0
0.810518083,0,0,1,1,1,1
0.810547125,0,0,1,0,0,0
0.810716375,0,0,1,1,1,1
0.810745417,0,0,1,0,0,0
0.810914667,0,0,1,1,1,1
0.810943750,0,0,1,0,0,0
0.811112958,0,0,1,1,1,1
0.811142000,0,0,1,0,0,0
0.811311292,0,0,1,1,1,1
0.811340333,0,0,1,0,0,0
0.811509625,0,0,1,1,1,1
0.811538667,0,0,1,0,0,0
0.811707958,0,0,1,1,1,1
0.811737042,0,0,1,0,0,0
0.811906292,0,0,1,1,1,1
0.811935333,0,0,1,0,0,0
0.812104625,0,0,1,1,1,1
0.812133667,0,0,1,0,0,0
0.812302958,0,0,1,1,1,1
0.812332000,0,0,1,0,0,0
0.812501292,0,0,1,1,1,1
0.812530333,0,0,1,0,0,0
0.812699583,0,0,1,1,1,1
0.812728625,0,0,1,0,0,0
0.812897875,0,0,1,0,1,0
0.812897917,0,0,1,1,1,1
0.812926958,0,0,1,0,0,0
0.813096208,0,0,1,1,1,1
0.813125250,0,0,1,0,0,0
0.813294500,0,0,1,1,1,1
0.813323542,0,0,1,0,0,0
0.813492708,0,0,1,1,1,1
0.813521750,0,0,1,0,0,0
0.813690958,0,0,1,1,1,1
0.813719958,0,0,1,0,0,0
0.813889167,0,0,1,1,1,1
0.813918208,0,0,1,0,0,0
0.814087417,0,0,1,1,1,1
0.814116458,0,0,1,1,0,0
0.814116500,0,0,1,0,0,0
0.814285667,0,0,1,1,1,1
0.814314708,0,0,1,0,0,0
0.814483958,0,0,1,1,1,1
0.814513000,0,0,1,0,0,0
0.814682208,0,0,1,1,1,1
0.814711250,0,0,1,0,0,0
0.814880458,0,0,1,1,1,1
0.814909500,0,0,1,0,0,0
0.815078708,0,0,1,1,1,1
0.815107750,0,0,1,0,0,0
0.815277000,0,0,1,1,1,1
0.815306042,0,0,1,0,0,0
0.815475250,0,0,1,1,1,1
0.815504292,0,0,1,0,0,0
0.815673500,0,0,1,1,1,1
0.815702542,0,0,1,0,0,0
0.815871750,0,0,1,1,1,1
0.815900792,0,0,1,0,0,0
0.816070000,0,0,1,1,1,1
0.816099042,0,0,1,0,0,0
0.816268250,0,0,1,1,1,1
0.816297292,0,0,1,0,0,0
0.816466500,0,0,1,1,1,1
0.816495542,0,0,1,0,0,0
0.816664708,0,0,1,0,1,1
0.816664750,0,0,1,1,1,1
0.816693750,0,0,1,0,0,0
0.816863000,0,0,1,1,1,1
0.816892042,0,0,1,0,0,0
0.817061250,0,0,1,1,1,1
0.817090292,0,0,1,0,0,0
0.817259500,0,0,1,1,1,1
0.817288542,0,0,1,0,0,0
0.817457750,0,0,1,1,1,1
0.817486792,0,0,1,0,0,0
0.817656000,0,0,1,1,1,1
0.817685042,0,0,1,0,0,0
0.817854250,0,0,1,1,1,1
0.817883292,0,0,1,0,0,0
0.818052500,0,0,1,1,1,1
0.818081542,0,0,1,0,0,0
0.818250708,0,0,1,1,1,1
0.818279750,0,0,1,0,0,0
0.818449000,0,0,1,1,1,1
0.818478042,0,0,1,0,0,0
0.818647250,0,0,1,1,1,1
0.818676292,0,0,1,0,0,0
0.818845542,0,0,1,1,1,1
0.818874583,0,0,1,0,0,0
0.819043792,0,0,1,1,1,1
0.819072833,0,0,1,0,0,0
0.819242000,0,0,1,1,1,1
0.819271042,0,0,1,0,0,0
0.819440250,0,0,1,1,1,1
0.819469292,0,0,1,0,0,0
0.819638500,0,0,1,1,1,1
0.819667542,0,0,1,0,0,0
0.819836708,0,0,1,1,1,1
0.819865750,0,0,1,0,0,0
0.820034917,0,0,1,1,1,1
0.820063958,0,0,1,0,0,0
0.820233125,0,0,1,1,1,1
0.820262167,0,0,1,0,0,0
0.820431375,0,0,1,1,1,1
0.820460417,0,0,1,0,0,0
0.820629667,0,0,1,1,1,1
0.820658708,0,0,1,0,0,0
0.820827958,0,0,1,1,1,1
0.820857000,0,0,1,0,0,0
0.821026208,0,0,1,1,1,1
0.821055250,0,0,1,0,0,0
0.821224458,0,0,1,1,1,1
0.821253500,0,0,1,0,0,0
0.821422708,0,0,1,0,1,0
0.821422750,0,0,1,1,1,1
0.821451792,0,0,1,0,0,0
0.821621000,0,0,1,1,1,1
0.821650042,0,0,1,0,0,0
0.821819292,0,0,1,1,1,1
0.821848333,0,0,1,0,0,0
0.822017583,0,0,1,1,1,1
0.822046667,0,0,1,0,0,0
0.822215917,0,0,1,1,1,1
0.822244958,0,0,1,0,0,0
0.822414167,0,0,1,1,1,1
0.822443208,0,0,1,0,0,0
0.822612375,0,0,1,1,1,1
0.822641417,0,0,1,0,0,0
0.822810667,0,0,1,1,1,1
0.822839708,0,0,1,0,0,0
0.823008917,0,0,1,1,1,1
0.823037958,0,0,1,0,0,0
0.823207208,0,0,1,1,1,1
0.823236250,0,0,1,0,0,0
0.823405458,0,0,1,1,1,1
0.823434500,0,0,1,0,0,0
0.823603750,0,0,1,1,1,1
0.823632792,0,0,1,0,0,0
0.823802083,0,0,1,1,1,1
0.823831125,0,0,1,0,0,0
0.824000417,0,0,1,1,1,1
0.824029458,0,0,1,0,0,0
0.824198750,0,0,1,1,1,1
0.824227792,0,0,1,0,0,0
0.824397083,0,0,1,1,1,1
0.824426125,0,0,1,0,0,0
0.824595375,0,0,1,1,1,1
0.824624417,0,0,1,0,0,0
0.824793708,0,0,1,1,1,1
0.824822750,0,0,1,0,0,0
0.824992042,0,0,1,1,1,1
0.825021083,0,0,1,0,0,0
0.825190333,0,0,1,1,1,1
0.825219375,0,0,1,0,0,0
0.825388625,0,0,1,1,1,1
0.825417667,0,0,1,0,0,0
0.825586917,0,0,1,1,1,1
0.825615958,0,0,1,0,0,0
0.825785167,0,0,1,1,1,1
0.825814208,0,0,1,0,0,0
0.825983417,0,0,1,1,1,1
0.826012458,0,0,1,0,0,0
0.826181708,0,0,1,1,1,1
0.826210750,0,0,1,0,0,0
0.826379958,0,0,1,1,1,1
0.826409000,0,0,1,0,0,0
0.826578250,0,0,1,1,1,1
0.826607292,0,0,1,0,0,0
0.826776542,0,0,1,1,1,1
0.826805583,0,0,1,0,0,0
0.826974875,0,0,1,1,1,1
0.827003917,0,0,1,0,0,0
0.827173208,0,0,1,1,1,1
0.827202292,0,0,1,0,0,0
0.827371583,0,0,1,1,1,1
0.827400667,0,0,1,0,0,0
0.827569917,0,0,1,1,1,1
0.827598958,0,0,1,0,0,0
0.827768208,0,0,1,1,1,1
0.827797292,0,0,1,0,0,0
0.827966583,0,0,1,1,1,1
0.827995625,0,0,1,0,0,0
0.828164917,0,0,1,1,1,1
0.828193958,0,0,1,0,0,0
0.828363208,0,0,1,1,1,1
0.828392250,0,0,1,0,0,0
0.828561542,0,0,1,1,1,1
0.828590583,0,0,1,0,0,0
0.828759833,0,0,1,1,1,1
0.828788875,0,0,1,0,0,0
0.828958167,0,0,1,1,1,1
0.828987208,0,0,1,0,0,0
0.829156458,0,0,1,1,1,1
0.829185500,0,0,1,0,0,0
0.829354750,0,0,1,1,1,1
0.829383792,0,0,1,0,0,0
0.829553042,0,0,1,1,1,1
0.829582083,0,0,1,0,0,0
0.829751333,0,0,1,1,1,1
0.829780375,0,0,1,0,0,0
0.829949583,0,0,1,1,1,1
0.829978625,0,0,1,0,0,0
0.830147875,0,0,1,1,1,1
0.830176917,0,0,1,0,0,0
0.830346167,0,0,1,1,1,1
0.830375208,0,0,1,0,0,0
0.830544417,0,0,1,1,1,1
0.830573458,0,0,1,0,0,0
0.830742708,0,0,1,1,1,1
0.830771750,0,0,1,0,0,0
0.830941000,0,0,1,1,1,1
0.830970042,0,0,1,0,0,0
0.831139292,0,0,1,1,1,1
0.831168333,0,0,1,0,0,0
0.831337542,0,0,1,1,1,1
0.831366583,0,0,1,0,0,0
0.831535833,0,0,1,1,1,1
0.831564875,0,0,1,0,0,0
0.831734167,0,0,1,1,1,1
0.831763208,0,0,1,0,0,0
0.831932458,0,0,1,1,1,1
0.831961500,0,0,1,0,0,0
0.832130792,0,0,1,1,1,1
0.832159833,0,0,1,0,0,0
0.832329125,0,0,1,1,1,1
0.832358167,0,0,1,0,0,0
0.832527375,0,0,1,1,1,1
0.832556417,0,0,1,0,0,0
0.832725708,0,0,1,1,1,1
0.832754750,0,0,1,0,0,0
0.832924000,0,0,1,1,1,1
0.832953042,0,0,1,0,0,0
0.833122250,0,0,1,1,1,1
0.833151292,0,0,1,0,0,0
0.833320542,0,0,1,1,1,1
0.833349583,0,0,1,0,0,0
0.833518833,0,0,1,1,1,1
0.833547875,0,0,1,0,0,0
0.833717125,0,0,1,1,1,1
0.833746167,0,0,1,0,0,0
0.833915375,0,0,1,1,1,1
0.833944417,0,0,1,1,0,0
0.833944458,0,0,1,0,0,0
0.834113667,0,0,1,1,1,1
0.834142708,0,0,1,0,0,0
0.834311958,0,0,1,1,1,1
0.834341042,0,0,1,0,0,0
0.834510292,0,0,1,1,1,1
0.834539375,0,0,1,0,0,0
0.834708583,0,0,1,1,1,1
0.834737625,0,0,1,0,0,0
0.834906917,0,0,1,1,1,1
0.834935958,0,0,1,0,0,0
0.835105208,0,0,1,1,1,1
0.835134250,0,0,1,0,0,0
0.835303500,0,0,1,1,1,1
0.835332542,0,0,1,0,0,0
0.835501833,0,0,1,1,1,1
0.835530875,0,0,1,0,0,0
0.835700167,0,0,1,1,1,1
0.835729208,0,0,1,0,0,0
0.835898458,0,0,1,1,1,1
0.835927500,0,0,1,0,0,0
0.836096750,0,0,1,1,1,1
0.836125792,0,0,1,0,0,0
0.836295083,0,0,1,1,1,1
0.836324125,0,0,1,0,0,0
0.836493375,0,0,1,1,1,1
0.836522458,0,0,1,0,0,0
0.836691708,0,0,1,1,1,1
0.836720750,0,0,1,0,0,0
0.836890083,0,0,1,1,1,1
0.836919125,0,0,1,0,0,0
0.837088375,0,0,1,1,1,1
0.837117417,0,0,1,0,0,0
0.837286667,0,0,1,1,1,1
0.837315708,0,0,1,0,0,0
0.837484958,0,0,1,1,1,1
0.837514000,0,0,1,0,0,0
0.837683250,0,0,1,1,1,1
0.837712292,0,0,1,0,0,0
0.837881542,0,0,1,1,1,1
0.837910583,0,0,1,0,0,0
0.838079833,0,0,1,1,1,1
0.838108875,0,0,1,0,0,0
0.838278167,0,0,1,1,1,1
0.838307208,0,0,1,0,0,0
0.838476458,0,0,1,1,1,1
0.838505500,0,0,1,0,0,0
0.838674750,0,0,1,1,1,1
0.838703792,0,0,1,0,0,0
0.838873042,0,0,1,1,1,1
0.838902083,0,0,1,0,0,0
0.839071333,0,0,1,1,1,1
0.839100375,0,0,1,0,0,0
0.839269625,0,0,1,1,1,1
0.839298667,0,0,1,0,0,0
0.839467875,0,0,1,1,1,1
0.839496917,0,0,1,0,0,0
0.839666125,0,0,1,1,1,1
0.839695167,0,0,1,0,0,0
0.839864375,0,0,1,1,1,1
0.839893417,0,0,1,0,0,0
0.840062625,0,0,1,1,1,1
0.840091667,0,0,1,0,0,0
0.840260917,0,0,1,1,1,1
0.840289958,0,0,1,0,0,0
0.840459167,0,0,1,1,1,1
0.840488208,0,0,1,0,0,0
0.840657417,0,0,1,1,1,1
0.840686458,0,0,1,0,0,0
0.840855667,0,0,1,1,1,1
0.840884708,0,0,1,0,0,0
0.841053917,0,0,1,1,1,1
0.841082958,0,0,1,0,0,0
0.841252208,0,0,1,1,1,1
0.841281250,0,0,1,0,0,0
0.841450500,0,0,1,1,1,1
0.841479542,0,0,1,0,0,0
0.841648792,0,0,1,1,1,1
0.841677833,0,0,1,0,0,0
0.841847125,0,0,1,1,1,1
0.841876167,0,0,1,0,0,0
0.842045458,0,0,1,1,1,1
0.842074500,0,0,1,0,0,0
0.842243792,0,0,1,1,1,1
0.842272833,0,0,1,0,0,0
0.842442125,0,0,1,1,1,1
0.842471167,0,0,1,0,0,0
0.842640458,0,0,1,1,1,1
0.842669500,0,0,1,0,0,0
0.842838750,0,0,1,1,1,1
0.842867792,0,0,1,1,0,1
0.842867833,0,0,1,0,0,0
0.843037042,0,0,1,1,1,1
0.843066083,0,0,1,0,0,0
0.843235333,0,0,1,1,1,1
0.843264375,0,0,1,0,0,0
0.843433625,0,0,1,1,1,1
0.843462667,0,0,1,1,0,0
0.843462708,0,0,1,0,0,0
0.843631958,0,0,1,1,1,1
0.843661000,0,0,1,0,0,0
0.843830250,0,0,1,1,1,1
0.843859292,0,0,1,0,0,0
0.844028542,0,0,1,1,1,1
0.844057583,0,0,1,0,0,0
0.844226833,0,0,1,1,1,1
0.844255875,0,0,1,0,0,0
0.844425125,0,0,1,1,1,1
0.844454167,0,0,1,0,0,0
0.844623417,0,0,1,1,1,1
0.844652458,0,0,1,0,0,0
0.844821667,0,0,1,1,1,1
0.844850708,0,0,1,0,0,0
0.845019917,0,0,1,1,1,1
0.845048958,0,0,1,0,0,0
0.845218208,0,0,1,1,1,1
0.845247250,0,0,1,0,0,0
0.845416500,0,0,1,1,1,1
0.845445542,0,0,1,0,0,0
0.845614792,0,0,1,1,1,1
0.845643833,0,0,1,0,0,0
0.845813042,0,0,1,1,1,1
0.845842083,0,0,1,0,0,0
0.846011333,0,0,1,1,1,1
0.846040375,0,0,1,0,0,0
0.846209625,0,0,1,1,1,1
0.846238667,0,0,1,0,0,0
0.846407875,0,0,1,0,1,0
0.846407917,0,0,1,1,1,1
0.846436917,0,0,1,0,0,0
0.846606167,0,0,1,1,1,1
0.846635208,0,0,1,0,0,0
0.846804458,0,0,1,1,1,1
0.846833500,0,0,1,0,0,0
0.847002792,0,0,1,1,1,1
0.847031833,0,0,1,0,0,0
0.847201083,0,0,1,1,1,1
0.847230167,0,0,1,0,0,0
0.847399417,0,0,1,1,1,1
0.847428458,0,0,1,0,0,0
0.847597708,0,0,1,1,1,1
0.847626750,0,0,1,0,0,0
0.847795917,0,0,1,1,1,1
0.847824958,0,0,1,0,0,0
0.847994208,0,0,1,0,1,0
0.847994250,0,0,1,1,1,1
0.848023292,0,0,1,0,0,0
0.848192500,0,0,1,1,1,1
0.848221542,0,0,1,0,0,0
0.848390750,0,0,1,0,1,1
0.848390792,0,0,1,1,1,1
0.848419833,0,0,1,0,0,0
0.848589083,0,0,1,1,1,1
0.848618125,0,0,1,0,0,0
0.848787333,0,0,1,1,1,1
0.848816375,0,0,1,0,0,0
0.848985667,0,0,1,1,1,1
0.849014708,0,0,1,0,0,0
0.849183958,0,0,1,1,1,1
0.849213000,0,0,1,0,0,0
0.849382292,0,0,1,1,1,1
0.849411333,0,0,1,0,0,0
0.849580625,0,0,1,1,1,1
0.849609667,0,0,1,0,0,0
0.849778958,0,0,1,1,1,1
0.849808000,0,0,1,0,0,0
0.849977292,0,0,1,1,1,1
0.850006333,0,0,1,0,0,0
0.850175667,0,0,1,1,1,1
0.850204708,0,0,1,0,0,0
0.850374000,0,0,1,1,1,1
0.850403042,0,0,1,0,0,0
0.850572333,0,0,1,1,1,1
0.850601375,0,0,1,0,0,0
0.850770667,0,0,1,1,1,1
0.850799708,0,0,1,0,0,0
0.850969000,0,0,1,1,1,1
0.850998042,0,0,1,0,0,0
0.851167292,0,0,1,1,1,1
0.851196333,0,0,1,0,0,0
0.851365625,0,0,1,1,1,1
0.851394708,0,0,1,0,0,0
0.851564000,0,0,1,1,1,1
0.851593042,0,0,1,0,0,0
0.851762375,0,0,1,1,1,1
0.851791417,0,0,1,0,0,0
0.851960750,0,0,1,1,1,1
0.851989792,0,0,1,0,0,0
0.852159125,0,0,1,1,1,1
0.852188167,0,0,1,0,0,0
0.852357500,0,0,1,1,1,1
0.852386542,0,0,1,0,0,0
0.852555833,0,0,1,1,1,1
0.852584875,0,0,1,0,0,0
0.852754167,0,0,1,1,1,1
0.852783208,0,0,1,0,0,0
0.852952458,0,0,1,1,1,1
0.852981500,0,0,1,0,0,0
0.853150750,0,0,1,1,1,1
0.853179792,0,0,1,0,0,0
0.853349083,0,0,1,1,1,1
0.853378125,0,0,1,0,0,0
0.853547375,0,0,1,1,1,1
0.853576375,0,0,1,0,0,0
0.853745583,0,0,1,1,1,1
0.853774625,0,0,1,0,0,0
0.853943833,0,0,1,1,1,1
0.853972875,0,0,1,0,0,0
0.854142083,0,0,1,1,1,1
0.854171125,0,0,1,0,0,0
0.854340417,0,0,1,1,1,1
0.854369458,0,0,1,0,0,0
0.854538708,0,0,1,1,1,1
0.854567792,0,0,1,0,0,0
0.854737083,0,0,1,1,1,1
0.854766125,0,0,1,0,0,0
0.854935417,0,0,1,1,1,1
0.854964458,0,0,1,0,0,0
0.855133708,0,0,1,1,1,1
0.855162750,0,0,1,0,0,0
0.855332042,0,0,1,1,1,1
0.855361083,0,0,1,1,0,0
0.855361125,0,0,1,0,0,0
0.855530375,0,0,1,1,1,1
0.855559417,0,0,1,0,0,0
0.855728708,0,0,1,1,1,1
0.855757750,0,0,1,0,0,0
0.855927000,0,0,1,1,1,1
0.855956083,0,0,1,0,0,0
0.856125333,0,0,1,1,1,1
0.856154375,0,0,1,0,0,0
0.856323667,0,0,1,1,1,1
0.856352708,0,0,1,0,0,0
0.856522000,0,0,1,1,1,1
0.856551042,0,0,1,0,0,0
0.856720333,0,0,1,1,1,1
0.856749417,0,0,1,0,0,0
0.856918667,0,0,1,1,1,1
0.856947750,0,0,1,0,0,0
0.857117042,0,0,1,1,1,1
0.857146083,0,0,1,0,0,0
0.857315375,0,0,1,1,1,1
0.857344417,0,0,1,0,0,0
0.857513708,0,0,1,1,1,1
0.857542750,0,0,1,0,0,0
0.857712042,0,0,1,1,1,1
0.857741125,0,0,1,0,0,0
0.857910417,0,0,1,1,1,1
0.857939458,0,0,1,0,0,0
0.858108708,0,0,1,1,1,1
0.858137792,0,0,1,0,0,0
0.858307083,0,0,1,1,1,1
0.858336125,0,0,1,0,0,0
0.858505417,0,0,1,1,1,1
0.858534458,0,0,1,0,0,0
0.858703708,0,0,1,1,1,1
0.858732750,0,0,1,0,0,0
0.858902000,0,0,1,1,1,1
0.858931042,0,0,1,0,0,0
0.859100292,0,0,1,1,1,1
0.859129333,0,0,1,0,0,0
0.859298583,0,0,1,1,1,1
0.859327625,0,0,1,0,0,0
0.859496917,0,0,1,1,1,1
0.859525958,0,0,1,0,0,0
0.859695208,0,0,1,1,1,1
0.859724250,0,0,1,0,0,0
0.859893500,0,0,1,1,1,1
0.859922542,0,0,1,0,0,0
0.860091792,0,0,1,1,1,1
0.860120833,0,0,1,0,0,0
0.860290083,0,0,1,1,1,1
0.860319125,0,0,1,0,0,0
0.860488375,0,0,1,1,1,1
0.860517417,0,0,1,0,0,0
0.860686667,0,0,1,1,1,1
0.860715708,0,0,1,0,0,0
0.860885000,0,0,1,1,1,1
0.860914042,0,0,1,0,0,0
0.861083333,0,0,1,1,1,1
0.861112375,0,0,1,0,0,0
0.861281625,0,0,1,1,1,1
0.861310708,0,0,1,0,0,0
0.861479958,0,0,1,1,1,1
0.861509000,0,0,1,0,0,0
0.861678292,0,0,1,1,1,1
0.861707333,0,0,1,0,0,0
0.861876625,0,0,1,1,1,1
0.861905667,0,0,1,1,0,0
0.861905708,0,0,1,0,0,0
0.862074958,0,0,1,1,1,1
0.862104000,0,0,1,0,0,0
0.862273292,0,0,1,1,1,1
0.862302333,0,0,1,0,0,0
0.862471625,0,0,1,1,1,1
0.862500667,0,0,1,0,0,0
0.862670000,0,0,1,1,1,1
0.862699042,0,0,1,0,0,0
0.862868333,0,0,1,1,1,1
0.862897417,0,0,1,0,0,0
0.863066667,0,0,1,1,1,1
0.863095708,0,0,1,0,0,0
0.863265000,0,0,1,1,1,1
0.863294083,0,0,1,0,0,0
0.863463375,0,0,1,1,1,1
0.863492417,0,0,1,0,0,0
0.863661667,0,0,1,1,1,1
0.863690708,0,0,1,0,0,0
0.863860000,0,0,1,1,1,1
0.863889042,0,0,1,0,0,0
0.864058292,0,0,1,1,1,1
0.864087375,0,0,1,0,0,0
0.864256625,0,0,1,1,1,1
0.864285667,0,0,1,0,0,0
0.864454917,0,0,1,1,1,1
0.864483958,0,0,1,0,0,0
0.864653208,0,0,1,1,1,1
0.864682250,0,0,1,0,0,0
0.864851458,0,0,1,1,1,1
0.864880500,0,0,1,0,0,0
0.865049750,0,0,1,1,1,1
0.865078792,0,0,1,0,0,0
0.865248000,0,0,1,1,1,1
0.865277042,0,0,1,0,0,0
0.865446250,0,0,1,1,1,1
0.865475292,0,0,1,0,0,0
0.865644542,0,0,1,1,1,1
0.865673583,0,0,1,0,0,0
0.865842833,0,0,1,1,1,1
0.865871875,0,0,1,0,0,0
0.866041125,0,0,1,1,1,1
0.866070167,0,0,1,0,0,0
0.866239417,0,0,1,1,1,1
0.866268458,0,0,1,0,0,0
0.866437667,0,0,1,1,1,1
0.866466708,0,0,1,0,0,0
0.866635958,0,0,1,1,1,1
0.866665000,0,0,1,0,0,0
0.866834208,0,0,1,1,1,1
0.866863250,0,0,1,0,0,0
0.867032500,0,0,1,1,1,1
0.867061542,0,0,1,0,0,0
0.867230833,0,0,1,1,1,1
0.867259917,0,0,1,0,0,0
0.867429208,0,0,1,1,1,1
0.867458250,0,0,1,0,0,0
0.867627500,0,0,1,1,1,1
0.867656542,0,0,1,0,0,0
0.867825750,0,0,1,1,1,1
0.867854792,0,0,1,0,0,0
0.868024000,0,0,1,1,1,1
0.868053083,0,0,1,0,0,0
0.868222292,0,0,1,1,1,1
0.868251333,0,0,1,0,0,0
0.868420542,0,0,1,1,1,1
0.868449583,0,0,1,0,0,0
0.868618833,0,0,1,1,1,1
0.868647833,0,0,1,0,0,0
0.868817083,0,0,1,1,1,1
0.868846125,0,0,1,0,0,0
0.869015375,0,0,1,1,1,1
0.869044417,0,0,1,0,0,0
0.869213667,0,0,1,1,1,1
0.869242708,0,0,1,0,0,0
0.869411917,0,0,1,1,1,1
0.869440958,0,0,1,0,0,0
0.869610167,0,0,1,1,1,1
0.869639208,0,0,1,1,0,0
0.869639250,0,0,1,0,0,0
0.869808458,0,0,1,1,1,1
0.869837500,0,0,1,0,0,0
0.870006667,0,0,1,1,1,1
0.870035708,0,0,1,0,0,0
0.870204958,0,0,1,1,1,1
0.870234000,0,0,1,0,0,0
0.870403250,0,0,1,1,1,1
0.870432292,0,0,1,0,0,0
0.870601500,0,0,1,1,1,1
0.870630542,0,0,1,0,0,0
0.870799792,0,0,1,1,1,1
0.870828833,0,0,1,0,0,0
0.870998083,0,0,1,1,1,1
0.871027125,0,0,1,0,0,0
0.871196333,0,0,1,1,1,1
0.871225417,0,0,1,0,0,0
0.871394625,0,0,1,1,1,1
0.871423667,0,0,1,1,0,0
0.871423708,0,0,1,0,0,0
0.871592958,0,0,1,1,1,1
0.871622000,0,0,1,0,0,0
0.871791208,0,0,1,1,1,1
0.871820250,0,0,1,0,0,0
0.871989542,0,0,1,1,1,1
0.872018583,0,0,1,0,0,0
0.872187833,0,0,1,1,1,1
0.872216875,0,0,1,0,0,0
0.872386167,0,0,1,0,1,1
0.872386208,0,0,1,1,1,1
0.872415250,0,0,1,0,0,0
0.872584542,0,0,1,1,1,1
0.872613583,0,0,1,0,0,0
0.872782875,0,0,1,1,1,1
0.872811917,0,0,1,0,0,0
0.872981167,0,0,1,1,1,1
0.873010208,0,0,1,0,0,0
0.873179500,0,0,1,1,1,1
0.873208542,0,0,1,0,0,0
0.873377792,0,0,1,1,1,1
0.873406833,0,0,1,0,0,0
0.873576083,0,0,1,1,1,1
0.873605125,0,0,1,0,0,0
0.873774375,0,0,1,1,1,1
0.873803417,0,0,1,0,0,0
0.873972667,0,0,1,1,1,1
0.874001750,0,0,1,0,0,0
0.874171000,0,0,1,1,1,1
0.874200042,0,0,1,0,0,0
0.874369292,0,0,1,1,1,1
0.874398375,0,0,1,0,0,0
0.874567625,0,0,1,1,1,1
0.874596667,0,0,1,0,0,0
0.874765958,0,0,1,1,1,1
0.874795000,0,0,1,0,0,0
0.874964292,0,0,1,1,1,1
0.874993333,0,0,1,0,0,0
0.875162625,0,0,1,1,1,1
0.875191667,0,0,1,0,0,0
0.875360917,0,0,1,1,1,1
0.875389958,0,0,1,0,0,0
0.875559250,0,0,1,1,1,1
0.875588292,0,0,1,0,0,0
0.875757583,0,0,1,1,1,1
0.875786625,0,0,1,0,0,0
0.875955917,0,0,1,1,1,1
0.875984958,0,0,1,0,0,0
0.876154292,0,0,1,1,1,1
0.876183333,0,0,1,0,0,0
0.876352667,0,0,1,1,1,1
0.876381708,0,0,1,0,0,0
0.876551042,0,0,1,1,1,1
0.876580083,0,0,1,0,0,0
0.876749375,0,0,1,1,1,1
0.876778417,0,0,1,0,0,0
0.876947667,0,0,1,1,1,1
0.876976708,0,0,1,0,0,0
0.877146000,0,0,1,1,1,1
0.877175042,0,0,1,0,0,0
0.877344292,0,0,1,1,1,1
0.877373333,0,0,1,0,0,0
0.877542583,0,0,1,1,1,1
0.877571625,0,0,1,0,0,0
0.877740875,0,0,1,1,1,1
0.877769917,0,0,1,0,0,0
0.877939167,0,0,1,1,1,1
0.877968208,0,0,1,0,0,0
0.878137542,0,0,1,1,1,1
0.878166583,0,0,1,0,0,0
0.878335875,0,0,1,1,1,1
0.878364917,0,0,1,0,0,0
0.878534208,0,0,1,1,1,1
0.878563292,0,0,1,0,0,0
0.878732583,0,0,1,1,1,1
0.878761625,0,0,1,0,0,0
0.878930917,0,0,1,1,1,1
0.878960000,0,0,1,0,0,0
0.879129333,0,0,1,1,1,1
0.879158375,0,0,1,0,0,0
0.879327667,0,0,1,1,1,1
0.879356708,0,0,1,0,0,0
0.879526000,0,0,1,1,1,1
0.879555042,0,0,1,1,0,0
0.879555083,0,0,1,0,0,0
0.879724375,0,0,1,1,1,1
0.879753417,0,0,1,0,0,0
0.879922708,0,0,1,1,1,1
0.879951750,0,0,1,0,0,0
0.880121042,0,0,1,1,1,1
0.880150083,0,0,1,0,0,0
0.880319375,0,0,1,1,1,1
0.880348417,0,0,1,0,0,0
0.880517750,0,0,1,1,1,1
0.880546792,0,0,1,0,0,0
0.880716125,0,0,1,1,1,1
0.880745167,0,0,1,0,0,0
0.880914458,0,0,1,1,1,1
0.880943542,0,0,1,0,0,0
0.881112833,0,0,1,1,1,1
0.881141875,0,0,1,0,0,0
0.881311167,0,0,1,1,1,1
0.881340208,0,0,1,0,0,0
0.881509458,0,0,1,1,1,1
0.881538542,0,0,1,0,0,0
0.881707792,0,0,1,1,1,1
0.881736833,0,0,1,0,0,0
0.881906125,0,0,1,1,1,1
0.881935167,0,0,1,0,0,0
0.882104458,0,0,1,1,1,1
0.882133500,0,0,1,0,0,0
0.882302750,0,0,1,1,1,1
0.882331833,0,0,1,0,0,0
0.882501042,0,0,1,0,1,0
0.882501083,0,0,1,1,1,1
0.882530125,0,0,1,0,0,0
0.882699333,0,0,1,1,1,1
0.882728375,0,0,1,0,0,0
0.882897625,0,0,1,1,1,1
0.882926667,0,0,1,0,0,0
0.883095958,0,0,1,1,1,1
0.883125000,0,0,1,0,0,0
0.883294292,0,0,1,1,1,1
0.883323333,0,0,1,0,0,0
0.883492583,0,0,1,1,1,1
0.883521625,0,0,1,0,0,0
0.883690917,0,0,1,1,1,1
0.883719958,0,0,1,0,0,0
0.883889167,0,0,1,1,1,1
0.883918208,0,0,1,0,0,0
0.884087458,0,0,1,1,1,1
0.884116500,0,0,1,0,0,0
0.884285792,0,0,1,1,1,1
0.884314833,0,0,1,0,0,0
0.884484125,0,0,1,1,1,1
0.884513167,0,0,1,0,0,0
0.884682458,0,0,1,1,1,1
0.884711500,0,0,1,0,0,0
0.884880750,0,0,1,1,1,1
0.884909833,0,0,1,0,0,0
0.885079125,0,0,1,1,1,1
0.885108167,0,0,1,0,0,0
0.885277500,0,0,1,1,1,1
0.885306542,0,0,1,0,0,0
0.885475875,0,0,1,1,1,1
0.885504958,0,0,1,0,0,0
0.885674292,0,0,1,1,1,1
0.885703333,0,0,1,0,0,0
0.885872708,0,0,1,1,1,1
0.885901750,0,0,1,0,0,0
0.886071083,0,0,1,1,1,1
0.886100125,0,0,1,1,0,0
0.886100167,0,0,1,0,0,0
0.886269458,0,0,1,1,1,1
0.886298500,0,0,1,0,0,0
0.886467833,0,0,1,1,1,1
0.886496875,0,0,1,0,0,0
0.886666167,0,0,1,1,1,1
0.886695208,0,0,1,0,0,0
0.886864542,0,0,1,1,1,1
0.886893583,0,0,1,0,0,0
0.887062875,0,0,1,1,1,1
0.887091917,0,0,1,0,0,0
0.887261167,0,0,1,1,1,1
0.887290208,0,0,1,0,0,0
0.887459500,0,0,1,1,1,1
0.887488583,0,0,1,0,0,0
0.887657833,0,0,1,1,1,1
0.887686875,0,0,1,0,0,0
0.887856167,0,0,1,1,1,1
0.887885208,0,0,1,0,0,0
0.888054458,0,0,1,1,1,1
0.888083500,0,0,1,0,0,0
0.888252792,0,0,1,1,1,1
0.888281833,0,0,1,0,0,0
0.888451042,0,0,1,1,1,1
0.888480083,0,0,1,0,0,0
0.888649333,0,0,1,1,1,1
0.888678375,0,0,1,0,0,0
0.888847667,0,0,1,1,1,1
0.888876708,0,0,1,0,0,0
0.889045958,0,0,1,1,1,1
0.889075000,0,0,1,0,0,0
0.889244250,0,0,1,1,1,1
0.889273292,0,0,1,0,0,0
0.889442542,0,0,1,1,1,1
0.889471583,0,0,1,0,0,0
0.889640833,0,0,1,1,1,1
0.889669875,0,0,1,0,0,0
0.889839125,0,0,1,1,1,1
0.889868167,0,0,1,0,0,0
0.890037417,0,0,1,1,1,1
0.890066458,0,0,1,0,0,0
0.890235708,0,0,1,1,1,1
0.890264750,0,0,1,0,0,0
0.890434042,0,0,1,1,1,1
0.890463083,0,0,1,0,0,0
0.890632375,0,0,1,1,1,1
0.890661417,0,0,1,0,0,0
0.890830667,0,0,1,1,1,1
0.890859708,0,0,1,0,0,0
0.891029000,0,0,1,1,1,1
0.891058042,0,0,1,0,0,0
0.891227250,0,0,1,1,1,1
0.891256333,0,0,1,0,0,0
0.891425625,0,0,1,1,1,1
0.891454667,0,0,1,0,0,0
0.891623958,0,0,1,1,1,1
0.891653000,0,0,1,0,0,0
0.891822292,0,0,1,1,1,1
0.891851333,0,0,1,0,0,0
0.892020542,0,0,1,1,1,1
0.892049583,0,0,1,0,0,0
0.892218833,0,0,1,1,1,1
0.892247875,0,0,1,0,0,0
0.892417125,0,0,1,1,1,1
0.892446167,0,0,1,0,0,0
0.892615417,0,0,1,1,1,1
0.892644458,0,0,1,0,0,0
0.892813708,0,0,1,1,1,1
0.892842750,0,0,1,0,0,0
0.893011958,0,0,1,1,1,1
0.893041000,0,0,1,0,0,0
0.893210292,0,0,1,1,1,1
0.893239375,0,0,1,0,0,0
0.893408625,0,0,1,1,1,1
0.893437708,0,0,1,0,0,0
0.893607000,0,0,1,1,1,1
0.893636042,0,0,1,0,0,0
0.893805292,0,0,1,1,1,1
0.893834333,0,0,1,0,0,0
0.894003583,0,0,1,1,1,1
0.894032625,0,0,1,0,0,0
0.894201875,0,0,1,1,1,1
0.894230917,0,0,1,0,0,0
0.894400167,0,0,1,1,1,1
0.894429208,0,0,1,0,0,0
0.894598458,0,0,1,1,1,1
0.894627500,0,0,1,0,0,0
0.894796750,0,0,1,1,1,1
0.894825792,0,0,1,0,0,0
0.894995042,0,0,1,1,1,1
0.895024083,0,0,1,0,0,0
0.895193333,0,0,1,1,1,1
0.895222375,0,0,1,0,0,0
0.895391667,0,0,1,1,1,1
0.895420708,0,0,1,0,0,0
0.895589917,0,0,1,1,1,1
0.895618958,0,0,1,0,0,0
0.895788208,0,0,1,1,1,1
0.895817292,0,0,1,0,0,0
0.895986583,0,0,1,1,1,1
0.896015625,0,0,1,0,0,0
0.896184958,0,0,1,1,1,1
0.896214000,0,0,1,0,0,0
0.896383292,0,0,1,1,1,1
0.896412333,0,0,1,0,0,0
0.896581667,0,0,1,1,1,1
0.896610708,0,0,1,0,0,0
0.896780000,0,0,1,1,1,1
0.896809083,0,0,1,0,0,0
0.896978375,0,0,1,1,1,1
0.897007417,0,0,1,0,0,0
0.897176667,0,0,1,1,1,1
0.897205750,0,0,1,0,0,0
0.897375042,0,0,1,1,1,1
0.897404083,0,0,1,0,0,0
0.897573333,0,0,1,1,1,1
0.897602375,0,0,1,1,0,0
0.897602417,0,0,1,0,0,0
0.897771667,0,0,1,1,1,1
0.897800708,0,0,1,0,0,0
0.897970000,0,0,1,1,1,1
0.897999042,0,0,1,0,0,0
0.898168333,0,0,1,1,1,1
0.898197375,0,0,1,0,0,0
0.898366667,0,0,1,1,1,1
0.898395708,0,0,1,0,0,0
0.898565000,0,0,1,1,1,1
0.898594042,0,0,1,0,0,0
0.898763292,0,0,1,1,1,1
0.898792333,0,0,1,0,0,0
0.898961583,0,0,1,1,1,1
0.898990625,0,0,1,1,0,1
0.898990667,0,0,1,0,0,0
0.899159917,0,0,1,1,1,1
0.899188958,0,0,1,0,0,0
0.899358250,0,0,1,1,1,1
0.899387292,0,0,1,0,0,0
0.899556542,0,0,1,1,1,1
0.899585583,0,0,1,0,0,0
0.899754792,0,0,1,1,1,1
0.899783833,0,0,1,0,0,0
0.899953042,0,0,1,1,1,1
0.899982083,0,0,1,1,0,0
0.899982125,0,0,1,0,0,0
0.900151375,0,0,1,1,1,1
0.900180417,0,0,1,0,0,0
0.900349667,0,0,1,1,1,1
0.900378708,0,0,1,0,0,0
0.900548000,0,0,1,1,1,1
0.900577042,0,0,1,0,0,0
0.900746333,0,0,1,1,1,1
0.900775417,0,0,1,0,0,0
0.900944667,0,0,1,1,1,1
0.900973708,0,0,1,0,0,0
0.901143000,0,0,1,1,1,1
0.901172042,0,0,1,0,0,0
0.901341375,0,0,1,1,1,1
0.901370417,0,0,1,0,0,0
0.901539708,0,0,1,1,1,1
0.901568750,0,0,1,0,0,0
0.901738083,0,0,1,1,1,1
0.901767125,0,0,1,0,0,0
0.901936417,0,0,1,1,1,1
0.901965500,0,0,1,0,0,0
0.902134792,0,0,1,1,1,1
0.902163833,0,0,1,0,0,0
0.902333167,0,0,1,1,1,1
0.902362250,0,0,1,0,0,0
0.902531500,0,0,1,1,1,1
0.902560542,0,0,1,0,0,0
0.902729833,0,0,1,1,1,1
0.902758917,0,0,1,0,0,0
0.902928208,0,0,1,1,1,1
0.902957292,0,0,1,0,0,0
0.903126583,0,0,1,1,1,1
0.903155625,0,0,1,0,0,0
0.903324917,0,0,1,1,1,1
0.903353958,0,0,1,0,0,0
0.903523208,0,0,1,1,1,1
0.903552292,0,0,1,0,0,0
0.903721542,0,0,1,1,1,1
0.903750625,0,0,1,0,0,0
0.903919917,0,0,1,1,1,1
0.903948958,0,0,1,0,0,0
0.904118292,0,0,1,1,1,1
0.904147333,0,0,1,0,0,0
0.904316625,0,0,1,1,1,1
0.904345667,0,0,1,0,0,0
0.904514958,0,0,1,1,1,1
0.904544042,0,0,1,0,0,0
0.904713333,0,0,1,1,1,1
0.904742375,0,0,1,0,0,0
0.904911708,0,0,1,1,1,1
0.904940750,0,0,1,0,0,0
0.905110083,0,0,1,1,1,1
0.905139167,0,0,1,0,0,0
0.905308458,0,0,1,1,1,1
0.905337500,0,0,1,0,0,0
0.905506792,0,0,1,1,1,1
0.905535833,0,0,1,0,0,0
0.905705125,0,0,1,1,1,1
0.905734167,0,0,1,0,0,0
0.905903417,0,0,1,1,1,1
0.905932458,0,0,1,0,0,0
0.906101708,0,0,1,0,1,1
0.906101750,0,0,1,1,1,1
0.906130792,0,0,1,0,0,0
0.906300000,0,0,1,1,1,1
0.906329042,0,0,1,0,0,0
0.906498292,0,0,1,1,1,1
0.906527333,0,0,1,0,0,0
0.906696583,0,0,1,1,1,1
0.906725625,0,0,1,0,0,0
0.906894833,0,0,1,1,1,1
0.906923833,0,0,1,0,0,0
0.907093083,0,0,1,1,1,1
0.907122125,0,0,1,0,0,0
0.907291333,0,0,1,1,1,1
0.907320375,0,0,1,1,0,0
0.907320417,0,0,1,0,0,0
0.907489625,0,0,1,1,1,1
0.907518667,0,0,1,0,0,0
0.907687917,0,0,1,1,1,1
0.907716958,0,0,1,0,0,0
0.907886208,0,0,1,1,1,1
0.907915250,0,0,1,0,0,0
0.908084500,0,0,1,1,1,1
0.908113542,0,0,1,0,0,0
0.908282750,0,0,1,1,1,1
0.908311792,0,0,1,0,0,0
0.908481042,0,0,1,1,1,1
0.908510083,0,0,1,0,0,0
0.908679292,0,0,1,1,1,1
0.908708375,0,0,1,0,0,0
0.908877583,0,0,1,1,1,1
0.908906667,0,0,1,0,0,0
0.909075875,0,0,1,1,1,1
0.909104917,0,0,1,0,0,0
0.909274167,0,0,1,1,1,1
0.909303208,0,0,1,0,0,0
0.909472458,0,0,1,1,1,1
0.909501500,0,0,1,0,0,0
0.909670708,0,0,1,1,1,1
0.909699750,0,0,1,0,0,0
0.909869000,0,0,1,1,1,1
0.909898042,0,0,1,0,0,0
0.910067292,0,0,1,1,1,1
0.910096333,0,0,1,0,0,0
0.910265583,0,0,1,1,1,1
0.910294625,0,0,1,0,0,0
0.910463833,0,0,1,0,0,1
0.910463875,0,0,1,1,1,1
0.910492875,0,0,1,0,0,0
0.910662083,0,0,1,1,1,1
0.910691125,0,0,1,0,0,0
0.910860333,0,0,1,1,1,1
0.910889375,0,0,1,0,0,0
0.911058583,0,0,1,1,1,1
0.911087625,0,0,1,0,0,0
0.911256833,0,0,1,1,1,1
0.911285833,0,0,1,0,0,0
0.911455083,0,0,1,1,1,1
0.911484125,0,0,1,0,0,0
0.911653292,0,0,1,1,1,1
0.911682333,0,0,1,0,0,0
0.911851542,0,0,1,1,1,1
0.911880583,0,0,1,0,0,0
0.912049792,0,0,1,1,1,1
0.912078833,0,0,1,0,0,0
0.912248083,0,0,1,1,1,1
0.912277125,0,0,1,0,0,0
0.912446375,0,0,1,1,1,1
0.912475417,0,0,1,0,0,0
0.912644625,0,0,1,1,1,1
0.912673667,0,0,1,0,0,0
0.912842917,0,0,1,1,1,1
0.912871958,0,0,1,0,0,0
0.913041167,0,0,1,1,1,1
0.913070208,0,0,1,0,0,0
0.913239500,0,0,1,1,1,1
0.913268542,0,0,1,0,0,0
0.913437792,0,0,1,1,1,1
0.913466833,0,0,1,0,0,0
0.913636083,0,0,1,1,1,1
0.913665125,0,0,1,0,0,0
0.913834375,0,0,1,1,1,1
0.913863417,0,0,1,0,0,0
0.914032667,0,0,1,1,1,1
0.914061708,0,0,1,0,0,0
0.914230958,0,0,1,1,1,1
0.914260000,0,0,1,0,0,0
0.914429250,0,0,1,1,1,1
0.914458333,0,0,1,0,0,0
0.914627583,0,0,1,1,1,1
0.914656625,0,0,1,0,0,0
0.914825917,0,0,1,1,1,1
0.914854958,0,0,1,0,0,0
0.915024167,0,0,1,1,1,1
0.915053208,0,0,1,0,0,0
0.915222458,0,0,1,1,1,1
0.915251500,0,0,1,0,0,0
0.915420750,0,0,1,1,1,1
0.915449792,0,0,1,0,0,0
0.915619083,0,0,1,1,1,1
0.915648125,0,0,1,0,0,0
0.915817375,0,0,1,1,1,1
0.915846417,0,0,1,0,0,0
0.916015625,0,0,1,1,1,1
0.916044667,0,0,1,0,0,0
0.916213875,0,0,1,1,1,1
0.916242917,0,0,1,0,0,0
0.916412125,0,0,1,1,1,1
0.916441167,0,0,1,0,0,0
0.916610375,0,0,1,1,1,1
0.916639417,0,0,1,0,0,0
0.916808625,0,0,1,1,1,1
0.916837708,0,0,1,0,0,0
0.917006958,0,0,1,1,1,1
0.917036000,0,0,1,0,0,0
0.917205250,0,0,1,1,1,1
0.917234292,0,0,1,0,0,0
0.917403542,0,0,1,1,1,1
0.917432583,0,0,1,0,0,0
0.917601792,0,0,1,0,1,0
0.917601833,0,0,1,1,1,1
0.917630833,0,0,1,1,0,0
0.917630875,0,0,1,0,0,0
0.917800083,0,0,1,1,1,1
0.917829125,0,0,1,0,0,0
0.917998375,0,0,1,0,1,1
0.917998417,0,0,1,1,1,1
0.918027458,0,0,1,0,0,0
0.918196708,0,0,1,1,1,1
0.918225792,0,0,1,0,0,0
0.918395042,0,0,1,1,1,1
0.918424083,0,0,1,0,0,0
0.918593333,0,0,1,1,1,1
0.918622375,0,0,1,0,0,0
0.918791625,0,0,1,1,1,1
0.918820667,0,0,1,0,0,0
0.918989917,0,0,1,1,1,1
0.919018958,0,0,1,0,0,0
0.919188208,0,0,1,1,1,1
0.919217250,0,0,1,0,0,0
0.919386500,0,0,1,1,1,1
0.919415542,0,0,1,0,0,0
0.919584750,0,0,1,1,1,1
0.919613792,0,0,1,0,0,0
0.919783000,0,0,1,1,1,1
0.919812042,0,0,1,0,0,0
0.919981250,0,0,1,1,1,1
0.920010292,0,0,1,0,0,0
0.920179500,0,0,1,1,1,1
0.920208542,0,0,1,0,0,0
0.920377792,0,0,1,1,1,1
0.920406833,0,0,1,0,0,0
0.920576042,0,0,1,1,1,1
0.920605083,0,0,1,0,0,0
0.920774333,0,0,1,1,1,1
0.920803375,0,0,1,0,0,0
0.920972625,0,0,1,1,1,1
0.921001708,0,0,1,0,0,0
0.921171000,0,0,1,1,1,1
0.921200042,0,0,1,0,0,0
0.921369333,0,0,1,1,1,1
0.921398375,0,0,1,0,0,0
0.921567625,0,0,1,1,1,1
0.921596667,0,0,1,0,0,0
0.921765958,0,0,1,1,1,1
0.921795042,0,0,1,0,0,0
0.921964292,0,0,1,1,1,1
0.921993333,0,0,1,0,0,0
0.922162542,0,0,1,1,1,1
0.922191583,0,0,1,0,0,0
0.922360833,0,0,1,1,1,1
0.922389875,0,0,1,0,0,0
0.922559083,0,0,1,1,1,1
0.922588125,0,0,1,0,0,0
0.922757333,0,0,1,1,1,1
0.922786333,0,0,1,1,0,0
0.922786375,0,0,1,0,0,0
0.922955583,0,0,1,1,1,1
0.922984625,0,0,1,0,0,0
0.923153917,0,0,1,1,1,1
0.923182958,0,0,1,0,0,0
0.923352250,0,0,1,1,1,1
0.923381292,0,0,1,0,0,0
0.923550542,0,0,1,1,1,1
0.923579583,0,0,1,0,0,0
0.923748833,0,0,1,1,1,1
0.923777875,0,0,1,0,0,0
0.923947167,0,0,1,1,1,1
0.923976208,0,0,1,0,0,0
0.924145500,0,0,1,1,1,1
0.924174542,0,0,1,0,0,0
0.924343792,0,0,1,1,1,1
0.924372833,0,0,1,0,0,0
0.924542083,0,0,1,1,1,1
0.924571083,0,0,1,0,0,0
0.924740333,0,0,1,1,1,1
0.924769375,0,0,1,0,0,0
0.924938667,0,0,1,1,1,1
0.924967708,0,0,1,0,0,0
0.925136917,0,0,1,1,1,1
0.925165958,0,0,1,0,0,0
0.925335208,0,0,1,1,1,1
0.925364250,0,0,1,0,0,0
0.925533500,0,0,1,1,1,1
0.925562542,0,0,1,0,0,0
0.925731792,0,0,1,1,1,1
0.925760833,0,0,1,0,0,0
0.925930042,0,0,1,1,1,1
0.925959083,0,0,1,0,0,0
0.926128333,0,0,1,1,1,1
0.926157375,0,0,1,0,0,0
0.926326667,0,0,1,1,1,1
0.926355708,0,0,1,0,0,0
0.926524917,0,0,1,1,1,1
0.926554000,0,0,1,0,0,0
0.926723250,0,0,1,1,1,1
0.926752292,0,0,1,0,0,0
0.926921542,0,0,1,1,1,1
0.926950583,0,0,1,0,0,0
0.927119833,0,0,1,1,1,1
0.927148875,0,0,1,0,0,0
0.927318125,0,0,1,1,1,1
0.927347167,0,0,1,0,0,0
0.927516417,0,0,1,1,1,1
0.927545458,0,0,1,0,0,0
0.927714750,0,0,1,1,1,1
0.927743792,0,0,1,0,0,0
0.927913042,0,0,1,1,1,1
0.927942083,0,0,1,0,0,0
0.928111292,0,0,1,0,1,0
0.928111333,0,0,1,1,1,1
0.928140375,0,0,1,0,0,0
0.928309625,0,0,1,1,1,1
0.928338667,0,0,1,0,0,0
0.928507958,0,0,1,1,1,1
0.928537000,0,0,1,0,0,0
0.928706250,0,0,1,1,1,1
0.928735292,0,0,1,0,0,0
0.928904542,0,0,1,0,1,0
0.928904583,0,0,1,1,1,1
0.928933625,0,0,1,0,0,0
0.929102833,0,0,1,1,1,1
0.929131875,0,0,1,0,0,0
0.929301083,0,0,1,1,1,1
0.929330125,0,0,1,0,0,0
0.929499375,0,0,1,1,1,1
0.929528417,0,0,1,0,0,0
0.929697708,0,0,1,1,1,1
0.929726792,0,0,1,0,0,0
0.929896042,0,0,1,1,1,1
0.929925083,0,0,1,0,0,0
0.930094375,0,0,1,1,1,1
0.930123417,0,0,1,0,0,0
0.930292708,0,0,1,1,1,1
0.930321750,0,0,1,0,0,0
0.930491042,0,0,1,0,1,0
0.930491083,0,0,1,1,1,1
0.930520125,0,0,1,0,0,0
0.930689417,0,0,1,1,1,1
0.930718458,0,0,1,0,0,0
0.930887750,0,0,1,1,1,1
0.930916833,0,0,1,0,0,0
0.931086125,0,0,1,1,1,1
0.931115167,0,0,1,0,0,0
0.931284500,0,0,1,1,1,1
0.931313542,0,0,1,0,0,0
0.931482875,0,0,1,1,1,1
0.931511917,0,0,1,0,0,0
0.931681208,0,0,1,1,1,1
0.931710250,0,0,1,0,0,0
0.931879542,0,0,1,1,1,1
0.931908583,0,0,1,0,0,0
0.932077917,0,0,1,1,1,1
0.932106958,0,0,1,0,0,0
0.932276208,0,0,1,1,1,1
0.932305250,0,0,1,0,0,0
0.932474500,0,0,1,1,1,1
0.932503542,0,0,1,0,0,0
0.932672750,0,0,1,1,1,1
0.932701833,0,0,1,0,0,0
0.932871083,0,0,1,1,1,1
0.932900125,0,0,1,0,0,0
0.933069375,0,0,1,1,1,1
0.933098417,0,0,1,0,0,0
0.933267625,0,0,1,1,1,1
0.933296667,0,0,1,0,0,0
0.933465875,0,0,1,1,1,1
0.933494917,0,0,1,0,0,0
0.933664125,0,0,1,1,1,1
0.933693167,0,0,1,0,0,0
0.933862417,0,0,1,1,1,1
0.933891458,0,0,1,0,0,0
0.934060708,0,0,1,0,1,1
0.934060750,0,0,1,1,1,1
0.934089792,0,0,1,0,0,0
0.934259042,0,0,1,1,1,1
0.934288125,0,0,1,0,0,0
0.934457375,0,0,1,1,1,1
0.934486458,0,0,1,0,0,0
0.934655708,0,0,1,1,1,1
0.934684750,0,0,1,0,0,0
0.934853958,0,0,1,1,1,1
0.934883000,0,0,1,0,0,0
0.935052208,0,0,1,1,1,1
0.935081250,0,0,1,0,0,0
0.935250500,0,0,1,1,1,1
0.935279500,0,0,1,0,0,0
0.935448708,0,0,1,1,1,1
0.935477750,0,0,1,0,0,0
0.935647000,0,0,1,1,1,1
0.935676042,0,0,1,0,0,0
0.935845250,0,0,1,1,1,1
0.935874292,0,0,1,0,0,0
0.936043500,0,0,1,1,1,1
0.936072542,0,0,1,0,0,0
0.936241792,0,0,1,1,1,1
0.936270833,0,0,1,0,0,0
0.936440083,0,0,1,1,1,1
0.936469125,0,0,1,0,0,0
0.936638417,0,0,1,1,1,1
0.936667458,0,0,1,0,0,0
0.936836750,0,0,1,1,1,1
0.936865792,0,0,1,0,0,0
0.937035083,0,0,1,1,1,1
0.937064167,0,0,1,0,0,0
0.937233458,0,0,1,1,1,1
0.937262500,0,0,1,0,0,0
0.937431750,0,0,1,1,1,1
0.937460792,0,0,1,0,0,0
0.937630042,0,0,1,1,1,1
0.937659125,0,0,1,0,0,0
0.937828375,0,0,1,1,1,1
0.937857417,0,0,1,0,0,0
0.938026708,0,0,1,1,1,1
0.938055750,0,0,1,0,0,0
0.938224917,0,0,1,1,1,1
0.938253958,0,0,1,0,0,0
0.938423208,0,0,1,1,1,1
0.938452250,0,0,1,0,0,0
0.938621458,0,0,1,1,1,1
0.938650542,0,0,1,0,0,0
0.938819792,0,0,1,1,1,1
0.938848792,0,0,1,0,0,0
0.939018042,0,0,1,1,1,1
0.939047083,0,0,1,0,0,0
0.939216333,0,0,1,1,1,1
0.939245375,0,0,1,0,0,0
0.939414542,0,0,1,1,1,1
0.939443583,0,0,1,0,0,0
0.939612792,0,0,1,1,1,1
0.939641833,0,0,1,0,0,0
0.939811042,0,0,1,0,1,1
0.939811083,0,0,1,1,1,1
0.939840083,0,0,1,0,0,0
0.940009333,0,0,1,1,1,1
0.940038375,0,0,1,0,0,0
0.940207625,0,0,1,1,1,1
0.940236667,0,0,1,0,0,0
0.940405917,0,0,1,1,1,1
0.940434958,0,0,1,0,0,0
0.940604208,0,0,1,1,1,1
0.940633208,0,0,1,0,0,0
0.940802458,0,0,1,1,1,1
0.940831458,0,0,1,0,0,0
0.941000667,0,0,1,1,1,1
0.941029708,0,0,1,0,0,0
0.941198917,0,0,1,1,1,1
0.941227958,0,0,1,0,0,0
0.941397167,0,0,1,1,1,1
0.941426208,0,0,1,0,0,0
0.941595417,0,0,1,1,1,1
0.941624458,0,0,1,0,0,0
0.941793708,0,0,1,1,1,1
0.941822750,0,0,1,0,0,0
0.941991958,0,0,1,1,1,1
0.942021000,0,0,1,0,0,0
0.942190250,0,0,1,1,1,1
0.942219292,0,0,1,0,0,0
0.942388500,0,0,1,1,1,1
0.942417542,0,0,1,0,0,0
0.942586792,0,0,1,1,1,1
0.942615833,0,0,1,0,0,0
0.942785083,0,0,1,1,1,1
0.942814125,0,0,1,0,0,0
0.942983333,0,0,1,1,1,1
0.943012375,0,0,1,1,0,1
0.943012417,0,0,1,0,0,0
0.943181667,0,0,1,1,1,1
0.943210750,0,0,1,0,0,0
0.943380000,0,0,1,1,1,1
0.943409042,0,0,1,0,0,0
0.943578250,0,0,1,1,1,1
0.943607333,0,0,1,0,0,0
0.943776583,0,0,1,1,1,1
0.943805625,0,0,1,0,0,0
0.943974833,0,0,1,1,1,1
0.944003875,0,0,1,0,0,0
0.944173125,0,0,1,1,1,1
0.944202167,0,0,1,0,0,0
0.944371375,0,0,1,1,1,1
0.944400417,0,0,1,0,0,0
0.944569625,0,0,1,1,1,1
0.944598667,0,0,1,0,0,0
0.944767917,0,0,1,1,1,1
0.944796958,0,0,1,0,0,0
0.944966250,0,0,1,1,1,1
0.944995333,0,0,1,0,0,0
0.945164583,0,0,1,1,1,1
0.945193667,0,0,1,0,0,0
0.945362917,0,0,1,1,1,1
0.945391958,0,0,1,0,0,0
0.945561208,0,0,1,1,1,1
0.945590250,0,0,1,0,0,0
0.945759583,0,0,1,1,1,1
0.945788625,0,0,1,0,0,0
0.945957958,0,0,1,1,1,1
0.945987000,0,0,1,0,0,0
0.946156333,0,0,1,1,1,1
0.946185375,0,0,1,0,0,0
0.946354667,0,0,1,1,1,1
0.946383708,0,0,1,0,0,0
0.946553000,0,0,1,1,1,1
0.946582042,0,0,1,0,0,0
0.946751333,0,0,1,1,1,1
0.946780375,0,0,1,0,0,0
0.946949625,0,0,1,1,1,1
0.946978667,0,0,1,0,0,0
0.947147958,0,0,1,1,1,1
0.947177000,0,0,1,0,0,0
0.947346292,0,0,1,1,1,1
0.947375333,0,0,1,0,0,0
0.947544542,0,0,1,1,1,1
0.947573583,0,0,1,0,0,0
0.947742833,0,0,1,1,1,1
0.947771875,0,0,1,0,0,0
0.947941125,0,0,1,1,1,1
0.947970167,0,0,1,0,0,0
0.948139375,0,0,1,1,1,1
0.948168417,0,0,1,0,0,0
0.948337708,0,0,1,1,1,1
0.948366750,0,0,1,0,0,0
0.948536000,0,0,1,1,1,1
0.948565042,0,0,1,0,0,0
0.948734292,0,0,1,1,1,1
0.948763333,0,0,1,0,0,0
0.948932542,0,0,1,1,1,1
0.948961583,0,0,1,0,0,0
0.949130833,0,0,1,1,1,1
0.949159917,0,0,1,0,0,0
0.949329125,0,0,1,1,1,1
0.949358167,0,0,1,0,0,0
0.949527417,0,0,1,1,1,1
0.949556458,0,0,1,0,0,0
0.949725708,0,0,1,1,1,1
0.949754750,0,0,1,0,0,0
0.949924000,0,0,1,1,1,1
0.949953000,0,0,1,1,0,0
0.949953042,0,0,1,0,0,0
0.950122250,0,0,1,1,1,1
0.950151292,0,0,1,0,0,0
0.950320500,0,0,1,1,1,1
0.950349542,0,0,1,0,0,0
0.950518833,0,0,1,1,1,1
0.950547875,0,0,1,0,0,0
0.950717125,0,0,1,1,1,1
0.950746167,0,0,1,0,0,0
0.950915417,0,0,1,1,1,1
0.950944458,0,0,1,0,0,0
0.951113667,0,0,1,1,1,1
0.951142708,0,0,1,0,0,0
0.951311958,0,0,1,1,1,1
0.951341000,0,0,1,0,0,0
0.951510250,0,0,1,1,1,1
0.951539292,0,0,1,0,0,0
0.951708542,0,0,1,1,1,1
0.951737583,0,0,1,0,0,0
0.951906875,0,0,1,1,1,1
0.951935917,0,0,1,0,0,0
0.952105125,0,0,1,1,1,1
0.952134167,0,0,1,0,0,0
0.952303417,0,0,1,1,1,1
0.952332458,0,0,1,0,0,0
0.952501708,0,0,1,1,1,1
0.952530750,0,0,1,0,0,0
0.952700000,0,0,1,1,1,1
0.952729042,0,0,1,0,0,0
0.952898292,0,0,1,1,1,1
0.952927333,0,0,1,0,0,0
0.953096583,0,0,1,1,1,1
0.953125625,0,0,1,0,0,0
0.953294875,0,0,1,1,1,1
0.953323917,0,0,1,0,0,0
0.953493167,0,0,1,1,1,1
0.953522208,0,0,1,0,0,0
0.953691458,0,0,1,1,1,1
0.953720500,0,0,1,0,0,0
0.953889750,0,0,1,1,1,1
0.953918792,0,0,1,0,0,0
0.954088042,0,0,1,1,1,1
0.954117083,0,0,1,0,0,0
0.954286333,0,0,1,1,1,1
0.954315375,0,0,1,0,0,0
0.954484625,0,0,1,1,1,1
0.954513667,0,0,1,0,0,0
0.954682875,0,0,1,1,1,1
0.954711917,0,0,1,0,0,0
0.954881167,0,0,1,1,1,1
0.954910208,0,0,1,0,0,0
0.955079500,0,0,1,1,1,1
0.955108542,0,0,1,0,0,0
0.955277833,0,0,1,1,1,1
0.955306875,0,0,1,0,0,0
0.955476167,0,0,1,1,1,1
0.955505208,0,0,1,0,0,0
0.955674542,0,0,1,1,1,1
0.955703583,0,0,1,0,0,0
0.955872875,0,0,1,1,1,1
0.955901917,0,0,1,0,0,0
0.956071208,0,0,1,1,1,1
0.956100250,0,0,1,0,0,0
0.956269583,0,0,1,1,1,1
0.956298667,0,0,1,0,0,0
0.956467958,0,0,1,1,1,1
0.956497000,0,0,1,0,0,0
0.956666292,0,0,1,1,1,1
0.956695333,0,0,1,0,0,0
0.956864625,0,0,1,1,1,1
0.956893667,0,0,1,0,0,0
0.957062917,0,0,1,1,1,1
0.957091958,0,0,1,0,0,0
0.957261250,0,0,1,1,1,1
0.957290292,0,0,1,0,0,0
0.957459583,0,0,1,1,1,1
0.957488625,0,0,1,0,0,0
0.957657917,0,0,1,1,1,1
0.957686958,0,0,1,0,0,0
0.957856208,0,0,1,1,1,1
0.957885250,0,0,1,0,0,0
0.958054500,0,0,1,1,1,1
0.958083583,0,0,1,0,0,0
0.958252833,0,0,1,1,1,1
0.958281875,0,0,1,0,0,0
0.958451125,0,0,1,1,1,1
0.958480167,0,0,1,0,0,0
0.958649458,0,0,1,1,1,1
0.958678500,0,0,1,0,0,0
0.958847750,0,0,1,1,1,1
0.958876792,0,0,1,0,0,0
0.959046042,0,0,1,1,1,1
0.959075083,0,0,1,0,0,0
0.959244333,0,0,1,1,1,1
0.959273375,0,0,1,0,0,0
0.959442583,0,0,1,1,1,1
0.959471625,0,0,1,0,0,0
0.959640875,0,0,1,1,1,1
0.959669917,0,0,1,0,0,0
0.959839208,0,0,1,1,1,1
0.959868250,0,0,1,0,0,0
0.960037500,0,0,1,1,1,1
0.960066542,0,0,1,0,0,0
0.960235792,0,0,1,1,1,1
0.960264833,0,0,1,0,0,0
0.960434042,0,0,1,1,1,1
0.960463083,0,0,1,0,0,0
0.960632375,0,0,1,1,1,1
0.960661458,0,0,1,0,0,0
0.960830708,0,0,1,0,1,1
0.960830750,0,0,1,1,1,1
0.960859792,0,0,1,0,0,0
0.961029042,0,0,1,1,1,1
0.961058083,0,0,1,0,0,0
0.961227375,0,0,1,1,1,1
0.961256417,0,0,1,0,0,0
0.961425667,0,0,1,1,1,1
0.961454708,0,0,1,0,0,0
0.961624000,0,0,1,1,1,1
0.961653042,0,0,1,0,0,0
0.961822292,0,0,1,1,1,1
0.961851333,0,0,1,0,0,0
0.962020583,0,0,1,1,1,1
0.962049625,0,0,1,0,0,0
0.962218875,0,0,1,1,1,1
0.962247917,0,0,1,0,0,0
0.962417167,0,0,1,1,1,1
0.962446208,0,0,1,0,0,0
0.962615458,0,0,1,1,1,1
0.962644500,0,0,1,0,0,0
0.962813750,0,0,1,1,1,1
0.962842792,0,0,1,0,0,0
0.963012042,0,0,1,1,1,1
0.963041083,0,0,1,0,0,0
0.963210292,0,0,1,1,1,1
0.963239333,0,0,1,0,0,0
0.963408542,0,0,1,1,1,1
0.963437583,0,0,1,0,0,0
0.963606792,0,0,1,1,1,1
0.963635833,0,0,1,0,0,0
0.963805083,0,0,1,1,1,1
0.963834125,0,0,1,0,0,0
0.964003375,0,0,1,1,1,1
0.964032417,0,0,1,0,0,0
0.964201625,0,0,1,0,1,0
0.964201667,0,0,1,1,1,1
0.964230667,0,0,1,0,0,0
0.964399875,0,0,1,1,1,1
0.964428917,0,0,1,0,0,0
0.964598125,0,0,1,1,1,1
0.964627167,0,0,1,0,0,0
0.964796375,0,0,1,1,1,1
0.964825417,0,0,1,0,0,0
0.964994625,0,0,1,1,1,1
0.965023667,0,0,1,0,0,0
0.965192917,0,0,1,1,1,1
0.965221958,0,0,1,0,0,0
0.965391208,0,0,1,1,1,1
0.965420250,0,0,1,0,0,0
0.965589417,0,0,1,1,1,1
0.965618458,0,0,1,0,0,0
0.965787667,0,0,1,1,1,1
0.965816708,0,0,1,0,0,0
0.965985958,0,0,1,1,1,1
0.966015000,0,0,1,0,0,0
0.966184250,0,0,1,1,1,1
0.966213333,0,0,1,0,0,0
0.966382583,0,0,1,1,1,1
0.966411625,0,0,1,0,0,0
0.966580875,0,0,1,1,1,1
0.966609917,0,0,1,0,0,0
0.966779167,0,0,1,1,1,1
0.966808208,0,0,1,0,0,0
0.966977458,0,0,1,1,1,1
0.967006500,0,0,1,0,0,0
0.967175750,0,0,1,1,1,1
0.967204792,0,0,1,0,0,0
0.967374000,0,0,1,1,1,1
0.967403042,0,0,1,0,0,0
0.967572292,0,0,1,1,1,1
0.967601333,0,0,1,0,0,0
0.967770583,0,0,1,1,1,1
0.967799625,0,0,1,0,0,0
0.967968875,0,0,1,1,1,1
0.967997917,0,0,1,0,0,0
0.968167208,0,0,1,1,1,1
0.968196250,0,0,1,0,0,0
0.968365500,0,0,1,1,1,1
0.968394542,0,0,1,0,0,0
0.968563750,0,0,1,1,1,1
0.968592750,0,0,1,0,0,0
0.968762000,0,0,1,1,1,1
0.968791042,0,0,1,0,0,0
0.968960292,0,0,1,1,1,1
0.968989333,0,0,1,0,0,0
0.969158542,0,0,1,1,1,1
0.969187583,0,0,1,0,0,0
0.969356875,0,0,1,1,1,1
0.969385917,0,0,1,0,0,0
0.969555167,0,0,1,1,1,1
0.969584208,0,0,1,0,0,0
0.969753458,0,0,1,1,1,1
0.969782500,0,0,1,0,0,0
0.969951750,0,0,1,1,1,1
0.969980792,0,0,1,0,0,0
0.970150042,0,0,1,1,1,1
0.970179083,0,0,1,0,0,0
0.970348375,0,0,1,1,1,1
0.970377417,0,0,1,0,0,0
0.970546708,0,0,1,1,1,1
0.970575750,0,0,1,0,0,0
0.970745083,0,0,1,1,1,1
0.970774125,0,0,1,0,0,0
0.970943375,0,0,1,1,1,1
0.970972458,0,0,1,0,0,0
0.971141750,0,0,1,1,1,1
0.971170792,0,0,1,0,0,0
0.971340042,0,0,1,1,1,1
0.971369083,0,0,1,0,0,0
0.971538333,0,0,1,1,1,1
0.971567375,0,0,1,0,0,0
0.971736625,0,0,1,1,1,1
0.971765667,0,0,1,0,0,0
0.971934917,0,0,1,1,1,1
0.971963958,0,0,1,0,0,0
0.972133250,0,0,1,1,1,1
0.972162292,0,0,1,0,0,0
0.972331542,0,0,1,1,1,1
0.972360583,0,0,1,0,0,0
0.972529875,0,0,1,1,1,1
0.972558917,0,0,1,0,0,0
0.972728167,0,0,1,1,1,1
0.972757208,0,0,1,0,0,0
0.972926458,0,0,1,1,1,1
0.972955500,0,0,1,0,0,0
0.973124792,0,0,1,1,1,1
0.973153833,0,0,1,0,0,0
0.973323125,0,0,1,1,1,1
0.973352167,0,0,1,0,0,0
0.973521458,0,0,1,1,1,1
0.973550500,0,0,1,0,0,0
0.973719792,0,0,1,1,1,1
0.973748833,0,0,1,0,0,0
0.973918083,0,0,1,1,1,1
0.973947125,0,0,1,0,0,0
0.974116375,0,0,1,1,1,1
0.974145417,0,0,1,0,0,0
0.974314708,0,0,1,1,1,1
0.974343750,0,0,1,0,0,0
0.974513000,0,0,1,1,1,1
0.974542042,0,0,1,0,0,0
0.974711292,0,0,1,1,1,1
0.974740333,0,0,1,0,0,0
0.974909583,0,0,1,1,1,1
0.974938625,0,0,1,0,0,0
0.975107875,0,0,1,1,1,1
0.975136917,0,0,1,0,0,0
0.975306208,0,0,1,1,1,1
0.975335250,0,0,1,0,0,0
0.975504583,0,0,1,1,1,1
0.975533625,0,0,1,0,0,0
0.975702875,0,0,1,1,1,1
0.975731917,0,0,1,0,0,0
0.975901167,0,0,1,1,1,1
0.975930208,0,0,1,0,0,0
0.976099458,0,0,1,1,1,1
0.976128500,0,0,1,0,0,0
0.976297792,0,0,1,1,1,1
0.976326833,0,0,1,0,0,0
0.976496083,0,0,1,1,1,1
0.976525125,0,0,1,0,0,0
0.976694375,0,0,1,1,1,1
0.976723417,0,0,1,0,0,0
0.976892667,0,0,1,1,1,1
0.976921708,0,0,1,0,0,0
0.977091000,0,0,1,1,1,1
0.977120042,0,0,1,0,0,0
0.977289292,0,0,1,1,1,1
0.977318333,0,0,1,0,0,0
0.977487583,0,0,1,1,1,1
0.977516667,0,0,1,0,0,0
0.977685917,0,0,1,1,1,1
0.977714958,0,0,1,0,0,0
0.977884250,0,0,1,1,1,1
0.977913292,0,0,1,0,0,0
0.978082625,0,0,1,1,1,1
0.978111667,0,0,1,0,0,0
0.978280917,0,0,1,1,1,1
0.978309958,0,0,1,0,0,0
0.978479208,0,0,1,1,1,1
0.978508250,0,0,1,0,0,0
0.978677500,0,0,1,1,1,1
0.978706542,0,0,1,0,0,0
0.978875833,0,0,1,1,1,1
0.978904875,0,0,1,0,0,0
0.979074167,0,0,1,1,1,1
0.979103208,0,0,1,0,0,0
0.979272458,0,0,1,1,1,1
0.979301500,0,0,1,0,0,0
0.979470792,0,0,1,1,1,1
0.979499833,0,0,1,0,0,0
0.979669125,0,0,1,1,1,1
0.979698167,0,0,1,0,0,0
0.979867458,0,0,1,1,1,1
0.979896500,0,0,1,0,0,0
0.980065792,0,0,1,1,1,1
0.980094833,0,0,1,0,0,0
0.980264125,0,0,1,1,1,1
0.980293167,0,0,1,0,0,0
0.980462417,0,0,1,1,1,1
0.980491458,0,0,1,0,0,0
0.980660708,0,0,1,1,1,1
0.980689750,0,0,1,0,0,0
0.980859000,0,0,1,1,1,1
0.980888042,0,0,1,0,0,0
0.981057292,0,0,1,1,1,1
0.981086333,0,0,1,0,0,0
0.981255542,0,0,1,1,1,1
0.981284583,0,0,1,0,0,0
0.981453833,0,0,1,1,1,1
0.981482875,0,0,1,0,0,0
0.981652125,0,0,1,1,1,1
0.981681167,0,0,1,0,0,0
0.981850458,0,0,1,1,1,1
0.981879500,0,0,1,0,0,0
0.982048750,0,0,1,1,1,1
0.982077792,0,0,1,0,0,0
0.982247083,0,0,1,1,1,1
0.982276125,0,0,1,0,0,0
0.982445458,0,0,1,1,1,1
0.982474500,0,0,1,0,0,0
0.982643792,0,0,1,1,1,1
0.982672833,0,0,1,0,0,0
0.982842083,0,0,1,1,1,1
0.982871125,0,0,1,0,0,0
0.983040375,0,0,1,1,1,1
0.983069417,0,0,1,0,0,0
0.983238667,0,0,1,1,1,1
0.983267750,0,0,1,0,0,0
0.983437000,0,0,1,1,1,1
0.983466042,0,0,1,0,0,0
0.983635292,0,0,1,1,1,1
0.983664333,0,0,1,0,0,0
0.983833625,0,0,1,1,1,1
0.983862667,0,0,1,0,0,0
0.984031958,0,0,1,1,1,1
0.984061000,0,0,1,0,0,0
0.984230250,0,0,1,1,1,1
0.984259333,0,0,1,0,0,0
0.984428583,0,0,1,1,1,1
0.984457667,0,0,1,0,0,0
0.984626875,0,0,1,1,1,1
0.984655917,0,0,1,0,0,0
0.984825208,0,0,1,1,1,1
0.984854250,0,0,1,0,0,0
0.985023500,0,0,1,1,1,1
0.985052542,0,0,1,0,0,0
0.985221833,0,0,1,1,1,1
0.985250875,0,0,1,0,0,0
0.985420125,0,0,1,1,1,1
0.985449167,0,0,1,0,0,0
0.985618417,0,0,1,1,1,1
0.985647500,0,0,1,0,0,0
0.985816750,0,0,1,1,1,1
0.985845792,0,0,1,0,0,0
0.986015083,0,0,1,1,1,1
0.986044125,0,0,1,0,0,0
0.986213417,0,0,1,1,1,1
0.986242458,0,0,1,0,0,0
0.986411708,0,0,1,1,1,1
0.986440750,0,0,1,0,0,0
0.986610042,0,0,1,1,1,1
0.986639083,0,0,1,0,0,0
0.986808417,0,0,1,1,1,1
0.986837458,0,0,1,0,0,0
0.987006792,0,0,1,1,1,1
0.987035833,0,0,1,0,0,0
0.987205167,0,0,1,1,1,1
0.987234208,0,0,1,0,0,0
0.987403542,0,0,1,1,1,1
0.987432583,0,0,1,0,0,0
0.987601917,0,0,1,1,1,1
0.987630958,0,0,1,0,0,0
0.987800250,0,0,1,1,1,1
0.987829333,0,0,1,0,0,0
0.987998625,0,0,1,1,1,1
0.988027667,0,0,1,0,0,0
0.988196958,0,0,1,1,1,1
0.988226042,0,0,1,0,0,0
0.988395292,0,0,1,1,1,1
0.988424333,0,0,1,0,0,0
0.988593625,0,0,1,1,1,1
0.988622667,0,0,1,0,0,0
0.988791917,0,0,1,1,1,1
0.988820958,0,0,1,0,0,0
0.988990208,0,0,1,1,1,1
0.989019292,0,0,1,0,0,0
0.989188583,0,0,1,1,1,1
0.989217625,0,0,1,0,0,0
0.989386917,0,0,1,1,1,1
0.989415958,0,0,1,0,0,0
0.989585250,0,0,1,1,1,1
0.989614292,0,0,1,0,0,0
0.989783542,0,0,1,1,1,1
0.989812583,0,0,1,0,0,0
0.989981875,0,0,1,1,1,1
0.990010917,0,0,1,0,0,0
0.990180208,0,0,1,0,1,1
0.990180250,0,0,1,1,1,1
0.990209292,0,0,1,0,0,0
0.990378583,0,0,1,1,1,1
0.990407625,0,0,1,0,0,0
0.990576917,0,0,1,1,1,1
0.990606000,0,0,1,0,0,0
0.990775250,0,0,1,1,1,1
0.990804333,0,0,1,0,0,0
0.990973625,0,0,1,1,1,1
0.991002708,0,0,1,0,0,0
0.991172000,0,0,1,1,1,1
0.991201042,0,0,1,0,0,0
0.991370333,0,0,1,1,1,1
0.991399375,0,0,1,0,0,0
0.991568625,0,0,1,1,1,1
0.991597667,0,0,1,0,0,0
0.991766875,0,0,1,1,1,1
0.991795917,0,0,1,0,0,0
0.991965167,0,0,1,1,1,1
0.991994208,0,0,1,0,0,0
0.992163458,0,0,1,1,1,1
0.992192500,0,0,1,0,0,0
0.992361708,0,0,1,1,1,1
0.992390750,0,0,1,0,0,0
0.992559958,0,0,1,1,1,1
0.992589000,0,0,1,0,0,0
0.992758250,0,0,1,1,1,1
0.992787292,0,0,1,0,0,0
0.992956458,0,0,1,1,1,1
0.992985500,0,0,1,0,0,0
0.993154708,0,0,1,1,1,1
0.993183750,0,0,1,0,0,0
0.993352958,0,0,1,1,1,1
0.993382000,0,0,1,0,0,0
0.993551250,0,0,1,1,1,1
0.993580292,0,0,1,0,0,0
0.993749500,0,0,1,1,1,1
0.993778542,0,0,1,0,0,0
0.993947750,0,0,1,1,1,1
0.993976833,0,0,1,0,0,0
0.994146042,0,0,1,1,1,1
0.994175083,0,0,1,0,0,0
0.994344292,0,0,1,1,1,1
0.994373333,0,0,1,0,0,0
0.994542583,0,0,1,1,1,1
0.994571625,0,0,1,0,0,0
0.994740917,0,0,1,1,1,1
0.994770000,0,0,1,0,0,0
0.994939292,0,0,1,1,1,1
0.994968333,0,0,1,0,0,0
0.995137625,0,0,1,1,1,1
0.995166667,0,0,1,0,0,0
0.995335958,0,0,1,1,1,1
0.995365000,0,0,1,0,0,0
0.995534250,0,0,1,1,1,1
0.995563333,0,0,1,0,0,0
0.995732583,0,0,1,1,1,1
0.995761625,0,0,1,0,0,0
0.995930917,0,0,1,1,1,1
0.995959958,0,0,1,0,0,0
0.996129208,0,0,1,1,1,1
0.996158250,0,0,1,0,0,0
0.996327458,0,0,1,1,1,1
0.996356500,0,0,1,0,0,0
0.996525708,0,0,1,1,1,1
0.996554750,0,0,1,0,0,0
0.996723958,0,0,1,1,1,1
0.996753000,0,0,1,0,0,0
0.996922167,0,0,1,1,1,1
0.996951208,0,0,1,0,0,0
0.997120458,0,0,1,1,1,1
0.997149458,0,0,1,0,0,0
0.997318667,0,0,1,1,1,1
0.997347708,0,0,1,0,0,0
0.997516958,0,0,1,1,1,1
0.997546000,0,0,1,0,0,0
0.997715208,0,0,1,1,1,1
0.997744250,0,0,1,0,0,0
0.997913458,0,0,1,1,1,1
0.997942500,0,0,1,0,0,0
0.998111708,0,0,1,1,1,1
0.998140750,0,0,1,0,0,0
0.998309958,0,0,1,1,1,1
0.998339000,0,0,1,0,0,0
0.998508208,0,0,1,1,1,1
0.998537250,0,0,1,0,0,0
0.998706500,0,0,1,1,1,1
0.998735542,0,0,1,0,0,0
0.998904792,0,0,1,1,1,1
0.998933833,0,0,1,0,0,0
0.999103125,0,0,1,1,1,1
0.999132167,0,0,1,0,0,0
0.999301417,0,0,1,1,1,1
0.999330458,0,0,1,0,0,0
0.999499750,0,0,1,1,1,1
0.999528833,0,0,1,0,0,0
0.999698083,0,0,1,1,1,1
0.999727125,0,0,1,1,0,0
0.999727167,0,0,1,0,0,0
0.999896417,0,0,1,1,1,1
0.999925458,0,0,1,0,0,0
1.000094667,0,0,1,1,1,1
1.000123708,0,0,1,0,0,0
1.000292917,0,0,1,1,1,1
1.000321958,0,0,1,0,0,0
1.000491167,0,0,1,1,1,1
1.000520208,0,0,1,0,0,0
1.000689458,0,0,1,1,1,1
1.000718500,0,0,1,0,0,0
1.000887750,0,0,1,1,1,1
1.000916792,0,0,1,0,0,0
1.001086000,0,0,1,1,1,1
1.001115083,0,0,1,0,0,0
1.001284292,0,0,1,1,1,1
1.001313333,0,0,1,0,0,0
1.001482583,0,0,1,1,1,1
1.001511625,0,0,1,0,0,0
1.001680875,0,0,1,1,1,1
1.001709917,0,0,1,0,0,0
1.001879167,0,0,1,1,1,1
1.001908208,0,0,1,0,0,0
1.002077417,0,0,1,1,1,1
1.002106458,0,0,1,0,0,0
1.002275667,0,0,1,1,1,1
1.002304708,0,0,1,0,0,0
1.002473917,0,0,1,1,1,1
1.002502958,0,0,1,0,0,0
1.002672208,0,0,1,1,1,1
1.002701250,0,0,1,0,0,0
1.002870500,0,0,1,1,1,1
1.002899542,0,0,1,0,0,0
1.003068833,0,0,1,1,1,1
1.003097917,0,0,1,0,0,0
1.003267208,0,0,1,1,1,1
1.003296250,0,0,1,0,0,0
1.003465542,0,0,1,1,1,1
1.003494583,0,0,1,0,0,0
1.003663875,0,0,1,1,1,1
1.003692917,0,0,1,0,0,0
1.003862208,0,0,1,1,1,1
1.003891292,0,0,1,0,0,0
1.004060583,0,0,1,1,1,1
1.004089625,0,0,1,0,0,0
1.004258875,0,0,1,1,1,1
1.004287958,0,0,1,0,0,0
1.004457208,0,0,1,1,1,1
1.004486250,0,0,1,0,0,0
1.004655583,0,0,1,1,1,1
1.004684625,0,0,1,0,0,0
1.004853917,0,0,1,1,1,1
1.004883000,0,0,1,0,0,0
1.005052292,0,0,1,1,1,1
1.005081375,0,0,1,0,0,0
1.005250667,0,0,1,1,1,1
1.005279750,0,0,1,0,0,0
1.005449042,0,0,1,1,1,1
1.005478083,0,0,1,0,0,0
1.005647333,0,0,1,1,1,1
1.005676417,0,0,1,0,0,0
1.005845625,0,0,1,1,1,1
1.005874667,0,0,1,0,0,0
1.006043875,0,0,1,1,1,1
1.006072917,0,0,1,0,0,0
1.006242125,0,0,1,1,1,1
1.006271208,0,0,1,0,0,0
1.006440458,0,0,1,1,1,1
1.006469500,0,0,1,0,0,0
1.006638708,0,0,1,1,1,1
1.006667750,0,0,1,0,0,0
1.006836917,0,0,1,1,1,1
1.006865958,0,0,1,0,0,0
1.007035167,0,0,1,1,1,1
1.007064208,0,0,1,0,0,0
1.007233417,0,0,1,1,1,1
1.007262417,0,0,1,0,0,0
1.007431625,0,0,1,1,1,1
1.007460708,0,0,1,0,0,0
1.007629917,0,0,1,1,1,1
1.007659000,0,0,1,0,0,0
1.007828250,0,0,1,1,1,1
1.007857292,0,0,1,0,0,0
1.008026583,0,0,1,1,1,1
1.008055625,0,0,1,0,0,0
1.008224833,0,0,1,1,1,1
1.008253875,0,0,1,0,0,0
1.008423125,0,0,1,1,1,1
1.008452167,0,0,1,0,0,0
1.008621417,0,0,1,1,1,1
1.008650458,0,0,1,0,0,0
1.008819708,0,0,1,1,1,1
1.008848750,0,0,1,0,0,0
1.009017958,0,0,1,1,1,1
1.009047042,0,0,1,0,0,0
1.009216292,0,0,1,1,1,1
1.009245333,0,0,1,0,0,0
1.009414583,0,0,1,1,1,1
1.009443625,0,0,1,0,0,0
1.009612833,0,0,1,1,1,1
1.009641875,0,0,1,0,0,0
1.009811083,0,0,1,1,1,1
1.009840125,0,0,1,0,0,0
1.010009333,0,0,1,1,1,1
1.010038375,0,0,1,0,0,0
1.010207542,0,0,1,0,1,0
1.010207583,0,0,1,1,1,1
1.010236583,0,0,1,0,0,0
1.010405792,0,0,1,1,1,1
1.010434833,0,0,1,0,0,0
1.010604042,0,0,1,1,1,1
1.010633083,0,0,1,0,0,0
1.010802292,0,0,1,1,1,1
1.010831333,0,0,1,0,0,0
1.011000542,0,0,1,1,1,1
1.011029583,0,0,1,0,0,0
1.011198750,0,0,1,1,1,1
1.011227792,0,0,1,0,0,0
1.011397000,0,0,1,1,1,1
1.011426042,0,0,1,0,0,0
1.011595250,0,0,1,1,1,1
1.011624292,0,0,1,0,0,0
1.011793542,0,0,1,1,1,1
1.011822625,0,0,1,0,0,0
1.011991833,0,0,1,1,1,1
1.012020875,0,0,1,0,0,0
1.012190125,0,0,1,1,1,1
1.012219167,0,0,1,0,0,0
1.012388417,0,0,1,1,1,1
1.012417458,0,0,1,0,0,0
1.012586708,0,0,1,1,1,1
1.012615750,0,0,1,0,0,0
1.012784958,0,0,1,1,1,1
1.012814000,0,0,1,0,0,0
1.012983250,0,0,1,1,1,1
1.013012333,0,0,1,0,0,0
1.013181583,0,0,1,1,1,1
1.013210625,0,0,1,0,0,0
1.013379833,0,0,1,1,1,1
1.013408875,0,0,1,1,0,0
1.013408917,0,0,1,0,0,0
1.013578125,0,0,1,1,1,1
1.013607167,0,0,1,0,0,0
1.013776417,0,0,1,1,1,1
1.013805458,0,0,1,0,0,0
1.013974708,0,0,1,1,1,1
1.014003750,0,0,1,0,0,0
1.014173000,0,0,1,1,1,1
1.014202042,0,0,1,0,0,0
1.014371333,0,0,1,1,1,1
1.014400375,0,0,1,0,0,0
1.014569625,0,0,1,0,1,0
1.014569667,0,0,1,1,1,1
1.014598708,0,0,1,0,0,0
1.014767958,0,0,1,1,1,1
1.014797000,0,0,1,1,0,0
1.014797042,0,0,1,0,0,0
1.014966333,0,0,1,1,1,1
1.014995375,0,0,1,0,0,0
1.015164667,0,0,1,1,1,1
1.015193708,0,0,1,0,0,0
1.015363000,0,0,1,1,1,1
1.015392042,0,0,1,0,0,0
1.015561375,0,0,1,1,1,1
1.015590417,0,0,1,0,0,0
1.015759708,0,0,1,1,1,1
1.015788750,0,0,1,0,0,0
1.015958042,0,0,1,1,1,1
1.015987083,0,0,1,0,0,0
1.016156417,0,0,1,1,1,1
1.016185458,0,0,1,0,0,0
1.016354750,0,0,1,1,1,1
1.016383833,0,0,1,0,0,0
1.016553125,0,0,1,1,1,1
1.016582167,0,0,1,0,0,0
1.016751458,0,0,1,1,1,1
1.016780500,0,0,1,0,0,0
1.016949792,0,0,1,1,1,1
1.016978833,0,0,1,0,0,0
1.017148125,0,0,1,1,1,1
1.017177167,0,0,1,0,0,0
1.017346417,0,0,1,1,1,1
1.017375500,0,0,1,0,0,0
1.017544750,0,0,1,1,1,1
1.017573792,0,0,1,0,0,0
1.017743083,0,0,1,1,1,1
1.017772125,0,0,1,0,0,0
1.017941375,0,0,1,1,1,1
1.017970417,0,0,1,0,0,0
1.018139708,0,0,1,1,1,1
1.018168750,0,0,1,0,0,0
1.018338042,0,0,1,1,1,1
1.018367125,0,0,1,0,0,0
1.018536375,0,0,1,1,1,1
1.018565417,0,0,1,0,0,0
1.018734625,0,0,1,1,1,1
1.018763667,0,0,1,0,0,0
1.018932917,0,0,1,1,1,1
1.018961958,0,0,1,0,0,0
1.019131167,0,0,1,1,1,1
1.019160208,0,0,1,0,0,0
1.019329417,0,0,1,1,1,1
1.019358458,0,0,1,0,0,0
1.019527667,0,0,1,1,1,1
1.019556708,0,0,1,0,0,0
1.019725917,0,0,1,1,1,1
1.019754958,0,0,1,0,0,0
1.019924167,0,0,1,1,1,1
1.019953208,0,0,1,0,0,0
1.020122458,0,0,1,1,1,1
1.020151458,0,0,1,0,0,0
1.020320708,0,0,1,1,1,1
1.020349750,0,0,1,0,0,0
1.020519000,0,0,1,1,1,1
1.020548042,0,0,1,0,0,0
1.020717250,0,0,1,1,1,1
1.020746292,0,0,1,0,0,0
1.020915500,0,0,1,1,1,1
1.020944542,0,0,1,0,0,0
1.021113750,0,0,1,1,1,1
1.021142792,0,0,1,0,0,0
1.021312042,0,0,1,1,1,1
1.021341083,0,0,1,0,0,0
1.021510375,0,0,1,1,1,1
1.021539417,0,0,1,0,0,0
1.021708708,0,0,1,1,1,1
1.021737750,0,0,1,0,0,0
1.021907042,0,0,1,1,1,1
1.021936083,0,0,1,0,0,0
1.022105333,0,0,1,1,1,1
1.022134417,0,0,1,0,0,0
1.022303625,0,0,1,0,1,1
1.022303667,0,0,1,1,1,1
1.022332667,0,0,1,0,0,0
1.022501917,0,0,1,1,1,1
1.022530958,0,0,1,0,0,0
1.022700208,0,0,1,1,1,1
1.022729250,0,0,1,0,0,0
1.022898458,0,0,1,1,1,1
1.022927500,0,0,1,0,0,0
1.023096708,0,0,1,0,1,1
1.023096750,0,0,1,1,1,1
1.023125792,0,0,1,0,0,0
1.023295000,0,0,1,1,1,1
1.023324000,0,0,1,0,0,0
1.023493167,0,0,1,1,1,1
1.023522208,0,0,1,0,0,0
1.023691417,0,0,1,1,1,1
1.023720458,0,0,1,0,0,0
1.023889667,0,0,1,1,1,1
1.023918667,0,0,1,0,0,0
1.024000000,0,0,1,0,0,0
