2026-07-15 08:41:39,759 [INFO] Activator:176 - 


2026-07-15 08:41:39,765 [INFO] Activator:177 - !SESSION log4j initialized
2026-07-15 08:41:44,563 [INFO] LogOutputStream:77 - [STDOUT_REDIRECT] 
2026-07-15 08:41:50,121 [INFO] ApplicationProperties:184 - Using Application install path: C:\ST\STM32CubeIDE_1.19.0\STM32CubeIDE\plugins\com.st.stm32cube.common.mx_6.15.0.202507011659
2026-07-15 08:41:50,140 [INFO] DbMcusXml:78 - Set database path to: C:\ST\STM32CubeIDE_1.19.0\STM32CubeIDE\plugins\com.st.stm32cube.common.mx_6.15.0.202507011659\\db\/mcu/
2026-07-15 08:41:50,140 [INFO] ApiDb:274 - Set plugin database path to: C:\ST\STM32CubeIDE_1.19.0\STM32CubeIDE\plugins\com.st.stm32cube.common.mx_6.15.0.202507011659\\db\/plugins/boardmanager/
2026-07-15 08:41:50,140 [WARN] ApiDb:259 - Overriding images path with different value:  => C:\ST\STM32CubeIDE_1.19.0\STM32CubeIDE\plugins\com.st.stm32cube.common.mx_6.15.0.202507011659\\db\/plugins/mcufinder/images/
2026-07-15 08:41:50,148 [INFO] ApiDb:250 - Set database path to: C:\Users\190\.stmcufinder\plugins\mcufinder//mcu/
2026-07-15 08:41:50,149 [INFO] DbMcusAds:125 - Set database path to: C:\Users\190\.stmcufinder\plugins\mcufinder//mcu/
2026-07-15 08:41:50,152 [INFO] CrossReferenceDbSqlite:203 - Set database path to: C:\Users\190\.stmcufinder\plugins\mcufinder//mcu/cs/
2026-07-15 08:41:50,280 [INFO] RulesReader:64 - Compatibility file has been processed (317 Rules)
2026-07-15 08:41:50,354 [INFO] DbMcusXml:78 - Set database path to: C:\ST\STM32CubeIDE_1.19.0\STM32CubeIDE\plugins\com.st.stm32cube.common.mx_6.15.0.202507011659\\db\/mcu/
2026-07-15 08:41:50,354 [INFO] ApiDb:274 - Set plugin database path to: C:\ST\STM32CubeIDE_1.19.0\STM32CubeIDE\plugins\com.st.stm32cube.common.mx_6.15.0.202507011659\\db\/plugins/boardmanager/
2026-07-15 08:41:50,354 [INFO] ApiDb:261 - Set plugin images path to: C:\ST\STM32CubeIDE_1.19.0\STM32CubeIDE\plugins\com.st.stm32cube.common.mx_6.15.0.202507011659\\db\/plugins/mcufinder/images/
2026-07-15 08:41:50,354 [WARN] DbFile:41 - Overriding database path with different value: C:\Users\190\.stmcufinder\plugins\mcufinder/ => C:\Users\190\.stmcufinder\plugins\mcufinder
2026-07-15 08:41:50,354 [INFO] ApiDb:250 - Set database path to: C:\Users\190\.stmcufinder\plugins\mcufinder//mcu/
2026-07-15 08:41:50,354 [WARN] DbFile:41 - Overriding database path with different value: C:\Users\190\.stmcufinder\plugins\mcufinder/ => C:\Users\190\.stmcufinder\plugins\mcufinder
2026-07-15 08:41:50,354 [INFO] DbMcusAds:125 - Set database path to: C:\Users\190\.stmcufinder\plugins\mcufinder//mcu/
2026-07-15 08:41:50,354 [WARN] DbFile:41 - Overriding database path with different value: C:\Users\190\.stmcufinder\plugins\mcufinder/ => C:\Users\190\.stmcufinder\plugins\mcufinder
2026-07-15 08:41:50,354 [WARN] DbFile:41 - Overriding database path with different value: C:\Users\190\.stmcufinder\plugins\mcufinder/ => C:\Users\190\.stmcufinder\plugins\mcufinder
2026-07-15 08:41:50,355 [INFO] CrossReferenceDbSqlite:203 - Set database path to: C:\Users\190\.stmcufinder\plugins\mcufinder//mcu/cs/
2026-07-15 08:41:50,427 [INFO] MainPanel:274 - HeapMemory: 268435456
2026-07-15 08:41:50,531 [INFO] DbMcusXml:78 - Set database path to: C:\ST\STM32CubeIDE_1.19.0\STM32CubeIDE\plugins\com.st.stm32cube.common.mx_6.15.0.202507011659\\db\/mcu/
2026-07-15 08:41:50,531 [INFO] ApiDb:274 - Set plugin database path to: C:\ST\STM32CubeIDE_1.19.0\STM32CubeIDE\plugins\com.st.stm32cube.common.mx_6.15.0.202507011659\\db\/plugins/boardmanager/
2026-07-15 08:41:50,531 [INFO] ApiDb:261 - Set plugin images path to: C:\ST\STM32CubeIDE_1.19.0\STM32CubeIDE\plugins\com.st.stm32cube.common.mx_6.15.0.202507011659\\db\/plugins/mcufinder/images/
2026-07-15 08:41:50,531 [WARN] DbFile:41 - Overriding database path with different value: C:\Users\190\.stmcufinder\plugins\mcufinder/ => C:\Users\190\.stmcufinder\plugins\mcufinder
2026-07-15 08:41:50,531 [INFO] ApiDb:250 - Set database path to: C:\Users\190\.stmcufinder\plugins\mcufinder//mcu/
2026-07-15 08:41:50,531 [WARN] DbFile:41 - Overriding database path with different value: C:\Users\190\.stmcufinder\plugins\mcufinder/ => C:\Users\190\.stmcufinder\plugins\mcufinder
2026-07-15 08:41:50,531 [INFO] DbMcusAds:125 - Set database path to: C:\Users\190\.stmcufinder\plugins\mcufinder//mcu/
2026-07-15 08:41:50,531 [WARN] DbFile:41 - Overriding database path with different value: C:\Users\190\.stmcufinder\plugins\mcufinder/ => C:\Users\190\.stmcufinder\plugins\mcufinder
2026-07-15 08:41:50,532 [WARN] DbFile:41 - Overriding database path with different value: C:\Users\190\.stmcufinder\plugins\mcufinder/ => C:\Users\190\.stmcufinder\plugins\mcufinder
2026-07-15 08:41:50,532 [INFO] CrossReferenceDbSqlite:203 - Set database path to: C:\Users\190\.stmcufinder\plugins\mcufinder//mcu/cs/
2026-07-15 08:41:50,546 [INFO] ApplicationProperties:184 - Using Application install path: C:\ST\STM32CubeIDE_1.19.0\STM32CubeIDE\plugins\com.st.stm32cube.common.mx_6.15.0.202507011659
2026-07-15 08:41:50,547 [INFO] PluginManage:196 - Search for loadable plugins [exclusion list=, ]
2026-07-15 08:41:50,548 [INFO] PluginManage:310 - Check plugin analytics
2026-07-15 08:41:55,229 [INFO] AnalyticsPlugin:253 - Accepted Software Licenses: STM32CubeMX.6.12.0,STM32CubeMX.6.15.0
2026-07-15 08:41:55,229 [INFO] AnalyticsPlugin:255 - Accepted CMSIS Pack Licenses: 
2026-07-15 08:41:55,229 [INFO] AnalyticsPlugin:257 - Accepted Firmware Licenses: FW.L4.1.18.0
2026-07-15 08:41:55,231 [INFO] PluginManage:359 - Loaded plugin analytics (category:tool,tabindex:-1)
2026-07-15 08:41:55,231 [INFO] PluginManage:310 - Check plugin cadmodel
2026-07-15 08:41:55,237 [INFO] CADModel:105 - Init CAD model plugin
2026-07-15 08:41:55,237 [INFO] PluginManage:359 - Loaded plugin cadmodel (category:power,tabindex:5)
2026-07-15 08:41:55,237 [INFO] PluginManage:310 - Check plugin clock
2026-07-15 08:41:55,246 [INFO] PluginManage:359 - Loaded plugin clock (category:base,tabindex:2)
2026-07-15 08:41:55,246 [INFO] PluginManage:310 - Check plugin ddr
2026-07-15 08:41:55,248 [INFO] PluginManage:359 - Loaded plugin ddr (category:tool,tabindex:6)
2026-07-15 08:41:55,248 [INFO] PluginManage:310 - Check plugin filemanager
2026-07-15 08:41:55,384 [INFO] PluginManage:359 - Loaded plugin filemanager (category:base,tabindex:10)
2026-07-15 08:41:55,384 [INFO] PluginManage:310 - Check plugin ipmanager
2026-07-15 08:41:55,390 [INFO] PluginManage:359 - Loaded plugin ipmanager (category:base,tabindex:5)
2026-07-15 08:41:55,390 [INFO] PluginManage:310 - Check plugin lpbam
2026-07-15 08:41:55,397 [INFO] PluginManage:359 - Loaded plugin lpbam (category:base,tabindex:0)
2026-07-15 08:41:55,397 [INFO] PluginManage:310 - Check plugin memorymap
2026-07-15 08:41:55,411 [INFO] PluginManage:359 - Loaded plugin memorymap (category:base,tabindex:4)
2026-07-15 08:41:55,411 [INFO] PluginManage:310 - Check plugin pinoutandconfiguration
2026-07-15 08:41:55,419 [INFO] PluginManage:359 - Loaded plugin pinoutandconfiguration (category:base,tabindex:1)
2026-07-15 08:41:55,419 [INFO] PluginManage:310 - Check plugin pinoutconfig
2026-07-15 08:41:55,495 [WARN] SupportedApi:132 - Cannot load RTOS API schema: s4s-elt-must-match.1: The content of 'definitions' must match (annotation?, (simpleType | complexType)?, (unique | key | keyref)*)). A problem was found starting at: attribute.
2026-07-15 08:41:55,618 [INFO] PluginManage:359 - Loaded plugin pinoutconfig (category:base,tabindex:0)
2026-07-15 08:41:55,618 [INFO] PluginManage:310 - Check plugin power
2026-07-15 08:41:55,630 [INFO] PluginManage:359 - Loaded plugin power (category:power,tabindex:4)
2026-07-15 08:41:55,630 [INFO] PluginManage:310 - Check plugin projectmanager
2026-07-15 08:41:55,642 [INFO] PluginManage:359 - Loaded plugin projectmanager (category:projectmanager,tabindex:4)
2026-07-15 08:41:55,642 [INFO] PluginManage:310 - Check plugin rif
2026-07-15 08:41:55,651 [INFO] PluginManage:359 - Loaded plugin rif (category:base,tabindex:3)
2026-07-15 08:41:55,652 [INFO] PluginManage:310 - Check plugin thirdparty
2026-07-15 08:41:55,770 [INFO] PluginManage:359 - Loaded plugin thirdparty (category:base,tabindex:-1)
2026-07-15 08:41:55,770 [WARN] IntegrityCheckThread:84 - waiting for thirdparty lock release [integrity check]
2026-07-15 08:41:55,771 [INFO] PluginManage:310 - Check plugin tools
2026-07-15 08:41:55,771 [INFO] IntegrityCheckThread:86 - entering critical section [integrity check]
2026-07-15 08:41:55,771 [INFO] ThirdPartyUpdaterWithRetryManager:70 - Updater plugin not ready yet. [1/15]
2026-07-15 08:41:55,773 [INFO] PluginManage:359 - Loaded plugin tools (category:base,tabindex:7)
2026-07-15 08:41:55,773 [INFO] PluginManage:310 - Check plugin tutovideos
2026-07-15 08:41:55,957 [INFO] PluginManage:359 - Loaded plugin tutovideos (category:base,tabindex:-1)
2026-07-15 08:41:55,958 [INFO] PluginManage:310 - Check plugin updater
2026-07-15 08:41:55,981 [INFO] PluginManage:359 - Loaded plugin updater (category:base,tabindex:12)
2026-07-15 08:41:55,982 [INFO] PluginManage:310 - Check plugin userauth
2026-07-15 08:41:55,986 [INFO] UserAuth:118 - Init User Auth plugin
2026-07-15 08:41:55,987 [INFO] PluginManage:359 - Loaded plugin userauth (category:base,tabindex:14)
2026-07-15 08:41:55,987 [INFO] PluginManage:283 - PluginManage : Loaded plugins [18]
2026-07-15 08:41:56,193 [INFO] PinOutPanel:1589 - setPackage(No Configuration,No Configuration)
2026-07-15 08:41:56,266 [INFO] CADModel:165 - CPN selected for project level
2026-07-15 08:41:56,266 [INFO] CADModel:114 - Register for checkConnection events
2026-07-15 08:41:56,283 [INFO] IPUIPlugin:80 - create IPUIPlugin
2026-07-15 08:41:56,283 [INFO] PluginManager:220 - loadIPPluginJar : add adc
2026-07-15 08:41:56,286 [INFO] IPUIPlugin:80 - create IPUIPlugin
2026-07-15 08:41:56,286 [INFO] PluginManager:220 - loadIPPluginJar : add aes
2026-07-15 08:41:56,289 [INFO] IPUIPlugin:80 - create IPUIPlugin
2026-07-15 08:41:56,289 [INFO] PluginManager:220 - loadIPPluginJar : add can
2026-07-15 08:41:56,291 [INFO] IPUIPlugin:80 - create IPUIPlugin
2026-07-15 08:41:56,291 [INFO] PluginManager:220 - loadIPPluginJar : add comp
2026-07-15 08:41:56,293 [INFO] IPUIPlugin:80 - create IPUIPlugin
2026-07-15 08:41:56,294 [INFO] PluginManager:220 - loadIPPluginJar : add cryp
2026-07-15 08:41:56,297 [INFO] IPUIPlugin:80 - create IPUIPlugin
2026-07-15 08:41:56,297 [INFO] PluginManager:220 - loadIPPluginJar : add ddr_ctrl_phy
2026-07-15 08:41:56,299 [INFO] IPUIPlugin:80 - create IPUIPlugin
2026-07-15 08:41:56,299 [INFO] PluginManager:220 - loadIPPluginJar : add dfsdm
2026-07-15 08:41:56,304 [INFO] IPUIPlugin:80 - create IPUIPlugin
2026-07-15 08:41:56,305 [INFO] PluginManager:220 - loadIPPluginJar : add dma
2026-07-15 08:41:56,307 [INFO] IPUIPlugin:80 - create IPUIPlugin
2026-07-15 08:41:56,308 [INFO] PluginManager:220 - loadIPPluginJar : add dma3
2026-07-15 08:41:56,310 [INFO] IPUIPlugin:80 - create IPUIPlugin
2026-07-15 08:41:56,310 [INFO] PluginManager:220 - loadIPPluginJar : add extmemmanager
2026-07-15 08:41:56,312 [INFO] IPUIPlugin:80 - create IPUIPlugin
2026-07-15 08:41:56,312 [INFO] PluginManager:220 - loadIPPluginJar : add fatfs
2026-07-15 08:41:56,316 [INFO] IPUIPlugin:80 - create IPUIPlugin
2026-07-15 08:41:56,316 [INFO] PluginManager:220 - loadIPPluginJar : add fmc
2026-07-15 08:41:56,322 [INFO] IPUIPlugin:80 - create IPUIPlugin
2026-07-15 08:41:56,323 [INFO] PluginManager:220 - loadIPPluginJar : add freertos
2026-07-15 08:41:56,324 [INFO] IPUIPlugin:80 - create IPUIPlugin
2026-07-15 08:41:56,325 [INFO] PluginManager:220 - loadIPPluginJar : add genericplugin
2026-07-15 08:41:56,327 [INFO] IPUIPlugin:80 - create IPUIPlugin
2026-07-15 08:41:56,327 [INFO] PluginManager:220 - loadIPPluginJar : add gfxmmu
2026-07-15 08:41:56,331 [INFO] IPUIPlugin:80 - create IPUIPlugin
2026-07-15 08:41:56,331 [INFO] PluginManager:220 - loadIPPluginJar : add gic
2026-07-15 08:41:56,334 [INFO] IPUIPlugin:80 - create IPUIPlugin
2026-07-15 08:41:56,334 [INFO] PluginManager:220 - loadIPPluginJar : add gpio
2026-07-15 08:41:56,337 [INFO] IPUIPlugin:80 - create IPUIPlugin
2026-07-15 08:41:56,337 [INFO] PluginManager:220 - loadIPPluginJar : add gtzc
2026-07-15 08:41:56,339 [INFO] IPUIPlugin:80 - create IPUIPlugin
2026-07-15 08:41:56,339 [INFO] PluginManager:220 - loadIPPluginJar : add hash
2026-07-15 08:41:56,342 [INFO] IPUIPlugin:80 - create IPUIPlugin
2026-07-15 08:41:56,342 [INFO] PluginManager:220 - loadIPPluginJar : add i2c
2026-07-15 08:41:56,345 [INFO] IPUIPlugin:80 - create IPUIPlugin
2026-07-15 08:41:56,345 [INFO] PluginManager:220 - loadIPPluginJar : add i2s
2026-07-15 08:41:56,347 [INFO] IPUIPlugin:80 - create IPUIPlugin
2026-07-15 08:41:56,347 [INFO] PluginManager:220 - loadIPPluginJar : add i3c
2026-07-15 08:41:56,350 [INFO] IPUIPlugin:80 - create IPUIPlugin
2026-07-15 08:41:56,350 [INFO] PluginManager:220 - loadIPPluginJar : add ipddr
2026-07-15 08:41:56,356 [INFO] IPUIPlugin:80 - create IPUIPlugin
2026-07-15 08:41:56,356 [INFO] PluginManager:220 - loadIPPluginJar : add linkedlist
2026-07-15 08:41:56,359 [INFO] IPUIPlugin:80 - create IPUIPlugin
2026-07-15 08:41:56,359 [INFO] PluginManager:220 - loadIPPluginJar : add lorawan
2026-07-15 08:41:56,360 [INFO] IPUIPlugin:80 - create IPUIPlugin
2026-07-15 08:41:56,360 [INFO] PluginManager:220 - loadIPPluginJar : add ltdc
2026-07-15 08:41:56,365 [INFO] IPUIPlugin:80 - create IPUIPlugin
2026-07-15 08:41:56,365 [INFO] PluginManager:220 - loadIPPluginJar : add mdma
2026-07-15 08:41:56,369 [INFO] IPUIPlugin:80 - create IPUIPlugin
2026-07-15 08:41:56,369 [INFO] PluginManager:220 - loadIPPluginJar : add nvic
2026-07-15 08:41:56,371 [INFO] IPUIPlugin:80 - create IPUIPlugin
2026-07-15 08:41:56,371 [INFO] PluginManager:220 - loadIPPluginJar : add opamp
2026-07-15 08:41:56,375 [INFO] IPUIPlugin:80 - create IPUIPlugin
2026-07-15 08:41:56,375 [INFO] PluginManager:220 - loadIPPluginJar : add openamp
2026-07-15 08:41:56,378 [INFO] IPUIPlugin:80 - create IPUIPlugin
2026-07-15 08:41:56,378 [INFO] PluginManager:220 - loadIPPluginJar : add pdm2pcm
2026-07-15 08:41:56,383 [INFO] IPUIPlugin:80 - create IPUIPlugin
2026-07-15 08:41:56,385 [INFO] PluginManager:220 - loadIPPluginJar : add plateformsettings
2026-07-15 08:41:56,387 [INFO] IPUIPlugin:80 - create IPUIPlugin
2026-07-15 08:41:56,387 [INFO] PluginManager:220 - loadIPPluginJar : add quadspi
2026-07-15 08:41:56,389 [INFO] IPUIPlugin:80 - create IPUIPlugin
2026-07-15 08:41:56,390 [INFO] PluginManager:220 - loadIPPluginJar : add radio
2026-07-15 08:41:56,394 [INFO] IPUIPlugin:80 - create IPUIPlugin
2026-07-15 08:41:56,394 [INFO] PluginManager:220 - loadIPPluginJar : add resmgrutility
2026-07-15 08:41:56,397 [INFO] IPUIPlugin:80 - create IPUIPlugin
2026-07-15 08:41:56,397 [INFO] PluginManager:220 - loadIPPluginJar : add sai
2026-07-15 08:41:56,399 [INFO] IPUIPlugin:80 - create IPUIPlugin
2026-07-15 08:41:56,399 [INFO] PluginManager:220 - loadIPPluginJar : add spi
2026-07-15 08:41:56,404 [INFO] IPUIPlugin:80 - create IPUIPlugin
2026-07-15 08:41:56,404 [INFO] PluginManager:220 - loadIPPluginJar : add stm32_wpan
2026-07-15 08:41:56,406 [INFO] IPUIPlugin:80 - create IPUIPlugin
2026-07-15 08:41:56,406 [INFO] PluginManager:220 - loadIPPluginJar : add tim
2026-07-15 08:41:56,409 [INFO] IPUIPlugin:80 - create IPUIPlugin
2026-07-15 08:41:56,410 [INFO] PluginManager:220 - loadIPPluginJar : add touchsensing
2026-07-15 08:41:56,412 [INFO] IPUIPlugin:80 - create IPUIPlugin
2026-07-15 08:41:56,412 [INFO] PluginManager:220 - loadIPPluginJar : add tracer_emb
2026-07-15 08:41:56,414 [INFO] IPUIPlugin:80 - create IPUIPlugin
2026-07-15 08:41:56,414 [INFO] PluginManager:220 - loadIPPluginJar : add ts
2026-07-15 08:41:56,416 [INFO] IPUIPlugin:80 - create IPUIPlugin
2026-07-15 08:41:56,416 [INFO] PluginManager:220 - loadIPPluginJar : add tsc
2026-07-15 08:41:56,418 [INFO] IPUIPlugin:80 - create IPUIPlugin
2026-07-15 08:41:56,418 [INFO] PluginManager:220 - loadIPPluginJar : add ucpd
2026-07-15 08:41:56,420 [INFO] IPUIPlugin:80 - create IPUIPlugin
2026-07-15 08:41:56,420 [INFO] PluginManager:220 - loadIPPluginJar : add usart
2026-07-15 08:41:56,423 [INFO] IPUIPlugin:80 - create IPUIPlugin
2026-07-15 08:41:56,423 [INFO] PluginManager:220 - loadIPPluginJar : add usbx
2026-07-15 08:41:56,542 [FATAL] Updater:351 - Updater called before beeing initialized
2026-07-15 08:41:56,564 [INFO] RulesReader:64 - Compatibility file has been processed (317 Rules)
2026-07-15 08:41:56,573 [INFO] RulesReader:64 - Compatibility file has been processed (317 Rules)
2026-07-15 08:41:56,579 [INFO] CADModel:165 - CPN selected for project level
2026-07-15 08:41:56,579 [INFO] CADModel:114 - Register for checkConnection events
2026-07-15 08:41:56,579 [FATAL] Updater:351 - Updater called before beeing initialized
2026-07-15 08:41:56,579 [ERROR] CADModel:125 - Updater not yet initialized, retry later 
2026-07-15 08:41:56,691 [FATAL] Updater:351 - Updater called before beeing initialized
2026-07-15 08:41:56,693 [INFO] CADModel:165 - CPN selected for project level
2026-07-15 08:41:56,693 [INFO] CADModel:114 - Register for checkConnection events
2026-07-15 08:41:56,693 [FATAL] Updater:351 - Updater called before beeing initialized
2026-07-15 08:41:56,693 [ERROR] CADModel:125 - Updater not yet initialized, retry later 
2026-07-15 08:41:56,696 [FATAL] Updater:351 - Updater called before beeing initialized
2026-07-15 08:41:56,784 [FATAL] Updater:351 - Updater called before beeing initialized
2026-07-15 08:41:56,787 [INFO] DbMcusAds:53 - JSON generation date=Thu Sep 30 10:55:09 SAMT 2021 (1632984909247)
2026-07-15 08:41:56,787 [FATAL] Updater:351 - Updater called before beeing initialized
2026-07-15 08:41:56,822 [WARN] DetailPanel:346 - Failed to get advertising image, set to default
2026-07-15 08:41:56,910 [FATAL] Updater:351 - Updater called before beeing initialized
2026-07-15 08:41:56,926 [FATAL] Updater:351 - Updater called before beeing initialized
2026-07-15 08:41:56,927 [FATAL] Updater:351 - Updater called before beeing initialized
2026-07-15 08:41:56,927 [WARN] DetailPanel:346 - Failed to get advertising image, set to default
2026-07-15 08:41:56,928 [FATAL] Updater:351 - Updater called before beeing initialized
2026-07-15 08:41:56,968 [ERROR] Updater:1198 - MainUpdater not yet initialized. External WinMGr cannot be set.
2026-07-15 08:41:56,970 [INFO] Updater:1134 - Updater Version found : 6.15.0
2026-07-15 08:41:56,984 [INFO] ApplicationProperties:184 - Using Application install path: C:\ST\STM32CubeIDE_1.19.0\STM32CubeIDE\plugins\com.st.stm32cube.common.mx_6.15.0.202507011659
2026-07-15 08:41:57,277 [ERROR] CheckConnectionManager:249 - Problem, Http access forbiden
2026-07-15 08:41:57,280 [INFO] MainUpdater:2872 - connection check result : 22
2026-07-15 08:41:57,280 [INFO] MainUpdater:289 - Updater Check For Update Now.
2026-07-15 08:41:57,280 [INFO] MicroXplorer:498 - Change Database Version : DB.6.0.150
2026-07-15 08:41:57,286 [INFO] McuFinderGlobals:63 - Set McuFinder mode to 2 (CubeIDE integrated)
2026-07-15 08:41:57,286 [INFO] UserAuth:171 - activating auth plugin
2026-07-15 08:41:57,288 [INFO] UserAuth:487 - Internet connection configuration mode: 2
2026-07-15 08:41:57,303 [INFO] UserAuth:487 - Internet connection configuration mode: 2
2026-07-15 08:41:57,446 [INFO] CheckServerUpdateThread:120 - End of CheckServer Thread
2026-07-15 08:41:58,841 [INFO] ThirdParty:978 - Integrity check success = true
2026-07-15 08:41:58,841 [INFO] IntegrityCheckThread:100 - exiting critical section [integrity check]
2026-07-15 08:41:58,841 [INFO] IntegrityCheckThread:103 - End integrity checks thread
2026-07-15 08:44:32,468 [INFO] Activator:176 - 


2026-07-15 08:44:32,470 [INFO] Activator:177 - !SESSION log4j initialized
2026-07-15 08:44:36,013 [INFO] LogOutputStream:77 - [STDOUT_REDIRECT] 
2026-07-15 08:44:41,529 [INFO] ApplicationProperties:184 - Using Application install path: C:\ST\STM32CubeIDE_1.19.0\STM32CubeIDE\plugins\com.st.stm32cube.common.mx_6.15.0.202507011659
2026-07-15 08:44:41,541 [INFO] DbMcusXml:78 - Set database path to: C:\ST\STM32CubeIDE_1.19.0\STM32CubeIDE\plugins\com.st.stm32cube.common.mx_6.15.0.202507011659\\db\/mcu/
2026-07-15 08:44:41,541 [INFO] ApiDb:274 - Set plugin database path to: C:\ST\STM32CubeIDE_1.19.0\STM32CubeIDE\plugins\com.st.stm32cube.common.mx_6.15.0.202507011659\\db\/plugins/boardmanager/
2026-07-15 08:44:41,542 [WARN] ApiDb:259 - Overriding images path with different value:  => C:\ST\STM32CubeIDE_1.19.0\STM32CubeIDE\plugins\com.st.stm32cube.common.mx_6.15.0.202507011659\\db\/plugins/mcufinder/images/
2026-07-15 08:44:41,545 [INFO] ApiDb:250 - Set database path to: C:\Users\190\.stmcufinder\plugins\mcufinder//mcu/
2026-07-15 08:44:41,546 [INFO] DbMcusAds:125 - Set database path to: C:\Users\190\.stmcufinder\plugins\mcufinder//mcu/
2026-07-15 08:44:41,548 [INFO] CrossReferenceDbSqlite:203 - Set database path to: C:\Users\190\.stmcufinder\plugins\mcufinder//mcu/cs/
2026-07-15 08:44:41,641 [INFO] RulesReader:64 - Compatibility file has been processed (317 Rules)
2026-07-15 08:44:41,696 [INFO] DbMcusXml:78 - Set database path to: C:\ST\STM32CubeIDE_1.19.0\STM32CubeIDE\plugins\com.st.stm32cube.common.mx_6.15.0.202507011659\\db\/mcu/
2026-07-15 08:44:41,697 [INFO] ApiDb:274 - Set plugin database path to: C:\ST\STM32CubeIDE_1.19.0\STM32CubeIDE\plugins\com.st.stm32cube.common.mx_6.15.0.202507011659\\db\/plugins/boardmanager/
2026-07-15 08:44:41,697 [INFO] ApiDb:261 - Set plugin images path to: C:\ST\STM32CubeIDE_1.19.0\STM32CubeIDE\plugins\com.st.stm32cube.common.mx_6.15.0.202507011659\\db\/plugins/mcufinder/images/
2026-07-15 08:44:41,697 [WARN] DbFile:41 - Overriding database path with different value: C:\Users\190\.stmcufinder\plugins\mcufinder/ => C:\Users\190\.stmcufinder\plugins\mcufinder
2026-07-15 08:44:41,697 [INFO] ApiDb:250 - Set database path to: C:\Users\190\.stmcufinder\plugins\mcufinder//mcu/
2026-07-15 08:44:41,697 [WARN] DbFile:41 - Overriding database path with different value: C:\Users\190\.stmcufinder\plugins\mcufinder/ => C:\Users\190\.stmcufinder\plugins\mcufinder
2026-07-15 08:44:41,697 [INFO] DbMcusAds:125 - Set database path to: C:\Users\190\.stmcufinder\plugins\mcufinder//mcu/
2026-07-15 08:44:41,697 [WARN] DbFile:41 - Overriding database path with different value: C:\Users\190\.stmcufinder\plugins\mcufinder/ => C:\Users\190\.stmcufinder\plugins\mcufinder
2026-07-15 08:44:41,697 [WARN] DbFile:41 - Overriding database path with different value: C:\Users\190\.stmcufinder\plugins\mcufinder/ => C:\Users\190\.stmcufinder\plugins\mcufinder
2026-07-15 08:44:41,697 [INFO] CrossReferenceDbSqlite:203 - Set database path to: C:\Users\190\.stmcufinder\plugins\mcufinder//mcu/cs/
2026-07-15 08:44:41,764 [INFO] MainPanel:274 - HeapMemory: 268435456
2026-07-15 08:44:41,851 [INFO] DbMcusXml:78 - Set database path to: C:\ST\STM32CubeIDE_1.19.0\STM32CubeIDE\plugins\com.st.stm32cube.common.mx_6.15.0.202507011659\\db\/mcu/
2026-07-15 08:44:41,851 [INFO] ApiDb:274 - Set plugin database path to: C:\ST\STM32CubeIDE_1.19.0\STM32CubeIDE\plugins\com.st.stm32cube.common.mx_6.15.0.202507011659\\db\/plugins/boardmanager/
2026-07-15 08:44:41,851 [INFO] ApiDb:261 - Set plugin images path to: C:\ST\STM32CubeIDE_1.19.0\STM32CubeIDE\plugins\com.st.stm32cube.common.mx_6.15.0.202507011659\\db\/plugins/mcufinder/images/
2026-07-15 08:44:41,852 [WARN] DbFile:41 - Overriding database path with different value: C:\Users\190\.stmcufinder\plugins\mcufinder/ => C:\Users\190\.stmcufinder\plugins\mcufinder
2026-07-15 08:44:41,852 [INFO] ApiDb:250 - Set database path to: C:\Users\190\.stmcufinder\plugins\mcufinder//mcu/
2026-07-15 08:44:41,852 [WARN] DbFile:41 - Overriding database path with different value: C:\Users\190\.stmcufinder\plugins\mcufinder/ => C:\Users\190\.stmcufinder\plugins\mcufinder
2026-07-15 08:44:41,852 [INFO] DbMcusAds:125 - Set database path to: C:\Users\190\.stmcufinder\plugins\mcufinder//mcu/
2026-07-15 08:44:41,852 [WARN] DbFile:41 - Overriding database path with different value: C:\Users\190\.stmcufinder\plugins\mcufinder/ => C:\Users\190\.stmcufinder\plugins\mcufinder
2026-07-15 08:44:41,852 [WARN] DbFile:41 - Overriding database path with different value: C:\Users\190\.stmcufinder\plugins\mcufinder/ => C:\Users\190\.stmcufinder\plugins\mcufinder
2026-07-15 08:44:41,852 [INFO] CrossReferenceDbSqlite:203 - Set database path to: C:\Users\190\.stmcufinder\plugins\mcufinder//mcu/cs/
2026-07-15 08:44:41,866 [INFO] ApplicationProperties:184 - Using Application install path: C:\ST\STM32CubeIDE_1.19.0\STM32CubeIDE\plugins\com.st.stm32cube.common.mx_6.15.0.202507011659
2026-07-15 08:44:41,867 [INFO] PluginManage:196 - Search for loadable plugins [exclusion list=, ]
2026-07-15 08:44:41,868 [INFO] PluginManage:310 - Check plugin analytics
2026-07-15 08:44:46,540 [INFO] AnalyticsPlugin:253 - Accepted Software Licenses: STM32CubeMX.6.12.0,STM32CubeMX.6.15.0
2026-07-15 08:44:46,540 [INFO] AnalyticsPlugin:255 - Accepted CMSIS Pack Licenses: 
2026-07-15 08:44:46,540 [INFO] AnalyticsPlugin:257 - Accepted Firmware Licenses: FW.L4.1.18.0
2026-07-15 08:44:46,542 [INFO] PluginManage:359 - Loaded plugin analytics (category:tool,tabindex:-1)
2026-07-15 08:44:46,543 [INFO] PluginManage:310 - Check plugin cadmodel
2026-07-15 08:44:46,545 [INFO] CADModel:105 - Init CAD model plugin
2026-07-15 08:44:46,545 [INFO] PluginManage:359 - Loaded plugin cadmodel (category:power,tabindex:5)
2026-07-15 08:44:46,546 [INFO] PluginManage:310 - Check plugin clock
2026-07-15 08:44:46,552 [INFO] PluginManage:359 - Loaded plugin clock (category:base,tabindex:2)
2026-07-15 08:44:46,552 [INFO] PluginManage:310 - Check plugin ddr
2026-07-15 08:44:46,554 [INFO] PluginManage:359 - Loaded plugin ddr (category:tool,tabindex:6)
2026-07-15 08:44:46,554 [INFO] PluginManage:310 - Check plugin filemanager
2026-07-15 08:44:46,664 [INFO] PluginManage:359 - Loaded plugin filemanager (category:base,tabindex:10)
2026-07-15 08:44:46,664 [INFO] PluginManage:310 - Check plugin ipmanager
2026-07-15 08:44:46,669 [INFO] PluginManage:359 - Loaded plugin ipmanager (category:base,tabindex:5)
2026-07-15 08:44:46,669 [INFO] PluginManage:310 - Check plugin lpbam
2026-07-15 08:44:46,676 [INFO] PluginManage:359 - Loaded plugin lpbam (category:base,tabindex:0)
2026-07-15 08:44:46,676 [INFO] PluginManage:310 - Check plugin memorymap
2026-07-15 08:44:46,684 [INFO] PluginManage:359 - Loaded plugin memorymap (category:base,tabindex:4)
2026-07-15 08:44:46,684 [INFO] PluginManage:310 - Check plugin pinoutandconfiguration
2026-07-15 08:44:46,691 [INFO] PluginManage:359 - Loaded plugin pinoutandconfiguration (category:base,tabindex:1)
2026-07-15 08:44:46,691 [INFO] PluginManage:310 - Check plugin pinoutconfig
2026-07-15 08:44:46,761 [WARN] SupportedApi:132 - Cannot load RTOS API schema: s4s-elt-must-match.1: The content of 'definitions' must match (annotation?, (simpleType | complexType)?, (unique | key | keyref)*)). A problem was found starting at: attribute.
2026-07-15 08:44:46,860 [INFO] PluginManage:359 - Loaded plugin pinoutconfig (category:base,tabindex:0)
2026-07-15 08:44:46,860 [INFO] PluginManage:310 - Check plugin power
2026-07-15 08:44:46,866 [INFO] PluginManage:359 - Loaded plugin power (category:power,tabindex:4)
2026-07-15 08:44:46,866 [INFO] PluginManage:310 - Check plugin projectmanager
2026-07-15 08:44:46,878 [INFO] PluginManage:359 - Loaded plugin projectmanager (category:projectmanager,tabindex:4)
2026-07-15 08:44:46,878 [INFO] PluginManage:310 - Check plugin rif
2026-07-15 08:44:46,886 [INFO] PluginManage:359 - Loaded plugin rif (category:base,tabindex:3)
2026-07-15 08:44:46,886 [INFO] PluginManage:310 - Check plugin thirdparty
2026-07-15 08:44:46,987 [INFO] PluginManage:359 - Loaded plugin thirdparty (category:base,tabindex:-1)
2026-07-15 08:44:46,987 [WARN] IntegrityCheckThread:84 - waiting for thirdparty lock release [integrity check]
2026-07-15 08:44:46,987 [INFO] PluginManage:310 - Check plugin tools
2026-07-15 08:44:46,987 [INFO] IntegrityCheckThread:86 - entering critical section [integrity check]
2026-07-15 08:44:46,988 [INFO] ThirdPartyUpdaterWithRetryManager:70 - Updater plugin not ready yet. [1/15]
2026-07-15 08:44:46,990 [INFO] PluginManage:359 - Loaded plugin tools (category:base,tabindex:7)
2026-07-15 08:44:46,990 [INFO] PluginManage:310 - Check plugin tutovideos
2026-07-15 08:44:47,149 [INFO] PluginManage:359 - Loaded plugin tutovideos (category:base,tabindex:-1)
2026-07-15 08:44:47,149 [INFO] PluginManage:310 - Check plugin updater
2026-07-15 08:44:47,164 [INFO] PluginManage:359 - Loaded plugin updater (category:base,tabindex:12)
2026-07-15 08:44:47,164 [INFO] PluginManage:310 - Check plugin userauth
2026-07-15 08:44:47,167 [INFO] UserAuth:118 - Init User Auth plugin
2026-07-15 08:44:47,168 [INFO] PluginManage:359 - Loaded plugin userauth (category:base,tabindex:14)
2026-07-15 08:44:47,168 [INFO] PluginManage:283 - PluginManage : Loaded plugins [18]
2026-07-15 08:44:47,330 [INFO] PinOutPanel:1589 - setPackage(No Configuration,No Configuration)
2026-07-15 08:44:47,395 [INFO] CADModel:165 - CPN selected for project level
2026-07-15 08:44:47,395 [INFO] CADModel:114 - Register for checkConnection events
2026-07-15 08:44:47,409 [INFO] IPUIPlugin:80 - create IPUIPlugin
2026-07-15 08:44:47,409 [INFO] PluginManager:220 - loadIPPluginJar : add adc
2026-07-15 08:44:47,412 [INFO] IPUIPlugin:80 - create IPUIPlugin
2026-07-15 08:44:47,412 [INFO] PluginManager:220 - loadIPPluginJar : add aes
2026-07-15 08:44:47,414 [INFO] IPUIPlugin:80 - create IPUIPlugin
2026-07-15 08:44:47,414 [INFO] PluginManager:220 - loadIPPluginJar : add can
2026-07-15 08:44:47,416 [INFO] IPUIPlugin:80 - create IPUIPlugin
2026-07-15 08:44:47,416 [INFO] PluginManager:220 - loadIPPluginJar : add comp
2026-07-15 08:44:47,418 [INFO] IPUIPlugin:80 - create IPUIPlugin
2026-07-15 08:44:47,418 [INFO] PluginManager:220 - loadIPPluginJar : add cryp
2026-07-15 08:44:47,420 [INFO] IPUIPlugin:80 - create IPUIPlugin
2026-07-15 08:44:47,420 [INFO] PluginManager:220 - loadIPPluginJar : add ddr_ctrl_phy
2026-07-15 08:44:47,422 [INFO] IPUIPlugin:80 - create IPUIPlugin
2026-07-15 08:44:47,422 [INFO] PluginManager:220 - loadIPPluginJar : add dfsdm
2026-07-15 08:44:47,426 [INFO] IPUIPlugin:80 - create IPUIPlugin
2026-07-15 08:44:47,427 [INFO] PluginManager:220 - loadIPPluginJar : add dma
2026-07-15 08:44:47,429 [INFO] IPUIPlugin:80 - create IPUIPlugin
2026-07-15 08:44:47,429 [INFO] PluginManager:220 - loadIPPluginJar : add dma3
2026-07-15 08:44:47,431 [INFO] IPUIPlugin:80 - create IPUIPlugin
2026-07-15 08:44:47,431 [INFO] PluginManager:220 - loadIPPluginJar : add extmemmanager
2026-07-15 08:44:47,433 [INFO] IPUIPlugin:80 - create IPUIPlugin
2026-07-15 08:44:47,433 [INFO] PluginManager:220 - loadIPPluginJar : add fatfs
2026-07-15 08:44:47,436 [INFO] IPUIPlugin:80 - create IPUIPlugin
2026-07-15 08:44:47,436 [INFO] PluginManager:220 - loadIPPluginJar : add fmc
2026-07-15 08:44:47,441 [INFO] IPUIPlugin:80 - create IPUIPlugin
2026-07-15 08:44:47,442 [INFO] PluginManager:220 - loadIPPluginJar : add freertos
2026-07-15 08:44:47,442 [INFO] IPUIPlugin:80 - create IPUIPlugin
2026-07-15 08:44:47,443 [INFO] PluginManager:220 - loadIPPluginJar : add genericplugin
2026-07-15 08:44:47,444 [INFO] IPUIPlugin:80 - create IPUIPlugin
2026-07-15 08:44:47,444 [INFO] PluginManager:220 - loadIPPluginJar : add gfxmmu
2026-07-15 08:44:47,447 [INFO] IPUIPlugin:80 - create IPUIPlugin
2026-07-15 08:44:47,448 [INFO] PluginManager:220 - loadIPPluginJar : add gic
2026-07-15 08:44:47,451 [INFO] IPUIPlugin:80 - create IPUIPlugin
2026-07-15 08:44:47,451 [INFO] PluginManager:220 - loadIPPluginJar : add gpio
2026-07-15 08:44:47,454 [INFO] IPUIPlugin:80 - create IPUIPlugin
2026-07-15 08:44:47,454 [INFO] PluginManager:220 - loadIPPluginJar : add gtzc
2026-07-15 08:44:47,456 [INFO] IPUIPlugin:80 - create IPUIPlugin
2026-07-15 08:44:47,456 [INFO] PluginManager:220 - loadIPPluginJar : add hash
2026-07-15 08:44:47,458 [INFO] IPUIPlugin:80 - create IPUIPlugin
2026-07-15 08:44:47,458 [INFO] PluginManager:220 - loadIPPluginJar : add i2c
2026-07-15 08:44:47,460 [INFO] IPUIPlugin:80 - create IPUIPlugin
2026-07-15 08:44:47,460 [INFO] PluginManager:220 - loadIPPluginJar : add i2s
2026-07-15 08:44:47,463 [INFO] IPUIPlugin:80 - create IPUIPlugin
2026-07-15 08:44:47,463 [INFO] PluginManager:220 - loadIPPluginJar : add i3c
2026-07-15 08:44:47,466 [INFO] IPUIPlugin:80 - create IPUIPlugin
2026-07-15 08:44:47,466 [INFO] PluginManager:220 - loadIPPluginJar : add ipddr
2026-07-15 08:44:47,471 [INFO] IPUIPlugin:80 - create IPUIPlugin
2026-07-15 08:44:47,472 [INFO] PluginManager:220 - loadIPPluginJar : add linkedlist
2026-07-15 08:44:47,475 [INFO] IPUIPlugin:80 - create IPUIPlugin
2026-07-15 08:44:47,475 [INFO] PluginManager:220 - loadIPPluginJar : add lorawan
2026-07-15 08:44:47,476 [INFO] IPUIPlugin:80 - create IPUIPlugin
2026-07-15 08:44:47,476 [INFO] PluginManager:220 - loadIPPluginJar : add ltdc
2026-07-15 08:44:47,481 [INFO] IPUIPlugin:80 - create IPUIPlugin
2026-07-15 08:44:47,481 [INFO] PluginManager:220 - loadIPPluginJar : add mdma
2026-07-15 08:44:47,484 [INFO] IPUIPlugin:80 - create IPUIPlugin
2026-07-15 08:44:47,484 [INFO] PluginManager:220 - loadIPPluginJar : add nvic
2026-07-15 08:44:47,486 [INFO] IPUIPlugin:80 - create IPUIPlugin
2026-07-15 08:44:47,486 [INFO] PluginManager:220 - loadIPPluginJar : add opamp
2026-07-15 08:44:47,488 [INFO] IPUIPlugin:80 - create IPUIPlugin
2026-07-15 08:44:47,489 [INFO] PluginManager:220 - loadIPPluginJar : add openamp
2026-07-15 08:44:47,491 [INFO] IPUIPlugin:80 - create IPUIPlugin
2026-07-15 08:44:47,491 [INFO] PluginManager:220 - loadIPPluginJar : add pdm2pcm
2026-07-15 08:44:47,496 [INFO] IPUIPlugin:80 - create IPUIPlugin
2026-07-15 08:44:47,498 [INFO] PluginManager:220 - loadIPPluginJar : add plateformsettings
2026-07-15 08:44:47,499 [INFO] IPUIPlugin:80 - create IPUIPlugin
2026-07-15 08:44:47,500 [INFO] PluginManager:220 - loadIPPluginJar : add quadspi
2026-07-15 08:44:47,501 [INFO] IPUIPlugin:80 - create IPUIPlugin
2026-07-15 08:44:47,502 [INFO] PluginManager:220 - loadIPPluginJar : add radio
2026-07-15 08:44:47,504 [INFO] IPUIPlugin:80 - create IPUIPlugin
2026-07-15 08:44:47,504 [INFO] PluginManager:220 - loadIPPluginJar : add resmgrutility
2026-07-15 08:44:47,507 [INFO] IPUIPlugin:80 - create IPUIPlugin
2026-07-15 08:44:47,507 [INFO] PluginManager:220 - loadIPPluginJar : add sai
2026-07-15 08:44:47,509 [INFO] IPUIPlugin:80 - create IPUIPlugin
2026-07-15 08:44:47,509 [INFO] PluginManager:220 - loadIPPluginJar : add spi
2026-07-15 08:44:47,514 [INFO] IPUIPlugin:80 - create IPUIPlugin
2026-07-15 08:44:47,514 [INFO] PluginManager:220 - loadIPPluginJar : add stm32_wpan
2026-07-15 08:44:47,515 [INFO] IPUIPlugin:80 - create IPUIPlugin
2026-07-15 08:44:47,515 [INFO] PluginManager:220 - loadIPPluginJar : add tim
2026-07-15 08:44:47,518 [INFO] IPUIPlugin:80 - create IPUIPlugin
2026-07-15 08:44:47,518 [INFO] PluginManager:220 - loadIPPluginJar : add touchsensing
2026-07-15 08:44:47,520 [INFO] IPUIPlugin:80 - create IPUIPlugin
2026-07-15 08:44:47,520 [INFO] PluginManager:220 - loadIPPluginJar : add tracer_emb
2026-07-15 08:44:47,521 [INFO] IPUIPlugin:80 - create IPUIPlugin
2026-07-15 08:44:47,521 [INFO] PluginManager:220 - loadIPPluginJar : add ts
2026-07-15 08:44:47,523 [INFO] IPUIPlugin:80 - create IPUIPlugin
2026-07-15 08:44:47,523 [INFO] PluginManager:220 - loadIPPluginJar : add tsc
2026-07-15 08:44:47,524 [INFO] IPUIPlugin:80 - create IPUIPlugin
2026-07-15 08:44:47,525 [INFO] PluginManager:220 - loadIPPluginJar : add ucpd
2026-07-15 08:44:47,527 [INFO] IPUIPlugin:80 - create IPUIPlugin
2026-07-15 08:44:47,527 [INFO] PluginManager:220 - loadIPPluginJar : add usart
2026-07-15 08:44:47,530 [INFO] IPUIPlugin:80 - create IPUIPlugin
2026-07-15 08:44:47,530 [INFO] PluginManager:220 - loadIPPluginJar : add usbx
2026-07-15 08:44:47,644 [FATAL] Updater:351 - Updater called before beeing initialized
2026-07-15 08:44:47,664 [INFO] RulesReader:64 - Compatibility file has been processed (317 Rules)
2026-07-15 08:44:47,673 [INFO] RulesReader:64 - Compatibility file has been processed (317 Rules)
2026-07-15 08:44:47,679 [INFO] CADModel:165 - CPN selected for project level
2026-07-15 08:44:47,679 [INFO] CADModel:114 - Register for checkConnection events
2026-07-15 08:44:47,679 [FATAL] Updater:351 - Updater called before beeing initialized
2026-07-15 08:44:47,679 [ERROR] CADModel:125 - Updater not yet initialized, retry later 
2026-07-15 08:44:47,773 [FATAL] Updater:351 - Updater called before beeing initialized
2026-07-15 08:44:47,774 [INFO] CADModel:165 - CPN selected for project level
2026-07-15 08:44:47,774 [INFO] CADModel:114 - Register for checkConnection events
2026-07-15 08:44:47,774 [FATAL] Updater:351 - Updater called before beeing initialized
2026-07-15 08:44:47,774 [ERROR] CADModel:125 - Updater not yet initialized, retry later 
2026-07-15 08:44:47,777 [FATAL] Updater:351 - Updater called before beeing initialized
2026-07-15 08:44:47,858 [FATAL] Updater:351 - Updater called before beeing initialized
2026-07-15 08:44:47,861 [INFO] DbMcusAds:53 - JSON generation date=Thu Sep 30 10:55:09 SAMT 2021 (1632984909247)
2026-07-15 08:44:47,861 [FATAL] Updater:351 - Updater called before beeing initialized
2026-07-15 08:44:47,890 [WARN] DetailPanel:346 - Failed to get advertising image, set to default
2026-07-15 08:44:47,962 [FATAL] Updater:351 - Updater called before beeing initialized
2026-07-15 08:44:47,964 [FATAL] Updater:351 - Updater called before beeing initialized
2026-07-15 08:44:47,964 [FATAL] Updater:351 - Updater called before beeing initialized
2026-07-15 08:44:47,964 [WARN] DetailPanel:346 - Failed to get advertising image, set to default
2026-07-15 08:44:47,965 [FATAL] Updater:351 - Updater called before beeing initialized
2026-07-15 08:44:47,998 [ERROR] Updater:1198 - MainUpdater not yet initialized. External WinMGr cannot be set.
2026-07-15 08:44:48,000 [INFO] Updater:1134 - Updater Version found : 6.15.0
2026-07-15 08:44:48,013 [INFO] ApplicationProperties:184 - Using Application install path: C:\ST\STM32CubeIDE_1.19.0\STM32CubeIDE\plugins\com.st.stm32cube.common.mx_6.15.0.202507011659
2026-07-15 08:44:48,279 [ERROR] CheckConnectionManager:249 - Problem, Http access forbiden
2026-07-15 08:44:48,281 [INFO] MainUpdater:2872 - connection check result : 22
2026-07-15 08:44:48,282 [INFO] MainUpdater:289 - Updater Check For Update Now.
2026-07-15 08:44:48,282 [INFO] MicroXplorer:498 - Change Database Version : DB.6.0.150
2026-07-15 08:44:48,289 [INFO] McuFinderGlobals:63 - Set McuFinder mode to 2 (CubeIDE integrated)
2026-07-15 08:44:48,290 [INFO] UserAuth:171 - activating auth plugin
2026-07-15 08:44:48,292 [INFO] UserAuth:487 - Internet connection configuration mode: 2
2026-07-15 08:44:48,304 [INFO] UserAuth:487 - Internet connection configuration mode: 2
2026-07-15 08:44:48,467 [INFO] CheckServerUpdateThread:120 - End of CheckServer Thread
2026-07-15 08:44:50,063 [INFO] ThirdParty:978 - Integrity check success = true
2026-07-15 08:44:50,063 [INFO] IntegrityCheckThread:100 - exiting critical section [integrity check]
2026-07-15 08:44:50,063 [INFO] IntegrityCheckThread:103 - End integrity checks thread
2026-07-15 08:48:37,733 [INFO] Activator:176 - 


2026-07-15 08:48:37,736 [INFO] Activator:177 - !SESSION log4j initialized
2026-07-15 08:48:39,904 [INFO] LogOutputStream:77 - [STDOUT_REDIRECT] 
2026-07-15 08:48:46,152 [INFO] ApplicationProperties:184 - Using Application install path: C:\ST\STM32CubeIDE_1.19.0\STM32CubeIDE\plugins\com.st.stm32cube.common.mx_6.15.0.202507011659
2026-07-15 08:48:46,164 [INFO] DbMcusXml:78 - Set database path to: C:\ST\STM32CubeIDE_1.19.0\STM32CubeIDE\plugins\com.st.stm32cube.common.mx_6.15.0.202507011659\\db\/mcu/
2026-07-15 08:48:46,164 [INFO] ApiDb:274 - Set plugin database path to: C:\ST\STM32CubeIDE_1.19.0\STM32CubeIDE\plugins\com.st.stm32cube.common.mx_6.15.0.202507011659\\db\/plugins/boardmanager/
2026-07-15 08:48:46,164 [WARN] ApiDb:259 - Overriding images path with different value:  => C:\ST\STM32CubeIDE_1.19.0\STM32CubeIDE\plugins\com.st.stm32cube.common.mx_6.15.0.202507011659\\db\/plugins/mcufinder/images/
2026-07-15 08:48:46,168 [INFO] ApiDb:250 - Set database path to: C:\Users\190\.stmcufinder\plugins\mcufinder//mcu/
2026-07-15 08:48:46,169 [INFO] DbMcusAds:125 - Set database path to: C:\Users\190\.stmcufinder\plugins\mcufinder//mcu/
2026-07-15 08:48:46,170 [INFO] CrossReferenceDbSqlite:203 - Set database path to: C:\Users\190\.stmcufinder\plugins\mcufinder//mcu/cs/
2026-07-15 08:48:46,258 [INFO] RulesReader:64 - Compatibility file has been processed (317 Rules)
2026-07-15 08:48:46,312 [INFO] DbMcusXml:78 - Set database path to: C:\ST\STM32CubeIDE_1.19.0\STM32CubeIDE\plugins\com.st.stm32cube.common.mx_6.15.0.202507011659\\db\/mcu/
2026-07-15 08:48:46,312 [INFO] ApiDb:274 - Set plugin database path to: C:\ST\STM32CubeIDE_1.19.0\STM32CubeIDE\plugins\com.st.stm32cube.common.mx_6.15.0.202507011659\\db\/plugins/boardmanager/
2026-07-15 08:48:46,312 [INFO] ApiDb:261 - Set plugin images path to: C:\ST\STM32CubeIDE_1.19.0\STM32CubeIDE\plugins\com.st.stm32cube.common.mx_6.15.0.202507011659\\db\/plugins/mcufinder/images/
2026-07-15 08:48:46,313 [WARN] DbFile:41 - Overriding database path with different value: C:\Users\190\.stmcufinder\plugins\mcufinder/ => C:\Users\190\.stmcufinder\plugins\mcufinder
2026-07-15 08:48:46,313 [INFO] ApiDb:250 - Set database path to: C:\Users\190\.stmcufinder\plugins\mcufinder//mcu/
2026-07-15 08:48:46,313 [WARN] DbFile:41 - Overriding database path with different value: C:\Users\190\.stmcufinder\plugins\mcufinder/ => C:\Users\190\.stmcufinder\plugins\mcufinder
2026-07-15 08:48:46,313 [INFO] DbMcusAds:125 - Set database path to: C:\Users\190\.stmcufinder\plugins\mcufinder//mcu/
2026-07-15 08:48:46,313 [WARN] DbFile:41 - Overriding database path with different value: C:\Users\190\.stmcufinder\plugins\mcufinder/ => C:\Users\190\.stmcufinder\plugins\mcufinder
2026-07-15 08:48:46,313 [WARN] DbFile:41 - Overriding database path with different value: C:\Users\190\.stmcufinder\plugins\mcufinder/ => C:\Users\190\.stmcufinder\plugins\mcufinder
2026-07-15 08:48:46,313 [INFO] CrossReferenceDbSqlite:203 - Set database path to: C:\Users\190\.stmcufinder\plugins\mcufinder//mcu/cs/
2026-07-15 08:48:46,364 [INFO] MainPanel:274 - HeapMemory: 268435456
2026-07-15 08:48:46,424 [INFO] DbMcusXml:78 - Set database path to: C:\ST\STM32CubeIDE_1.19.0\STM32CubeIDE\plugins\com.st.stm32cube.common.mx_6.15.0.202507011659\\db\/mcu/
2026-07-15 08:48:46,425 [INFO] ApiDb:274 - Set plugin database path to: C:\ST\STM32CubeIDE_1.19.0\STM32CubeIDE\plugins\com.st.stm32cube.common.mx_6.15.0.202507011659\\db\/plugins/boardmanager/
2026-07-15 08:48:46,425 [INFO] ApiDb:261 - Set plugin images path to: C:\ST\STM32CubeIDE_1.19.0\STM32CubeIDE\plugins\com.st.stm32cube.common.mx_6.15.0.202507011659\\db\/plugins/mcufinder/images/
2026-07-15 08:48:46,425 [WARN] DbFile:41 - Overriding database path with different value: C:\Users\190\.stmcufinder\plugins\mcufinder/ => C:\Users\190\.stmcufinder\plugins\mcufinder
2026-07-15 08:48:46,425 [INFO] ApiDb:250 - Set database path to: C:\Users\190\.stmcufinder\plugins\mcufinder//mcu/
2026-07-15 08:48:46,425 [WARN] DbFile:41 - Overriding database path with different value: C:\Users\190\.stmcufinder\plugins\mcufinder/ => C:\Users\190\.stmcufinder\plugins\mcufinder
2026-07-15 08:48:46,425 [INFO] DbMcusAds:125 - Set database path to: C:\Users\190\.stmcufinder\plugins\mcufinder//mcu/
2026-07-15 08:48:46,425 [WARN] DbFile:41 - Overriding database path with different value: C:\Users\190\.stmcufinder\plugins\mcufinder/ => C:\Users\190\.stmcufinder\plugins\mcufinder
2026-07-15 08:48:46,425 [WARN] DbFile:41 - Overriding database path with different value: C:\Users\190\.stmcufinder\plugins\mcufinder/ => C:\Users\190\.stmcufinder\plugins\mcufinder
2026-07-15 08:48:46,425 [INFO] CrossReferenceDbSqlite:203 - Set database path to: C:\Users\190\.stmcufinder\plugins\mcufinder//mcu/cs/
2026-07-15 08:48:46,439 [INFO] ApplicationProperties:184 - Using Application install path: C:\ST\STM32CubeIDE_1.19.0\STM32CubeIDE\plugins\com.st.stm32cube.common.mx_6.15.0.202507011659
2026-07-15 08:48:46,440 [INFO] PluginManage:196 - Search for loadable plugins [exclusion list=, ]
2026-07-15 08:48:46,441 [INFO] PluginManage:310 - Check plugin analytics
2026-07-15 08:48:51,118 [INFO] AnalyticsPlugin:253 - Accepted Software Licenses: STM32CubeMX.6.12.0,STM32CubeMX.6.15.0
2026-07-15 08:48:51,119 [INFO] AnalyticsPlugin:255 - Accepted CMSIS Pack Licenses: 
2026-07-15 08:48:51,119 [INFO] AnalyticsPlugin:257 - Accepted Firmware Licenses: FW.L4.1.18.0
2026-07-15 08:48:51,121 [INFO] PluginManage:359 - Loaded plugin analytics (category:tool,tabindex:-1)
2026-07-15 08:48:51,121 [INFO] PluginManage:310 - Check plugin cadmodel
2026-07-15 08:48:51,124 [INFO] CADModel:105 - Init CAD model plugin
2026-07-15 08:48:51,124 [INFO] PluginManage:359 - Loaded plugin cadmodel (category:power,tabindex:5)
2026-07-15 08:48:51,125 [INFO] PluginManage:310 - Check plugin clock
2026-07-15 08:48:51,131 [INFO] PluginManage:359 - Loaded plugin clock (category:base,tabindex:2)
2026-07-15 08:48:51,131 [INFO] PluginManage:310 - Check plugin ddr
2026-07-15 08:48:51,132 [INFO] PluginManage:359 - Loaded plugin ddr (category:tool,tabindex:6)
2026-07-15 08:48:51,133 [INFO] PluginManage:310 - Check plugin filemanager
2026-07-15 08:48:51,284 [INFO] PluginManage:359 - Loaded plugin filemanager (category:base,tabindex:10)
2026-07-15 08:48:51,284 [INFO] PluginManage:310 - Check plugin ipmanager
2026-07-15 08:48:51,290 [INFO] PluginManage:359 - Loaded plugin ipmanager (category:base,tabindex:5)
2026-07-15 08:48:51,290 [INFO] PluginManage:310 - Check plugin lpbam
2026-07-15 08:48:51,296 [INFO] PluginManage:359 - Loaded plugin lpbam (category:base,tabindex:0)
2026-07-15 08:48:51,297 [INFO] PluginManage:310 - Check plugin memorymap
2026-07-15 08:48:51,305 [INFO] PluginManage:359 - Loaded plugin memorymap (category:base,tabindex:4)
2026-07-15 08:48:51,305 [INFO] PluginManage:310 - Check plugin pinoutandconfiguration
2026-07-15 08:48:51,311 [INFO] PluginManage:359 - Loaded plugin pinoutandconfiguration (category:base,tabindex:1)
2026-07-15 08:48:51,311 [INFO] PluginManage:310 - Check plugin pinoutconfig
2026-07-15 08:48:51,376 [WARN] SupportedApi:132 - Cannot load RTOS API schema: s4s-elt-must-match.1: The content of 'definitions' must match (annotation?, (simpleType | complexType)?, (unique | key | keyref)*)). A problem was found starting at: attribute.
2026-07-15 08:48:51,475 [INFO] PluginManage:359 - Loaded plugin pinoutconfig (category:base,tabindex:0)
2026-07-15 08:48:51,475 [INFO] PluginManage:310 - Check plugin power
2026-07-15 08:48:51,481 [INFO] PluginManage:359 - Loaded plugin power (category:power,tabindex:4)
2026-07-15 08:48:51,481 [INFO] PluginManage:310 - Check plugin projectmanager
2026-07-15 08:48:51,493 [INFO] PluginManage:359 - Loaded plugin projectmanager (category:projectmanager,tabindex:4)
2026-07-15 08:48:51,493 [INFO] PluginManage:310 - Check plugin rif
2026-07-15 08:48:51,499 [INFO] PluginManage:359 - Loaded plugin rif (category:base,tabindex:3)
2026-07-15 08:48:51,499 [INFO] PluginManage:310 - Check plugin thirdparty
2026-07-15 08:48:51,593 [INFO] PluginManage:359 - Loaded plugin thirdparty (category:base,tabindex:-1)
2026-07-15 08:48:51,593 [INFO] PluginManage:310 - Check plugin tools
2026-07-15 08:48:51,593 [WARN] IntegrityCheckThread:84 - waiting for thirdparty lock release [integrity check]
2026-07-15 08:48:51,593 [INFO] IntegrityCheckThread:86 - entering critical section [integrity check]
2026-07-15 08:48:51,593 [INFO] ThirdPartyUpdaterWithRetryManager:70 - Updater plugin not ready yet. [1/15]
2026-07-15 08:48:51,595 [INFO] PluginManage:359 - Loaded plugin tools (category:base,tabindex:7)
2026-07-15 08:48:51,595 [INFO] PluginManage:310 - Check plugin tutovideos
2026-07-15 08:48:51,732 [INFO] PluginManage:359 - Loaded plugin tutovideos (category:base,tabindex:-1)
2026-07-15 08:48:51,732 [INFO] PluginManage:310 - Check plugin updater
2026-07-15 08:48:51,747 [INFO] PluginManage:359 - Loaded plugin updater (category:base,tabindex:12)
2026-07-15 08:48:51,747 [INFO] PluginManage:310 - Check plugin userauth
2026-07-15 08:48:51,749 [INFO] UserAuth:118 - Init User Auth plugin
2026-07-15 08:48:51,750 [INFO] PluginManage:359 - Loaded plugin userauth (category:base,tabindex:14)
2026-07-15 08:48:51,750 [INFO] PluginManage:283 - PluginManage : Loaded plugins [18]
2026-07-15 08:48:51,922 [INFO] PinOutPanel:1589 - setPackage(No Configuration,No Configuration)
2026-07-15 08:48:52,024 [INFO] CADModel:165 - CPN selected for project level
2026-07-15 08:48:52,025 [INFO] CADModel:114 - Register for checkConnection events
2026-07-15 08:48:52,040 [INFO] IPUIPlugin:80 - create IPUIPlugin
2026-07-15 08:48:52,041 [INFO] PluginManager:220 - loadIPPluginJar : add adc
2026-07-15 08:48:52,043 [INFO] IPUIPlugin:80 - create IPUIPlugin
2026-07-15 08:48:52,043 [INFO] PluginManager:220 - loadIPPluginJar : add aes
2026-07-15 08:48:52,045 [INFO] IPUIPlugin:80 - create IPUIPlugin
2026-07-15 08:48:52,045 [INFO] PluginManager:220 - loadIPPluginJar : add can
2026-07-15 08:48:52,047 [INFO] IPUIPlugin:80 - create IPUIPlugin
2026-07-15 08:48:52,047 [INFO] PluginManager:220 - loadIPPluginJar : add comp
2026-07-15 08:48:52,049 [INFO] IPUIPlugin:80 - create IPUIPlugin
2026-07-15 08:48:52,049 [INFO] PluginManager:220 - loadIPPluginJar : add cryp
2026-07-15 08:48:52,051 [INFO] IPUIPlugin:80 - create IPUIPlugin
2026-07-15 08:48:52,051 [INFO] PluginManager:220 - loadIPPluginJar : add ddr_ctrl_phy
2026-07-15 08:48:52,053 [INFO] IPUIPlugin:80 - create IPUIPlugin
2026-07-15 08:48:52,054 [INFO] PluginManager:220 - loadIPPluginJar : add dfsdm
2026-07-15 08:48:52,058 [INFO] IPUIPlugin:80 - create IPUIPlugin
2026-07-15 08:48:52,059 [INFO] PluginManager:220 - loadIPPluginJar : add dma
2026-07-15 08:48:52,061 [INFO] IPUIPlugin:80 - create IPUIPlugin
2026-07-15 08:48:52,061 [INFO] PluginManager:220 - loadIPPluginJar : add dma3
2026-07-15 08:48:52,063 [INFO] IPUIPlugin:80 - create IPUIPlugin
2026-07-15 08:48:52,063 [INFO] PluginManager:220 - loadIPPluginJar : add extmemmanager
2026-07-15 08:48:52,065 [INFO] IPUIPlugin:80 - create IPUIPlugin
2026-07-15 08:48:52,065 [INFO] PluginManager:220 - loadIPPluginJar : add fatfs
2026-07-15 08:48:52,068 [INFO] IPUIPlugin:80 - create IPUIPlugin
2026-07-15 08:48:52,068 [INFO] PluginManager:220 - loadIPPluginJar : add fmc
2026-07-15 08:48:52,072 [INFO] IPUIPlugin:80 - create IPUIPlugin
2026-07-15 08:48:52,072 [INFO] PluginManager:220 - loadIPPluginJar : add freertos
2026-07-15 08:48:52,073 [INFO] IPUIPlugin:80 - create IPUIPlugin
2026-07-15 08:48:52,073 [INFO] PluginManager:220 - loadIPPluginJar : add genericplugin
2026-07-15 08:48:52,075 [INFO] IPUIPlugin:80 - create IPUIPlugin
2026-07-15 08:48:52,075 [INFO] PluginManager:220 - loadIPPluginJar : add gfxmmu
2026-07-15 08:48:52,079 [INFO] IPUIPlugin:80 - create IPUIPlugin
2026-07-15 08:48:52,079 [INFO] PluginManager:220 - loadIPPluginJar : add gic
2026-07-15 08:48:52,083 [INFO] IPUIPlugin:80 - create IPUIPlugin
2026-07-15 08:48:52,083 [INFO] PluginManager:220 - loadIPPluginJar : add gpio
2026-07-15 08:48:52,085 [INFO] IPUIPlugin:80 - create IPUIPlugin
2026-07-15 08:48:52,085 [INFO] PluginManager:220 - loadIPPluginJar : add gtzc
2026-07-15 08:48:52,087 [INFO] IPUIPlugin:80 - create IPUIPlugin
2026-07-15 08:48:52,087 [INFO] PluginManager:220 - loadIPPluginJar : add hash
2026-07-15 08:48:52,089 [INFO] IPUIPlugin:80 - create IPUIPlugin
2026-07-15 08:48:52,090 [INFO] PluginManager:220 - loadIPPluginJar : add i2c
2026-07-15 08:48:52,091 [INFO] IPUIPlugin:80 - create IPUIPlugin
2026-07-15 08:48:52,092 [INFO] PluginManager:220 - loadIPPluginJar : add i2s
2026-07-15 08:48:52,093 [INFO] IPUIPlugin:80 - create IPUIPlugin
2026-07-15 08:48:52,094 [INFO] PluginManager:220 - loadIPPluginJar : add i3c
2026-07-15 08:48:52,096 [INFO] IPUIPlugin:80 - create IPUIPlugin
2026-07-15 08:48:52,096 [INFO] PluginManager:220 - loadIPPluginJar : add ipddr
2026-07-15 08:48:52,100 [INFO] IPUIPlugin:80 - create IPUIPlugin
2026-07-15 08:48:52,100 [INFO] PluginManager:220 - loadIPPluginJar : add linkedlist
2026-07-15 08:48:52,102 [INFO] IPUIPlugin:80 - create IPUIPlugin
2026-07-15 08:48:52,102 [INFO] PluginManager:220 - loadIPPluginJar : add lorawan
2026-07-15 08:48:52,103 [INFO] IPUIPlugin:80 - create IPUIPlugin
2026-07-15 08:48:52,103 [INFO] PluginManager:220 - loadIPPluginJar : add ltdc
2026-07-15 08:48:52,107 [INFO] IPUIPlugin:80 - create IPUIPlugin
2026-07-15 08:48:52,107 [INFO] PluginManager:220 - loadIPPluginJar : add mdma
2026-07-15 08:48:52,110 [INFO] IPUIPlugin:80 - create IPUIPlugin
2026-07-15 08:48:52,110 [INFO] PluginManager:220 - loadIPPluginJar : add nvic
2026-07-15 08:48:52,112 [INFO] IPUIPlugin:80 - create IPUIPlugin
2026-07-15 08:48:52,112 [INFO] PluginManager:220 - loadIPPluginJar : add opamp
2026-07-15 08:48:52,115 [INFO] IPUIPlugin:80 - create IPUIPlugin
2026-07-15 08:48:52,115 [INFO] PluginManager:220 - loadIPPluginJar : add openamp
2026-07-15 08:48:52,117 [INFO] IPUIPlugin:80 - create IPUIPlugin
2026-07-15 08:48:52,117 [INFO] PluginManager:220 - loadIPPluginJar : add pdm2pcm
2026-07-15 08:48:52,121 [INFO] IPUIPlugin:80 - create IPUIPlugin
2026-07-15 08:48:52,123 [INFO] PluginManager:220 - loadIPPluginJar : add plateformsettings
2026-07-15 08:48:52,125 [INFO] IPUIPlugin:80 - create IPUIPlugin
2026-07-15 08:48:52,125 [INFO] PluginManager:220 - loadIPPluginJar : add quadspi
2026-07-15 08:48:52,127 [INFO] IPUIPlugin:80 - create IPUIPlugin
2026-07-15 08:48:52,127 [INFO] PluginManager:220 - loadIPPluginJar : add radio
2026-07-15 08:48:52,130 [INFO] IPUIPlugin:80 - create IPUIPlugin
2026-07-15 08:48:52,130 [INFO] PluginManager:220 - loadIPPluginJar : add resmgrutility
2026-07-15 08:48:52,133 [INFO] IPUIPlugin:80 - create IPUIPlugin
2026-07-15 08:48:52,133 [INFO] PluginManager:220 - loadIPPluginJar : add sai
2026-07-15 08:48:52,135 [INFO] IPUIPlugin:80 - create IPUIPlugin
2026-07-15 08:48:52,135 [INFO] PluginManager:220 - loadIPPluginJar : add spi
2026-07-15 08:48:52,140 [INFO] IPUIPlugin:80 - create IPUIPlugin
2026-07-15 08:48:52,140 [INFO] PluginManager:220 - loadIPPluginJar : add stm32_wpan
2026-07-15 08:48:52,141 [INFO] IPUIPlugin:80 - create IPUIPlugin
2026-07-15 08:48:52,141 [INFO] PluginManager:220 - loadIPPluginJar : add tim
2026-07-15 08:48:52,143 [INFO] IPUIPlugin:80 - create IPUIPlugin
2026-07-15 08:48:52,143 [INFO] PluginManager:220 - loadIPPluginJar : add touchsensing
2026-07-15 08:48:52,145 [INFO] IPUIPlugin:80 - create IPUIPlugin
2026-07-15 08:48:52,145 [INFO] PluginManager:220 - loadIPPluginJar : add tracer_emb
2026-07-15 08:48:52,146 [INFO] IPUIPlugin:80 - create IPUIPlugin
2026-07-15 08:48:52,147 [INFO] PluginManager:220 - loadIPPluginJar : add ts
2026-07-15 08:48:52,148 [INFO] IPUIPlugin:80 - create IPUIPlugin
2026-07-15 08:48:52,148 [INFO] PluginManager:220 - loadIPPluginJar : add tsc
2026-07-15 08:48:52,149 [INFO] IPUIPlugin:80 - create IPUIPlugin
2026-07-15 08:48:52,149 [INFO] PluginManager:220 - loadIPPluginJar : add ucpd
2026-07-15 08:48:52,151 [INFO] IPUIPlugin:80 - create IPUIPlugin
2026-07-15 08:48:52,151 [INFO] PluginManager:220 - loadIPPluginJar : add usart
2026-07-15 08:48:52,154 [INFO] IPUIPlugin:80 - create IPUIPlugin
2026-07-15 08:48:52,154 [INFO] PluginManager:220 - loadIPPluginJar : add usbx
2026-07-15 08:48:52,274 [FATAL] Updater:351 - Updater called before beeing initialized
2026-07-15 08:48:52,304 [INFO] RulesReader:64 - Compatibility file has been processed (317 Rules)
2026-07-15 08:48:52,314 [INFO] RulesReader:64 - Compatibility file has been processed (317 Rules)
2026-07-15 08:48:52,322 [INFO] CADModel:165 - CPN selected for project level
2026-07-15 08:48:52,322 [INFO] CADModel:114 - Register for checkConnection events
2026-07-15 08:48:52,322 [FATAL] Updater:351 - Updater called before beeing initialized
2026-07-15 08:48:52,323 [ERROR] CADModel:125 - Updater not yet initialized, retry later 
2026-07-15 08:48:52,445 [FATAL] Updater:351 - Updater called before beeing initialized
2026-07-15 08:48:52,447 [INFO] CADModel:165 - CPN selected for project level
2026-07-15 08:48:52,447 [INFO] CADModel:114 - Register for checkConnection events
2026-07-15 08:48:52,447 [FATAL] Updater:351 - Updater called before beeing initialized
2026-07-15 08:48:52,447 [ERROR] CADModel:125 - Updater not yet initialized, retry later 
2026-07-15 08:48:52,451 [FATAL] Updater:351 - Updater called before beeing initialized
2026-07-15 08:48:52,562 [FATAL] Updater:351 - Updater called before beeing initialized
2026-07-15 08:48:52,567 [INFO] DbMcusAds:53 - JSON generation date=Thu Sep 30 10:55:09 SAMT 2021 (1632984909247)
2026-07-15 08:48:52,568 [FATAL] Updater:351 - Updater called before beeing initialized
2026-07-15 08:48:52,612 [WARN] DetailPanel:346 - Failed to get advertising image, set to default
2026-07-15 08:48:52,693 [FATAL] Updater:351 - Updater called before beeing initialized
2026-07-15 08:48:52,695 [FATAL] Updater:351 - Updater called before beeing initialized
2026-07-15 08:48:52,695 [FATAL] Updater:351 - Updater called before beeing initialized
2026-07-15 08:48:52,695 [WARN] DetailPanel:346 - Failed to get advertising image, set to default
2026-07-15 08:48:52,696 [FATAL] Updater:351 - Updater called before beeing initialized
2026-07-15 08:48:52,737 [ERROR] Updater:1198 - MainUpdater not yet initialized. External WinMGr cannot be set.
2026-07-15 08:48:52,739 [INFO] Updater:1134 - Updater Version found : 6.15.0
2026-07-15 08:48:52,753 [INFO] ApplicationProperties:184 - Using Application install path: C:\ST\STM32CubeIDE_1.19.0\STM32CubeIDE\plugins\com.st.stm32cube.common.mx_6.15.0.202507011659
2026-07-15 08:48:53,077 [ERROR] CheckConnectionManager:249 - Problem, Http access forbiden
2026-07-15 08:48:53,080 [INFO] MainUpdater:2872 - connection check result : 22
2026-07-15 08:48:53,081 [INFO] MainUpdater:289 - Updater Check For Update Now.
2026-07-15 08:48:53,081 [INFO] MicroXplorer:498 - Change Database Version : DB.6.0.150
2026-07-15 08:48:53,086 [INFO] McuFinderGlobals:63 - Set McuFinder mode to 2 (CubeIDE integrated)
2026-07-15 08:48:53,087 [INFO] UserAuth:171 - activating auth plugin
2026-07-15 08:48:53,089 [INFO] UserAuth:487 - Internet connection configuration mode: 2
2026-07-15 08:48:53,101 [INFO] UserAuth:487 - Internet connection configuration mode: 2
2026-07-15 08:48:53,253 [INFO] CheckServerUpdateThread:120 - End of CheckServer Thread
2026-07-15 08:48:54,660 [INFO] ThirdParty:978 - Integrity check success = true
2026-07-15 08:48:54,660 [INFO] IntegrityCheckThread:100 - exiting critical section [integrity check]
2026-07-15 08:48:54,660 [INFO] IntegrityCheckThread:103 - End integrity checks thread
2026-07-15 08:49:02,336 [INFO] McuFinderGlobals:63 - Set McuFinder mode to 2 (CubeIDE integrated)
2026-07-15 08:49:02,438 [ERROR] CheckConnectionManager:249 - Problem, Http access forbiden
2026-07-15 08:49:02,439 [INFO] MainUpdater:2872 - connection check result : 22
2026-07-15 08:49:02,531 [ERROR] CheckConnectionManager:249 - Problem, Http access forbiden
2026-07-15 08:49:02,532 [INFO] MainUpdater:2872 - connection check result : 22
2026-07-15 08:49:04,970 [INFO] MicroXplorer:468 - Change Database Path : 
2026-07-15 08:49:04,970 [INFO] MicroXplorer:498 - Change Database Version : DB.6.0.150
2026-07-15 08:49:04,975 [WARN] ThirdParty:871 - waiting for thirdparty lock release [close project]
2026-07-15 08:49:04,975 [INFO] ThirdParty:873 - entering critical section [close project]
2026-07-15 08:49:04,977 [INFO] ThirdParty:883 - exiting critical section [close project]
2026-07-15 08:49:04,980 [INFO] PinOutPanel:1589 - setPackage(No Configuration,No Configuration)
2026-07-15 08:49:04,981 [INFO] UtilMem:75 - Begin LoadConfig() Used Memory: 222122888 Bytes (316669952)
2026-07-15 08:49:04,982 [INFO] MicroXplorer:468 - Change Database Path : 
2026-07-15 08:49:04,982 [INFO] MicroXplorer:498 - Change Database Version : DB.6.0.150
2026-07-15 08:49:04,982 [INFO] OpenFileManager:355 - Change cursor
2026-07-15 08:49:05,003 [INFO] Mcu:2029 - Initializing MCU STM32G474R(B-C-E)Tx STM32G474RETx STM32G474RET6
2026-07-15 08:49:08,951 [INFO] Context:786 - Trying to add GPIOservice into a context  which must be forbidden
2026-07-15 08:49:10,830 [INFO] ApiDbMcu:532 - Load IP Config File for NUCLEO-G474RE
2026-07-15 08:49:10,954 [INFO] ImportTextPane:234 - (OptionalMessage_ERROR) Pin34 (VP_RIF_VS_RIF1) cannot be retrieved for this MCU
2026-07-15 08:49:10,958 [INFO] ImportTextPane:234 - (OptionalMessage_ERROR) Unable to find key (Mcu.IP10) in loaded IOC file
2026-07-15 08:49:10,958 [INFO] ImportTextPane:234 - (OptionalMessage_ERROR) Unknown IP (dummy)
2026-07-15 08:49:11,031 [INFO] RtosManager:558 - Registered RTOS mode: class=CMSIS, group=RTOS, mode=CMSIS_V1, owner=FREERTOS
2026-07-15 08:49:11,031 [INFO] RtosManager:558 - Registered RTOS mode: class=CMSIS, group=RTOS2, mode=CMSIS_V2, owner=FREERTOS
2026-07-15 08:49:11,031 [INFO] RtosManager:558 - Registered RTOS mode: class=RTOS, group=Core, mode=CMSIS_V1, owner=FREERTOS
2026-07-15 08:49:11,031 [INFO] RtosManager:558 - Registered RTOS mode: class=RTOS, group=Core, mode=CMSIS_V2, owner=FREERTOS
2026-07-15 08:49:11,031 [WARN] ModelIntegratedComponent:184 - Missing modes for component STMicroelectronics:FreeRTOS:0.0.1:STMicroelectronics:RTOS:FreeRTOS:Core:::10.2.0:
2026-07-15 08:49:11,033 [WARN] ModelIntegratedComponent:63 - No mode defined for component null
2026-07-15 08:49:11,033 [WARN] ModelIntegratedComponent:63 - No mode defined for component null
2026-07-15 08:49:11,033 [WARN] ModelIntegratedComponent:63 - No mode defined for component null
2026-07-15 08:49:11,033 [WARN] ModelIntegratedComponent:63 - No mode defined for component null
2026-07-15 08:49:11,033 [WARN] ModelIntegratedComponent:63 - No mode defined for component null
2026-07-15 08:49:11,033 [WARN] ModelIntegratedComponent:63 - No mode defined for component null
2026-07-15 08:49:11,033 [WARN] ModelIntegratedComponent:63 - No mode defined for component null
2026-07-15 08:49:11,033 [WARN] ModelIntegratedComponent:63 - No mode defined for component null
2026-07-15 08:49:11,033 [WARN] ModelIntegratedComponent:63 - No mode defined for component null
2026-07-15 08:49:11,033 [WARN] ModelIntegratedComponent:63 - No mode defined for component null
2026-07-15 08:49:11,034 [WARN] ModelIntegratedComponent:63 - No mode defined for component null
2026-07-15 08:49:11,034 [WARN] ModelIntegratedComponent:63 - No mode defined for component null
2026-07-15 08:49:11,034 [WARN] ModelIntegratedComponent:63 - No mode defined for component null
2026-07-15 08:49:11,034 [WARN] ModelIntegratedComponent:63 - No mode defined for component null
2026-07-15 08:49:11,034 [WARN] ModelIntegratedComponent:63 - No mode defined for component null
2026-07-15 08:49:11,034 [WARN] ModelIntegratedComponent:63 - No mode defined for component null
2026-07-15 08:49:11,034 [WARN] ModelIntegratedComponent:63 - No mode defined for component null
2026-07-15 08:49:11,034 [WARN] ModelIntegratedComponent:63 - No mode defined for component null
2026-07-15 08:49:11,034 [WARN] ModelIntegratedComponent:63 - No mode defined for component null
2026-07-15 08:49:11,034 [WARN] ModelIntegratedComponent:63 - No mode defined for component null
2026-07-15 08:49:11,034 [WARN] ModelIntegratedComponent:63 - No mode defined for component null
2026-07-15 08:49:11,034 [WARN] ModelIntegratedComponent:63 - No mode defined for component null
2026-07-15 08:49:11,034 [WARN] ModelIntegratedComponent:63 - No mode defined for component null
2026-07-15 08:49:11,034 [WARN] ModelIntegratedComponent:63 - No mode defined for component null
2026-07-15 08:49:11,034 [WARN] ModelIntegratedComponent:63 - No mode defined for component null
2026-07-15 08:49:11,034 [WARN] ModelIntegratedComponent:63 - No mode defined for component null
2026-07-15 08:49:11,035 [WARN] ModelIntegratedComponent:63 - No mode defined for component null
2026-07-15 08:49:11,035 [WARN] ModelIntegratedComponent:63 - No mode defined for component null
2026-07-15 08:49:11,035 [WARN] ModelIntegratedComponent:63 - No mode defined for component null
2026-07-15 08:49:11,035 [WARN] ModelIntegratedComponent:63 - No mode defined for component null
2026-07-15 08:49:11,035 [WARN] ModelIntegratedComponent:63 - No mode defined for component null
2026-07-15 08:49:11,035 [WARN] ModelIntegratedComponent:63 - No mode defined for component null
2026-07-15 08:49:11,035 [WARN] ModelIntegratedComponent:63 - No mode defined for component null
2026-07-15 08:49:11,035 [WARN] ModelIntegratedComponent:63 - No mode defined for component null
2026-07-15 08:49:11,035 [WARN] ModelIntegratedComponent:63 - No mode defined for component null
2026-07-15 08:49:11,035 [WARN] ModelPack:524 - Component already loaded: STMicroelectronics:HAL Drivers:0.0.0:STMicroelectronics:Device:STMicro_Driver:XSPI:HAL::0.0.1:HAL_XSPI
2026-07-15 08:49:11,040 [INFO] ThirdPartyModel:298 - Start build external matchings
2026-07-15 08:49:11,042 [INFO] ThirdPartyModel:316 - End build external matchings
2026-07-15 08:49:11,049 [INFO] ImportTextPane:234 - (OptionalMessage_ERROR) IP (ADC1) : Parameter (CommonPathInternal) has invalid value (null|null|null|null)
2026-07-15 08:49:11,050 [INFO] ImportTextPane:234 - (OptionalMessage_ERROR) IP (ADC2) : Parameter (CommonPathInternal) has invalid value (null|null|null|null)
2026-07-15 08:49:11,051 [INFO] ImportTextPane:234 - (OptionalMessage_ERROR) IP (RCC) : Invalid parameter (FamilyName)
2026-07-15 08:49:11,052 [INFO] ImportTextPane:234 - (OptionalMessage_ERROR) IP (RCC) : Parameter (RNGFreq_Value) has invalid value (170000000)
2026-07-15 08:49:11,052 [INFO] ImportTextPane:234 - (OptionalMessage_ERROR) IP (RCC) : Parameter (USBFreq_Value) has invalid value (170000000)
2026-07-15 08:49:11,558 [INFO] ApiDb:581 - Connected to CubeFinder SQLite database (C:\Users\190\.stmcufinder\plugins\mcufinder\mcu\cube-finder-db.db)
2026-07-15 08:49:11,630 [INFO] ApiDb:668 - CubeFinder database Data Model version=2.1
2026-07-15 08:49:11,630 [INFO] ApiDb:669 - CubeFinder database Configuration version=3.0.39
2026-07-15 08:49:11,630 [INFO] ApiDb:670 - CubeFinder database generation date=2025-06-24 (1750757100)
2026-07-15 08:49:11,630 [INFO] ApiDb:671 - CubeFinder database FW Pack versions=[FP-ATR-ASTRA1_V2.0.0, FP-SNS-FLIGHT1_V5.1.0, FP-SNS-MOTENV1_V5.0.0, FP-SNS-MOTENVWB1_V1.4.0, FP-SNS-SMARTAG2_V1.2.0, FP-SNS-STBOX1_V2.0.0, STM32Cube_FW_C0_V1.4.0, STM32Cube_FW_F4_V1.28.2, STM32Cube_FW_F7_V1.17.3, STM32Cube_FW_G0_V1.6.2, STM32Cube_FW_G4_V1.6.1, STM32Cube_FW_H5_V1.5.0, STM32Cube_FW_H7RS_V1.2.0, STM32Cube_FW_H7_V1.12.1, STM32Cube_FW_L0_V1.12.2, STM32Cube_FW_L4_V1.18.1, STM32Cube_FW_L5_V1.5.1, STM32Cube_FW_N6_V1.2.0, STM32Cube_FW_U0_V1.3.0, STM32Cube_FW_U3_V1.2.0, STM32Cube_FW_U5_V1.8.0, STM32Cube_FW_WB0_V1.3.0, STM32Cube_FW_WBA_V1.7.0, STM32Cube_FW_WB_V1.23.0, STM32Cube_FW_WL3_V1.2.0, STM32Cube_FW_WL_V1.3.1, X-CUBE-ALGOBUILD_V1.4.0, X-CUBE-ALS_V1.0.2, X-CUBE-AZRTOS-F4_V1.1.0, X-CUBE-AZRTOS-F7_V1.1.0, X-CUBE-AZRTOS-G0_V1.1.0, X-CUBE-AZRTOS-G4_V2.0.0, X-CUBE-AZRTOS-H7RS_V1.1.0, X-CUBE-AZRTOS-H7_V3.3.0, X-CUBE-AZRTOS-L4_V2.0.0, X-CUBE-AZRTOS-L5_V2.0.0, X-CUBE-AZRTOS-WB_V2.0.0, X-CUBE-AZRTOS-WL_V2.0.0, X-CUBE-BLE1_V7.1.0, X-CUBE-BLE2_V3.3.0, X-CUBE-BLEMGR_V4.0.0, X-CUBE-EEPRMA1_V5.1.0, X-CUBE-FREERTOS_V1.3.1, X-CUBE-GNSS1_V6.0.0, X-CUBE-MEMS1_V11.3.0, X-CUBE-NFC4_V3.0.0, X-CUBE-NFC7_V2.0.0, X-CUBE-SFXS2LP1_V4.0.0, X-CUBE-SUBG2_V5.0.0, X-CUBE-TOF1_V3.4.3]
2026-07-15 08:49:11,686 [INFO] DbBoardsSqlite:226 - include board P-NUCLEO-WB55-NUCLEO as a kit item of type 'Nucleo-64'
2026-07-15 08:49:11,686 [INFO] DbBoardsSqlite:226 - include board P-NUCLEO-WB55-USBDONGLE as a kit item of type 'Nucleo USB Dongle'
2026-07-15 08:49:11,686 [INFO] DbBoardsSqlite:226 - include board STEVAL-IDP005V1 as a kit item of type 'Evaluation Board'
2026-07-15 08:49:11,686 [INFO] DbBoardsSqlite:226 - include board STEVAL-IDP005V2 as a kit item of type 'Evaluation Board'
2026-07-15 08:49:11,747 [INFO] ApiDb:240 - Found 880 in-development CPN: [B-G473E-ZEST1S, B-WB1M-WPAN1, B-WBA5M-WPAN, B-WL5M-SUBG1, NUCLEO-C031C6, NUCLEO-C051C8, NUCLEO-C071RB, NUCLEO-C092RC, NUCLEO-H503RB, NUCLEO-H533RE, NUCLEO-H563ZI, NUCLEO-H7S3L8, NUCLEO-N657X0-Q, NUCLEO-U031R8, NUCLEO-U083RC, NUCLEO-U385RG-Q, NUCLEO-U545RE-Q, NUCLEO-U5A5ZJ-Q, NUCLEO-WB05KZ, NUCLEO-WB07CC, NUCLEO-WB09KE, NUCLEO-WBA52CG, NUCLEO-WBA55CG, NUCLEO-WL33CC1, NUCLEO-WL33CC2, STEVAL-PROTEUS1, STEVAL-SMARTAG2, STEVAL-STWINBX1, STM320518-EVAL, STM32C0116-DK, STM32C011D6Y3TR, STM32C011D6Y6TR, STM32C011F4P3, STM32C011F4P6, STM32C011F4U3, STM32C011F4U6TR, STM32C011F6P3, STM32C011F6P6, STM32C011F6U3, STM32C011F6U6TR, STM32C011J4M3, STM32C011J4M6, STM32C011J6M3, STM32C011J6M6, STM32C0316-DK, STM32C031C4T3, STM32C031C4T6, STM32C031C4U3, STM32C031C4U6, STM32C031C6T3, STM32C031C6T6, STM32C031C6U3, STM32C031C6U6, STM32C031F4P3, STM32C031F4P6, STM32C031F6P3, STM32C031F6P6, STM32C031G4U3, STM32C031G4U6, STM32C031G6U3, STM32C031G6U6, STM32C031K4T3, STM32C031K4T6, STM32C031K4U3, STM32C031K4U6, STM32C031K6T3, STM32C031K6T6, STM32C031K6U3, STM32C031K6U6, STM32C051C6T6, STM32C051C6U6, STM32C051C8T6, STM32C051C8U6, STM32C051D8Y6TR, STM32C051F6P6, STM32C051F8P6, STM32C051G6U6, STM32C051G8U6, STM32C051K6T6, STM32C051K6U6, STM32C051K8T6, STM32C071C8T6, STM32C071C8T6N, STM32C071C8U6, STM32C071C8U6N, STM32C071CBT6, STM32C071CBT6N, STM32C071CBU6, STM32C071CBU6N, STM32C071F8P6, STM32C071F8P6N, STM32C071FBP6, STM32C071FBP6N, STM32C071FBY6TR, STM32C071G8U6, STM32C071G8U6N, STM32C071GBU6, STM32C071GBU6N, STM32C071K8T6, STM32C071K8T6N, STM32C071K8U6, STM32C071K8U6N, STM32C071KBT6, STM32C071KBT6N, STM32C071KBU6, STM32C071KBU6N, STM32C071R8T6, STM32C071R8T6N, STM32C071RBI6N, STM32C071RBT6, STM32C071RBT6N, STM32C091CBT6, STM32C091CBU6, STM32C091CCT6, STM32C091CCU6, STM32C091ECY6TR, STM32C091FBP6, STM32C091FCP6, STM32C091GBU6, STM32C091GCU6, STM32C091KBT6, STM32C091KBU6, STM32C091KCT6, STM32C091KCU6, STM32C091RBT6, STM32C091RCI6, STM32C091RCT6, STM32C092CBT6, STM32C092CBU6, STM32C092CCT6, STM32C092CCU6, STM32C092ECY6TR, STM32C092FBP6, STM32C092FCP6, STM32C092GBU6, STM32C092GCU6, STM32C092KBT6, STM32C092KBU6, STM32C092KCT6, STM32C092KCU6, STM32C092RBT6, STM32C092RCI6, STM32C092RCT6, STM32G071K8TXN, STM32G071K8UXN, STM32G081GBU6N, STM32G081KBT6N, STM32G081KBUXN, STM32G0B1CCT6N, STM32G0B1KCT6, STM32G0B1NEY6TR, STM32G0B1RCT6N, STM32G0C1CCT6, STM32G0C1CCT6N, STM32G0C1CCU6N, STM32G0C1CET6N, STM32G0C1CEU6N, STM32G0C1KCT6, STM32G0C1NEY6TR, STM32G0C1RCI6N, STM32G0C1RCT6N, STM32G0C1REI6N, STM32G0C1RET6N, STM32G0C1VCI6, STM32G0C1VEI6, STM32G411C6T3, STM32G411C6T6, STM32G411C6U3, STM32G411C6U6, STM32G411C8T3, STM32G411C8T6, STM32G411C8U3, STM32G411C8U6, STM32G411CBT3, STM32G411CBT6, STM32G411CBU3, STM32G411CBU6, STM32G411K6T3, STM32G411K6T6, STM32G411K6U3, STM32G411K6U6, STM32G411K8T3, STM32G411K8T6, STM32G411K8U3, STM32G411K8U6, STM32G411KBT3, STM32G411KBT6, STM32G411KBU3, STM32G411KBU6, STM32G411M6T3, STM32G411M6T6, STM32G411M8T3, STM32G411M8T6, STM32G411MBT3, STM32G411MBT6, STM32G411R6T3, STM32G411R6T6, STM32G411R8T3, STM32G411R8T6, STM32G411RBT3, STM32G411RBT6, STM32G414CBT3, STM32G414CBT6, STM32G414CBU3, STM32G414CBU6, STM32G414CCT3, STM32G414CCT6, STM32G414CCU3, STM32G414CCU6, STM32G414MBT3, STM32G414MBT6, STM32G414MCT3, STM32G414MCT6, STM32G414RBT3, STM32G414RBT6, STM32G414RCT3, STM32G414RCT6, STM32G414VBT3, STM32G414VBT6, STM32G414VCT3, STM32G414VCT6, STM32G431CBT3Z, STM32G431RBT3Z, STM32G471CCT6, STM32G471CCU6, STM32G471CET3, STM32G471CET6, STM32G471CEU3, STM32G471CEU6, STM32G471MCT6, STM32G471MET3, STM32G471MET6, STM32G471MEY6TR, STM32G471QCT6, STM32G471QET3, STM32G471RCT6, STM32G471RET3, STM32G471RET6, STM32G471VCH6, STM32G471VCI6, STM32G471VCT6, STM32G471VEH3, STM32G471VEH6, STM32G471VEI3, STM32G471VEI6, STM32G471VET3, STM32G471VET6, STM32G473QET3Z, STM32G473RET3Z, STM32G474CCT6, STM32G491RET3Z, STM32H503CBT6, STM32H503CBU6, STM32H503EBY6TR, STM32H503KBU6, STM32H503RBT6, STM32H523CCT6, STM32H523CCU6, STM32H523CET6, STM32H523CEU6, STM32H523HEY6TR, STM32H523RCT6, STM32H523RET6, STM32H523VCI6, STM32H523VCT6, STM32H523VEI6, STM32H523VET6, STM32H523ZCJ6, STM32H523ZCT6, STM32H523ZEJ6, STM32H523ZET6, STM32H533CET6, STM32H533CEU6, STM32H533HEY6TR, STM32H533RET6, STM32H533VEI6, STM32H533VET6, STM32H533ZEJ6, STM32H533ZET6, STM32H562AGI6, STM32H562AII6, STM32H562IGK6, STM32H562IGT6, STM32H562IIK6, STM32H562IIT6, STM32H562RGT6, STM32H562RGV6, STM32H562RIT6, STM32H562RIV6, STM32H562VGT6, STM32H562VIT6, STM32H562ZGT6, STM32H562ZIT6, STM32H563AGI6, STM32H563AII3Q, STM32H563AII6, STM32H563IGK6, STM32H563IGT6, STM32H563IIK3Q, STM32H563IIK6, STM32H563IIT3Q, STM32H563IIT6, STM32H563MIY3QTR, STM32H563RGT6, STM32H563RGV6, STM32H563RIT6, STM32H563RIV6, STM32H563VGT6, STM32H563VIT3Q, STM32H563VIT6, STM32H563ZGT6, STM32H563ZIT3Q, STM32H563ZIT6, STM32H573AII3Q, STM32H573AII6, STM32H573I-DK, STM32H573IIK3Q, STM32H573IIK6, STM32H573IIT3Q, STM32H573IIT6, STM32H573MIY3QTR, STM32H573RIT6, STM32H573RIV6, STM32H573VIT3Q, STM32H573VIT6, STM32H573ZIT3Q, STM32H573ZIT6, STM32H7R3A8I6, STM32H7R3I8K6, STM32H7R3I8T6, STM32H7R3L8H6, STM32H7R3L8H6H, STM32H7R3R8V6, STM32H7R3V8H6, STM32H7R3V8T6, STM32H7R3V8Y6TR, STM32H7R3Z8J6, STM32H7R3Z8T6, STM32H7R7A8I6, STM32H7R7I8K6, STM32H7R7I8T6, STM32H7R7L8H6, STM32H7R7L8H6H, STM32H7R7Z8J6, STM32H7S3A8I6, STM32H7S3I8K6, STM32H7S3I8T6, STM32H7S3L8H6, STM32H7S3L8H6H, STM32H7S3R8V6, STM32H7S3V8H6, STM32H7S3V8T6, STM32H7S3V8Y6TR, STM32H7S3Z8J6, STM32H7S3Z8T6, STM32H7S78-DK, STM32H7S7A8I6, STM32H7S7I8K6, STM32H7S7I8T6, STM32H7S7L8H6, STM32H7S7L8H6H, STM32H7S7Z8J6, STM32L4R5QGI6STR, STM32MP131AAE3, STM32MP131AAF3, STM32MP131AAG3, STM32MP131CAE3, STM32MP131CAF3, STM32MP131CAG3, STM32MP131DAE7, STM32MP131DAF7, STM32MP131DAG7, STM32MP131FAE7, STM32MP131FAF7, STM32MP131FAG7, STM32MP133AAE3, STM32MP133AAF3, STM32MP133AAG3, STM32MP133CAE3, STM32MP133CAF3, STM32MP133CAG3, STM32MP133DAE7, STM32MP133DAF7, STM32MP133DAG7, STM32MP133FAE7, STM32MP133FAF7, STM32MP133FAG7, STM32MP135AAE3, STM32MP135AAF3, STM32MP135AAG3, STM32MP135CAE3, STM32MP135CAF3, STM32MP135CAG3, STM32MP135DAE7, STM32MP135DAF7, STM32MP135DAG7, STM32MP135F-DK, STM32MP135FAE7, STM32MP135FAF7, STM32MP135FAF7T, STM32MP135FAF7U, STM32MP135FAG7, STM32MP211AAL3, STM32MP211AAM3, STM32MP211AAN3, STM32MP211AAO3, STM32MP211CAL3, STM32MP211CAM3, STM32MP211CAN3, STM32MP211CAO3, STM32MP211DAL3, STM32MP211DAM3, STM32MP211DAN3, STM32MP211DAO3, STM32MP211FAL3, STM32MP211FAM3, STM32MP211FAN3, STM32MP211FAO3, STM32MP213AAL3, STM32MP213AAM3, STM32MP213AAN3, STM32MP213AAO3, STM32MP213CAL3, STM32MP213CAM3, STM32MP213CAN3, STM32MP213CAO3, STM32MP213DAL3, STM32MP213DAM3, STM32MP213DAN3, STM32MP213DAO3, STM32MP213FAL3, STM32MP213FAM3, STM32MP213FAN3, STM32MP213FAO3, STM32MP215AAL3, STM32MP215AAM3, STM32MP215AAN3, STM32MP215AAO3, STM32MP215CAL3, STM32MP215CAM3, STM32MP215CAN3, STM32MP215CAO3, STM32MP215DAL3, STM32MP215DAM3, STM32MP215DAN3, STM32MP215DAO3, STM32MP215F-DK, STM32MP215FAL3, STM32MP215FAM3, STM32MP215FAN3, STM32MP215FAO3, STM32MP231AAJ3, STM32MP231AAK3, STM32MP231AAL3, STM32MP231CAJ3, STM32MP231CAK3, STM32MP231CAL3, STM32MP231DAJ3, STM32MP231DAK3, STM32MP231DAL3, STM32MP231FAJ3, STM32MP231FAK3, STM32MP231FAL3, STM32MP233AAJ3, STM32MP233AAK3, STM32MP233AAL3, STM32MP233CAJ3, STM32MP233CAK3, STM32MP233CAL3, STM32MP233DAJ3, STM32MP233DAK3, STM32MP233DAL3, STM32MP233FAJ3, STM32MP233FAK3, STM32MP233FAL3, STM32MP235AAJ3, STM32MP235AAK3, STM32MP235AAL3, STM32MP235CAJ3, STM32MP235CAK3, STM32MP235CAL3, STM32MP235DAJ3, STM32MP235DAK3, STM32MP235DAL3, STM32MP235FAJ3, STM32MP235FAK3, STM32MP235FAL3, STM32MP251AAI3, STM32MP251AAK3, STM32MP251AAL3, STM32MP251CAI3, STM32MP251CAK3, STM32MP251CAL3, STM32MP251DAI3, STM32MP251DAK3, STM32MP251DAL3, STM32MP251FAI3, STM32MP251FAK3, STM32MP251FAL3, STM32MP253AAI3, STM32MP253AAK3, STM32MP253AAL3, STM32MP253CAI3, STM32MP253CAK3, STM32MP253CAL3, STM32MP253DAI3, STM32MP253DAK3, STM32MP253DAL3, STM32MP253FAI3, STM32MP253FAK3, STM32MP253FAL3, STM32MP255AAI3, STM32MP255AAK3, STM32MP255AAL3, STM32MP255CAI3, STM32MP255CAK3, STM32MP255CAL3, STM32MP255DAI3, STM32MP255DAK3, STM32MP255DAL3, STM32MP255FAI3, STM32MP255FAK3, STM32MP255FAL3, STM32MP257AAI3, STM32MP257AAK3, STM32MP257AAL3, STM32MP257CAI3, STM32MP257CAK3, STM32MP257CAL3, STM32MP257DAI3, STM32MP257DAK3, STM32MP257DAL3, STM32MP257F-DK, STM32MP257F-EV1, STM32MP257FAI3, STM32MP257FAK3, STM32MP257FAL3, STM32N645A0H3Q, STM32N645B0H3Q, STM32N645I0H3Q, STM32N645L0H3Q, STM32N645X0H3Q, STM32N645Z0H3Q, STM32N647A0H3Q, STM32N647B0H3Q, STM32N647I0H3Q, STM32N647L0H3Q, STM32N647X0H3Q, STM32N647Z0H3Q, STM32N655A0H3Q, STM32N655B0H3Q, STM32N655I0H3Q, STM32N655L0H3Q, STM32N655X0H3Q, STM32N655Z0H3Q, STM32N6570-DK, STM32N657A0H3Q, STM32N657B0H3Q, STM32N657I0H3Q, STM32N657L0H3Q, STM32N657X0H3Q, STM32N657Z0H3Q, STM32U031C6T6, STM32U031C6U6, STM32U031C8T6, STM32U031C8U6, STM32U031F4P6, STM32U031F6P6, STM32U031F8P6, STM32U031G6Y6TR, STM32U031G8Y6TR, STM32U031K4U6, STM32U031K6U6, STM32U031K8U6, STM32U031R6I6, STM32U031R6T6, STM32U031R8I6, STM32U031R8T6, STM32U073C8T6, STM32U073C8U6, STM32U073CBT6, STM32U073CBU6, STM32U073CCT6, STM32U073CCU6, STM32U073H8Y6TR, STM32U073HBY6TR, STM32U073HCY6TR, STM32U073K8U6, STM32U073KBU6, STM32U073KCU6, STM32U073M8I6, STM32U073M8T6, STM32U073MBI6, STM32U073MBT6, STM32U073MCI6, STM32U073MCT6, STM32U073R8I6, STM32U073R8T6, STM32U073RBI6, STM32U073RBT6, STM32U073RCI6, STM32U073RCT6, STM32U083C-DK, STM32U083CCT6, STM32U083CCU6, STM32U083HCY6TR, STM32U083KCU6, STM32U083MCI6, STM32U083MCT6, STM32U083RCI6, STM32U083RCT6, STM32U375CET6, STM32U375CET6Q, STM32U375CEU6, STM32U375CEU6Q, STM32U375CEY6QTR, STM32U375CGT6, STM32U375CGT6Q, STM32U375CGU6, STM32U375CGU6Q, STM32U375CGY6QTR, STM32U375KEU6, STM32U375KGU6, STM32U375REI6, STM32U375REI6Q, STM32U375RET6, STM32U375RET6Q, STM32U375REY6GTR, STM32U375REY6QTR, STM32U375RGI6, STM32U375RGI6Q, STM32U375RGT6, STM32U375RGT6Q, STM32U375RGY6GTR, STM32U375RGY6QTR, STM32U375VEI6, STM32U375VEI6Q, STM32U375VET6, STM32U375VET6Q, STM32U375VGI6, STM32U375VGI6Q, STM32U375VGT6, STM32U375VGT6Q, STM32U385CGT6, STM32U385CGT6Q, STM32U385CGU6, STM32U385CGU6Q, STM32U385CGY6QTR, STM32U385KGU6, STM32U385RGI6, STM32U385RGI6Q, STM32U385RGT6, STM32U385RGT6Q, STM32U385RGY6GTR, STM32U385RGY6QTR, STM32U385VGI6, STM32U385VGI6Q, STM32U385VGT6, STM32U385VGT6Q, STM32U535CBT6, STM32U535CBT6Q, STM32U535CBU6, STM32U535CBU6Q, STM32U535CCT6, STM32U535CCT6Q, STM32U535CCU6, STM32U535CCU6Q, STM32U535CET6, STM32U535CET6Q, STM32U535CEU6, STM32U535CEU6Q, STM32U535JEY6QTR, STM32U535NCY6QTR, STM32U535NEY6QTR, STM32U535RBI6, STM32U535RBI6Q, STM32U535RBT6, STM32U535RBT6Q, STM32U535RCI6, STM32U535RCI6Q, STM32U535RCT6, STM32U535RCT6Q, STM32U535REI6, STM32U535REI6Q, STM32U535RET6, STM32U535RET6Q, STM32U535VCI6, STM32U535VCI6Q, STM32U535VCT6, STM32U535VCT6Q, STM32U535VEI6, STM32U535VEI6Q, STM32U535VET6, STM32U535VET6Q, STM32U545CET6, STM32U545CET6Q, STM32U545CEU6, STM32U545CEU6Q, STM32U545JEY6QTR, STM32U545NEY6QTR, STM32U545REI6, STM32U545REI6Q, STM32U545RET6, STM32U545RET6Q, STM32U545VEI6, STM32U545VEI6Q, STM32U545VET6, STM32U545VET6Q, STM32U595AIH6, STM32U595AIH6Q, STM32U595AJH6, STM32U595AJH6Q, STM32U595QII6, STM32U595QII6Q, STM32U595QJI6, STM32U595QJI6Q, STM32U595RIT6, STM32U595RIT6Q, STM32U595RJT6, STM32U595RJT6Q, STM32U595VIT6, STM32U595VIT6Q, STM32U595VJT6, STM32U595VJT6Q, STM32U595ZIT6, STM32U595ZIT6Q, STM32U595ZIY6QTR, STM32U595ZJT6, STM32U595ZJT6Q, STM32U595ZJY6QTR, STM32U599BJY6QTR, STM32U599NIH6Q, STM32U599NJH6Q, STM32U599VIT6Q, STM32U599VJT6, STM32U599VJT6Q, STM32U599ZIT6Q, STM32U599ZIY6QTR, STM32U599ZJT6Q, STM32U599ZJY6QTR, STM32U5A5AJH6, STM32U5A5AJH6Q, STM32U5A5QII3Q , STM32U5A5QJI6, STM32U5A5QJI6Q, STM32U5A5RJT6, STM32U5A5RJT6Q, STM32U5A5VJT6, STM32U5A5VJT6Q, STM32U5A5ZJT6, STM32U5A5ZJT6Q, STM32U5A5ZJY6QTR, STM32U5A9BJY6QTR, STM32U5A9J-DK, STM32U5A9NJH6Q, STM32U5A9VJT6Q, STM32U5A9ZJT6Q, STM32U5A9ZJY6QTR, STM32U5F7VIT6, STM32U5F7VIT6Q, STM32U5F7VJT6, STM32U5F7VJT6Q, STM32U5F9BJY6QTR, STM32U5F9NJH6Q, STM32U5F9VIT6Q, STM32U5F9VJT6Q, STM32U5F9ZIJ6QTR, STM32U5F9ZIT6Q, STM32U5F9ZJJ6QTR, STM32U5F9ZJT6Q, STM32U5G7VJT6, STM32U5G7VJT6Q, STM32U5G9BJY6QTR, STM32U5G9J-DK1, STM32U5G9J-DK2, STM32U5G9NJH6Q, STM32U5G9VJT6Q, STM32U5G9ZJJ6QTR, STM32U5G9ZJT6Q, STM32WB05KZV6TR, STM32WB05KZV7TR, STM32WB05TZF6TR, STM32WB05TZF7TR, STM32WB06CCF6TR, STM32WB06CCF7TR, STM32WB06CCV6TR, STM32WB06CCV7TR, STM32WB06KCV6TR, STM32WB06KCV7TR, STM32WB07CCF6TR, STM32WB07CCF7TR, STM32WB07CCV6TR, STM32WB07CCV7TR, STM32WB07KCV6TR, STM32WB07KCV7TR, STM32WB09KEV6TR, STM32WB09KEV7TR, STM32WB09TEF6TR, STM32WB09TEF7TR, STM32WB1MMCH6, STM32WBA50KGU6, STM32WBA50KGU6TR, STM32WBA52CEU6, STM32WBA52CEU6TR, STM32WBA52CEU7, STM32WBA52CEU7TR, STM32WBA52CGU6, STM32WBA52CGU6TR, STM32WBA52CGU6U, STM32WBA52CGU7, STM32WBA52CGU7TR, STM32WBA52KEU6, STM32WBA52KEU6TR, STM32WBA52KGU6, STM32WBA52KGU6TR, STM32WBA54CEU6, STM32WBA54CEU6TR, STM32WBA54CEU7, STM32WBA54CEU7TR, STM32WBA54CGU6, STM32WBA54CGU6TR, STM32WBA54CGU7, STM32WBA54CGU7TR, STM32WBA54KEU6, STM32WBA54KEU6TR, STM32WBA54KEU7, STM32WBA54KEU7TR, STM32WBA54KGU6, STM32WBA54KGU6TR, STM32WBA54KGU7, STM32WBA54KGU7TR, STM32WBA55CEU6, STM32WBA55CEU6TR, STM32WBA55CEU7, STM32WBA55CEU7TR, STM32WBA55CGU6, STM32WBA55CGU6TR, STM32WBA55CGU6U, STM32WBA55CGU7, STM32WBA55CGU7TR, STM32WBA55G-DK1, STM32WBA55HEF6, STM32WBA55HEF7, STM32WBA55HGF6, STM32WBA55HGF7, STM32WBA55UEI6, STM32WBA55UEI6TR, STM32WBA55UEI7, STM32WBA55UEI7TR, STM32WBA55UGI6, STM32WBA55UGI6TR, STM32WBA55UGI7, STM32WBA55UGI7TR, STM32WBA5MMGH6TR, STM32WBA62MGF6, STM32WBA62MIF6, STM32WBA65MGF7, STM32WBA65MIF6, STM32WBA65MIF7, STM32WL30K8V6, STM32WL30KBV6, STM32WL31C8V6, STM32WL31CBV6, STM32WL31K8V6, STM32WL31KBV6, STM32WL33C8V6, STM32WL33C8V6X, STM32WL33CBV6, STM32WL33CBV6X, STM32WL33CCV6, STM32WL33CCV6A, STM32WL33CCV6X, STM32WL33K8V7, STM32WL33K8V7X, STM32WL33KBV7 , STM32WL33KBV7X, STM32WL33KCV7, STM32WL33KCV7X, STM32WL5MOCH6, STM32WL5MOCH6TR]
2026-07-15 08:49:11,972 [INFO] BoardInfo:889 - No configuration file found for board P-NUCLEO-WB55
2026-07-15 08:49:11,973 [INFO] DbBoards:161 - Kit is not supported: P-NUCLEO-WB55
2026-07-15 08:49:11,980 [INFO] BoardInfo:889 - No configuration file found for board STEVAL-BFA001V1B
2026-07-15 08:49:11,981 [INFO] DbBoards:161 - Kit is not supported: STEVAL-BFA001V1B
2026-07-15 08:49:11,982 [INFO] BoardInfo:889 - No configuration file found for board STEVAL-BFA001V2B
2026-07-15 08:49:11,983 [INFO] DbBoards:161 - Kit is not supported: STEVAL-BFA001V2B
2026-07-15 08:49:12,183 [INFO] DbBoards:168 - Found 212 boards, 209 are supported
2026-07-15 08:49:12,183 [INFO] DbBoards:169 - Found 212 boards, 43 of them is supported for  Bsp
2026-07-15 08:49:12,186 [INFO] ApiDb:668 - CubeFinder database Data Model version=2.1
2026-07-15 08:49:12,186 [INFO] ApiDb:669 - CubeFinder database Configuration version=3.0.39
2026-07-15 08:49:12,186 [INFO] ApiDb:670 - CubeFinder database generation date=2025-06-24 (1750757100)
2026-07-15 08:49:12,187 [INFO] ApiDb:671 - CubeFinder database FW Pack versions=[FP-ATR-ASTRA1_V2.0.0, FP-SNS-FLIGHT1_V5.1.0, FP-SNS-MOTENV1_V5.0.0, FP-SNS-MOTENVWB1_V1.4.0, FP-SNS-SMARTAG2_V1.2.0, FP-SNS-STBOX1_V2.0.0, STM32Cube_FW_C0_V1.4.0, STM32Cube_FW_F4_V1.28.2, STM32Cube_FW_F7_V1.17.3, STM32Cube_FW_G0_V1.6.2, STM32Cube_FW_G4_V1.6.1, STM32Cube_FW_H5_V1.5.0, STM32Cube_FW_H7RS_V1.2.0, STM32Cube_FW_H7_V1.12.1, STM32Cube_FW_L0_V1.12.2, STM32Cube_FW_L4_V1.18.1, STM32Cube_FW_L5_V1.5.1, STM32Cube_FW_N6_V1.2.0, STM32Cube_FW_U0_V1.3.0, STM32Cube_FW_U3_V1.2.0, STM32Cube_FW_U5_V1.8.0, STM32Cube_FW_WB0_V1.3.0, STM32Cube_FW_WBA_V1.7.0, STM32Cube_FW_WB_V1.23.0, STM32Cube_FW_WL3_V1.2.0, STM32Cube_FW_WL_V1.3.1, X-CUBE-ALGOBUILD_V1.4.0, X-CUBE-ALS_V1.0.2, X-CUBE-AZRTOS-F4_V1.1.0, X-CUBE-AZRTOS-F7_V1.1.0, X-CUBE-AZRTOS-G0_V1.1.0, X-CUBE-AZRTOS-G4_V2.0.0, X-CUBE-AZRTOS-H7RS_V1.1.0, X-CUBE-AZRTOS-H7_V3.3.0, X-CUBE-AZRTOS-L4_V2.0.0, X-CUBE-AZRTOS-L5_V2.0.0, X-CUBE-AZRTOS-WB_V2.0.0, X-CUBE-AZRTOS-WL_V2.0.0, X-CUBE-BLE1_V7.1.0, X-CUBE-BLE2_V3.3.0, X-CUBE-BLEMGR_V4.0.0, X-CUBE-EEPRMA1_V5.1.0, X-CUBE-FREERTOS_V1.3.1, X-CUBE-GNSS1_V6.0.0, X-CUBE-MEMS1_V11.3.0, X-CUBE-NFC4_V3.0.0, X-CUBE-NFC7_V2.0.0, X-CUBE-SFXS2LP1_V4.0.0, X-CUBE-SUBG2_V5.0.0, X-CUBE-TOF1_V3.4.3]
2026-07-15 08:49:13,908 [INFO] ApiDb:240 - Found 880 in-development CPN: [B-G473E-ZEST1S, B-WB1M-WPAN1, B-WBA5M-WPAN, B-WL5M-SUBG1, NUCLEO-C031C6, NUCLEO-C051C8, NUCLEO-C071RB, NUCLEO-C092RC, NUCLEO-H503RB, NUCLEO-H533RE, NUCLEO-H563ZI, NUCLEO-H7S3L8, NUCLEO-N657X0-Q, NUCLEO-U031R8, NUCLEO-U083RC, NUCLEO-U385RG-Q, NUCLEO-U545RE-Q, NUCLEO-U5A5ZJ-Q, NUCLEO-WB05KZ, NUCLEO-WB07CC, NUCLEO-WB09KE, NUCLEO-WBA52CG, NUCLEO-WBA55CG, NUCLEO-WL33CC1, NUCLEO-WL33CC2, STEVAL-PROTEUS1, STEVAL-SMARTAG2, STEVAL-STWINBX1, STM320518-EVAL, STM32C0116-DK, STM32C011D6Y3TR, STM32C011D6Y6TR, STM32C011F4P3, STM32C011F4P6, STM32C011F4U3, STM32C011F4U6TR, STM32C011F6P3, STM32C011F6P6, STM32C011F6U3, STM32C011F6U6TR, STM32C011J4M3, STM32C011J4M6, STM32C011J6M3, STM32C011J6M6, STM32C0316-DK, STM32C031C4T3, STM32C031C4T6, STM32C031C4U3, STM32C031C4U6, STM32C031C6T3, STM32C031C6T6, STM32C031C6U3, STM32C031C6U6, STM32C031F4P3, STM32C031F4P6, STM32C031F6P3, STM32C031F6P6, STM32C031G4U3, STM32C031G4U6, STM32C031G6U3, STM32C031G6U6, STM32C031K4T3, STM32C031K4T6, STM32C031K4U3, STM32C031K4U6, STM32C031K6T3, STM32C031K6T6, STM32C031K6U3, STM32C031K6U6, STM32C051C6T6, STM32C051C6U6, STM32C051C8T6, STM32C051C8U6, STM32C051D8Y6TR, STM32C051F6P6, STM32C051F8P6, STM32C051G6U6, STM32C051G8U6, STM32C051K6T6, STM32C051K6U6, STM32C051K8T6, STM32C071C8T6, STM32C071C8T6N, STM32C071C8U6, STM32C071C8U6N, STM32C071CBT6, STM32C071CBT6N, STM32C071CBU6, STM32C071CBU6N, STM32C071F8P6, STM32C071F8P6N, STM32C071FBP6, STM32C071FBP6N, STM32C071FBY6TR, STM32C071G8U6, STM32C071G8U6N, STM32C071GBU6, STM32C071GBU6N, STM32C071K8T6, STM32C071K8T6N, STM32C071K8U6, STM32C071K8U6N, STM32C071KBT6, STM32C071KBT6N, STM32C071KBU6, STM32C071KBU6N, STM32C071R8T6, STM32C071R8T6N, STM32C071RBI6N, STM32C071RBT6, STM32C071RBT6N, STM32C091CBT6, STM32C091CBU6, STM32C091CCT6, STM32C091CCU6, STM32C091ECY6TR, STM32C091FBP6, STM32C091FCP6, STM32C091GBU6, STM32C091GCU6, STM32C091KBT6, STM32C091KBU6, STM32C091KCT6, STM32C091KCU6, STM32C091RBT6, STM32C091RCI6, STM32C091RCT6, STM32C092CBT6, STM32C092CBU6, STM32C092CCT6, STM32C092CCU6, STM32C092ECY6TR, STM32C092FBP6, STM32C092FCP6, STM32C092GBU6, STM32C092GCU6, STM32C092KBT6, STM32C092KBU6, STM32C092KCT6, STM32C092KCU6, STM32C092RBT6, STM32C092RCI6, STM32C092RCT6, STM32G071K8TXN, STM32G071K8UXN, STM32G081GBU6N, STM32G081KBT6N, STM32G081KBUXN, STM32G0B1CCT6N, STM32G0B1KCT6, STM32G0B1NEY6TR, STM32G0B1RCT6N, STM32G0C1CCT6, STM32G0C1CCT6N, STM32G0C1CCU6N, STM32G0C1CET6N, STM32G0C1CEU6N, STM32G0C1KCT6, STM32G0C1NEY6TR, STM32G0C1RCI6N, STM32G0C1RCT6N, STM32G0C1REI6N, STM32G0C1RET6N, STM32G0C1VCI6, STM32G0C1VEI6, STM32G411C6T3, STM32G411C6T6, STM32G411C6U3, STM32G411C6U6, STM32G411C8T3, STM32G411C8T6, STM32G411C8U3, STM32G411C8U6, STM32G411CBT3, STM32G411CBT6, STM32G411CBU3, STM32G411CBU6, STM32G411K6T3, STM32G411K6T6, STM32G411K6U3, STM32G411K6U6, STM32G411K8T3, STM32G411K8T6, STM32G411K8U3, STM32G411K8U6, STM32G411KBT3, STM32G411KBT6, STM32G411KBU3, STM32G411KBU6, STM32G411M6T3, STM32G411M6T6, STM32G411M8T3, STM32G411M8T6, STM32G411MBT3, STM32G411MBT6, STM32G411R6T3, STM32G411R6T6, STM32G411R8T3, STM32G411R8T6, STM32G411RBT3, STM32G411RBT6, STM32G414CBT3, STM32G414CBT6, STM32G414CBU3, STM32G414CBU6, STM32G414CCT3, STM32G414CCT6, STM32G414CCU3, STM32G414CCU6, STM32G414MBT3, STM32G414MBT6, STM32G414MCT3, STM32G414MCT6, STM32G414RBT3, STM32G414RBT6, STM32G414RCT3, STM32G414RCT6, STM32G414VBT3, STM32G414VBT6, STM32G414VCT3, STM32G414VCT6, STM32G431CBT3Z, STM32G431RBT3Z, STM32G471CCT6, STM32G471CCU6, STM32G471CET3, STM32G471CET6, STM32G471CEU3, STM32G471CEU6, STM32G471MCT6, STM32G471MET3, STM32G471MET6, STM32G471MEY6TR, STM32G471QCT6, STM32G471QET3, STM32G471RCT6, STM32G471RET3, STM32G471RET6, STM32G471VCH6, STM32G471VCI6, STM32G471VCT6, STM32G471VEH3, STM32G471VEH6, STM32G471VEI3, STM32G471VEI6, STM32G471VET3, STM32G471VET6, STM32G473QET3Z, STM32G473RET3Z, STM32G474CCT6, STM32G491RET3Z, STM32H503CBT6, STM32H503CBU6, STM32H503EBY6TR, STM32H503KBU6, STM32H503RBT6, STM32H523CCT6, STM32H523CCU6, STM32H523CET6, STM32H523CEU6, STM32H523HEY6TR, STM32H523RCT6, STM32H523RET6, STM32H523VCI6, STM32H523VCT6, STM32H523VEI6, STM32H523VET6, STM32H523ZCJ6, STM32H523ZCT6, STM32H523ZEJ6, STM32H523ZET6, STM32H533CET6, STM32H533CEU6, STM32H533HEY6TR, STM32H533RET6, STM32H533VEI6, STM32H533VET6, STM32H533ZEJ6, STM32H533ZET6, STM32H562AGI6, STM32H562AII6, STM32H562IGK6, STM32H562IGT6, STM32H562IIK6, STM32H562IIT6, STM32H562RGT6, STM32H562RGV6, STM32H562RIT6, STM32H562RIV6, STM32H562VGT6, STM32H562VIT6, STM32H562ZGT6, STM32H562ZIT6, STM32H563AGI6, STM32H563AII3Q, STM32H563AII6, STM32H563IGK6, STM32H563IGT6, STM32H563IIK3Q, STM32H563IIK6, STM32H563IIT3Q, STM32H563IIT6, STM32H563MIY3QTR, STM32H563RGT6, STM32H563RGV6, STM32H563RIT6, STM32H563RIV6, STM32H563VGT6, STM32H563VIT3Q, STM32H563VIT6, STM32H563ZGT6, STM32H563ZIT3Q, STM32H563ZIT6, STM32H573AII3Q, STM32H573AII6, STM32H573I-DK, STM32H573IIK3Q, STM32H573IIK6, STM32H573IIT3Q, STM32H573IIT6, STM32H573MIY3QTR, STM32H573RIT6, STM32H573RIV6, STM32H573VIT3Q, STM32H573VIT6, STM32H573ZIT3Q, STM32H573ZIT6, STM32H7R3A8I6, STM32H7R3I8K6, STM32H7R3I8T6, STM32H7R3L8H6, STM32H7R3L8H6H, STM32H7R3R8V6, STM32H7R3V8H6, STM32H7R3V8T6, STM32H7R3V8Y6TR, STM32H7R3Z8J6, STM32H7R3Z8T6, STM32H7R7A8I6, STM32H7R7I8K6, STM32H7R7I8T6, STM32H7R7L8H6, STM32H7R7L8H6H, STM32H7R7Z8J6, STM32H7S3A8I6, STM32H7S3I8K6, STM32H7S3I8T6, STM32H7S3L8H6, STM32H7S3L8H6H, STM32H7S3R8V6, STM32H7S3V8H6, STM32H7S3V8T6, STM32H7S3V8Y6TR, STM32H7S3Z8J6, STM32H7S3Z8T6, STM32H7S78-DK, STM32H7S7A8I6, STM32H7S7I8K6, STM32H7S7I8T6, STM32H7S7L8H6, STM32H7S7L8H6H, STM32H7S7Z8J6, STM32L4R5QGI6STR, STM32MP131AAE3, STM32MP131AAF3, STM32MP131AAG3, STM32MP131CAE3, STM32MP131CAF3, STM32MP131CAG3, STM32MP131DAE7, STM32MP131DAF7, STM32MP131DAG7, STM32MP131FAE7, STM32MP131FAF7, STM32MP131FAG7, STM32MP133AAE3, STM32MP133AAF3, STM32MP133AAG3, STM32MP133CAE3, STM32MP133CAF3, STM32MP133CAG3, STM32MP133DAE7, STM32MP133DAF7, STM32MP133DAG7, STM32MP133FAE7, STM32MP133FAF7, STM32MP133FAG7, STM32MP135AAE3, STM32MP135AAF3, STM32MP135AAG3, STM32MP135CAE3, STM32MP135CAF3, STM32MP135CAG3, STM32MP135DAE7, STM32MP135DAF7, STM32MP135DAG7, STM32MP135F-DK, STM32MP135FAE7, STM32MP135FAF7, STM32MP135FAF7T, STM32MP135FAF7U, STM32MP135FAG7, STM32MP211AAL3, STM32MP211AAM3, STM32MP211AAN3, STM32MP211AAO3, STM32MP211CAL3, STM32MP211CAM3, STM32MP211CAN3, STM32MP211CAO3, STM32MP211DAL3, STM32MP211DAM3, STM32MP211DAN3, STM32MP211DAO3, STM32MP211FAL3, STM32MP211FAM3, STM32MP211FAN3, STM32MP211FAO3, STM32MP213AAL3, STM32MP213AAM3, STM32MP213AAN3, STM32MP213AAO3, STM32MP213CAL3, STM32MP213CAM3, STM32MP213CAN3, STM32MP213CAO3, STM32MP213DAL3, STM32MP213DAM3, STM32MP213DAN3, STM32MP213DAO3, STM32MP213FAL3, STM32MP213FAM3, STM32MP213FAN3, STM32MP213FAO3, STM32MP215AAL3, STM32MP215AAM3, STM32MP215AAN3, STM32MP215AAO3, STM32MP215CAL3, STM32MP215CAM3, STM32MP215CAN3, STM32MP215CAO3, STM32MP215DAL3, STM32MP215DAM3, STM32MP215DAN3, STM32MP215DAO3, STM32MP215F-DK, STM32MP215FAL3, STM32MP215FAM3, STM32MP215FAN3, STM32MP215FAO3, STM32MP231AAJ3, STM32MP231AAK3, STM32MP231AAL3, STM32MP231CAJ3, STM32MP231CAK3, STM32MP231CAL3, STM32MP231DAJ3, STM32MP231DAK3, STM32MP231DAL3, STM32MP231FAJ3, STM32MP231FAK3, STM32MP231FAL3, STM32MP233AAJ3, STM32MP233AAK3, STM32MP233AAL3, STM32MP233CAJ3, STM32MP233CAK3, STM32MP233CAL3, STM32MP233DAJ3, STM32MP233DAK3, STM32MP233DAL3, STM32MP233FAJ3, STM32MP233FAK3, STM32MP233FAL3, STM32MP235AAJ3, STM32MP235AAK3, STM32MP235AAL3, STM32MP235CAJ3, STM32MP235CAK3, STM32MP235CAL3, STM32MP235DAJ3, STM32MP235DAK3, STM32MP235DAL3, STM32MP235FAJ3, STM32MP235FAK3, STM32MP235FAL3, STM32MP251AAI3, STM32MP251AAK3, STM32MP251AAL3, STM32MP251CAI3, STM32MP251CAK3, STM32MP251CAL3, STM32MP251DAI3, STM32MP251DAK3, STM32MP251DAL3, STM32MP251FAI3, STM32MP251FAK3, STM32MP251FAL3, STM32MP253AAI3, STM32MP253AAK3, STM32MP253AAL3, STM32MP253CAI3, STM32MP253CAK3, STM32MP253CAL3, STM32MP253DAI3, STM32MP253DAK3, STM32MP253DAL3, STM32MP253FAI3, STM32MP253FAK3, STM32MP253FAL3, STM32MP255AAI3, STM32MP255AAK3, STM32MP255AAL3, STM32MP255CAI3, STM32MP255CAK3, STM32MP255CAL3, STM32MP255DAI3, STM32MP255DAK3, STM32MP255DAL3, STM32MP255FAI3, STM32MP255FAK3, STM32MP255FAL3, STM32MP257AAI3, STM32MP257AAK3, STM32MP257AAL3, STM32MP257CAI3, STM32MP257CAK3, STM32MP257CAL3, STM32MP257DAI3, STM32MP257DAK3, STM32MP257DAL3, STM32MP257F-DK, STM32MP257F-EV1, STM32MP257FAI3, STM32MP257FAK3, STM32MP257FAL3, STM32N645A0H3Q, STM32N645B0H3Q, STM32N645I0H3Q, STM32N645L0H3Q, STM32N645X0H3Q, STM32N645Z0H3Q, STM32N647A0H3Q, STM32N647B0H3Q, STM32N647I0H3Q, STM32N647L0H3Q, STM32N647X0H3Q, STM32N647Z0H3Q, STM32N655A0H3Q, STM32N655B0H3Q, STM32N655I0H3Q, STM32N655L0H3Q, STM32N655X0H3Q, STM32N655Z0H3Q, STM32N6570-DK, STM32N657A0H3Q, STM32N657B0H3Q, STM32N657I0H3Q, STM32N657L0H3Q, STM32N657X0H3Q, STM32N657Z0H3Q, STM32U031C6T6, STM32U031C6U6, STM32U031C8T6, STM32U031C8U6, STM32U031F4P6, STM32U031F6P6, STM32U031F8P6, STM32U031G6Y6TR, STM32U031G8Y6TR, STM32U031K4U6, STM32U031K6U6, STM32U031K8U6, STM32U031R6I6, STM32U031R6T6, STM32U031R8I6, STM32U031R8T6, STM32U073C8T6, STM32U073C8U6, STM32U073CBT6, STM32U073CBU6, STM32U073CCT6, STM32U073CCU6, STM32U073H8Y6TR, STM32U073HBY6TR, STM32U073HCY6TR, STM32U073K8U6, STM32U073KBU6, STM32U073KCU6, STM32U073M8I6, STM32U073M8T6, STM32U073MBI6, STM32U073MBT6, STM32U073MCI6, STM32U073MCT6, STM32U073R8I6, STM32U073R8T6, STM32U073RBI6, STM32U073RBT6, STM32U073RCI6, STM32U073RCT6, STM32U083C-DK, STM32U083CCT6, STM32U083CCU6, STM32U083HCY6TR, STM32U083KCU6, STM32U083MCI6, STM32U083MCT6, STM32U083RCI6, STM32U083RCT6, STM32U375CET6, STM32U375CET6Q, STM32U375CEU6, STM32U375CEU6Q, STM32U375CEY6QTR, STM32U375CGT6, STM32U375CGT6Q, STM32U375CGU6, STM32U375CGU6Q, STM32U375CGY6QTR, STM32U375KEU6, STM32U375KGU6, STM32U375REI6, STM32U375REI6Q, STM32U375RET6, STM32U375RET6Q, STM32U375REY6GTR, STM32U375REY6QTR, STM32U375RGI6, STM32U375RGI6Q, STM32U375RGT6, STM32U375RGT6Q, STM32U375RGY6GTR, STM32U375RGY6QTR, STM32U375VEI6, STM32U375VEI6Q, STM32U375VET6, STM32U375VET6Q, STM32U375VGI6, STM32U375VGI6Q, STM32U375VGT6, STM32U375VGT6Q, STM32U385CGT6, STM32U385CGT6Q, STM32U385CGU6, STM32U385CGU6Q, STM32U385CGY6QTR, STM32U385KGU6, STM32U385RGI6, STM32U385RGI6Q, STM32U385RGT6, STM32U385RGT6Q, STM32U385RGY6GTR, STM32U385RGY6QTR, STM32U385VGI6, STM32U385VGI6Q, STM32U385VGT6, STM32U385VGT6Q, STM32U535CBT6, STM32U535CBT6Q, STM32U535CBU6, STM32U535CBU6Q, STM32U535CCT6, STM32U535CCT6Q, STM32U535CCU6, STM32U535CCU6Q, STM32U535CET6, STM32U535CET6Q, STM32U535CEU6, STM32U535CEU6Q, STM32U535JEY6QTR, STM32U535NCY6QTR, STM32U535NEY6QTR, STM32U535RBI6, STM32U535RBI6Q, STM32U535RBT6, STM32U535RBT6Q, STM32U535RCI6, STM32U535RCI6Q, STM32U535RCT6, STM32U535RCT6Q, STM32U535REI6, STM32U535REI6Q, STM32U535RET6, STM32U535RET6Q, STM32U535VCI6, STM32U535VCI6Q, STM32U535VCT6, STM32U535VCT6Q, STM32U535VEI6, STM32U535VEI6Q, STM32U535VET6, STM32U535VET6Q, STM32U545CET6, STM32U545CET6Q, STM32U545CEU6, STM32U545CEU6Q, STM32U545JEY6QTR, STM32U545NEY6QTR, STM32U545REI6, STM32U545REI6Q, STM32U545RET6, STM32U545RET6Q, STM32U545VEI6, STM32U545VEI6Q, STM32U545VET6, STM32U545VET6Q, STM32U595AIH6, STM32U595AIH6Q, STM32U595AJH6, STM32U595AJH6Q, STM32U595QII6, STM32U595QII6Q, STM32U595QJI6, STM32U595QJI6Q, STM32U595RIT6, STM32U595RIT6Q, STM32U595RJT6, STM32U595RJT6Q, STM32U595VIT6, STM32U595VIT6Q, STM32U595VJT6, STM32U595VJT6Q, STM32U595ZIT6, STM32U595ZIT6Q, STM32U595ZIY6QTR, STM32U595ZJT6, STM32U595ZJT6Q, STM32U595ZJY6QTR, STM32U599BJY6QTR, STM32U599NIH6Q, STM32U599NJH6Q, STM32U599VIT6Q, STM32U599VJT6, STM32U599VJT6Q, STM32U599ZIT6Q, STM32U599ZIY6QTR, STM32U599ZJT6Q, STM32U599ZJY6QTR, STM32U5A5AJH6, STM32U5A5AJH6Q, STM32U5A5QII3Q , STM32U5A5QJI6, STM32U5A5QJI6Q, STM32U5A5RJT6, STM32U5A5RJT6Q, STM32U5A5VJT6, STM32U5A5VJT6Q, STM32U5A5ZJT6, STM32U5A5ZJT6Q, STM32U5A5ZJY6QTR, STM32U5A9BJY6QTR, STM32U5A9J-DK, STM32U5A9NJH6Q, STM32U5A9VJT6Q, STM32U5A9ZJT6Q, STM32U5A9ZJY6QTR, STM32U5F7VIT6, STM32U5F7VIT6Q, STM32U5F7VJT6, STM32U5F7VJT6Q, STM32U5F9BJY6QTR, STM32U5F9NJH6Q, STM32U5F9VIT6Q, STM32U5F9VJT6Q, STM32U5F9ZIJ6QTR, STM32U5F9ZIT6Q, STM32U5F9ZJJ6QTR, STM32U5F9ZJT6Q, STM32U5G7VJT6, STM32U5G7VJT6Q, STM32U5G9BJY6QTR, STM32U5G9J-DK1, STM32U5G9J-DK2, STM32U5G9NJH6Q, STM32U5G9VJT6Q, STM32U5G9ZJJ6QTR, STM32U5G9ZJT6Q, STM32WB05KZV6TR, STM32WB05KZV7TR, STM32WB05TZF6TR, STM32WB05TZF7TR, STM32WB06CCF6TR, STM32WB06CCF7TR, STM32WB06CCV6TR, STM32WB06CCV7TR, STM32WB06KCV6TR, STM32WB06KCV7TR, STM32WB07CCF6TR, STM32WB07CCF7TR, STM32WB07CCV6TR, STM32WB07CCV7TR, STM32WB07KCV6TR, STM32WB07KCV7TR, STM32WB09KEV6TR, STM32WB09KEV7TR, STM32WB09TEF6TR, STM32WB09TEF7TR, STM32WB1MMCH6, STM32WBA50KGU6, STM32WBA50KGU6TR, STM32WBA52CEU6, STM32WBA52CEU6TR, STM32WBA52CEU7, STM32WBA52CEU7TR, STM32WBA52CGU6, STM32WBA52CGU6TR, STM32WBA52CGU6U, STM32WBA52CGU7, STM32WBA52CGU7TR, STM32WBA52KEU6, STM32WBA52KEU6TR, STM32WBA52KGU6, STM32WBA52KGU6TR, STM32WBA54CEU6, STM32WBA54CEU6TR, STM32WBA54CEU7, STM32WBA54CEU7TR, STM32WBA54CGU6, STM32WBA54CGU6TR, STM32WBA54CGU7, STM32WBA54CGU7TR, STM32WBA54KEU6, STM32WBA54KEU6TR, STM32WBA54KEU7, STM32WBA54KEU7TR, STM32WBA54KGU6, STM32WBA54KGU6TR, STM32WBA54KGU7, STM32WBA54KGU7TR, STM32WBA55CEU6, STM32WBA55CEU6TR, STM32WBA55CEU7, STM32WBA55CEU7TR, STM32WBA55CGU6, STM32WBA55CGU6TR, STM32WBA55CGU6U, STM32WBA55CGU7, STM32WBA55CGU7TR, STM32WBA55G-DK1, STM32WBA55HEF6, STM32WBA55HEF7, STM32WBA55HGF6, STM32WBA55HGF7, STM32WBA55UEI6, STM32WBA55UEI6TR, STM32WBA55UEI7, STM32WBA55UEI7TR, STM32WBA55UGI6, STM32WBA55UGI6TR, STM32WBA55UGI7, STM32WBA55UGI7TR, STM32WBA5MMGH6TR, STM32WBA62MGF6, STM32WBA62MIF6, STM32WBA65MGF7, STM32WBA65MIF6, STM32WBA65MIF7, STM32WL30K8V6, STM32WL30KBV6, STM32WL31C8V6, STM32WL31CBV6, STM32WL31K8V6, STM32WL31KBV6, STM32WL33C8V6, STM32WL33C8V6X, STM32WL33CBV6, STM32WL33CBV6X, STM32WL33CCV6, STM32WL33CCV6A, STM32WL33CCV6X, STM32WL33K8V7, STM32WL33K8V7X, STM32WL33KBV7 , STM32WL33KBV7X, STM32WL33KCV7, STM32WL33KCV7X, STM32WL5MOCH6, STM32WL5MOCH6TR]
2026-07-15 08:49:13,913 [INFO] DbMcus:218 - Found 4801 MCUs, 4801 are supported
2026-07-15 08:49:13,915 [INFO] ApiDb:423 - Load user favorites file C:\Users\190/.stm32cubeide/favorites.mcus.txt: 0 item(s)
2026-07-15 08:49:13,915 [INFO] ApiDb:427 - User favorites MCUs=[]
2026-07-15 08:49:13,915 [INFO] DbMcus:224 - Set 0 / 0 favorites MCUs
2026-07-15 08:49:14,317 [INFO] ApiDb:423 - Load user favorites file C:\Users\190/.stm32cubeide/favorites.boards.txt: 0 item(s)
2026-07-15 08:49:14,318 [INFO] ApiDb:427 - User favorites Boards=[]
2026-07-15 08:49:14,318 [INFO] DbBoards:198 - Set 0 / 0 favorites Boards
2026-07-15 08:49:14,371 [INFO] UtilMem:75 - End LoadConfig() Used Memory: 334698192 Bytes (494927872)
2026-07-15 08:49:14,479 [WARN] ThirdParty:833 - waiting for thirdparty lock release [change project]
2026-07-15 08:49:14,479 [INFO] ThirdParty:835 - entering critical section [change project]
2026-07-15 08:49:14,480 [INFO] ThirdParty:1030 - CMSIS Pack Vendor :STMicroelectronics USBPD 4.1
2026-07-15 08:49:14,480 [INFO] ThirdParty:1030 - CMSIS Pack Vendor :STMicroelectronics ThreadX 1.0.0
2026-07-15 08:49:14,480 [INFO] ThirdParty:1030 - CMSIS Pack Vendor :STMicroelectronics USB_HOST 2.0.0
2026-07-15 08:49:14,480 [INFO] ThirdParty:1030 - CMSIS Pack Vendor :STMicroelectronics LIBJPEG 8.0.0
2026-07-15 08:49:14,480 [INFO] ThirdParty:1030 - CMSIS Pack Vendor :STMicroelectronics FreeRTOS 0.0.1
2026-07-15 08:49:14,480 [INFO] ThirdParty:1030 - CMSIS Pack Vendor :STMicroelectronics USB_DEVICE 1.0.0
2026-07-15 08:49:14,480 [INFO] ThirdParty:1030 - CMSIS Pack Vendor :STMicroelectronics STM32_WPAN 1.0.0
2026-07-15 08:49:14,480 [INFO] ThirdParty:1030 - CMSIS Pack Vendor :STMicroelectronics USB_DEVICE 3.0.0
2026-07-15 08:49:14,480 [INFO] ThirdParty:1030 - CMSIS Pack Vendor :STMicroelectronics HAL Drivers 0.0.0
2026-07-15 08:49:14,480 [INFO] ThirdParty:1030 - CMSIS Pack Vendor :STMicroelectronics MBEDTLS 2.16.2
2026-07-15 08:49:14,480 [INFO] ThirdParty:1030 - CMSIS Pack Vendor :STMicroelectronics ThreadX 0.0.2
2026-07-15 08:49:14,480 [INFO] ThirdParty:1030 - CMSIS Pack Vendor :STMicroelectronics lwIP 2.0.3
2026-07-15 08:49:14,480 [INFO] ThirdParty:1030 - CMSIS Pack Vendor :STMicroelectronics lwIP 2.1.2
2026-07-15 08:49:14,480 [INFO] ThirdParty:1030 - CMSIS Pack Vendor :STMicroelectronics MBEDTLS 2.14.1
2026-07-15 08:49:14,480 [INFO] ThirdParty:1030 - CMSIS Pack Vendor :STMicroelectronics USB_HOST 1.0.0
2026-07-15 08:49:14,480 [INFO] ThirdParty:1030 - CMSIS Pack Vendor :STMicroelectronics PDM2PCM 3.1.0
2026-07-15 08:49:14,480 [INFO] ThirdParty:1030 - CMSIS Pack Vendor :STMicroelectronics PDM2PCM 3.2.0
2026-07-15 08:49:14,480 [INFO] ThirdParty:1030 - CMSIS Pack Vendor :STMicroelectronics USB_DEVICE 2.0.0
2026-07-15 08:49:14,480 [INFO] ThirdParty:1030 - CMSIS Pack Vendor :STMicroelectronics PDM2PCM 3.3.0
2026-07-15 08:49:14,481 [INFO] ThirdParty:841 - exiting critical section [change project]
2026-07-15 08:49:14,972 [INFO] PinOutPanel:1589 - setPackage(No Configuration,No Configuration)
2026-07-15 08:49:14,973 [INFO] PinOutPanel:1589 - setPackage(STM32G474RETx,LQFP64)
2026-07-15 08:49:15,503 [INFO] UtilMem:75 - Before build in PCC Used Memory: 345863920 Bytes (494927872)
2026-07-15 08:49:16,237 [INFO] UtilMem:75 - After build in PCC Used Memory: 230162008 Bytes (498073600)
2026-07-15 08:49:16,263 [INFO] IPUIPlugin:80 - create IPUIPlugin
2026-07-15 08:49:16,264 [INFO] IPUIPlugin:80 - create IPUIPlugin
2026-07-15 08:49:16,264 [INFO] IPUIPlugin:80 - create IPUIPlugin
2026-07-15 08:49:16,264 [INFO] IPUIPlugin:80 - create IPUIPlugin
2026-07-15 08:49:16,264 [INFO] IPUIPlugin:80 - create IPUIPlugin
2026-07-15 08:49:16,264 [INFO] IPUIPlugin:80 - create IPUIPlugin
2026-07-15 08:49:16,264 [INFO] IPUIPlugin:80 - create IPUIPlugin
2026-07-15 08:49:16,264 [INFO] IPUIPlugin:80 - create IPUIPlugin
2026-07-15 08:49:16,264 [INFO] IPUIPlugin:80 - create IPUIPlugin
2026-07-15 08:49:16,264 [INFO] IPUIPlugin:80 - create IPUIPlugin
2026-07-15 08:49:16,264 [INFO] IPUIPlugin:80 - create IPUIPlugin
2026-07-15 08:49:16,264 [INFO] IPUIPlugin:80 - create IPUIPlugin
2026-07-15 08:49:16,264 [INFO] IPUIPlugin:80 - create IPUIPlugin
2026-07-15 08:49:16,264 [INFO] IPUIPlugin:80 - create IPUIPlugin
2026-07-15 08:49:16,265 [INFO] IPUIPlugin:80 - create IPUIPlugin
2026-07-15 08:49:16,265 [INFO] IPUIPlugin:80 - create IPUIPlugin
2026-07-15 08:49:16,265 [INFO] IPUIPlugin:80 - create IPUIPlugin
2026-07-15 08:49:16,265 [INFO] IPUIPlugin:80 - create IPUIPlugin
2026-07-15 08:49:16,265 [INFO] IPUIPlugin:80 - create IPUIPlugin
2026-07-15 08:49:16,265 [INFO] IPUIPlugin:80 - create IPUIPlugin
2026-07-15 08:49:16,265 [INFO] IPUIPlugin:80 - create IPUIPlugin
2026-07-15 08:49:16,265 [INFO] IPUIPlugin:80 - create IPUIPlugin
2026-07-15 08:49:16,265 [INFO] IPUIPlugin:80 - create IPUIPlugin
2026-07-15 08:49:16,266 [INFO] IPUIPlugin:80 - create IPUIPlugin
2026-07-15 08:49:16,266 [INFO] IPUIPlugin:80 - create IPUIPlugin
2026-07-15 08:49:16,266 [INFO] IPUIPlugin:80 - create IPUIPlugin
2026-07-15 08:49:16,266 [INFO] IPUIPlugin:80 - create IPUIPlugin
2026-07-15 08:49:16,266 [INFO] IPUIPlugin:80 - create IPUIPlugin
2026-07-15 08:49:16,266 [INFO] IPUIPlugin:80 - create IPUIPlugin
2026-07-15 08:49:16,266 [INFO] IPUIPlugin:80 - create IPUIPlugin
2026-07-15 08:49:16,267 [INFO] IPUIPlugin:80 - create IPUIPlugin
2026-07-15 08:49:16,267 [INFO] IPUIPlugin:80 - create IPUIPlugin
2026-07-15 08:49:16,267 [INFO] IPUIPlugin:80 - create IPUIPlugin
2026-07-15 08:49:16,267 [INFO] IPUIPlugin:80 - create IPUIPlugin
2026-07-15 08:49:16,267 [INFO] IPUIPlugin:80 - create IPUIPlugin
2026-07-15 08:49:16,267 [INFO] IPUIPlugin:80 - create IPUIPlugin
2026-07-15 08:49:16,267 [INFO] IPUIPlugin:80 - create IPUIPlugin
2026-07-15 08:49:16,268 [INFO] IPUIPlugin:80 - create IPUIPlugin
2026-07-15 08:49:16,268 [INFO] IPUIPlugin:80 - create IPUIPlugin
2026-07-15 08:49:16,268 [INFO] IPUIPlugin:80 - create IPUIPlugin
2026-07-15 08:49:16,268 [INFO] IPUIPlugin:80 - create IPUIPlugin
2026-07-15 08:49:16,268 [INFO] IPUIPlugin:80 - create IPUIPlugin
2026-07-15 08:49:16,269 [INFO] IPUIPlugin:80 - create IPUIPlugin
2026-07-15 08:49:16,269 [INFO] IPUIPlugin:80 - create IPUIPlugin
2026-07-15 08:49:16,269 [INFO] IPUIPlugin:80 - create IPUIPlugin
2026-07-15 08:49:16,269 [INFO] IPUIPlugin:80 - create IPUIPlugin
2026-07-15 08:49:16,269 [INFO] IPUIPlugin:80 - create IPUIPlugin
2026-07-15 08:49:16,269 [INFO] IPUIPlugin:80 - create IPUIPlugin
2026-07-15 08:49:16,270 [INFO] IPUIPlugin:80 - create IPUIPlugin
2026-07-15 08:49:16,270 [INFO] IPUIPlugin:80 - create IPUIPlugin
2026-07-15 08:49:16,270 [INFO] IPUIPlugin:80 - create IPUIPlugin
2026-07-15 08:49:16,270 [INFO] IPUIPlugin:80 - create IPUIPlugin
2026-07-15 08:49:16,271 [INFO] IPUIPlugin:80 - create IPUIPlugin
2026-07-15 08:49:16,271 [INFO] IPUIPlugin:80 - create IPUIPlugin
2026-07-15 08:49:16,271 [INFO] IPUIPlugin:80 - create IPUIPlugin
2026-07-15 08:49:16,271 [INFO] IPUIPlugin:80 - create IPUIPlugin
2026-07-15 08:49:16,272 [INFO] IPUIPlugin:80 - create IPUIPlugin
2026-07-15 08:49:16,272 [INFO] IPUIPlugin:80 - create IPUIPlugin
2026-07-15 08:49:16,272 [INFO] IPUIPlugin:80 - create IPUIPlugin
2026-07-15 08:49:16,272 [INFO] IPUIPlugin:80 - create IPUIPlugin
2026-07-15 08:49:16,273 [INFO] IPUIPlugin:80 - create IPUIPlugin
2026-07-15 08:49:16,273 [INFO] IPUIPlugin:80 - create IPUIPlugin
2026-07-15 08:49:16,273 [INFO] IPUIPlugin:80 - create IPUIPlugin
2026-07-15 08:49:16,273 [INFO] IPUIPlugin:80 - create IPUIPlugin
2026-07-15 08:49:16,274 [INFO] IPUIPlugin:80 - create IPUIPlugin
2026-07-15 08:49:16,274 [INFO] IPUIPlugin:80 - create IPUIPlugin
2026-07-15 08:49:16,274 [INFO] IPUIPlugin:80 - create IPUIPlugin
2026-07-15 08:49:16,274 [INFO] IPUIPlugin:80 - create IPUIPlugin
2026-07-15 08:49:16,275 [INFO] IPUIPlugin:80 - create IPUIPlugin
2026-07-15 08:49:16,275 [INFO] IPUIPlugin:80 - create IPUIPlugin
2026-07-15 08:49:16,275 [INFO] IPUIPlugin:80 - create IPUIPlugin
2026-07-15 08:49:16,276 [INFO] IPUIPlugin:80 - create IPUIPlugin
2026-07-15 08:49:16,276 [INFO] IPUIPlugin:80 - create IPUIPlugin
2026-07-15 08:49:16,276 [INFO] IPUIPlugin:80 - create IPUIPlugin
2026-07-15 08:49:16,277 [INFO] IPUIPlugin:80 - create IPUIPlugin
2026-07-15 08:49:16,277 [INFO] IPUIPlugin:80 - create IPUIPlugin
2026-07-15 08:49:16,277 [INFO] IPUIPlugin:80 - create IPUIPlugin
2026-07-15 08:49:16,278 [INFO] IPUIPlugin:80 - create IPUIPlugin
2026-07-15 08:49:16,463 [INFO] CADModel:165 - CPN selected for project levelSTM32G474RET6
2026-07-15 08:49:16,463 [INFO] CADModel:114 - Register for checkConnection events
2026-07-15 08:49:16,511 [INFO] OpenFileManager:386 - Restore cursor
2026-07-15 08:51:54,438 [INFO] ADCParametersView:116 -                Rank 1 : false
2026-07-15 08:51:54,438 [INFO] ADCParametersView:116 -                Rank 1 : false
2026-07-15 08:51:54,438 [INFO] ADCParametersView:116 -                Rank 2 : false
2026-07-15 08:51:54,439 [INFO] ADCParametersView:116 -                Rank 1 : false
2026-07-15 08:51:54,439 [INFO] ADCParametersView:116 -                Rank 2 : false
2026-07-15 08:51:54,439 [INFO] ADCParametersView:116 -                Rank 3 : false
2026-07-15 08:51:54,532 [INFO] ADCParametersView:116 -                Rank 1 : false
2026-07-15 08:51:54,533 [INFO] ADCParametersView:116 -                Rank 2 : false
2026-07-15 08:51:54,533 [INFO] ADCParametersView:116 -                Rank 3 : false
2026-07-15 08:51:54,533 [INFO] ADCParametersView:116 -                Rank 1 : false
2026-07-15 08:51:54,533 [INFO] ADCParametersView:116 -                Rank 2 : false
2026-07-15 08:51:54,533 [INFO] ADCParametersView:116 -                Rank 3 : false
2026-07-15 08:51:54,533 [INFO] ADCParametersView:116 -                Rank 1 : false
2026-07-15 08:51:54,533 [INFO] ADCParametersView:116 -                Rank 2 : false
2026-07-15 08:51:54,533 [INFO] ADCParametersView:116 -                Rank 3 : false
2026-07-15 08:51:54,533 [INFO] ADCParametersView:116 -                Rank 1 : false
2026-07-15 08:51:54,534 [INFO] ADCParametersView:116 -                Rank 2 : false
2026-07-15 08:51:54,534 [INFO] ADCParametersView:116 -                Rank 3 : false
2026-07-15 08:51:54,534 [INFO] ADCParametersView:116 -                Rank 1 : false
2026-07-15 08:51:54,534 [INFO] ADCParametersView:116 -                Rank 2 : false
2026-07-15 08:51:54,534 [INFO] ADCParametersView:116 -                Rank 3 : false
2026-07-15 08:51:54,534 [INFO] ADCParametersView:116 -                Rank 1 : false
2026-07-15 08:51:54,534 [INFO] ADCParametersView:116 -                Rank 2 : false
2026-07-15 08:51:54,534 [INFO] ADCParametersView:116 -                Rank 3 : false
2026-07-15 08:51:54,534 [INFO] ADCParametersView:116 -                Rank 1 : false
2026-07-15 08:51:54,534 [INFO] ADCParametersView:116 -                Rank 2 : false
2026-07-15 08:51:54,534 [INFO] ADCParametersView:116 -                Rank 3 : false
2026-07-15 08:51:54,535 [INFO] ADCParametersView:116 -                Rank 1 : false
2026-07-15 08:51:54,535 [INFO] ADCParametersView:116 -                Rank 2 : false
2026-07-15 08:51:54,535 [INFO] ADCParametersView:116 -                Rank 3 : false
2026-07-15 08:51:54,535 [INFO] ADCParametersView:116 -                Rank 1 : false
2026-07-15 08:51:54,535 [INFO] ADCParametersView:116 -                Rank 2 : false
2026-07-15 08:51:54,535 [INFO] ADCParametersView:116 -                Rank 3 : false
2026-07-15 08:51:54,535 [INFO] ADCParametersView:116 -                Rank 1 : false
2026-07-15 08:51:54,535 [INFO] ADCParametersView:116 -                Rank 2 : false
2026-07-15 08:51:54,535 [INFO] ADCParametersView:116 -                Rank 3 : false
2026-07-15 08:51:54,535 [INFO] ADCParametersView:116 -                Rank 1 : false
2026-07-15 08:51:54,535 [INFO] ADCParametersView:116 -                Rank 2 : false
2026-07-15 08:51:54,535 [INFO] ADCParametersView:116 -                Rank 3 : false
2026-07-15 08:51:54,536 [INFO] ADCParametersView:116 -                Rank 1 : false
2026-07-15 08:51:54,536 [INFO] ADCParametersView:116 -                Rank 2 : false
2026-07-15 08:51:54,536 [INFO] ADCParametersView:116 -                Rank 3 : false
2026-07-15 08:51:54,536 [INFO] ADCParametersView:116 -                Rank 1 : false
2026-07-15 08:51:54,536 [INFO] ADCParametersView:116 -                Rank 2 : false
2026-07-15 08:51:54,536 [INFO] ADCParametersView:116 -                Rank 3 : false
2026-07-15 08:51:54,536 [INFO] ADCParametersView:116 -                Rank 1 : false
2026-07-15 08:51:54,536 [INFO] ADCParametersView:116 -                Rank 2 : false
2026-07-15 08:51:54,536 [INFO] ADCParametersView:116 -                Rank 3 : false
2026-07-15 08:51:54,536 [INFO] ADCParametersView:116 -                Rank 1 : false
2026-07-15 08:51:54,537 [INFO] ADCParametersView:116 -                Rank 2 : false
2026-07-15 08:51:54,537 [INFO] ADCParametersView:116 -                Rank 3 : false
2026-07-15 08:51:54,537 [INFO] ADCParametersView:116 -                Rank 1 : false
2026-07-15 08:51:54,537 [INFO] ADCParametersView:116 -                Rank 2 : false
2026-07-15 08:51:54,537 [INFO] ADCParametersView:116 -                Rank 3 : false
2026-07-15 08:51:54,537 [INFO] ADCParametersView:116 -                Rank 1 : false
2026-07-15 08:51:54,537 [INFO] ADCParametersView:116 -                Rank 2 : false
2026-07-15 08:51:54,537 [INFO] ADCParametersView:116 -                Rank 3 : false
2026-07-15 08:51:54,537 [INFO] ADCParametersView:116 -                Rank 1 : false
2026-07-15 08:51:54,537 [INFO] ADCParametersView:116 -                Rank 2 : false
2026-07-15 08:51:54,537 [INFO] ADCParametersView:116 -                Rank 3 : false
2026-07-15 08:51:54,537 [INFO] ADCParametersView:116 -                Rank 1 : false
2026-07-15 08:51:54,537 [INFO] ADCParametersView:116 -                Rank 2 : false
2026-07-15 08:51:54,538 [INFO] ADCParametersView:116 -                Rank 3 : false
2026-07-15 08:51:54,538 [INFO] ADCParametersView:116 -                Rank 1 : false
2026-07-15 08:51:54,538 [INFO] ADCParametersView:116 -                Rank 2 : false
2026-07-15 08:51:54,538 [INFO] ADCParametersView:116 -                Rank 3 : false
2026-07-15 08:51:54,538 [INFO] ADCParametersView:116 -                Rank 1 : false
2026-07-15 08:51:54,538 [INFO] ADCParametersView:116 -                Rank 2 : false
2026-07-15 08:51:54,538 [INFO] ADCParametersView:116 -                Rank 3 : false
2026-07-15 08:51:54,538 [INFO] ADCParametersView:116 -                Rank 1 : false
2026-07-15 08:51:54,538 [INFO] ADCParametersView:116 -                Rank 2 : false
2026-07-15 08:51:54,538 [INFO] ADCParametersView:116 -                Rank 3 : false
2026-07-15 08:51:54,538 [INFO] ADCParametersView:116 -                Rank 1 : false
2026-07-15 08:51:54,538 [INFO] ADCParametersView:116 -                Rank 2 : false
2026-07-15 08:51:54,538 [INFO] ADCParametersView:116 -                Rank 3 : false
2026-07-15 08:51:54,539 [INFO] ADCParametersView:116 -                Rank 1 : false
2026-07-15 08:51:54,539 [INFO] ADCParametersView:116 -                Rank 2 : false
2026-07-15 08:51:54,539 [INFO] ADCParametersView:116 -                Rank 3 : false
2026-07-15 08:51:54,539 [INFO] ADCParametersView:116 -                Rank 1 : false
2026-07-15 08:51:54,539 [INFO] ADCParametersView:116 -                Rank 2 : false
2026-07-15 08:51:54,539 [INFO] ADCParametersView:116 -                Rank 3 : false
2026-07-15 08:51:54,539 [INFO] ADCParametersView:116 -                Rank 2 : false
2026-07-15 08:51:54,539 [INFO] ADCParametersView:116 -                Rank 3 : false
2026-07-15 08:51:54,539 [INFO] ADCParametersView:116 -                Rank 3 : false
2026-07-15 08:51:54,562 [INFO] ADCParametersView:116 -                Rank 1 : false
2026-07-15 08:51:54,562 [INFO] ADCParametersView:116 -                Rank 1 : false
2026-07-15 08:51:54,562 [INFO] ADCParametersView:116 -                Rank 2 : false
2026-07-15 08:51:54,562 [INFO] ADCParametersView:116 -                Rank 1 : false
2026-07-15 08:51:54,562 [INFO] ADCParametersView:116 -                Rank 2 : false
2026-07-15 08:51:54,562 [INFO] ADCParametersView:116 -                Rank 3 : false
2026-07-15 08:53:15,020 [ERROR] LogOutputStream:75 - [STDERR_REDIRECT] Exception in thread "AWT-EventQueue-0" java.awt.IllegalComponentStateException: Native resources unavailable
2026-07-15 08:53:15,021 [ERROR] LogOutputStream:75 - [STDERR_REDIRECT] 	at java.desktop/sun.awt.windows.WWindowPeer.getScreenImOn(Native Method)
2026-07-15 08:53:15,023 [ERROR] LogOutputStream:75 - [STDERR_REDIRECT] 	at java.desktop/sun.awt.windows.WWindowPeer.updateGC(WWindowPeer.java:566)
2026-07-15 08:53:15,024 [ERROR] LogOutputStream:75 - [STDERR_REDIRECT] 	at java.desktop/java.awt.event.InvocationEvent.dispatch(InvocationEvent.java:318)
2026-07-15 08:53:15,025 [ERROR] LogOutputStream:75 - [STDERR_REDIRECT] 	at java.desktop/java.awt.EventQueue.dispatchEventImpl(EventQueue.java:773)
2026-07-15 08:53:15,026 [ERROR] LogOutputStream:75 - [STDERR_REDIRECT] 	at java.desktop/java.awt.EventQueue$4.run(EventQueue.java:720)
2026-07-15 08:53:15,027 [ERROR] LogOutputStream:75 - [STDERR_REDIRECT] 	at java.desktop/java.awt.EventQueue$4.run(EventQueue.java:714)
2026-07-15 08:53:15,028 [ERROR] LogOutputStream:75 - [STDERR_REDIRECT] 	at java.base/java.security.AccessController.doPrivileged(AccessController.java:400)
2026-07-15 08:53:15,029 [ERROR] LogOutputStream:75 - [STDERR_REDIRECT] 	at java.base/java.security.ProtectionDomain$JavaSecurityAccessImpl.doIntersectionPrivilege(ProtectionDomain.java:87)
2026-07-15 08:53:15,030 [ERROR] LogOutputStream:75 - [STDERR_REDIRECT] 	at java.base/java.security.ProtectionDomain$JavaSecurityAccessImpl.doIntersectionPrivilege(ProtectionDomain.java:98)
2026-07-15 08:53:15,031 [ERROR] LogOutputStream:75 - [STDERR_REDIRECT] 	at java.desktop/java.awt.EventQueue$5.run(EventQueue.java:747)
2026-07-15 08:53:15,032 [ERROR] LogOutputStream:75 - [STDERR_REDIRECT] 	at java.desktop/java.awt.EventQueue$5.run(EventQueue.java:745)
2026-07-15 08:53:15,033 [ERROR] LogOutputStream:75 - [STDERR_REDIRECT] 	at java.base/java.security.AccessController.doPrivileged(AccessController.java:400)
2026-07-15 08:53:15,035 [ERROR] LogOutputStream:75 - [STDERR_REDIRECT] 	at java.base/java.security.ProtectionDomain$JavaSecurityAccessImpl.doIntersectionPrivilege(ProtectionDomain.java:87)
2026-07-15 08:53:15,035 [ERROR] LogOutputStream:75 - [STDERR_REDIRECT] 	at java.desktop/java.awt.EventQueue.dispatchEvent(EventQueue.java:744)
2026-07-15 08:53:15,037 [ERROR] LogOutputStream:75 - [STDERR_REDIRECT] 	at java.desktop/java.awt.EventDispatchThread.pumpOneEventForFilters(EventDispatchThread.java:203)
2026-07-15 08:53:15,038 [ERROR] LogOutputStream:75 - [STDERR_REDIRECT] 	at java.desktop/java.awt.EventDispatchThread.pumpEventsForFilter(EventDispatchThread.java:124)
2026-07-15 08:53:15,039 [ERROR] LogOutputStream:75 - [STDERR_REDIRECT] 	at java.desktop/java.awt.EventDispatchThread.pumpEventsForHierarchy(EventDispatchThread.java:113)
2026-07-15 08:53:15,040 [ERROR] LogOutputStream:75 - [STDERR_REDIRECT] 	at java.desktop/java.awt.EventDispatchThread.pumpEvents(EventDispatchThread.java:109)
2026-07-15 08:53:15,041 [ERROR] LogOutputStream:75 - [STDERR_REDIRECT] 	at java.desktop/java.awt.EventDispatchThread.pumpEvents(EventDispatchThread.java:101)
2026-07-15 08:53:15,042 [ERROR] LogOutputStream:75 - [STDERR_REDIRECT] 	at java.desktop/java.awt.EventDispatchThread.run(EventDispatchThread.java:90)
2026-07-15 08:55:57,578 [INFO] Activator:176 - 


2026-07-15 08:55:57,580 [INFO] Activator:177 - !SESSION log4j initialized
2026-07-15 08:56:01,676 [INFO] LogOutputStream:77 - [STDOUT_REDIRECT] 
2026-07-15 08:56:07,042 [INFO] ApplicationProperties:184 - Using Application install path: C:\ST\STM32CubeIDE_1.19.0\STM32CubeIDE\plugins\com.st.stm32cube.common.mx_6.15.0.202507011659
2026-07-15 08:56:07,055 [INFO] DbMcusXml:78 - Set database path to: C:\ST\STM32CubeIDE_1.19.0\STM32CubeIDE\plugins\com.st.stm32cube.common.mx_6.15.0.202507011659\\db\/mcu/
2026-07-15 08:56:07,055 [INFO] ApiDb:274 - Set plugin database path to: C:\ST\STM32CubeIDE_1.19.0\STM32CubeIDE\plugins\com.st.stm32cube.common.mx_6.15.0.202507011659\\db\/plugins/boardmanager/
2026-07-15 08:56:07,056 [WARN] ApiDb:259 - Overriding images path with different value:  => C:\ST\STM32CubeIDE_1.19.0\STM32CubeIDE\plugins\com.st.stm32cube.common.mx_6.15.0.202507011659\\db\/plugins/mcufinder/images/
2026-07-15 08:56:07,059 [INFO] ApiDb:250 - Set database path to: C:\Users\190\.stmcufinder\plugins\mcufinder//mcu/
2026-07-15 08:56:07,068 [INFO] DbMcusAds:125 - Set database path to: C:\Users\190\.stmcufinder\plugins\mcufinder//mcu/
2026-07-15 08:56:07,071 [INFO] CrossReferenceDbSqlite:203 - Set database path to: C:\Users\190\.stmcufinder\plugins\mcufinder//mcu/cs/
2026-07-15 08:56:07,166 [INFO] RulesReader:64 - Compatibility file has been processed (317 Rules)
2026-07-15 08:56:07,222 [INFO] DbMcusXml:78 - Set database path to: C:\ST\STM32CubeIDE_1.19.0\STM32CubeIDE\plugins\com.st.stm32cube.common.mx_6.15.0.202507011659\\db\/mcu/
2026-07-15 08:56:07,222 [INFO] ApiDb:274 - Set plugin database path to: C:\ST\STM32CubeIDE_1.19.0\STM32CubeIDE\plugins\com.st.stm32cube.common.mx_6.15.0.202507011659\\db\/plugins/boardmanager/
2026-07-15 08:56:07,222 [INFO] ApiDb:261 - Set plugin images path to: C:\ST\STM32CubeIDE_1.19.0\STM32CubeIDE\plugins\com.st.stm32cube.common.mx_6.15.0.202507011659\\db\/plugins/mcufinder/images/
2026-07-15 08:56:07,222 [WARN] DbFile:41 - Overriding database path with different value: C:\Users\190\.stmcufinder\plugins\mcufinder/ => C:\Users\190\.stmcufinder\plugins\mcufinder
2026-07-15 08:56:07,222 [INFO] ApiDb:250 - Set database path to: C:\Users\190\.stmcufinder\plugins\mcufinder//mcu/
2026-07-15 08:56:07,222 [WARN] DbFile:41 - Overriding database path with different value: C:\Users\190\.stmcufinder\plugins\mcufinder/ => C:\Users\190\.stmcufinder\plugins\mcufinder
2026-07-15 08:56:07,222 [INFO] DbMcusAds:125 - Set database path to: C:\Users\190\.stmcufinder\plugins\mcufinder//mcu/
2026-07-15 08:56:07,222 [WARN] DbFile:41 - Overriding database path with different value: C:\Users\190\.stmcufinder\plugins\mcufinder/ => C:\Users\190\.stmcufinder\plugins\mcufinder
2026-07-15 08:56:07,223 [WARN] DbFile:41 - Overriding database path with different value: C:\Users\190\.stmcufinder\plugins\mcufinder/ => C:\Users\190\.stmcufinder\plugins\mcufinder
2026-07-15 08:56:07,223 [INFO] CrossReferenceDbSqlite:203 - Set database path to: C:\Users\190\.stmcufinder\plugins\mcufinder//mcu/cs/
2026-07-15 08:56:07,273 [INFO] MainPanel:274 - HeapMemory: 268435456
2026-07-15 08:56:07,340 [INFO] DbMcusXml:78 - Set database path to: C:\ST\STM32CubeIDE_1.19.0\STM32CubeIDE\plugins\com.st.stm32cube.common.mx_6.15.0.202507011659\\db\/mcu/
2026-07-15 08:56:07,341 [INFO] ApiDb:274 - Set plugin database path to: C:\ST\STM32CubeIDE_1.19.0\STM32CubeIDE\plugins\com.st.stm32cube.common.mx_6.15.0.202507011659\\db\/plugins/boardmanager/
2026-07-15 08:56:07,341 [INFO] ApiDb:261 - Set plugin images path to: C:\ST\STM32CubeIDE_1.19.0\STM32CubeIDE\plugins\com.st.stm32cube.common.mx_6.15.0.202507011659\\db\/plugins/mcufinder/images/
2026-07-15 08:56:07,341 [WARN] DbFile:41 - Overriding database path with different value: C:\Users\190\.stmcufinder\plugins\mcufinder/ => C:\Users\190\.stmcufinder\plugins\mcufinder
2026-07-15 08:56:07,341 [INFO] ApiDb:250 - Set database path to: C:\Users\190\.stmcufinder\plugins\mcufinder//mcu/
2026-07-15 08:56:07,341 [WARN] DbFile:41 - Overriding database path with different value: C:\Users\190\.stmcufinder\plugins\mcufinder/ => C:\Users\190\.stmcufinder\plugins\mcufinder
2026-07-15 08:56:07,341 [INFO] DbMcusAds:125 - Set database path to: C:\Users\190\.stmcufinder\plugins\mcufinder//mcu/
2026-07-15 08:56:07,341 [WARN] DbFile:41 - Overriding database path with different value: C:\Users\190\.stmcufinder\plugins\mcufinder/ => C:\Users\190\.stmcufinder\plugins\mcufinder
2026-07-15 08:56:07,341 [WARN] DbFile:41 - Overriding database path with different value: C:\Users\190\.stmcufinder\plugins\mcufinder/ => C:\Users\190\.stmcufinder\plugins\mcufinder
2026-07-15 08:56:07,342 [INFO] CrossReferenceDbSqlite:203 - Set database path to: C:\Users\190\.stmcufinder\plugins\mcufinder//mcu/cs/
2026-07-15 08:56:07,354 [INFO] ApplicationProperties:184 - Using Application install path: C:\ST\STM32CubeIDE_1.19.0\STM32CubeIDE\plugins\com.st.stm32cube.common.mx_6.15.0.202507011659
2026-07-15 08:56:07,355 [INFO] PluginManage:196 - Search for loadable plugins [exclusion list=, ]
2026-07-15 08:56:07,356 [INFO] PluginManage:310 - Check plugin analytics
2026-07-15 08:56:12,025 [INFO] AnalyticsPlugin:253 - Accepted Software Licenses: STM32CubeMX.6.12.0,STM32CubeMX.6.15.0
2026-07-15 08:56:12,025 [INFO] AnalyticsPlugin:255 - Accepted CMSIS Pack Licenses: 
2026-07-15 08:56:12,025 [INFO] AnalyticsPlugin:257 - Accepted Firmware Licenses: FW.L4.1.18.0
2026-07-15 08:56:12,028 [INFO] PluginManage:359 - Loaded plugin analytics (category:tool,tabindex:-1)
2026-07-15 08:56:12,028 [INFO] PluginManage:310 - Check plugin cadmodel
2026-07-15 08:56:12,031 [INFO] CADModel:105 - Init CAD model plugin
2026-07-15 08:56:12,031 [INFO] PluginManage:359 - Loaded plugin cadmodel (category:power,tabindex:5)
2026-07-15 08:56:12,031 [INFO] PluginManage:310 - Check plugin clock
2026-07-15 08:56:12,036 [INFO] PluginManage:359 - Loaded plugin clock (category:base,tabindex:2)
2026-07-15 08:56:12,036 [INFO] PluginManage:310 - Check plugin ddr
2026-07-15 08:56:12,038 [INFO] PluginManage:359 - Loaded plugin ddr (category:tool,tabindex:6)
2026-07-15 08:56:12,038 [INFO] PluginManage:310 - Check plugin filemanager
2026-07-15 08:56:12,142 [INFO] PluginManage:359 - Loaded plugin filemanager (category:base,tabindex:10)
2026-07-15 08:56:12,142 [INFO] PluginManage:310 - Check plugin ipmanager
2026-07-15 08:56:12,147 [INFO] PluginManage:359 - Loaded plugin ipmanager (category:base,tabindex:5)
2026-07-15 08:56:12,147 [INFO] PluginManage:310 - Check plugin lpbam
2026-07-15 08:56:12,153 [INFO] PluginManage:359 - Loaded plugin lpbam (category:base,tabindex:0)
2026-07-15 08:56:12,153 [INFO] PluginManage:310 - Check plugin memorymap
2026-07-15 08:56:12,162 [INFO] PluginManage:359 - Loaded plugin memorymap (category:base,tabindex:4)
2026-07-15 08:56:12,162 [INFO] PluginManage:310 - Check plugin pinoutandconfiguration
2026-07-15 08:56:12,169 [INFO] PluginManage:359 - Loaded plugin pinoutandconfiguration (category:base,tabindex:1)
2026-07-15 08:56:12,169 [INFO] PluginManage:310 - Check plugin pinoutconfig
2026-07-15 08:56:12,232 [WARN] SupportedApi:132 - Cannot load RTOS API schema: s4s-elt-must-match.1: The content of 'definitions' must match (annotation?, (simpleType | complexType)?, (unique | key | keyref)*)). A problem was found starting at: attribute.
2026-07-15 08:56:12,347 [INFO] PluginManage:359 - Loaded plugin pinoutconfig (category:base,tabindex:0)
2026-07-15 08:56:12,347 [INFO] PluginManage:310 - Check plugin power
2026-07-15 08:56:12,353 [INFO] PluginManage:359 - Loaded plugin power (category:power,tabindex:4)
2026-07-15 08:56:12,353 [INFO] PluginManage:310 - Check plugin projectmanager
2026-07-15 08:56:12,365 [INFO] PluginManage:359 - Loaded plugin projectmanager (category:projectmanager,tabindex:4)
2026-07-15 08:56:12,365 [INFO] PluginManage:310 - Check plugin rif
2026-07-15 08:56:12,372 [INFO] PluginManage:359 - Loaded plugin rif (category:base,tabindex:3)
2026-07-15 08:56:12,372 [INFO] PluginManage:310 - Check plugin thirdparty
2026-07-15 08:56:12,464 [INFO] PluginManage:359 - Loaded plugin thirdparty (category:base,tabindex:-1)
2026-07-15 08:56:12,464 [INFO] PluginManage:310 - Check plugin tools
2026-07-15 08:56:12,464 [WARN] IntegrityCheckThread:84 - waiting for thirdparty lock release [integrity check]
2026-07-15 08:56:12,465 [INFO] IntegrityCheckThread:86 - entering critical section [integrity check]
2026-07-15 08:56:12,465 [INFO] ThirdPartyUpdaterWithRetryManager:70 - Updater plugin not ready yet. [1/15]
2026-07-15 08:56:12,466 [INFO] PluginManage:359 - Loaded plugin tools (category:base,tabindex:7)
2026-07-15 08:56:12,466 [INFO] PluginManage:310 - Check plugin tutovideos
2026-07-15 08:56:12,606 [INFO] PluginManage:359 - Loaded plugin tutovideos (category:base,tabindex:-1)
2026-07-15 08:56:12,606 [INFO] PluginManage:310 - Check plugin updater
2026-07-15 08:56:12,621 [INFO] PluginManage:359 - Loaded plugin updater (category:base,tabindex:12)
2026-07-15 08:56:12,621 [INFO] PluginManage:310 - Check plugin userauth
2026-07-15 08:56:12,624 [INFO] UserAuth:118 - Init User Auth plugin
2026-07-15 08:56:12,624 [INFO] PluginManage:359 - Loaded plugin userauth (category:base,tabindex:14)
2026-07-15 08:56:12,625 [INFO] PluginManage:283 - PluginManage : Loaded plugins [18]
2026-07-15 08:56:12,778 [INFO] PinOutPanel:1589 - setPackage(No Configuration,No Configuration)
2026-07-15 08:56:12,843 [INFO] CADModel:165 - CPN selected for project level
2026-07-15 08:56:12,843 [INFO] CADModel:114 - Register for checkConnection events
2026-07-15 08:56:12,854 [INFO] IPUIPlugin:80 - create IPUIPlugin
2026-07-15 08:56:12,854 [INFO] PluginManager:220 - loadIPPluginJar : add adc
2026-07-15 08:56:12,856 [INFO] IPUIPlugin:80 - create IPUIPlugin
2026-07-15 08:56:12,856 [INFO] PluginManager:220 - loadIPPluginJar : add aes
2026-07-15 08:56:12,858 [INFO] IPUIPlugin:80 - create IPUIPlugin
2026-07-15 08:56:12,858 [INFO] PluginManager:220 - loadIPPluginJar : add can
2026-07-15 08:56:12,860 [INFO] IPUIPlugin:80 - create IPUIPlugin
2026-07-15 08:56:12,860 [INFO] PluginManager:220 - loadIPPluginJar : add comp
2026-07-15 08:56:12,861 [INFO] IPUIPlugin:80 - create IPUIPlugin
2026-07-15 08:56:12,862 [INFO] PluginManager:220 - loadIPPluginJar : add cryp
2026-07-15 08:56:12,863 [INFO] IPUIPlugin:80 - create IPUIPlugin
2026-07-15 08:56:12,863 [INFO] PluginManager:220 - loadIPPluginJar : add ddr_ctrl_phy
2026-07-15 08:56:12,865 [INFO] IPUIPlugin:80 - create IPUIPlugin
2026-07-15 08:56:12,865 [INFO] PluginManager:220 - loadIPPluginJar : add dfsdm
2026-07-15 08:56:12,869 [INFO] IPUIPlugin:80 - create IPUIPlugin
2026-07-15 08:56:12,869 [INFO] PluginManager:220 - loadIPPluginJar : add dma
2026-07-15 08:56:12,871 [INFO] IPUIPlugin:80 - create IPUIPlugin
2026-07-15 08:56:12,871 [INFO] PluginManager:220 - loadIPPluginJar : add dma3
2026-07-15 08:56:12,873 [INFO] IPUIPlugin:80 - create IPUIPlugin
2026-07-15 08:56:12,873 [INFO] PluginManager:220 - loadIPPluginJar : add extmemmanager
2026-07-15 08:56:12,874 [INFO] IPUIPlugin:80 - create IPUIPlugin
2026-07-15 08:56:12,874 [INFO] PluginManager:220 - loadIPPluginJar : add fatfs
2026-07-15 08:56:12,877 [INFO] IPUIPlugin:80 - create IPUIPlugin
2026-07-15 08:56:12,877 [INFO] PluginManager:220 - loadIPPluginJar : add fmc
2026-07-15 08:56:12,881 [INFO] IPUIPlugin:80 - create IPUIPlugin
2026-07-15 08:56:12,881 [INFO] PluginManager:220 - loadIPPluginJar : add freertos
2026-07-15 08:56:12,882 [INFO] IPUIPlugin:80 - create IPUIPlugin
2026-07-15 08:56:12,882 [INFO] PluginManager:220 - loadIPPluginJar : add genericplugin
2026-07-15 08:56:12,883 [INFO] IPUIPlugin:80 - create IPUIPlugin
2026-07-15 08:56:12,884 [INFO] PluginManager:220 - loadIPPluginJar : add gfxmmu
2026-07-15 08:56:12,887 [INFO] IPUIPlugin:80 - create IPUIPlugin
2026-07-15 08:56:12,887 [INFO] PluginManager:220 - loadIPPluginJar : add gic
2026-07-15 08:56:12,890 [INFO] IPUIPlugin:80 - create IPUIPlugin
2026-07-15 08:56:12,890 [INFO] PluginManager:220 - loadIPPluginJar : add gpio
2026-07-15 08:56:12,891 [INFO] IPUIPlugin:80 - create IPUIPlugin
2026-07-15 08:56:12,892 [INFO] PluginManager:220 - loadIPPluginJar : add gtzc
2026-07-15 08:56:12,893 [INFO] IPUIPlugin:80 - create IPUIPlugin
2026-07-15 08:56:12,893 [INFO] PluginManager:220 - loadIPPluginJar : add hash
2026-07-15 08:56:12,895 [INFO] IPUIPlugin:80 - create IPUIPlugin
2026-07-15 08:56:12,895 [INFO] PluginManager:220 - loadIPPluginJar : add i2c
2026-07-15 08:56:12,897 [INFO] IPUIPlugin:80 - create IPUIPlugin
2026-07-15 08:56:12,897 [INFO] PluginManager:220 - loadIPPluginJar : add i2s
2026-07-15 08:56:12,899 [INFO] IPUIPlugin:80 - create IPUIPlugin
2026-07-15 08:56:12,900 [INFO] PluginManager:220 - loadIPPluginJar : add i3c
2026-07-15 08:56:12,902 [INFO] IPUIPlugin:80 - create IPUIPlugin
2026-07-15 08:56:12,902 [INFO] PluginManager:220 - loadIPPluginJar : add ipddr
2026-07-15 08:56:12,906 [INFO] IPUIPlugin:80 - create IPUIPlugin
2026-07-15 08:56:12,907 [INFO] PluginManager:220 - loadIPPluginJar : add linkedlist
2026-07-15 08:56:12,908 [INFO] IPUIPlugin:80 - create IPUIPlugin
2026-07-15 08:56:12,909 [INFO] PluginManager:220 - loadIPPluginJar : add lorawan
2026-07-15 08:56:12,909 [INFO] IPUIPlugin:80 - create IPUIPlugin
2026-07-15 08:56:12,909 [INFO] PluginManager:220 - loadIPPluginJar : add ltdc
2026-07-15 08:56:12,913 [INFO] IPUIPlugin:80 - create IPUIPlugin
2026-07-15 08:56:12,913 [INFO] PluginManager:220 - loadIPPluginJar : add mdma
2026-07-15 08:56:12,915 [INFO] IPUIPlugin:80 - create IPUIPlugin
2026-07-15 08:56:12,915 [INFO] PluginManager:220 - loadIPPluginJar : add nvic
2026-07-15 08:56:12,917 [INFO] IPUIPlugin:80 - create IPUIPlugin
2026-07-15 08:56:12,917 [INFO] PluginManager:220 - loadIPPluginJar : add opamp
2026-07-15 08:56:12,919 [INFO] IPUIPlugin:80 - create IPUIPlugin
2026-07-15 08:56:12,919 [INFO] PluginManager:220 - loadIPPluginJar : add openamp
2026-07-15 08:56:12,922 [INFO] IPUIPlugin:80 - create IPUIPlugin
2026-07-15 08:56:12,922 [INFO] PluginManager:220 - loadIPPluginJar : add pdm2pcm
2026-07-15 08:56:12,925 [INFO] IPUIPlugin:80 - create IPUIPlugin
2026-07-15 08:56:12,927 [INFO] PluginManager:220 - loadIPPluginJar : add plateformsettings
2026-07-15 08:56:12,928 [INFO] IPUIPlugin:80 - create IPUIPlugin
2026-07-15 08:56:12,928 [INFO] PluginManager:220 - loadIPPluginJar : add quadspi
2026-07-15 08:56:12,929 [INFO] IPUIPlugin:80 - create IPUIPlugin
2026-07-15 08:56:12,930 [INFO] PluginManager:220 - loadIPPluginJar : add radio
2026-07-15 08:56:12,932 [INFO] IPUIPlugin:80 - create IPUIPlugin
2026-07-15 08:56:12,932 [INFO] PluginManager:220 - loadIPPluginJar : add resmgrutility
2026-07-15 08:56:12,934 [INFO] IPUIPlugin:80 - create IPUIPlugin
2026-07-15 08:56:12,934 [INFO] PluginManager:220 - loadIPPluginJar : add sai
2026-07-15 08:56:12,935 [INFO] IPUIPlugin:80 - create IPUIPlugin
2026-07-15 08:56:12,935 [INFO] PluginManager:220 - loadIPPluginJar : add spi
2026-07-15 08:56:12,939 [INFO] IPUIPlugin:80 - create IPUIPlugin
2026-07-15 08:56:12,939 [INFO] PluginManager:220 - loadIPPluginJar : add stm32_wpan
2026-07-15 08:56:12,940 [INFO] IPUIPlugin:80 - create IPUIPlugin
2026-07-15 08:56:12,940 [INFO] PluginManager:220 - loadIPPluginJar : add tim
2026-07-15 08:56:12,942 [INFO] IPUIPlugin:80 - create IPUIPlugin
2026-07-15 08:56:12,942 [INFO] PluginManager:220 - loadIPPluginJar : add touchsensing
2026-07-15 08:56:12,943 [INFO] IPUIPlugin:80 - create IPUIPlugin
2026-07-15 08:56:12,943 [INFO] PluginManager:220 - loadIPPluginJar : add tracer_emb
2026-07-15 08:56:12,945 [INFO] IPUIPlugin:80 - create IPUIPlugin
2026-07-15 08:56:12,945 [INFO] PluginManager:220 - loadIPPluginJar : add ts
2026-07-15 08:56:12,946 [INFO] IPUIPlugin:80 - create IPUIPlugin
2026-07-15 08:56:12,946 [INFO] PluginManager:220 - loadIPPluginJar : add tsc
2026-07-15 08:56:12,947 [INFO] IPUIPlugin:80 - create IPUIPlugin
2026-07-15 08:56:12,947 [INFO] PluginManager:220 - loadIPPluginJar : add ucpd
2026-07-15 08:56:12,949 [INFO] IPUIPlugin:80 - create IPUIPlugin
2026-07-15 08:56:12,949 [INFO] PluginManager:220 - loadIPPluginJar : add usart
2026-07-15 08:56:12,951 [INFO] IPUIPlugin:80 - create IPUIPlugin
2026-07-15 08:56:12,951 [INFO] PluginManager:220 - loadIPPluginJar : add usbx
2026-07-15 08:56:13,062 [FATAL] Updater:351 - Updater called before beeing initialized
2026-07-15 08:56:13,081 [INFO] RulesReader:64 - Compatibility file has been processed (317 Rules)
2026-07-15 08:56:13,091 [INFO] RulesReader:64 - Compatibility file has been processed (317 Rules)
2026-07-15 08:56:13,097 [INFO] CADModel:165 - CPN selected for project level
2026-07-15 08:56:13,097 [INFO] CADModel:114 - Register for checkConnection events
2026-07-15 08:56:13,097 [FATAL] Updater:351 - Updater called before beeing initialized
2026-07-15 08:56:13,097 [ERROR] CADModel:125 - Updater not yet initialized, retry later 
2026-07-15 08:56:13,185 [FATAL] Updater:351 - Updater called before beeing initialized
2026-07-15 08:56:13,186 [INFO] CADModel:165 - CPN selected for project level
2026-07-15 08:56:13,186 [INFO] CADModel:114 - Register for checkConnection events
2026-07-15 08:56:13,186 [FATAL] Updater:351 - Updater called before beeing initialized
2026-07-15 08:56:13,186 [ERROR] CADModel:125 - Updater not yet initialized, retry later 
2026-07-15 08:56:13,188 [FATAL] Updater:351 - Updater called before beeing initialized
2026-07-15 08:56:13,277 [FATAL] Updater:351 - Updater called before beeing initialized
2026-07-15 08:56:13,283 [INFO] DbMcusAds:53 - JSON generation date=Thu Sep 30 10:55:09 SAMT 2021 (1632984909247)
2026-07-15 08:56:13,283 [FATAL] Updater:351 - Updater called before beeing initialized
2026-07-15 08:56:13,314 [WARN] DetailPanel:346 - Failed to get advertising image, set to default
2026-07-15 08:56:13,396 [FATAL] Updater:351 - Updater called before beeing initialized
2026-07-15 08:56:13,397 [FATAL] Updater:351 - Updater called before beeing initialized
2026-07-15 08:56:13,398 [FATAL] Updater:351 - Updater called before beeing initialized
2026-07-15 08:56:13,398 [WARN] DetailPanel:346 - Failed to get advertising image, set to default
2026-07-15 08:56:13,399 [FATAL] Updater:351 - Updater called before beeing initialized
2026-07-15 08:56:13,431 [ERROR] Updater:1198 - MainUpdater not yet initialized. External WinMGr cannot be set.
2026-07-15 08:56:13,432 [INFO] Updater:1134 - Updater Version found : 6.15.0
2026-07-15 08:56:13,444 [INFO] ApplicationProperties:184 - Using Application install path: C:\ST\STM32CubeIDE_1.19.0\STM32CubeIDE\plugins\com.st.stm32cube.common.mx_6.15.0.202507011659
2026-07-15 08:56:13,687 [ERROR] CheckConnectionManager:249 - Problem, Http access forbiden
2026-07-15 08:56:13,690 [INFO] MainUpdater:2872 - connection check result : 22
2026-07-15 08:56:13,690 [INFO] MainUpdater:289 - Updater Check For Update Now.
2026-07-15 08:56:13,691 [INFO] MicroXplorer:498 - Change Database Version : DB.6.0.150
2026-07-15 08:56:13,697 [INFO] McuFinderGlobals:63 - Set McuFinder mode to 2 (CubeIDE integrated)
2026-07-15 08:56:13,697 [INFO] UserAuth:171 - activating auth plugin
2026-07-15 08:56:13,699 [INFO] UserAuth:487 - Internet connection configuration mode: 2
2026-07-15 08:56:13,714 [INFO] UserAuth:487 - Internet connection configuration mode: 2
2026-07-15 08:56:13,856 [INFO] CheckServerUpdateThread:120 - End of CheckServer Thread
2026-07-15 08:56:15,534 [INFO] ThirdParty:978 - Integrity check success = true
2026-07-15 08:56:15,534 [INFO] IntegrityCheckThread:100 - exiting critical section [integrity check]
2026-07-15 08:56:15,535 [INFO] IntegrityCheckThread:103 - End integrity checks thread
