Time [s],Channel 0,Channel 1,Channel 2,Channel 3,Channel 4,Channel 5
0.000000000,0,0,1,1,1,1
0.000085333,1,1,0,0,0,0
0.000241125,1,1,0,1,1,1
0.000270167,1,1,0,0,0,0
0.000439458,1,1,0,1,1,1
0.000468542,1,1,0,0,0,0
0.000637833,1,1,0,1,1,1
0.000666875,1,1,0,0,0,0
0.000836167,1,1,0,1,1,1
0.000865208,1,1,0,0,0,0
0.001034500,1,1,0,1,1,1
0.001063542,1,1,0,0,0,0
0.001232875,1,1,0,1,1,1
0.001261917,1,1,0,0,0,0
0.001431250,1,1,0,1,1,1
0.001460292,1,1,0,0,0,0
0.001629583,1,1,0,1,1,1
0.001658625,1,1,0,1,0,1
0.001658667,1,1,0,0,0,0
0.001827917,1,1,0,1,1,1
0.001856958,1,1,0,0,0,0
0.002026250,1,1,0,1,1,1
0.002055292,1,1,0,0,0,0
0.002224542,1,1,0,1,1,1
0.002253583,1,1,0,0,0,0
0.002422833,1,1,0,1,1,1
0.002451917,1,1,0,0,0,0
0.002621167,1,1,0,1,1,1
0.002650208,1,1,0,0,0,0
0.002819458,1,1,0,1,1,1
0.002848500,1,1,0,0,0,0
0.003017750,1,1,0,1,1,1
0.003046792,1,1,0,0,0,0
0.003216042,1,1,0,1,1,1
0.003245083,1,1,0,0,0,0
0.003414375,1,1,0,1,1,1
0.003443458,1,1,0,0,0,0
0.003612708,1,1,0,1,1,1
0.003641792,1,1,0,0,0,0
0.003811083,1,1,0,1,1,1
0.003840125,1,1,0,0,0,0
0.004009375,1,1,0,1,1,1
0.004038417,1,1,0,0,0,0
0.004207667,1,1,0,1,1,1
0.004236708,1,1,0,0,0,0
0.004406042,1,1,0,1,1,1
0.004435083,1,1,0,0,0,0
0.004604375,1,1,0,1,1,1
0.004633417,1,1,0,0,0,0
0.004802708,1,1,0,1,1,1
0.004831750,1,1,0,0,0,0
0.005001042,1,1,0,1,1,1
0.005030083,1,1,0,0,0,0
0.005199375,1,1,0,1,1,1
0.005228417,1,1,0,0,0,0
0.005397708,1,1,0,1,1,1
0.005426750,1,1,0,0,0,0
0.005596042,1,1,0,1,1,1
0.005625083,1,1,0,0,0,0
0.005794375,1,1,0,1,1,1
0.005823417,1,1,0,0,0,0
0.005992708,1,1,0,1,1,1
0.006021792,1,1,0,0,0,0
0.006191083,1,1,0,1,1,1
0.006220125,1,1,0,0,0,0
0.006389417,1,1,0,1,1,1
0.006418458,1,1,0,0,0,0
0.006587750,1,1,0,1,1,1
0.006616833,1,1,0,0,0,0
0.006786125,1,1,0,1,1,1
0.006815167,1,1,0,0,0,0
0.006984458,1,1,0,1,1,1
0.007013542,1,1,0,0,0,0
0.007182833,1,1,0,1,1,1
0.007211875,1,1,0,0,0,0
0.007381208,1,1,0,1,1,1
0.007410250,1,1,0,0,0,0
0.007579542,1,1,0,1,1,1
0.007608583,1,1,0,0,0,0
0.007777875,1,1,0,1,1,1
0.007806917,1,1,0,0,0,0
0.007976167,1,1,0,1,1,1
0.008005208,1,1,0,0,0,0
0.008174458,1,1,0,1,1,1
0.008203500,1,1,0,0,0,0
0.008372750,1,1,0,1,1,1
0.008401792,1,1,0,0,0,0
0.008571042,1,1,0,1,1,1
0.008600083,1,1,0,0,0,0
0.008769292,1,1,0,1,1,1
0.008798333,1,1,0,0,0,0
0.008967542,1,1,0,1,1,1
0.008996583,1,1,0,0,0,0
0.009165833,1,1,0,1,1,1
0.009194875,1,1,0,0,0,0
0.009364083,1,1,0,1,1,1
0.009393125,1,1,0,0,0,0
0.009562375,1,1,0,1,1,1
0.009591417,1,1,0,0,0,0
0.009760708,1,1,0,1,1,1
0.009789708,1,1,0,0,0,0
0.009959000,1,1,0,1,1,1
0.009988042,1,1,0,0,0,0
0.010157375,1,1,0,1,1,1
0.010186417,1,1,0,0,0,0
0.010355750,1,1,0,1,1,1
0.010384792,1,1,0,0,0,0
0.010554167,1,1,0,1,1,1
0.010583250,1,1,0,0,0,0
0.010752583,1,1,0,1,1,1
0.010781667,1,1,0,0,0,0
0.010951000,1,1,0,1,1,1
0.010980083,1,1,0,0,0,0
0.011149375,1,1,0,1,1,1
0.011178417,1,1,0,0,0,0
0.011347792,1,1,0,1,1,1
0.011376833,1,1,0,0,0,0
0.011546167,1,1,0,1,1,1
0.011575208,1,1,0,0,0,0
0.011744542,1,1,0,1,1,1
0.011773583,1,1,0,0,0,0
0.011942875,1,1,0,1,1,1
0.011971917,1,1,0,0,0,0
0.012141208,1,1,0,1,1,1
0.012170250,1,1,0,0,0,0
0.012339542,1,1,0,1,1,1
0.012368583,1,1,0,0,0,0
0.012537875,1,1,0,1,1,1
0.012566917,1,1,0,0,0,0
0.012736208,1,1,0,1,1,1
0.012765250,1,1,0,0,0,0
0.012934542,1,1,0,1,1,1
0.012963583,1,1,0,0,0,0
0.013132875,1,1,0,1,1,1
0.013161917,1,1,0,0,0,0
0.013331208,1,1,0,1,1,1
0.013360292,1,1,0,0,0,0
0.013529583,1,1,0,1,1,1
0.013558625,1,1,0,0,0,0
0.013727917,1,1,0,1,1,1
0.013756958,1,1,0,0,0,0
0.013926250,1,1,0,1,1,1
0.013955292,1,1,0,0,0,0
0.014124583,1,1,0,1,1,1
0.014153625,1,1,0,0,0,0
0.014322917,1,1,0,1,1,1
0.014351958,1,1,0,0,0,0
0.014521292,1,1,0,1,1,1
0.014550333,1,1,0,0,0,0
0.014719583,1,1,0,1,1,1
0.014748625,1,1,0,0,0,0
0.014917875,1,1,0,1,1,1
0.014946917,1,1,0,0,0,0
0.015116167,1,1,0,1,1,1
0.015145208,1,1,0,0,0,0
0.015314500,1,1,0,0,1,1
0.015314542,1,1,0,1,1,1
0.015343583,1,1,0,0,0,0
0.015512833,1,1,0,1,1,1
0.015541875,1,1,0,0,0,0
0.015711167,1,1,0,1,1,1
0.015740208,1,1,0,0,0,0
0.015909500,1,1,0,1,1,1
0.015938542,1,1,0,0,0,0
0.016107833,1,1,0,1,1,1
0.016136875,1,1,0,0,0,0
0.016306208,1,1,0,1,1,1
0.016335250,1,1,0,0,0,0
0.016504542,1,1,0,1,1,1
0.016533583,1,1,0,0,0,0
0.016702875,1,1,0,1,1,1
0.016731917,1,1,0,0,0,0
0.016901208,1,1,0,1,1,1
0.016930250,1,1,0,0,0,0
0.017099542,1,1,0,1,1,1
0.017128583,1,1,0,0,0,0
0.017297917,1,1,0,1,1,1
0.017326958,1,1,0,0,0,0
0.017496292,1,1,0,1,1,1
0.017525375,1,1,0,0,0,0
0.017694667,1,1,0,1,1,1
0.017723708,1,1,0,0,0,0
0.017893042,1,1,0,1,1,1
0.017922083,1,1,0,0,0,0
0.018091375,1,1,0,1,1,1
0.018120458,1,1,0,0,0,0
0.018289708,1,1,0,1,1,1
0.018318792,1,1,0,0,0,0
0.018488042,1,1,0,1,1,1
0.018517125,1,1,0,0,0,0
0.018686417,1,1,0,1,1,1
0.018715458,1,1,0,0,0,0
0.018884792,1,1,0,1,1,1
0.018913833,1,1,0,0,0,0
0.019083167,1,1,0,1,1,1
0.019112208,1,1,0,0,0,0
0.019281500,1,1,0,1,1,1
0.019310542,1,1,0,0,0,0
0.019479833,1,1,0,1,1,1
0.019508875,1,1,0,0,0,0
0.019678125,1,1,0,1,1,1
0.019707208,1,1,0,0,0,0
0.019876500,1,1,0,1,1,1
0.019905542,1,1,0,0,0,0
0.020074833,1,1,0,1,1,1
0.020103917,1,1,0,0,0,0
0.020273208,1,1,0,1,1,1
0.020302250,1,1,0,0,0,0
0.020471583,1,1,0,1,1,1
0.020500667,1,1,0,0,0,0
0.020670000,1,1,0,1,1,1
0.020699042,1,1,0,0,0,0
0.020868375,1,1,0,1,1,1
0.020897417,1,1,0,0,0,0
0.021066708,1,1,0,1,1,1
0.021095792,1,1,0,0,0,0
0.021265083,1,1,0,1,1,1
0.021294125,1,1,0,0,0,0
0.021463417,1,1,0,1,1,1
0.021492458,1,1,0,0,0,0
0.021661750,1,1,0,1,1,1
0.021690833,1,1,0,0,0,0
0.021860125,1,1,0,1,1,1
0.021889167,1,1,0,0,0,0
0.022058417,1,1,0,1,1,1
0.022087458,1,1,0,0,0,0
0.022256750,1,1,0,1,1,1
0.022285792,1,1,0,0,0,0
0.022455042,1,1,0,1,1,1
0.022484083,1,1,0,0,0,0
0.022653333,1,1,0,1,1,1
0.022682375,1,1,0,0,0,0
0.022851625,1,1,0,0,1,0
0.022851667,1,1,0,1,1,1
0.022880708,1,1,0,0,0,0
0.023049958,1,1,0,1,1,1
0.023079000,1,1,0,0,0,0
0.023248208,1,1,0,1,1,1
0.023277250,1,1,0,1,0,0
0.023277292,1,1,0,0,0,0
0.023446542,1,1,0,1,1,1
0.023475583,1,1,0,0,0,0
0.023644833,1,1,0,1,1,1
0.023673875,1,1,0,0,0,0
0.023843125,1,1,0,1,1,1
0.023872167,1,1,0,0,0,0
0.024041458,1,1,0,1,1,1
0.024070500,1,1,0,0,0,0
0.024239750,1,1,0,1,1,1
0.024268833,1,1,0,0,0,0
0.024438083,1,1,0,1,1,1
0.024467125,1,1,0,0,0,0
0.024636375,1,1,0,1,1,1
0.024665417,1,1,0,0,0,0
0.024834667,1,1,0,1,1,1
0.024863708,1,1,0,0,0,0
0.025033000,1,1,0,1,1,1
0.025062042,1,1,0,0,0,0
0.025231292,1,1,0,1,1,1
0.025260333,1,1,0,0,0,0
0.025429625,1,1,0,1,1,1
0.025458667,1,1,0,0,0,0
0.025627917,1,1,0,1,1,1
0.025656958,1,1,0,0,0,0
0.025826250,1,1,0,1,1,1
0.025855292,1,1,0,0,0,0
0.026024542,1,1,0,1,1,1
0.026053583,1,1,0,0,0,0
0.026222875,1,1,0,1,1,1
0.026251917,1,1,0,0,0,0
0.026421208,1,1,0,1,1,1
0.026450250,1,1,0,0,0,0
0.026619542,1,1,0,1,1,1
0.026648583,1,1,0,0,0,0
0.026817833,1,1,0,0,1,1
0.026817875,1,1,0,1,1,1
0.026846917,1,1,0,0,0,0
0.027016208,1,1,0,1,1,1
0.027045250,1,1,0,0,0,0
0.027214542,1,1,0,1,1,1
0.027243583,1,1,0,0,0,0
0.027412875,1,1,0,1,1,1
0.027441917,1,1,0,0,0,0
0.027611208,1,1,0,1,1,1
0.027640292,1,1,0,0,0,0
0.027809542,1,1,0,1,1,1
0.027838583,1,1,0,0,0,0
0.028007833,1,1,0,1,1,1
0.028036875,1,1,0,0,0,0
0.028206083,1,1,0,1,1,1
0.028235125,1,1,0,0,0,0
0.028404375,1,1,0,1,1,1
0.028433417,1,1,0,0,0,0
0.028602667,1,1,0,1,1,1
0.028631708,1,1,0,0,0,0
0.028800958,1,1,0,1,1,1
0.028830000,1,1,0,0,0,0
0.028999250,1,1,0,1,1,1
0.029028292,1,1,0,0,0,0
0.029197583,1,1,0,1,1,1
0.029226625,1,1,0,0,0,0
0.029395917,1,1,0,1,1,1
0.029424958,1,1,0,0,0,0
0.029594250,1,1,0,1,1,1
0.029623333,1,1,0,0,0,0
0.029792583,1,1,0,1,1,1
0.029821667,1,1,0,0,0,0
0.029990917,1,1,0,1,1,1
0.030019958,1,1,0,0,0,0
0.030189250,1,1,0,1,1,1
0.030218292,1,1,0,0,0,0
0.030387583,1,1,0,1,1,1
0.030416625,1,1,0,0,0,0
0.030585875,1,1,0,1,1,1
0.030614917,1,1,0,0,0,0
0.030784167,1,1,0,1,1,1
0.030813208,1,1,0,0,0,0
0.030982458,1,1,0,0,1,0
0.030982500,1,1,0,1,1,1
0.031011542,1,1,0,0,0,0
0.031180792,1,1,0,1,1,1
0.031209833,1,1,0,0,0,0
0.031379125,1,1,0,1,1,1
0.031408208,1,1,0,0,0,0
0.031577500,1,1,0,1,1,1
0.031606583,1,1,0,0,0,0
0.031775833,1,1,0,1,1,1
0.031804917,1,1,0,0,0,0
0.031974167,1,1,0,1,1,1
0.032003208,1,1,0,0,0,0
0.032172458,1,1,0,1,1,1
0.032201500,1,1,0,0,0,0
0.032370792,1,1,0,1,1,1
0.032399833,1,1,0,0,0,0
0.032569083,1,1,0,1,1,1
0.032598125,1,1,0,0,0,0
0.032767417,1,1,0,1,1,1
0.032796458,1,1,0,0,0,0
0.032965708,1,1,0,1,1,1
0.032994750,1,1,0,1,0,0
0.032994792,1,1,0,0,0,0
0.033164042,1,1,0,1,1,1
0.033193083,1,1,0,0,0,0
0.033362333,1,1,0,1,1,1
0.033391375,1,1,0,0,0,0
0.033560625,1,1,0,1,1,1
0.033589667,1,1,0,0,0,0
0.033758917,1,1,0,1,1,1
0.033787958,1,1,0,0,0,0
0.033957250,1,1,0,1,1,1
0.033986292,1,1,0,0,0,0
0.034155583,1,1,0,1,1,1
0.034184625,1,1,0,0,0,0
0.034353917,1,1,0,1,1,1
0.034382958,1,1,0,0,0,0
0.034552250,1,1,0,1,1,1
0.034581292,1,1,0,0,0,0
0.034750583,1,1,0,1,1,1
0.034779625,1,1,0,0,0,0
0.034948917,1,1,0,1,1,1
0.034977958,1,1,0,0,0,0
0.035147208,1,1,0,1,1,1
0.035176250,1,1,0,0,0,0
0.035345542,1,1,0,1,1,1
0.035374625,1,1,0,0,0,0
0.035543917,1,1,0,1,1,1
0.035572958,1,1,0,0,0,0
0.035742250,1,1,0,1,1,1
0.035771292,1,1,0,0,0,0
0.035940625,1,1,0,1,1,1
0.035969667,1,1,0,0,0,0
0.036138958,1,1,0,1,1,1
0.036168000,1,1,0,0,0,0
0.036337250,1,1,0,1,1,1
0.036366292,1,1,0,0,0,0
0.036535542,1,1,0,1,1,1
0.036564583,1,1,0,0,0,0
0.036733875,1,1,0,1,1,1
0.036762917,1,1,0,0,0,0
0.036932208,1,1,0,1,1,1
0.036961250,1,1,0,0,0,0
0.037130458,1,1,0,1,1,1
0.037159542,1,1,0,0,0,0
0.037328792,1,1,0,1,1,1
0.037357833,1,1,0,0,0,0
0.037527083,1,1,0,1,1,1
0.037556125,1,1,0,0,0,0
0.037725417,1,1,0,1,1,1
0.037754458,1,1,0,0,0,0
0.037923708,1,1,0,1,1,1
0.037952792,1,1,0,0,0,0
0.038122042,1,1,0,1,1,1
0.038151125,1,1,0,0,0,0
0.038320417,1,1,0,1,1,1
0.038349458,1,1,0,0,0,0
0.038518708,1,1,0,1,1,1
0.038547792,1,1,0,0,0,0
0.038717042,1,1,0,1,1,1
0.038746083,1,1,0,0,0,0
0.038915375,1,1,0,1,1,1
0.038944417,1,1,0,0,0,0
0.039113667,1,1,0,1,1,1
0.039142750,1,1,0,0,0,0
0.039312042,1,1,0,1,1,1
0.039341083,1,1,0,0,0,0
0.039510375,1,1,0,1,1,1
0.039539458,1,1,0,0,0,0
0.039708708,1,1,0,1,1,1
0.039737792,1,1,0,0,0,0
0.039907083,1,1,0,1,1,1
0.039936125,1,1,0,0,0,0
0.040105417,1,1,0,1,1,1
0.040134458,1,1,0,0,0,0
0.040303750,1,1,0,1,1,1
0.040332792,1,1,0,0,0,0
0.040502083,1,1,0,1,1,1
0.040531125,1,1,0,0,0,0
0.040700417,1,1,0,1,1,1
0.040729458,1,1,0,0,0,0
0.040898708,1,1,0,1,1,1
0.040927750,1,1,0,0,0,0
0.041097000,1,1,0,1,1,1
0.041126042,1,1,0,1,0,0
0.041126083,1,1,0,0,0,0
0.041295333,1,1,0,1,1,1
0.041324375,1,1,0,0,0,0
0.041493625,1,1,0,1,1,1
0.041522667,1,1,0,0,0,0
0.041691917,1,1,0,1,1,1
0.041721000,1,1,0,0,0,0
0.041890208,1,1,0,1,1,1
0.041919250,1,1,0,0,0,0
0.042088500,1,1,0,1,1,1
0.042117542,1,1,0,0,0,0
0.042286792,1,1,0,1,1,1
0.042315833,1,1,0,0,0,0
0.042485125,1,1,0,1,1,1
0.042514167,1,1,0,0,0,0
0.042683458,1,1,0,1,1,1
0.042712500,1,1,0,0,0,0
0.042881833,1,1,0,1,1,1
0.042910917,1,1,0,0,0,0
0.043080250,1,1,0,1,1,1
0.043109292,1,1,0,0,0,0
0.043278667,1,1,0,1,1,1
0.043307708,1,1,0,0,0,0
0.043477042,1,1,0,1,1,1
0.043506083,1,1,0,0,0,0
0.043675417,1,1,0,1,1,1
0.043704458,1,1,0,0,0,0
0.043873792,1,1,0,1,1,1
0.043902833,1,1,0,0,0,0
0.044072167,1,1,0,1,1,1
0.044101250,1,1,0,0,0,0
0.044270583,1,1,0,1,1,1
0.044299667,1,1,0,0,0,0
0.044469042,1,1,0,1,1,1
0.044498083,1,1,0,0,0,0
0.044667417,1,1,0,1,1,1
0.044696458,1,1,0,0,0,0
0.044865792,1,1,0,0,1,0
0.044865833,1,1,0,1,1,1
0.044894875,1,1,0,0,0,0
0.045064208,1,1,0,1,1,1
0.045093292,1,1,0,0,0,0
0.045262583,1,1,0,1,1,1
0.045291667,1,1,0,0,0,0
0.045460958,1,1,0,1,1,1
0.045490000,1,1,0,0,0,0
0.045659292,1,1,0,1,1,1
0.045688333,1,1,0,0,0,0
0.045857625,1,1,0,1,1,1
0.045886667,1,1,0,0,0,0
0.046055958,1,1,0,1,1,1
0.046085042,1,1,0,0,0,0
0.046254333,1,1,0,1,1,1
0.046283375,1,1,0,0,0,0
0.046452708,1,1,0,1,1,1
0.046481750,1,1,0,0,0,0
0.046651042,1,1,0,1,1,1
0.046680083,1,1,0,0,0,0
0.046849375,1,1,0,1,1,1
0.046878417,1,1,0,0,0,0
0.047047708,1,1,0,1,1,1
0.047076750,1,1,0,0,0,0
0.047246042,1,1,0,1,1,1
0.047275125,1,1,0,0,0,0
0.047444458,1,1,0,1,1,1
0.047473500,1,1,0,0,0,0
0.047642875,1,1,0,1,1,1
0.047671917,1,1,0,0,0,0
0.047841250,1,1,0,1,1,1
0.047870292,1,1,0,0,0,0
0.048039542,1,1,0,1,1,1
0.048068625,1,1,0,0,0,0
0.048237875,1,1,0,1,1,1
0.048266917,1,1,0,1,0,0
0.048266958,1,1,0,0,0,0
0.048436250,1,1,0,1,1,1
0.048465292,1,1,0,0,0,0
0.048634583,1,1,0,1,1,1
0.048663625,1,1,0,0,0,0
0.048832917,1,1,0,1,1,1
0.048861958,1,1,0,0,0,0
0.049031250,1,1,0,1,1,1
0.049060292,1,1,0,0,0,0
0.049229625,1,1,0,1,1,1
0.049258667,1,1,0,0,0,0
0.049427958,1,1,0,1,1,1
0.049457000,1,1,0,0,0,0
0.049626292,1,1,0,1,1,1
0.049655333,1,1,0,0,0,0
0.049824625,1,1,0,1,1,1
0.049853708,1,1,0,0,0,0
0.050023000,1,1,0,1,1,1
0.050052042,1,1,0,0,0,0
0.050221375,1,1,0,1,1,1
0.050250417,1,1,0,0,0,0
0.050419750,1,1,0,1,1,1
0.050448833,1,1,0,0,0,0
0.050618083,1,1,0,1,1,1
0.050647125,1,1,0,0,0,0
0.050816458,1,1,0,1,1,1
0.050845500,1,1,0,0,0,0
0.051014833,1,1,0,1,1,1
0.051043875,1,1,0,0,0,0
0.051213167,1,1,0,1,1,1
0.051242250,1,1,0,0,0,0
0.051411583,1,1,0,1,1,1
0.051440625,1,1,0,0,0,0
0.051609958,1,1,0,1,1,1
0.051639000,1,1,0,0,0,0
0.051808292,1,1,0,1,1,1
0.051837375,1,1,0,0,0,0
0.052006667,1,1,0,1,1,1
0.052035708,1,1,0,0,0,0
0.052205042,1,1,0,1,1,1
0.052234083,1,1,0,0,0,0
0.052403375,1,1,0,1,1,1
0.052432417,1,1,0,0,0,0
0.052601667,1,1,0,1,1,1
0.052630708,1,1,0,0,0,0
0.052799917,1,1,0,0,1,1
0.052799958,1,1,0,1,1,1
0.052829000,1,1,0,0,0,0
0.052998250,1,1,0,0,1,1
0.052998292,1,1,0,1,1,1
0.053027333,1,1,0,0,0,0
0.053196542,1,1,0,1,1,1
0.053225583,1,1,0,0,0,0
0.053394875,1,1,0,1,1,1
0.053423917,1,1,0,0,0,0
0.053593208,1,1,0,1,1,1
0.053622250,1,1,0,0,0,0
0.053791542,1,1,0,1,1,1
0.053820583,1,1,0,0,0,0
0.053989875,1,1,0,1,1,1
0.054018958,1,1,0,0,0,0
0.054188208,1,1,0,0,1,0
0.054188250,1,1,0,1,1,1
0.054217292,1,1,0,0,0,0
0.054386583,1,1,0,1,1,1
0.054415625,1,1,0,0,0,0
0.054584958,1,1,0,1,1,1
0.054614000,1,1,0,0,0,0
0.054783333,1,1,0,1,1,1
0.054812375,1,1,0,1,0,0
0.054812417,1,1,0,0,0,0
0.054981667,1,1,0,1,1,1
0.055010750,1,1,0,0,0,0
0.055180042,1,1,0,1,1,1
0.055209083,1,1,0,0,0,0
0.055378333,1,1,0,1,1,1
0.055407375,1,1,0,0,0,0
0.055576667,1,1,0,1,1,1
0.055605708,1,1,0,0,0,0
0.055775000,1,1,0,1,1,1
0.055804042,1,1,0,0,0,0
0.055973292,1,1,0,1,1,1
0.056002333,1,1,0,0,0,0
0.056171583,1,1,0,1,1,1
0.056200667,1,1,0,0,0,0
0.056369875,1,1,0,0,1,1
0.056369917,1,1,0,1,1,1
0.056398958,1,1,0,0,0,0
0.056568208,1,1,0,1,1,1
0.056597250,1,1,0,0,0,0
0.056766542,1,1,0,1,1,1
0.056795583,1,1,0,0,0,0
0.056964833,1,1,0,1,1,1
0.056993875,1,1,0,0,0,0
0.057163167,1,1,0,1,1,1
0.057192208,1,1,0,0,0,0
0.057361500,1,1,0,1,1,1
0.057390542,1,1,0,0,0,0
0.057559792,1,1,0,1,1,1
0.057588833,1,1,0,0,0,0
0.057758125,1,1,0,1,1,1
0.057787167,1,1,0,0,0,0
0.057956417,1,1,0,0,1,1
0.057956458,1,1,0,1,1,1
0.057985500,1,1,0,0,0,0
0.058154750,1,1,0,1,1,1
0.058183792,1,1,0,0,0,0
0.058353083,1,1,0,1,1,1
0.058382125,1,1,0,0,0,0
0.058551417,1,1,0,1,1,1
0.058580458,1,1,0,0,0,0
0.058749750,1,1,0,1,1,1
0.058778792,1,1,0,0,0,0
0.058948083,1,1,0,1,1,1
0.058977167,1,1,0,0,0,0
0.059146458,1,1,0,1,1,1
0.059175500,1,1,0,0,0,0
0.059344792,1,1,0,1,1,1
0.059373833,1,1,0,0,0,0
0.059543125,1,1,0,1,1,1
0.059572167,1,1,0,0,0,0
0.059741458,1,1,0,1,1,1
0.059770500,1,1,0,0,0,0
0.059939792,1,1,0,1,1,1
0.059968833,1,1,0,0,0,0
0.060138125,1,1,0,1,1,1
0.060167167,1,1,0,0,0,0
0.060336500,1,1,0,1,1,1
0.060365542,1,1,0,0,0,0
0.060534833,1,1,0,1,1,1
0.060563875,1,1,0,0,0,0
0.060733250,1,1,0,1,1,1
0.060762292,1,1,0,0,0,0
0.060931667,1,1,0,1,1,1
0.060960708,1,1,0,0,0,0
0.061130042,1,1,0,1,1,1
0.061159125,1,1,0,0,0,0
0.061328458,1,1,0,1,1,1
0.061357542,1,1,0,0,0,0
0.061526875,1,1,0,1,1,1
0.061555958,1,1,0,0,0,0
0.061725333,1,1,0,1,1,1
0.061754375,1,1,0,0,0,0
0.061923750,1,1,0,1,1,1
0.061952792,1,1,0,0,0,0
0.062122167,1,1,0,1,1,1
0.062151250,1,1,0,0,0,0
0.062320583,1,1,0,1,1,1
0.062349667,1,1,0,0,0,0
0.062519000,1,1,0,1,1,1
0.062548042,1,1,0,0,0,0
0.062717375,1,1,0,0,1,1
0.062717417,1,1,0,1,1,1
0.062746458,1,1,0,0,0,0
0.062915833,1,1,0,1,1,1
0.062944875,1,1,0,0,0,0
0.063114250,1,1,0,1,1,1
0.063143292,1,1,0,0,0,0
0.063312625,1,1,0,1,1,1
0.063341708,1,1,0,0,0,0
0.063511042,1,1,0,1,1,1
0.063540083,1,1,0,0,0,0
0.063709417,1,1,0,1,1,1
0.063738458,1,1,0,0,0,0
0.063907792,1,1,0,1,1,1
0.063936833,1,1,0,0,0,0
0.064106167,1,1,0,1,1,1
0.064135208,1,1,0,0,0,0
0.064304500,1,1,0,1,1,1
0.064333583,1,1,0,0,0,0
0.064502917,1,1,0,1,1,1
0.064531958,1,1,0,1,0,0
0.064532000,1,1,0,0,0,0
0.064701292,1,1,0,1,1,1
0.064730375,1,1,0,0,0,0
0.064899708,1,1,0,1,1,1
0.064928750,1,1,0,0,0,0
0.065098083,1,1,0,1,1,1
0.065127167,1,1,0,0,0,0
0.065296500,1,1,0,1,1,1
0.065325542,1,1,0,0,0,0
0.065494917,1,1,0,1,1,1
0.065523958,1,1,0,0,0,0
0.065693333,1,1,0,1,1,1
0.065722375,1,1,0,0,0,0
0.065891708,1,1,0,1,1,1
0.065920792,1,1,0,0,0,0
0.066090125,1,1,0,1,1,1
0.066119208,1,1,0,0,0,0
0.066288542,1,1,0,1,1,1
0.066317625,1,1,0,0,0,0
0.066486958,1,1,0,0,1,1
0.066487000,1,1,0,1,1,1
0.066516042,1,1,0,0,0,0
0.066685375,1,1,0,1,1,1
0.066714417,1,1,0,0,0,0
0.066883750,1,1,0,1,1,1
0.066912792,1,1,0,0,0,0
0.067082125,1,1,0,1,1,1
0.067111167,1,1,0,0,0,0
0.067280458,1,1,0,1,1,1
0.067309542,1,1,0,0,0,0
0.067478833,1,1,0,1,1,1
0.067507875,1,1,0,0,0,0
0.067677167,1,1,0,1,1,1
0.067706250,1,1,0,0,0,0
0.067875542,1,1,0,1,1,1
0.067904583,1,1,0,0,0,0
0.068073875,1,1,0,1,1,1
0.068102917,1,1,0,0,0,0
0.068272167,1,1,0,1,1,1
0.068301208,1,1,0,0,0,0
0.068470500,1,1,0,1,1,1
0.068499542,1,1,0,0,0,0
0.068668792,1,1,0,1,1,1
0.068697833,1,1,0,0,0,0
0.068867125,1,1,0,1,1,1
0.068896167,1,1,0,0,0,0
0.069065458,1,1,0,1,1,1
0.069094500,1,1,0,0,0,0
0.069263792,1,1,0,1,1,1
0.069292833,1,1,0,0,0,0
0.069462125,1,1,0,1,1,1
0.069491167,1,1,0,0,0,0
0.069660458,1,1,0,1,1,1
0.069689542,1,1,0,0,0,0
0.069858792,1,1,0,1,1,1
0.069887833,1,1,0,0,0,0
0.070057167,1,1,0,1,1,1
0.070086208,1,1,0,0,0,0
0.070255542,1,1,0,1,1,1
0.070284583,1,1,0,0,0,0
0.070453833,1,1,0,1,1,1
0.070482917,1,1,0,0,0,0
0.070652167,1,1,0,1,1,1
0.070681208,1,1,0,0,0,0
0.070850500,1,1,0,1,1,1
0.070879542,1,1,0,0,0,0
0.071048833,1,1,0,1,1,1
0.071077875,1,1,0,0,0,0
0.071247208,1,1,0,1,1,1
0.071276250,1,1,0,0,0,0
0.071445542,1,1,0,1,1,1
0.071474583,1,1,0,0,0,0
0.071643875,1,1,0,1,1,1
0.071672917,1,1,0,0,0,0
0.071842250,1,1,0,1,1,1
0.071871333,1,1,0,0,0,0
0.072040667,1,1,0,1,1,1
0.072069750,1,1,0,0,0,0
0.072239083,1,1,0,1,1,1
0.072268167,1,1,0,0,0,0
0.072437542,1,1,0,1,1,1
0.072466625,1,1,0,0,0,0
0.072635958,1,1,0,1,1,1
0.072665042,1,1,0,0,0,0
0.072834333,1,1,0,1,1,1
0.072863375,1,1,0,0,0,0
0.073032708,1,1,0,1,1,1
0.073061750,1,1,0,0,0,0
0.073231042,1,1,0,1,1,1
0.073260083,1,1,0,0,0,0
0.073429375,1,1,0,0,1,1
0.073429417,1,1,0,1,1,1
0.073458458,1,1,0,0,0,0
0.073627750,1,1,0,1,1,1
0.073656792,1,1,0,0,0,0
0.073826125,1,1,0,1,1,1
0.073855167,1,1,0,0,0,0
0.074024500,1,1,0,1,1,1
0.074053542,1,1,0,1,0,0
0.074053583,1,1,0,0,0,0
0.074222875,1,1,0,1,1,1
0.074251958,1,1,0,0,0,0
0.074421292,1,1,0,1,1,1
0.074450375,1,1,0,0,0,0
0.074619667,1,1,0,1,1,1
0.074648708,1,1,0,0,0,0
0.074818000,1,1,0,1,1,1
0.074847042,1,1,0,0,0,0
0.075016375,1,1,0,1,1,1
0.075045458,1,1,0,0,0,0
0.075214750,1,1,0,1,1,1
0.075243792,1,1,0,0,0,0
0.075413083,1,1,0,1,1,1
0.075442167,1,1,0,0,0,0
0.075611417,1,1,0,1,1,1
0.075640458,1,1,0,0,0,0
0.075809750,1,1,0,1,1,1
0.075838833,1,1,0,0,0,0
0.076008083,1,1,0,1,1,1
0.076037125,1,1,0,0,0,0
0.076206417,1,1,0,1,1,1
0.076235458,1,1,0,0,0,0
0.076404708,1,1,0,1,1,1
0.076433750,1,1,0,0,0,0
0.076603042,1,1,0,1,1,1
0.076632083,1,1,0,0,0,0
0.076801333,1,1,0,1,1,1
0.076830417,1,1,0,0,0,0
0.076999667,1,1,0,1,1,1
0.077028708,1,1,0,0,0,0
0.077198000,1,1,0,1,1,1
0.077227042,1,1,0,0,0,0
0.077396333,1,1,0,1,1,1
0.077425375,1,1,0,0,0,0
0.077594667,1,1,0,1,1,1
0.077623708,1,1,0,0,0,0
0.077793000,1,1,0,1,1,1
0.077822042,1,1,0,0,0,0
0.077991375,1,1,0,1,1,1
0.078020417,1,1,0,0,0,0
0.078189708,1,1,0,1,1,1
0.078218792,1,1,0,0,0,0
0.078388083,1,1,0,1,1,1
0.078417167,1,1,0,0,0,0
0.078586458,1,1,0,1,1,1
0.078615542,1,1,0,0,0,0
0.078784833,1,1,0,1,1,1
0.078813875,1,1,0,0,0,0
0.078983167,1,1,0,1,1,1
0.079012208,1,1,0,0,0,0
0.079181542,1,1,0,1,1,1
0.079210583,1,1,0,0,0,0
0.079379958,1,1,0,1,1,1
0.079409000,1,1,0,0,0,0
0.079578375,1,1,0,1,1,1
0.079607458,1,1,0,0,0,0
0.079776792,1,1,0,1,1,1
0.079805833,1,1,0,0,0,0
0.079975208,1,1,0,1,1,1
0.080004292,1,1,0,0,0,0
0.080173625,1,1,0,1,1,1
0.080202708,1,1,0,0,0,0
0.080372083,1,1,0,1,1,1
0.080401125,1,1,0,0,0,0
0.080570458,1,1,0,0,1,0
0.080570500,1,1,0,1,1,1
0.080599542,1,1,0,0,0,0
0.080768917,1,1,0,1,1,1
0.080797958,1,1,0,0,0,0
0.080967292,1,1,0,1,1,1
0.080996375,1,1,0,0,0,0
0.081165667,1,1,0,1,1,1
0.081194750,1,1,0,0,0,0
0.081364083,1,1,0,1,1,1
0.081393167,1,1,0,0,0,0
0.081562500,1,1,0,1,1,1
0.081591583,1,1,0,0,0,0
0.081760917,1,1,0,1,1,1
0.081789958,1,1,0,0,0,0
0.081959333,1,1,0,1,1,1
0.081988375,1,1,0,0,0,0
0.082157708,1,1,0,1,1,1
0.082186792,1,1,0,0,0,0
0.082356125,1,1,0,1,1,1
0.082385208,1,1,0,0,0,0
0.082554542,1,1,0,1,1,1
0.082583625,1,1,0,0,0,0
0.082752958,1,1,0,1,1,1
0.082782000,1,1,0,0,0,0
0.082951333,1,1,0,1,1,1
0.082980417,1,1,0,0,0,0
0.083149750,1,1,0,1,1,1
0.083178833,1,1,0,0,0,0
0.083348167,1,1,0,1,1,1
0.083377208,1,1,0,0,0,0
0.083546542,1,1,0,0,1,0
0.083546583,1,1,0,1,1,1
0.083575625,1,1,0,0,0,0
0.083744958,1,1,0,1,1,1
0.083774000,1,1,0,0,0,0
0.083943333,1,1,0,1,1,1
0.083972375,1,1,0,0,0,0
0.084141625,1,1,0,1,1,1
0.084170667,1,1,0,0,0,0
0.084339917,1,1,0,1,1,1
0.084368958,1,1,0,0,0,0
0.084538250,1,1,0,1,1,1
0.084567292,1,1,0,0,0,0
0.084736583,1,1,0,1,1,1
0.084765625,1,1,0,0,0,0
0.084934917,1,1,0,1,1,1
0.084963958,1,1,0,0,0,0
0.085133208,1,1,0,1,1,1
0.085162292,1,1,0,0,0,0
0.085331583,1,1,0,1,1,1
0.085360625,1,1,0,1,0,0
0.085360667,1,1,0,0,0,0
0.085529958,1,1,0,1,1,1
0.085559000,1,1,0,0,0,0
0.085728250,1,1,0,1,1,1
0.085757333,1,1,0,0,0,0
0.085926625,1,1,0,1,1,1
0.085955667,1,1,0,0,0,0
0.086124958,1,1,0,1,1,1
0.086154000,1,1,0,0,0,0
0.086323292,1,1,0,1,1,1
0.086352333,1,1,0,0,0,0
0.086521583,1,1,0,1,1,1
0.086550667,1,1,0,0,0,0
0.086719917,1,1,0,1,1,1
0.086749000,1,1,0,0,0,0
0.086918292,1,1,0,1,1,1
0.086947375,1,1,0,0,0,0
0.087116667,1,1,0,1,1,1
0.087145750,1,1,0,0,0,0
0.087315042,1,1,0,1,1,1
0.087344083,1,1,0,0,0,0
0.087513417,1,1,0,1,1,1
0.087542500,1,1,0,0,0,0
0.087711792,1,1,0,1,1,1
0.087740833,1,1,0,0,0,0
0.087910125,1,1,0,1,1,1
0.087939208,1,1,0,0,0,0
0.088108500,1,1,0,1,1,1
0.088137542,1,1,0,0,0,0
0.088306875,1,1,0,1,1,1
0.088335917,1,1,0,0,0,0
0.088505250,1,1,0,1,1,1
0.088534333,1,1,0,0,0,0
0.088703583,1,1,0,0,1,1
0.088703625,1,1,0,1,1,1
0.088732667,1,1,0,0,0,0
0.088901917,1,1,0,1,1,1
0.088930958,1,1,0,0,0,0
0.089100250,1,1,0,1,1,1
0.089129292,1,1,0,0,0,0
0.089298542,1,1,0,0,1,1
0.089298583,1,1,0,1,1,1
0.089327625,1,1,0,0,0,0
0.089496917,1,1,0,1,1,1
0.089526000,1,1,0,0,0,0
0.089695292,1,1,0,1,1,1
0.089724333,1,1,0,0,0,0
0.089893667,1,1,0,1,1,1
0.089922708,1,1,0,0,0,0
0.090092042,1,1,0,1,1,1
0.090121083,1,1,0,0,0,0
0.090290417,1,1,0,1,1,1
0.090319458,1,1,0,0,0,0
0.090488750,1,1,0,1,1,1
0.090517833,1,1,0,0,0,0
0.090687125,1,1,0,1,1,1
0.090716167,1,1,0,0,0,0
0.090885417,1,1,0,1,1,1
0.090914458,1,1,0,0,0,0
0.091083750,1,1,0,1,1,1
0.091112792,1,1,0,0,0,0
0.091282083,1,1,0,1,1,1
0.091311167,1,1,0,0,0,0
0.091480542,1,1,0,1,1,1
0.091509625,1,1,0,0,0,0
0.091678958,1,1,0,1,1,1
0.091708000,1,1,0,0,0,0
0.091877333,1,1,0,1,1,1
0.091906417,1,1,0,0,0,0
0.092075708,1,1,0,1,1,1
0.092104792,1,1,0,0,0,0
0.092274083,1,1,0,0,1,1
0.092274125,1,1,0,1,1,1
0.092303167,1,1,0,0,0,0
0.092472500,1,1,0,1,1,1
0.092501583,1,1,0,0,0,0
0.092670917,1,1,0,1,1,1
0.092700000,1,1,0,0,0,0
0.092869333,1,1,0,1,1,1
0.092898375,1,1,0,0,0,0
0.093067708,1,1,0,1,1,1
0.093096792,1,1,0,0,0,0
0.093266125,1,1,0,1,1,1
0.093295167,1,1,0,0,0,0
0.093464542,1,1,0,1,1,1
0.093493583,1,1,0,0,0,0
0.093662917,1,1,0,1,1,1
0.093691958,1,1,0,0,0,0
0.093861292,1,1,0,1,1,1
0.093890375,1,1,0,0,0,0
0.094059667,1,1,0,1,1,1
0.094088750,1,1,0,0,0,0
0.094258042,1,1,0,1,1,1
0.094287083,1,1,0,0,0,0
0.094456375,1,1,0,1,1,1
0.094485458,1,1,0,0,0,0
0.094654708,1,1,0,1,1,1
0.094683750,1,1,0,0,0,0
0.094853000,1,1,0,1,1,1
0.094882042,1,1,0,0,0,0
0.095051292,1,1,0,0,1,1
0.095051333,1,1,0,1,1,1
0.095080375,1,1,0,0,0,0
0.095249625,1,1,0,1,1,1
0.095278708,1,1,0,0,0,0
0.095448000,1,1,0,1,1,1
0.095477042,1,1,0,0,0,0
0.095646375,1,1,0,1,1,1
0.095675417,1,1,0,0,0,0
0.095844667,1,1,0,1,1,1
0.095873708,1,1,0,0,0,0
0.096043000,1,1,0,1,1,1
0.096072042,1,1,0,0,0,0
0.096241333,1,1,0,1,1,1
0.096270375,1,1,0,0,0,0
0.096439667,1,1,0,1,1,1
0.096468708,1,1,0,0,0,0
0.096637958,1,1,0,1,1,1
0.096667042,1,1,0,0,0,0
0.096836333,1,1,0,1,1,1
0.096865375,1,1,0,0,0,0
0.097034708,1,1,0,1,1,1
0.097063750,1,1,0,0,0,0
0.097233042,1,1,0,1,1,1
0.097262083,1,1,0,0,0,0
0.097431333,1,1,0,1,1,1
0.097460375,1,1,0,0,0,0
0.097629625,1,1,0,1,1,1
0.097658667,1,1,0,0,0,0
0.097827958,1,1,0,1,1,1
0.097857000,1,1,0,0,0,0
0.098026250,1,1,0,1,1,1
0.098055292,1,1,0,0,0,0
0.098224583,1,1,0,1,1,1
0.098253625,1,1,0,0,0,0
0.098422958,1,1,0,1,1,1
0.098452000,1,1,0,0,0,0
0.098621333,1,1,0,1,1,1
0.098650375,1,1,0,0,0,0
0.098819667,1,1,0,1,1,1
0.098848708,1,1,0,0,0,0
0.099018000,1,1,0,1,1,1
0.099047042,1,1,0,0,0,0
0.099216333,1,1,0,1,1,1
0.099245375,1,1,0,0,0,0
0.099414667,1,1,0,1,1,1
0.099443708,1,1,0,0,0,0
0.099613000,1,1,0,1,1,1
0.099642042,1,1,0,0,0,0
0.099811333,1,1,0,1,1,1
0.099840417,1,1,0,0,0,0
0.100009708,1,1,0,1,1,1
0.100038750,1,1,0,0,0,0
0.100208000,1,1,0,1,1,1
0.100237083,1,1,0,0,0,0
0.100406375,1,1,0,1,1,1
0.100435417,1,1,0,0,0,0
0.100604667,1,1,0,1,1,1
0.100633708,1,1,0,0,0,0
0.100803042,1,1,0,1,1,1
0.100832083,1,1,0,0,0,0
0.101001417,1,1,0,1,1,1
0.101030458,1,1,0,0,0,0
0.101199750,1,1,0,1,1,1
0.101228792,1,1,0,0,0,0
0.101398083,1,1,0,1,1,1
0.101427167,1,1,0,0,0,0
0.101596458,1,1,0,1,1,1
0.101625500,1,1,0,0,0,0
0.101794792,1,1,0,0,1,1
0.101794833,1,1,0,1,1,1
0.101823875,1,1,0,0,0,0
0.101993167,1,1,0,1,1,1
0.102022208,1,1,0,0,0,0
0.102191500,1,1,0,1,1,1
0.102220542,1,1,0,0,0,0
0.102389833,1,1,0,1,1,1
0.102418875,1,1,0,0,0,0
0.102588167,1,1,0,1,1,1
0.102617208,1,1,0,0,0,0
0.102786458,1,1,0,1,1,1
0.102815500,1,1,0,0,0,0
0.102984750,1,1,0,1,1,1
0.103013792,1,1,0,0,0,0
0.103183083,1,1,0,1,1,1
0.103212125,1,1,0,0,0,0
0.103381375,1,1,0,1,1,1
0.103410458,1,1,0,0,0,0
0.103579750,1,1,0,1,1,1
0.103608792,1,1,0,0,0,0
0.103778083,1,1,0,1,1,1
0.103807125,1,1,0,0,0,0
0.103976458,1,1,0,1,1,1
0.104005500,1,1,0,0,0,0
0.104174792,1,1,0,1,1,1
0.104203833,1,1,0,0,0,0
0.104373125,1,1,0,1,1,1
0.104402167,1,1,0,0,0,0
0.104571458,1,1,0,1,1,1
0.104600500,1,1,0,0,0,0
0.104769750,1,1,0,1,1,1
0.104798833,1,1,0,0,0,0
0.104968125,1,1,0,1,1,1
0.104997167,1,1,0,0,0,0
0.105166500,1,1,0,1,1,1
0.105195542,1,1,0,0,0,0
0.105364833,1,1,0,1,1,1
0.105393875,1,1,0,0,0,0
0.105563167,1,1,0,1,1,1
0.105592208,1,1,0,0,0,0
0.105761500,1,1,0,1,1,1
0.105790583,1,1,0,0,0,0
0.105959875,1,1,0,1,1,1
0.105988917,1,1,0,0,0,0
0.106158208,1,1,0,1,1,1
0.106187250,1,1,0,0,0,0
0.106356583,1,1,0,1,1,1
0.106385667,1,1,0,0,0,0
0.106555000,1,1,0,1,1,1
0.106584042,1,1,0,0,0,0
0.106753375,1,1,0,1,1,1
0.106782417,1,1,0,0,0,0
0.106951750,1,1,0,1,1,1
0.106980833,1,1,0,0,0,0
0.107150125,1,1,0,1,1,1
0.107179208,1,1,0,0,0,0
0.107348500,1,1,0,1,1,1
0.107377583,1,1,0,0,0,0
0.107546917,1,1,0,1,1,1
0.107575958,1,1,0,0,0,0
0.107745333,1,1,0,1,1,1
0.107774375,1,1,0,0,0,0
0.107943708,1,1,0,1,1,1
0.107972750,1,1,0,0,0,0
0.108142083,1,1,0,1,1,1
0.108171125,1,1,0,0,0,0
0.108340458,1,1,0,1,1,1
0.108369500,1,1,0,0,0,0
0.108538792,1,1,0,1,1,1
0.108567833,1,1,0,0,0,0
0.108737167,1,1,0,1,1,1
0.108766208,1,1,0,0,0,0
0.108935500,1,1,0,1,1,1
0.108964583,1,1,0,0,0,0
0.109133875,1,1,0,1,1,1
0.109162958,1,1,0,0,0,0
0.109332250,1,1,0,1,1,1
0.109361292,1,1,0,0,0,0
0.109530583,1,1,0,1,1,1
0.109559625,1,1,0,0,0,0
0.109728917,1,1,0,1,1,1
0.109757958,1,1,0,0,0,0
0.109927250,1,1,0,1,1,1
0.109956292,1,1,0,0,0,0
0.110125625,1,1,0,1,1,1
0.110154667,1,1,0,0,0,0
0.110323958,1,1,0,1,1,1
0.110353000,1,1,0,0,0,0
0.110522250,1,1,0,1,1,1
0.110551292,1,1,0,0,0,0
0.110720542,1,1,0,1,1,1
0.110749583,1,1,0,0,0,0
0.110918875,1,1,0,1,1,1
0.110947917,1,1,0,0,0,0
0.111117250,1,1,0,1,1,1
0.111146292,1,1,0,0,0,0
0.111315625,1,1,0,1,1,1
0.111344708,1,1,0,0,0,0
0.111514042,1,1,0,1,1,1
0.111543083,1,1,0,0,0,0
0.111712417,1,1,0,1,1,1
0.111741458,1,1,0,0,0,0
0.111910792,1,1,0,1,1,1
0.111939833,1,1,0,0,0,0
0.112109125,1,1,0,1,1,1
0.112138208,1,1,0,0,0,0
0.112307500,1,1,0,1,1,1
0.112336583,1,1,0,0,0,0
0.112505875,1,1,0,1,1,1
0.112534917,1,1,0,0,0,0
0.112704250,1,1,0,1,1,1
0.112733292,1,1,0,0,0,0
0.112902625,1,1,0,1,1,1
0.112931667,1,1,0,0,0,0
0.113100958,1,1,0,1,1,1
0.113130000,1,1,0,0,0,0
0.113299333,1,1,0,1,1,1
0.113328417,1,1,0,0,0,0
0.113497750,1,1,0,1,1,1
0.113526792,1,1,0,0,0,0
0.113696083,1,1,0,1,1,1
0.113725167,1,1,0,0,0,0
0.113894458,1,1,0,1,1,1
0.113923500,1,1,0,0,0,0
0.114092792,1,1,0,1,1,1
0.114121833,1,1,0,0,0,0
0.114291083,1,1,0,1,1,1
0.114320125,1,1,0,0,0,0
0.114489375,1,1,0,1,1,1
0.114518417,1,1,0,0,0,0
0.114687708,1,1,0,1,1,1
0.114716750,1,1,0,0,0,0
0.114886000,1,1,0,1,1,1
0.114915083,1,1,0,0,0,0
0.115084333,1,1,0,1,1,1
0.115113375,1,1,0,0,0,0
0.115282625,1,1,0,1,1,1
0.115311667,1,1,0,0,0,0
0.115481000,1,1,0,1,1,1
0.115510042,1,1,0,0,0,0
0.115679375,1,1,0,1,1,1
0.115708417,1,1,0,0,0,0
0.115877750,1,1,0,1,1,1
0.115906792,1,1,0,0,0,0
0.116076125,1,1,0,1,1,1
0.116105167,1,1,0,0,0,0
0.116274417,1,1,0,1,1,1
0.116303500,1,1,0,0,0,0
0.116472792,1,1,0,1,1,1
0.116501833,1,1,0,0,0,0
0.116671167,1,1,0,1,1,1
0.116700208,1,1,0,0,0,0
0.116869542,1,1,0,1,1,1
0.116898583,1,1,0,0,0,0
0.117067875,1,1,0,1,1,1
0.117096917,1,1,0,0,0,0
0.117266208,1,1,0,1,1,1
0.117295292,1,1,0,0,0,0
0.117464625,1,1,0,1,1,1
0.117493667,1,1,0,0,0,0
0.117663000,1,1,0,1,1,1
0.117692042,1,1,0,0,0,0
0.117861375,1,1,0,1,1,1
0.117890417,1,1,0,0,0,0
0.118059750,1,1,0,1,1,1
0.118088833,1,1,0,0,0,0
0.118258125,1,1,0,1,1,1
0.118287208,1,1,0,0,0,0
0.118456500,1,1,0,1,1,1
0.118485542,1,1,0,0,0,0
0.118654875,1,1,0,1,1,1
0.118683917,1,1,0,0,0,0
0.118853250,1,1,0,1,1,1
0.118882292,1,1,0,0,0,0
0.119051625,1,1,0,1,1,1
0.119080708,1,1,0,0,0,0
0.119250042,1,1,0,1,1,1
0.119279083,1,1,0,0,0,0
0.119448375,1,1,0,1,1,1
0.119477417,1,1,0,0,0,0
0.119646708,1,1,0,1,1,1
0.119675750,1,1,0,0,0,0
0.119845042,1,1,0,1,1,1
0.119874083,1,1,0,0,0,0
0.120043333,1,1,0,1,1,1
0.120072417,1,1,0,0,0,0
0.120241667,1,1,0,1,1,1
0.120270708,1,1,0,0,0,0
0.120440000,1,1,0,1,1,1
0.120469042,1,1,0,0,0,0
0.120638333,1,1,0,1,1,1
0.120667417,1,1,0,0,0,0
0.120836708,1,1,0,1,1,1
0.120865750,1,1,0,0,0,0
0.121035083,1,1,0,1,1,1
0.121064125,1,1,0,0,0,0
0.121233417,1,1,0,1,1,1
0.121262500,1,1,0,0,0,0
0.121431833,1,1,0,1,1,1
0.121460875,1,1,0,0,0,0
0.121630167,1,1,0,1,1,1
0.121659208,1,1,0,0,0,0
0.121828500,1,1,0,1,1,1
0.121857542,1,1,0,0,0,0
0.122026792,1,1,0,1,1,1
0.122055833,1,1,0,0,0,0
0.122225083,1,1,0,1,1,1
0.122254125,1,1,0,0,0,0
0.122423375,1,1,0,1,1,1
0.122452417,1,1,0,0,0,0
0.122621667,1,1,0,1,1,1
0.122650708,1,1,0,0,0,0
0.122819958,1,1,0,1,1,1
0.122849000,1,1,0,0,0,0
0.123018292,1,1,0,1,1,1
0.123047333,1,1,0,0,0,0
0.123216583,1,1,0,1,1,1
0.123245667,1,1,0,0,0,0
0.123414958,1,1,0,1,1,1
0.123444000,1,1,0,0,0,0
0.123613292,1,1,0,1,1,1
0.123642333,1,1,0,0,0,0
0.123811583,1,1,0,1,1,1
0.123840667,1,1,0,0,0,0
0.124009917,1,1,0,1,1,1
0.124038917,1,1,0,0,0,0
0.124208167,1,1,0,1,1,1
0.124237208,1,1,0,0,0,0
0.124406458,1,1,0,1,1,1
0.124435500,1,1,0,0,0,0
0.124604708,1,1,0,0,1,0
0.124604750,1,1,0,1,1,1
0.124633792,1,1,0,0,0,0
0.124803000,1,1,0,1,1,1
0.124832042,1,1,0,0,0,0
0.125001250,1,1,0,1,1,1
0.125030292,1,1,0,0,0,0
0.125199542,1,1,0,1,1,1
0.125228583,1,1,0,0,0,0
0.125397833,1,1,0,1,1,1
0.125426875,1,1,0,0,0,0
0.125596125,1,1,0,1,1,1
0.125625167,1,1,0,0,0,0
0.125794417,1,1,0,1,1,1
0.125823458,1,1,0,0,0,0
0.125992708,1,1,0,1,1,1
0.126021792,1,1,0,0,0,0
0.126191042,1,1,0,1,1,1
0.126220083,1,1,0,0,0,0
0.126389375,1,1,0,1,1,1
0.126418417,1,1,0,0,0,0
0.126587667,1,1,0,1,1,1
0.126616750,1,1,0,0,0,0
0.126785958,1,1,0,1,1,1
0.126815000,1,1,0,0,0,0
0.126984292,1,1,0,1,1,1
0.127013333,1,1,0,0,0,0
0.127182625,1,1,0,1,1,1
0.127211708,1,1,0,0,0,0
0.127381000,1,1,0,1,1,1
0.127410042,1,1,0,0,0,0
0.127579292,1,1,0,1,1,1
0.127608375,1,1,0,0,0,0
0.127777625,1,1,0,1,1,1
0.127806667,1,1,0,0,0,0
0.127976000,1,1,0,1,1,1
0.128005083,1,1,0,0,0,0
0.128174375,1,1,0,1,1,1
0.128203417,1,1,0,0,0,0
0.128372750,1,1,0,1,1,1
0.128401792,1,1,0,0,0,0
0.128571083,1,1,0,1,1,1
0.128600125,1,1,0,0,0,0
0.128769458,1,1,0,1,1,1
0.128798500,1,1,0,0,0,0
0.128967792,1,1,0,1,1,1
0.128996875,1,1,0,0,0,0
0.129166125,1,1,0,1,1,1
0.129195208,1,1,0,0,0,0
0.129364500,1,1,0,1,1,1
0.129393542,1,1,0,0,0,0
0.129562875,1,1,0,1,1,1
0.129591917,1,1,0,0,0,0
0.129761208,1,1,0,1,1,1
0.129790250,1,1,0,0,0,0
0.129959542,1,1,0,1,1,1
0.129988583,1,1,0,0,0,0
0.130157875,1,1,0,1,1,1
0.130186917,1,1,0,0,0,0
0.130356208,1,1,0,1,1,1
0.130385250,1,1,0,0,0,0
0.130554542,1,1,0,1,1,1
0.130583583,1,1,0,0,0,0
0.130752833,1,1,0,1,1,1
0.130781875,1,1,0,0,0,0
0.130951167,1,1,0,1,1,1
0.130980208,1,1,0,0,0,0
0.131149500,1,1,0,1,1,1
0.131178542,1,1,0,0,0,0
0.131347875,1,1,0,1,1,1
0.131376958,1,1,0,0,0,0
0.131546292,1,1,0,1,1,1
0.131575333,1,1,0,0,0,0
0.131744625,1,1,0,1,1,1
0.131773667,1,1,0,0,0,0
0.131942958,1,1,0,1,1,1
0.131972000,1,1,0,0,0,0
0.132141333,1,1,0,1,1,1
0.132170375,1,1,0,0,0,0
0.132339667,1,1,0,1,1,1
0.132368708,1,1,0,0,0,0
0.132538000,1,1,0,1,1,1
0.132567042,1,1,0,0,0,0
0.132736333,1,1,0,1,1,1
0.132765375,1,1,0,0,0,0
0.132934667,1,1,0,1,1,1
0.132963708,1,1,0,0,0,0
0.133133000,1,1,0,1,1,1
0.133162042,1,1,0,0,0,0
0.133331333,1,1,0,1,1,1
0.133360417,1,1,0,0,0,0
0.133529708,1,1,0,1,1,1
0.133558750,1,1,0,0,0,0
0.133728000,1,1,0,1,1,1
0.133757042,1,1,0,0,0,0
0.133926333,1,1,0,1,1,1
0.133955375,1,1,0,0,0,0
0.134124667,1,1,0,1,1,1
0.134153708,1,1,0,0,0,0
0.134323000,1,1,0,1,1,1
0.134352042,1,1,0,0,0,0
0.134521375,1,1,0,1,1,1
0.134550417,1,1,0,0,0,0
0.134719708,1,1,0,1,1,1
0.134748792,1,1,0,0,0,0
0.134918042,1,1,0,1,1,1
0.134947125,1,1,0,0,0,0
0.135116417,1,1,0,1,1,1
0.135145458,1,1,0,0,0,0
0.135314750,1,1,0,1,1,1
0.135343792,1,1,0,0,0,0
0.135513083,1,1,0,1,1,1
0.135542125,1,1,0,0,0,0
0.135711417,1,1,0,1,1,1
0.135740458,1,1,0,0,0,0
0.135909792,1,1,0,1,1,1
0.135938833,1,1,0,0,0,0
0.136108167,1,1,0,1,1,1
0.136137208,1,1,0,0,0,0
0.136306458,1,1,0,0,1,1
0.136306500,1,1,0,1,1,1
0.136335542,1,1,0,0,0,0
0.136504833,1,1,0,1,1,1
0.136533875,1,1,0,0,0,0
0.136703125,1,1,0,1,1,1
0.136732167,1,1,0,0,0,0
0.136901458,1,1,0,1,1,1
0.136930500,1,1,0,0,0,0
0.137099750,1,1,0,1,1,1
0.137128792,1,1,0,0,0,0
0.137298083,1,1,0,1,1,1
0.137327125,1,1,0,0,0,0
0.137496375,1,1,0,1,1,1
0.137525417,1,1,0,0,0,0
0.137694750,1,1,0,1,1,1
0.137723792,1,1,0,0,0,0
0.137893083,1,1,0,1,1,1
0.137922125,1,1,0,0,0,0
0.138091375,1,1,0,1,1,1
0.138120417,1,1,0,0,0,0
0.138289708,1,1,0,1,1,1
0.138318792,1,1,0,0,0,0
0.138488083,1,1,0,1,1,1
0.138517125,1,1,0,0,0,0
0.138686375,1,1,0,1,1,1
0.138715458,1,1,0,0,0,0
0.138884708,1,1,0,1,1,1
0.138913750,1,1,0,0,0,0
0.139083000,1,1,0,1,1,1
0.139112042,1,1,0,0,0,0
0.139281292,1,1,0,1,1,1
0.139310375,1,1,0,0,0,0
0.139479667,1,1,0,1,1,1
0.139508708,1,1,0,0,0,0
0.139678042,1,1,0,1,1,1
0.139707083,1,1,0,0,0,0
0.139876375,1,1,0,1,1,1
0.139905417,1,1,0,0,0,0
0.140074708,1,1,0,1,1,1
0.140103750,1,1,0,0,0,0
0.140273042,1,1,0,1,1,1
0.140302083,1,1,0,0,0,0
0.140471417,1,1,0,1,1,1
0.140500458,1,1,0,0,0,0
0.140669792,1,1,0,1,1,1
0.140698833,1,1,0,0,0,0
0.140868167,1,1,0,1,1,1
0.140897208,1,1,0,0,0,0
0.141066542,1,1,0,1,1,1
0.141095625,1,1,0,0,0,0
0.141264917,1,1,0,1,1,1
0.141294000,1,1,0,0,0,0
0.141463375,1,1,0,1,1,1
0.141492458,1,1,0,0,0,0
0.141661792,1,1,0,1,1,1
0.141690833,1,1,0,0,0,0
0.141860167,1,1,0,1,1,1
0.141889208,1,1,0,0,0,0
0.142058500,1,1,0,1,1,1
0.142087542,1,1,0,0,0,0
0.142256833,1,1,0,1,1,1
0.142285875,1,1,0,0,0,0
0.142455167,1,1,0,1,1,1
0.142484208,1,1,0,0,0,0
0.142653458,1,1,0,1,1,1
0.142682500,1,1,0,0,0,0
0.142851792,1,1,0,1,1,1
0.142880833,1,1,0,0,0,0
0.143050083,1,1,0,1,1,1
0.143079125,1,1,0,0,0,0
0.143248375,1,1,0,1,1,1
0.143277417,1,1,0,0,0,0
0.143446708,1,1,0,1,1,1
0.143475750,1,1,0,0,0,0
0.143645042,1,1,0,1,1,1
0.143674083,1,1,0,0,0,0
0.143843375,1,1,0,1,1,1
0.143872417,1,1,0,0,0,0
0.144041708,1,1,0,1,1,1
0.144070750,1,1,0,0,0,0
0.144240042,1,1,0,1,1,1
0.144269083,1,1,0,0,0,0
0.144438375,1,1,0,1,1,1
0.144467417,1,1,0,0,0,0
0.144636750,1,1,0,1,1,1
0.144665792,1,1,0,0,0,0
0.144835083,1,1,0,1,1,1
0.144864167,1,1,0,0,0,0
0.145033500,1,1,0,1,1,1
0.145062542,1,1,0,0,0,0
0.145231875,1,1,0,1,1,1
0.145260958,1,1,0,0,0,0
0.145430292,1,1,0,1,1,1
0.145459333,1,1,0,0,0,0
0.145628708,1,1,0,1,1,1
0.145657750,1,1,0,0,0,0
0.145827083,1,1,0,1,1,1
0.145856167,1,1,0,0,0,0
0.146025500,1,1,0,1,1,1
0.146054583,1,1,0,0,0,0
0.146223917,1,1,0,1,1,1
0.146253000,1,1,0,0,0,0
0.146422333,1,1,0,1,1,1
0.146451375,1,1,0,0,0,0
0.146620708,1,1,0,1,1,1
0.146649750,1,1,0,0,0,0
0.146819125,1,1,0,1,1,1
0.146848167,1,1,0,0,0,0
0.147017500,1,1,0,1,1,1
0.147046583,1,1,0,0,0,0
0.147215917,1,1,0,1,1,1
0.147244958,1,1,0,1,0,1
0.147245000,1,1,0,0,0,0
0.147414250,1,1,0,1,1,1
0.147443292,1,1,0,1,0,0
0.147443333,1,1,0,0,0,0
0.147612583,1,1,0,1,1,1
0.147641667,1,1,0,0,0,0
0.147810917,1,1,0,1,1,1
0.147839958,1,1,0,0,0,0
0.148009208,1,1,0,1,1,1
0.148038292,1,1,0,0,0,0
0.148207542,1,1,0,0,1,1
0.148207583,1,1,0,1,1,1
0.148236625,1,1,0,0,0,0
0.148405917,1,1,0,1,1,1
0.148435000,1,1,0,0,0,0
0.148604292,1,1,0,1,1,1
0.148633375,1,1,0,0,0,0
0.148802708,1,1,0,1,1,1
0.148831750,1,1,0,0,0,0
0.149001042,1,1,0,1,1,1
0.149030125,1,1,0,0,0,0
0.149199417,1,1,0,1,1,1
0.149228458,1,1,0,0,0,0
0.149397792,1,1,0,1,1,1
0.149426833,1,1,0,0,0,0
0.149596167,1,1,0,1,1,1
0.149625208,1,1,0,0,0,0
0.149794500,1,1,0,1,1,1
0.149823542,1,1,0,1,0,0
0.149823583,1,1,0,0,0,0
0.149992875,1,1,0,1,1,1
0.150021917,1,1,0,0,0,0
0.150191208,1,1,0,1,1,1
0.150220292,1,1,0,0,0,0
0.150389583,1,1,0,1,1,1
0.150418625,1,1,0,0,0,0
0.150587958,1,1,0,1,1,1
0.150617000,1,1,0,0,0,0
0.150786333,1,1,0,1,1,1
0.150815375,1,1,0,0,0,0
0.150984708,1,1,0,1,1,1
0.151013792,1,1,0,0,0,0
0.151183083,1,1,0,1,1,1
0.151212125,1,1,0,0,0,0
0.151381458,1,1,0,1,1,1
0.151410500,1,1,0,0,0,0
0.151579792,1,1,0,1,1,1
0.151608875,1,1,0,0,0,0
0.151778167,1,1,0,1,1,1
0.151807250,1,1,0,0,0,0
0.151976542,1,1,0,1,1,1
0.152005583,1,1,0,0,0,0
0.152174958,1,1,0,1,1,1
0.152204000,1,1,0,0,0,0
0.152373292,1,1,0,1,1,1
0.152402333,1,1,0,0,0,0
0.152571667,1,1,0,1,1,1
0.152600750,1,1,0,0,0,0
0.152770042,1,1,0,1,1,1
0.152799083,1,1,0,0,0,0
0.152968333,1,1,0,1,1,1
0.152997375,1,1,0,0,0,0
0.153166667,1,1,0,1,1,1
0.153195708,1,1,0,0,0,0
0.153364958,1,1,0,1,1,1
0.153394042,1,1,0,0,0,0
0.153563292,1,1,0,1,1,1
0.153592375,1,1,0,0,0,0
0.153761625,1,1,0,1,1,1
0.153790708,1,1,0,0,0,0
0.153959958,1,1,0,1,1,1
0.153989000,1,1,0,0,0,0
0.154158292,1,1,0,1,1,1
0.154187333,1,1,0,0,0,0
0.154356625,1,1,0,1,1,1
0.154385667,1,1,0,0,0,0
0.154554958,1,1,0,1,1,1
0.154584042,1,1,0,0,0,0
0.154753292,1,1,0,1,1,1
0.154782333,1,1,0,0,0,0
0.154951625,1,1,0,1,1,1
0.154980667,1,1,0,0,0,0
0.155149958,1,1,0,1,1,1
0.155179000,1,1,0,0,0,0
0.155348292,1,1,0,1,1,1
0.155377375,1,1,0,0,0,0
0.155546667,1,1,0,1,1,1
0.155575708,1,1,0,0,0,0
0.155745042,1,1,0,1,1,1
0.155774083,1,1,0,0,0,0
0.155943417,1,1,0,1,1,1
0.155972458,1,1,0,0,0,0
0.156141792,1,1,0,1,1,1
0.156170833,1,1,0,0,0,0
0.156340167,1,1,0,1,1,1
0.156369208,1,1,0,0,0,0
0.156538500,1,1,0,1,1,1
0.156567542,1,1,0,0,0,0
0.156736875,1,1,0,1,1,1
0.156765958,1,1,0,0,0,0
0.156935292,1,1,0,1,1,1
0.156964333,1,1,0,0,0,0
0.157133667,1,1,0,1,1,1
0.157162708,1,1,0,0,0,0
0.157332000,1,1,0,1,1,1
0.157361083,1,1,0,0,0,0
0.157530375,1,1,0,1,1,1
0.157559417,1,1,0,0,0,0
0.157728750,1,1,0,1,1,1
0.157757792,1,1,0,0,0,0
0.157927125,1,1,0,1,1,1
0.157956167,1,1,0,0,0,0
0.158125458,1,1,0,1,1,1
0.158154500,1,1,0,0,0,0
0.158323833,1,1,0,1,1,1
0.158352875,1,1,0,0,0,0
0.158522167,1,1,0,1,1,1
0.158551250,1,1,0,0,0,0
0.158720542,1,1,0,0,1,1
0.158720583,1,1,0,1,1,1
0.158749625,1,1,0,0,0,0
0.158919000,1,1,0,1,1,1
0.158948042,1,1,0,0,0,0
0.159117417,1,1,0,1,1,1
0.159146500,1,1,0,0,0,0
0.159315875,1,1,0,1,1,1
0.159344917,1,1,0,0,0,0
0.159514292,1,1,0,1,1,1
0.159543333,1,1,0,0,0,0
0.159712667,1,1,0,1,1,1
0.159741750,1,1,0,0,0,0
0.159911083,1,1,0,1,1,1
0.159940125,1,1,0,0,0,0
0.160109458,1,1,0,1,1,1
0.160138500,1,1,0,0,0,0
0.160307833,1,1,0,1,1,1
0.160336875,1,1,0,0,0,0
0.160506250,1,1,0,1,1,1
0.160535333,1,1,0,0,0,0
0.160704625,1,1,0,1,1,1
0.160733708,1,1,0,0,0,0
0.160903083,1,1,0,1,1,1
0.160932125,1,1,0,0,0,0
0.161101458,1,1,0,1,1,1
0.161130542,1,1,0,0,0,0
0.161299917,1,1,0,1,1,1
0.161329000,1,1,0,0,0,0
0.161498333,1,1,0,1,1,1
0.161527375,1,1,0,0,0,0
0.161696708,1,1,0,1,1,1
0.161725750,1,1,0,0,0,0
0.161895083,1,1,0,1,1,1
0.161924125,1,1,0,0,0,0
0.162093417,1,1,0,1,1,1
0.162122458,1,1,0,0,0,0
0.162291750,1,1,0,1,1,1
0.162320833,1,1,0,0,0,0
0.162490125,1,1,0,1,1,1
0.162519167,1,1,0,0,0,0
0.162688458,1,1,0,1,1,1
0.162717542,1,1,0,0,0,0
0.162886875,1,1,0,1,1,1
0.162915958,1,1,0,0,0,0
0.163085250,1,1,0,1,1,1
0.163114333,1,1,0,0,0,0
0.163283583,1,1,0,1,1,1
0.163312667,1,1,0,0,0,0
0.163481958,1,1,0,1,1,1
0.163511000,1,1,0,0,0,0
0.163680333,1,1,0,1,1,1
0.163709375,1,1,0,0,0,0
0.163878667,1,1,0,1,1,1
0.163907708,1,1,0,0,0,0
0.164077000,1,1,0,1,1,1
0.164106042,1,1,0,0,0,0
0.164275292,1,1,0,1,1,1
0.164304333,1,1,0,0,0,0
0.164473583,1,1,0,1,1,1
0.164502625,1,1,0,0,0,0
0.164671917,1,1,0,1,1,1
0.164700958,1,1,0,0,0,0
0.164870250,1,1,0,1,1,1
0.164899292,1,1,0,0,0,0
0.165068583,1,1,0,1,1,1
0.165097625,1,1,0,0,0,0
0.165266958,1,1,0,1,1,1
0.165296000,1,1,0,0,0,0
0.165465333,1,1,0,1,1,1
0.165494375,1,1,0,0,0,0
0.165663708,1,1,0,1,1,1
0.165692792,1,1,0,0,0,0
0.165862083,1,1,0,1,1,1
0.165891167,1,1,0,0,0,0
0.166060500,1,1,0,1,1,1
0.166089542,1,1,0,0,0,0
0.166258875,1,1,0,1,1,1
0.166287958,1,1,0,0,0,0
0.166457250,1,1,0,0,1,1
0.166457292,1,1,0,1,1,1
0.166486333,1,1,0,0,0,0
0.166655667,1,1,0,1,1,1
0.166684708,1,1,0,0,0,0
0.166854042,1,1,0,1,1,1
0.166883083,1,1,0,0,0,0
0.167052417,1,1,0,1,1,1
0.167081458,1,1,0,0,0,0
0.167250792,1,1,0,1,1,1
0.167279833,1,1,0,0,0,0
0.167449125,1,1,0,1,1,1
0.167478167,1,1,0,0,0,0
0.167647417,1,1,0,1,1,1
0.167676500,1,1,0,0,0,0
0.167845750,1,1,0,1,1,1
0.167874792,1,1,0,0,0,0
0.168044083,1,1,0,1,1,1
0.168073125,1,1,0,0,0,0
0.168242417,1,1,0,1,1,1
0.168271458,1,1,0,0,0,0
0.168440750,1,1,0,1,1,1
0.168469792,1,1,0,0,0,0
0.168639083,1,1,0,1,1,1
0.168668125,1,1,0,0,0,0
0.168837417,1,1,0,1,1,1
0.168866500,1,1,0,0,0,0
0.169035792,1,1,0,1,1,1
0.169064833,1,1,0,0,0,0
0.169234083,1,1,0,1,1,1
0.169263125,1,1,0,0,0,0
0.169432417,1,1,0,1,1,1
0.169461458,1,1,0,0,0,0
0.169630750,1,1,0,1,1,1
0.169659792,1,1,0,0,0,0
0.169829042,1,1,0,1,1,1
0.169858083,1,1,0,0,0,0
0.170027333,1,1,0,1,1,1
0.170056375,1,1,0,0,0,0
0.170225625,1,1,0,1,1,1
0.170254667,1,1,0,0,0,0
0.170423917,1,1,0,1,1,1
0.170452958,1,1,0,0,0,0
0.170622208,1,1,0,1,1,1
0.170651250,1,1,0,0,0,0
0.170820542,1,1,0,1,1,1
0.170849583,1,1,0,0,0,0
0.171018833,1,1,0,1,1,1
0.171047875,1,1,0,0,0,0
0.171217125,1,1,0,1,1,1
0.171246167,1,1,0,0,0,0
0.171415417,1,1,0,1,1,1
0.171444458,1,1,0,0,0,0
0.171613708,1,1,0,1,1,1
0.171642750,1,1,0,0,0,0
0.171811958,1,1,0,1,1,1
0.171841000,1,1,0,0,0,0
0.172010208,1,1,0,1,1,1
0.172039250,1,1,0,0,0,0
0.172208500,1,1,0,1,1,1
0.172237542,1,1,0,0,0,0
0.172406792,1,1,0,1,1,1
0.172435833,1,1,0,0,0,0
0.172605125,1,1,0,1,1,1
0.172634125,1,1,0,0,0,0
0.172803375,1,1,0,1,1,1
0.172832417,1,1,0,0,0,0
0.173001708,1,1,0,1,1,1
0.173030750,1,1,0,0,0,0
0.173200000,1,1,0,1,1,1
0.173229042,1,1,0,0,0,0
0.173398292,1,1,0,1,1,1
0.173427375,1,1,0,0,0,0
0.173596625,1,1,0,1,1,1
0.173625667,1,1,0,0,0,0
0.173794917,1,1,0,1,1,1
0.173823958,1,1,0,0,0,0
0.173993208,1,1,0,1,1,1
0.174022250,1,1,0,0,0,0
0.174191500,1,1,0,1,1,1
0.174220542,1,1,0,0,0,0
0.174389833,1,1,0,1,1,1
0.174418875,1,1,0,0,0,0
0.174588125,1,1,0,0,1,0
0.174588167,1,1,0,1,1,1
0.174617208,1,1,0,0,0,0
0.174786500,1,1,0,1,1,1
0.174815542,1,1,0,0,0,0
0.174984833,1,1,0,1,1,1
0.175013875,1,1,0,0,0,0
0.175183125,1,1,0,1,1,1
0.175212167,1,1,0,0,0,0
0.175381458,1,1,0,1,1,1
0.175410542,1,1,0,0,0,0
0.175579833,1,1,0,1,1,1
0.175608875,1,1,0,0,0,0
0.175778208,1,1,0,1,1,1
0.175807292,1,1,0,0,0,0
0.175976583,1,1,0,1,1,1
0.176005667,1,1,0,0,0,0
0.176174958,1,1,0,1,1,1
0.176204000,1,1,0,1,0,0
0.176204042,1,1,0,0,0,0
0.176373292,1,1,0,1,1,1
0.176402375,1,1,0,0,0,0
0.176571667,1,1,0,1,1,1
0.176600708,1,1,0,0,0,0
0.176770042,1,1,0,1,1,1
0.176799083,1,1,0,0,0,0
0.176968375,1,1,0,1,1,1
0.176997458,1,1,0,0,0,0
0.177166792,1,1,0,1,1,1
0.177195833,1,1,0,0,0,0
0.177365208,1,1,0,1,1,1
0.177394250,1,1,0,0,0,0
0.177563583,1,1,0,1,1,1
0.177592625,1,1,0,0,0,0
0.177761917,1,1,0,1,1,1
0.177790958,1,1,0,0,0,0
0.177960250,1,1,0,1,1,1
0.177989292,1,1,0,0,0,0
0.178158583,1,1,0,1,1,1
0.178187667,1,1,0,0,0,0
0.178357000,1,1,0,1,1,1
0.178386083,1,1,0,0,0,0
0.178555375,1,1,0,1,1,1
0.178584458,1,1,0,0,0,0
0.178753750,1,1,0,1,1,1
0.178782833,1,1,0,0,0,0
0.178952125,1,1,0,1,1,1
0.178981167,1,1,0,0,0,0
0.179150458,1,1,0,1,1,1
0.179179542,1,1,0,0,0,0
0.179348833,1,1,0,1,1,1
0.179377875,1,1,0,0,0,0
0.179547208,1,1,0,1,1,1
0.179576292,1,1,0,0,0,0
0.179745583,1,1,0,1,1,1
0.179774667,1,1,0,0,0,0
0.179944000,1,1,0,1,1,1
0.179973083,1,1,0,0,0,0
0.180142417,1,1,0,1,1,1
0.180171500,1,1,0,0,0,0
0.180340792,1,1,0,1,1,1
0.180369875,1,1,0,0,0,0
0.180539208,1,1,0,1,1,1
0.180568250,1,1,0,0,0,0
0.180737625,1,1,0,1,1,1
0.180766667,1,1,0,0,0,0
0.180936000,1,1,0,1,1,1
0.180965083,1,1,0,0,0,0
0.181134375,1,1,0,1,1,1
0.181163458,1,1,0,0,0,0
0.181332792,1,1,0,1,1,1
0.181361833,1,1,0,0,0,0
0.181531167,1,1,0,1,1,1
0.181560208,1,1,0,0,0,0
0.181729542,1,1,0,1,1,1
0.181758583,1,1,0,0,0,0
0.181927917,1,1,0,1,1,1
0.181956958,1,1,0,0,0,0
0.182126333,1,1,0,1,1,1
0.182155375,1,1,0,0,0,0
0.182324708,1,1,0,1,1,1
0.182353750,1,1,0,0,0,0
0.182523042,1,1,0,1,1,1
0.182552125,1,1,0,0,0,0
0.182721417,1,1,0,1,1,1
0.182750458,1,1,0,0,0,0
0.182919792,1,1,0,1,1,1
0.182948833,1,1,0,0,0,0
0.183118167,1,1,0,1,1,1
0.183147208,1,1,0,0,0,0
0.183316500,1,1,0,1,1,1
0.183345583,1,1,0,0,0,0
0.183514875,1,1,0,1,1,1
0.183543958,1,1,0,0,0,0
0.183713250,1,1,0,1,1,1
0.183742292,1,1,0,0,0,0
0.183911625,1,1,0,1,1,1
0.183940667,1,1,0,0,0,0
0.184109958,1,1,0,1,1,1
0.184139000,1,1,0,0,0,0
0.184308292,1,1,0,1,1,1
0.184337333,1,1,0,0,0,0
0.184506583,1,1,0,1,1,1
0.184535625,1,1,0,0,0,0
0.184704875,1,1,0,1,1,1
0.184733917,1,1,0,0,0,0
0.184903208,1,1,0,1,1,1
0.184932250,1,1,0,0,0,0
0.185101542,1,1,0,1,1,1
0.185130583,1,1,0,0,0,0
0.185299833,1,1,0,1,1,1
0.185328875,1,1,0,1,0,1
0.185328917,1,1,0,0,0,0
0.185498167,1,1,0,1,1,1
0.185527208,1,1,0,0,0,0
0.185696500,1,1,0,1,1,1
0.185725542,1,1,0,0,0,0
0.185894833,1,1,0,1,1,1
0.185923875,1,1,0,1,0,0
0.185923917,1,1,0,0,0,0
0.186093167,1,1,0,1,1,1
0.186122208,1,1,0,0,0,0
0.186291458,1,1,0,1,1,1
0.186320500,1,1,0,0,0,0
0.186489750,1,1,0,1,1,1
0.186518792,1,1,0,0,0,0
0.186688042,1,1,0,1,1,1
0.186717083,1,1,0,0,0,0
0.186886333,1,1,0,1,1,1
0.186915417,1,1,0,0,0,0
0.187084667,1,1,0,1,1,1
0.187113708,1,1,0,0,0,0
0.187282958,1,1,0,1,1,1
0.187312000,1,1,0,0,0,0
0.187481292,1,1,0,1,1,1
0.187510333,1,1,0,0,0,0
0.187679625,1,1,0,1,1,1
0.187708667,1,1,0,0,0,0
0.187877958,1,1,0,0,1,1
0.187878000,1,1,0,1,1,1
0.187907042,1,1,0,0,0,0
0.188076333,1,1,0,1,1,1
0.188105375,1,1,0,0,0,0
0.188274667,1,1,0,1,1,1
0.188303708,1,1,0,0,0,0
0.188473000,1,1,0,1,1,1
0.188502042,1,1,0,0,0,0
0.188671333,1,1,0,1,1,1
0.188700375,1,1,0,0,0,0
0.188869667,1,1,0,1,1,1
0.188898708,1,1,0,0,0,0
0.189068000,1,1,0,1,1,1
0.189097042,1,1,0,0,0,0
0.189266292,1,1,0,1,1,1
0.189295333,1,1,0,0,0,0
0.189464625,1,1,0,1,1,1
0.189493667,1,1,0,0,0,0
0.189662917,1,1,0,1,1,1
0.189691958,1,1,0,0,0,0
0.189861250,1,1,0,1,1,1
0.189890292,1,1,0,0,0,0
0.190059542,1,1,0,1,1,1
0.190088625,1,1,0,0,0,0
0.190257917,1,1,0,1,1,1
0.190286958,1,1,0,0,0,0
0.190456208,1,1,0,1,1,1
0.190485292,1,1,0,0,0,0
0.190654583,1,1,0,1,1,1
0.190683625,1,1,0,0,0,0
0.190852958,1,1,0,1,1,1
0.190882000,1,1,0,0,0,0
0.191051292,1,1,0,0,1,1
0.191051333,1,1,0,1,1,1
0.191080375,1,1,0,0,0,0
0.191249667,1,1,0,1,1,1
0.191278708,1,1,0,0,0,0
0.191448000,1,1,0,1,1,1
0.191477083,1,1,0,0,0,0
0.191646417,1,1,0,1,1,1
0.191675458,1,1,0,0,0,0
0.191844833,1,1,0,1,1,1
0.191873917,1,1,0,0,0,0
0.192043250,1,1,0,1,1,1
0.192072333,1,1,0,0,0,0
0.192241625,1,1,0,1,1,1
0.192270708,1,1,0,0,0,0
0.192440042,1,1,0,1,1,1
0.192469083,1,1,0,0,0,0
0.192638458,1,1,0,1,1,1
0.192667500,1,1,0,0,0,0
0.192836875,1,1,0,1,1,1
0.192865917,1,1,0,0,0,0
0.193035250,1,1,0,1,1,1
0.193064333,1,1,0,0,0,0
0.193233625,1,1,0,1,1,1
0.193262667,1,1,0,0,0,0
0.193432000,1,1,0,1,1,1
0.193461042,1,1,0,0,0,0
0.193630333,1,1,0,1,1,1
0.193659375,1,1,0,0,0,0
0.193828667,1,1,0,1,1,1
0.193857750,1,1,0,0,0,0
0.194027042,1,1,0,1,1,1
0.194056083,1,1,0,0,0,0
0.194225417,1,1,0,1,1,1
0.194254458,1,1,0,0,0,0
0.194423750,1,1,0,1,1,1
0.194452833,1,1,0,0,0,0
0.194622083,1,1,0,1,1,1
0.194651125,1,1,0,0,0,0
0.194820417,1,1,0,1,1,1
0.194849458,1,1,0,0,0,0
0.195018750,1,1,0,1,1,1
0.195047792,1,1,0,0,0,0
0.195217042,1,1,0,0,1,1
0.195217083,1,1,0,1,1,1
0.195246125,1,1,0,0,0,0
0.195415375,1,1,0,1,1,1
0.195444417,1,1,0,0,0,0
0.195613625,1,1,0,1,1,1
0.195642708,1,1,0,0,0,0
0.195811958,1,1,0,1,1,1
0.195841000,1,1,0,0,0,0
0.196010292,1,1,0,1,1,1
0.196039333,1,1,0,0,0,0
0.196208625,1,1,0,1,1,1
0.196237667,1,1,0,0,0,0
0.196406958,1,1,0,1,1,1
0.196436042,1,1,0,0,0,0
0.196605292,1,1,0,1,1,1
0.196634333,1,1,0,0,0,0
0.196803583,1,1,0,1,1,1
0.196832667,1,1,0,0,0,0
0.197001958,1,1,0,1,1,1
0.197031042,1,1,0,0,0,0
0.197200375,1,1,0,1,1,1
0.197229417,1,1,0,0,0,0
0.197398792,1,1,0,1,1,1
0.197427875,1,1,0,0,0,0
0.197597208,1,1,0,1,1,1
0.197626250,1,1,0,0,0,0
0.197795583,1,1,0,1,1,1
0.197824667,1,1,0,0,0,0
0.197994000,1,1,0,1,1,1
0.198023083,1,1,0,0,0,0
0.198192417,1,1,0,1,1,1
0.198221458,1,1,0,0,0,0
0.198390792,1,1,0,1,1,1
0.198419875,1,1,0,0,0,0
0.198589167,1,1,0,1,1,1
0.198618208,1,1,0,0,0,0
0.198787500,1,1,0,1,1,1
0.198816583,1,1,0,0,0,0
0.198985917,1,1,0,1,1,1
0.199014958,1,1,0,0,0,0
0.199184250,1,1,0,1,1,1
0.199213333,1,1,0,0,0,0
0.199382625,1,1,0,1,1,1
0.199411667,1,1,0,0,0,0
0.199580958,1,1,0,1,1,1
0.199610042,1,1,0,0,0,0
0.199779333,1,1,0,1,1,1
0.199808375,1,1,0,0,0,0
0.199977667,1,1,0,1,1,1
0.200006750,1,1,0,0,0,0
0.200176042,1,1,0,1,1,1
0.200205083,1,1,0,0,0,0
0.200374333,1,1,0,1,1,1
0.200403375,1,1,0,0,0,0
0.200572625,1,1,0,1,1,1
0.200601667,1,1,0,0,0,0
0.200770958,1,1,0,1,1,1
0.200800000,1,1,0,0,0,0
0.200969333,1,1,0,1,1,1
0.200998375,1,1,0,0,0,0
0.201167625,1,1,0,1,1,1
0.201196708,1,1,0,0,0,0
0.201365958,1,1,0,1,1,1
0.201395000,1,1,0,0,0,0
0.201564292,1,1,0,1,1,1
0.201593333,1,1,0,0,0,0
0.201762583,1,1,0,1,1,1
0.201791625,1,1,0,0,0,0
0.201960917,1,1,0,1,1,1
0.201989958,1,1,0,0,0,0
0.202159208,1,1,0,1,1,1
0.202188292,1,1,0,0,0,0
0.202357583,1,1,0,1,1,1
0.202386625,1,1,0,0,0,0
0.202555875,1,1,0,1,1,1
0.202584958,1,1,0,0,0,0
0.202754208,1,1,0,1,1,1
0.202783292,1,1,0,0,0,0
0.202952583,1,1,0,1,1,1
0.202981625,1,1,0,0,0,0
0.203150917,1,1,0,1,1,1
0.203179958,1,1,0,0,0,0
0.203349250,1,1,0,1,1,1
0.203378292,1,1,0,0,0,0
0.203547542,1,1,0,1,1,1
0.203576583,1,1,0,0,0,0
0.203745875,1,1,0,1,1,1
0.203774917,1,1,0,0,0,0
0.203944208,1,1,0,1,1,1
0.203973250,1,1,0,0,0,0
0.204142583,1,1,0,1,1,1
0.204171667,1,1,0,0,0,0
0.204340958,1,1,0,1,1,1
0.204370042,1,1,0,0,0,0
0.204539333,1,1,0,1,1,1
0.204568417,1,1,0,0,0,0
0.204737708,1,1,0,1,1,1
0.204766792,1,1,0,0,0,0
0.204936083,1,1,0,1,1,1
0.204965125,1,1,0,0,0,0
0.205134417,1,1,0,0,1,1
0.205134458,1,1,0,1,1,1
0.205163500,1,1,0,0,0,0
0.205332750,1,1,0,1,1,1
0.205361833,1,1,0,0,0,0
0.205531125,1,1,0,1,1,1
0.205560167,1,1,0,0,0,0
0.205729500,1,1,0,1,1,1
0.205758583,1,1,0,0,0,0
0.205927875,1,1,0,1,1,1
0.205956958,1,1,0,0,0,0
0.206126250,1,1,0,1,1,1
0.206155292,1,1,0,0,0,0
0.206324625,1,1,0,1,1,1
0.206353667,1,1,0,0,0,0
0.206523000,1,1,0,1,1,1
0.206552042,1,1,0,0,0,0
0.206721333,1,1,0,1,1,1
0.206750417,1,1,0,0,0,0
0.206919708,1,1,0,1,1,1
0.206948750,1,1,0,0,0,0
0.207118042,1,1,0,1,1,1
0.207147083,1,1,0,0,0,0
0.207316375,1,1,0,1,1,1
0.207345417,1,1,0,0,0,0
0.207514708,1,1,0,1,1,1
0.207543750,1,1,0,1,0,0
0.207543792,1,1,0,0,0,0
0.207713042,1,1,0,1,1,1
0.207742125,1,1,0,0,0,0
0.207911375,1,1,0,1,1,1
0.207940458,1,1,0,0,0,0
0.208109708,1,1,0,1,1,1
0.208138750,1,1,0,0,0,0
0.208308000,1,1,0,1,1,1
0.208337083,1,1,0,0,0,0
0.208506417,1,1,0,1,1,1
0.208535500,1,1,0,0,0,0
0.208704875,1,1,0,1,1,1
0.208733917,1,1,0,1,0,0
0.208733958,1,1,0,0,0,0
0.208903292,1,1,0,1,1,1
0.208932375,1,1,0,0,0,0
0.209101708,1,1,0,1,1,1
0.209130792,1,1,0,0,0,0
0.209300167,1,1,0,1,1,1
0.209329250,1,1,0,0,0,0
0.209498625,1,1,0,1,1,1
0.209527667,1,1,0,0,0,0
0.209697042,1,1,0,1,1,1
0.209726083,1,1,0,0,0,0
0.209895333,1,1,0,0,1,1
0.209895375,1,1,0,1,1,1
0.209924417,1,1,0,0,0,0
0.210093708,1,1,0,1,1,1
0.210122750,1,1,0,0,0,0
0.210292083,1,1,0,1,1,1
0.210321167,1,1,0,0,0,0
0.210490458,1,1,0,1,1,1
0.210519542,1,1,0,0,0,0
0.210688833,1,1,0,1,1,1
0.210717875,1,1,0,0,0,0
0.210887125,1,1,0,1,1,1
0.210916167,1,1,0,0,0,0
0.211085417,1,1,0,1,1,1
0.211114458,1,1,0,0,0,0
0.211283708,1,1,0,1,1,1
0.211312750,1,1,0,1,0,0
0.211312792,1,1,0,0,0,0
0.211482042,1,1,0,1,1,1
0.211511083,1,1,0,0,0,0
0.211680375,1,1,0,1,1,1
0.211709458,1,1,0,0,0,0
0.211878750,1,1,0,1,1,1
0.211907833,1,1,0,0,0,0
0.212077125,1,1,0,1,1,1
0.212106208,1,1,0,0,0,0
0.212275542,1,1,0,1,1,1
0.212304583,1,1,0,0,0,0
0.212473917,1,1,0,1,1,1
0.212502958,1,1,0,0,0,0
0.212672208,1,1,0,1,1,1
0.212701250,1,1,0,0,0,0
0.212870542,1,1,0,1,1,1
0.212899583,1,1,0,0,0,0
0.213068875,1,1,0,1,1,1
0.213097958,1,1,0,0,0,0
0.213267292,1,1,0,1,1,1
0.213296375,1,1,0,0,0,0
0.213465667,1,1,0,1,1,1
0.213494708,1,1,0,0,0,0
0.213664000,1,1,0,1,1,1
0.213693042,1,1,0,0,0,0
0.213862333,1,1,0,1,1,1
0.213891417,1,1,0,0,0,0
0.214060708,1,1,0,1,1,1
0.214089750,1,1,0,0,0,0
0.214259042,1,1,0,1,1,1
0.214288083,1,1,0,0,0,0
0.214457375,1,1,0,1,1,1
0.214486458,1,1,0,0,0,0
0.214655708,1,1,0,1,1,1
0.214684750,1,1,0,0,0,0
0.214854000,1,1,0,1,1,1
0.214883042,1,1,0,0,0,0
0.215052333,1,1,0,1,1,1
0.215081375,1,1,0,0,0,0
0.215250708,1,1,0,1,1,1
0.215279750,1,1,0,0,0,0
0.215449042,1,1,0,1,1,1
0.215478083,1,1,0,0,0,0
0.215647375,1,1,0,1,1,1
0.215676417,1,1,0,0,0,0
0.215845667,1,1,0,1,1,1
0.215874708,1,1,0,0,0,0
0.216043958,1,1,0,1,1,1
0.216073000,1,1,0,0,0,0
0.216242250,1,1,0,1,1,1
0.216271333,1,1,0,0,0,0
0.216440542,1,1,0,1,1,1
0.216469583,1,1,0,0,0,0
0.216638917,1,1,0,1,1,1
0.216668000,1,1,0,0,0,0
0.216837292,1,1,0,0,1,1
0.216837333,1,1,0,1,1,1
0.216866375,1,1,0,0,0,0
0.217035667,1,1,0,1,1,1
0.217064708,1,1,0,0,0,0
0.217234000,1,1,0,1,1,1
0.217263083,1,1,0,0,0,0
0.217432375,1,1,0,1,1,1
0.217461458,1,1,0,0,0,0
0.217630792,1,1,0,1,1,1
0.217659833,1,1,0,0,0,0
0.217829167,1,1,0,1,1,1
0.217858208,1,1,0,0,0,0
0.218027500,1,1,0,1,1,1
0.218056583,1,1,0,0,0,0
0.218225875,1,1,0,1,1,1
0.218254917,1,1,0,0,0,0
0.218424208,1,1,0,1,1,1
0.218453250,1,1,0,0,0,0
0.218622583,1,1,0,1,1,1
0.218651625,1,1,0,0,0,0
0.218820917,1,1,0,1,1,1
0.218849958,1,1,0,0,0,0
0.219019292,1,1,0,1,1,1
0.219048333,1,1,0,0,0,0
0.219217667,1,1,0,1,1,1
0.219246708,1,1,0,0,0,0
0.219416042,1,1,0,1,1,1
0.219445083,1,1,0,0,0,0
0.219614375,1,1,0,1,1,1
0.219643458,1,1,0,0,0,0
0.219812750,1,1,0,1,1,1
0.219841833,1,1,0,0,0,0
0.220011125,1,1,0,1,1,1
0.220040167,1,1,0,0,0,0
0.220209500,1,1,0,1,1,1
0.220238542,1,1,0,0,0,0
0.220407875,1,1,0,1,1,1
0.220436958,1,1,0,0,0,0
0.220606292,1,1,0,1,1,1
0.220635375,1,1,0,0,0,0
0.220804708,1,1,0,1,1,1
0.220833750,1,1,0,0,0,0
0.221003083,1,1,0,1,1,1
0.221032125,1,1,0,0,0,0
0.221201458,1,1,0,1,1,1
0.221230542,1,1,0,0,0,0
0.221399833,1,1,0,1,1,1
0.221428917,1,1,0,0,0,0
0.221598250,1,1,0,1,1,1
0.221627292,1,1,0,0,0,0
0.221796625,1,1,0,1,1,1
0.221825708,1,1,0,0,0,0
0.221995042,1,1,0,1,1,1
0.222024125,1,1,0,0,0,0
0.222193458,1,1,0,1,1,1
0.222222542,1,1,0,0,0,0
0.222391875,1,1,0,1,1,1
0.222420917,1,1,0,0,0,0
0.222590250,1,1,0,1,1,1
0.222619333,1,1,0,0,0,0
0.222788667,1,1,0,1,1,1
0.222817708,1,1,0,0,0,0
0.222987042,1,1,0,1,1,1
0.223016125,1,1,0,0,0,0
0.223185458,1,1,0,1,1,1
0.223214500,1,1,0,0,0,0
0.223383833,1,1,0,1,1,1
0.223412917,1,1,0,0,0,0
0.223582250,1,1,0,1,1,1
0.223611292,1,1,0,0,0,0
0.223780583,1,1,0,1,1,1
0.223809667,1,1,0,0,0,0
0.223978958,1,1,0,1,1,1
0.224008000,1,1,0,0,0,0
0.224177292,1,1,0,1,1,1
0.224206333,1,1,0,0,0,0
0.224375625,1,1,0,1,1,1
0.224404667,1,1,0,0,0,0
0.224573958,1,1,0,1,1,1
0.224603000,1,1,0,0,0,0
0.224772292,1,1,0,1,1,1
0.224801375,1,1,0,0,0,0
0.224970708,1,1,0,1,1,1
0.224999750,1,1,0,0,0,0
0.225169125,1,1,0,1,1,1
0.225198167,1,1,0,0,0,0
0.225367500,1,1,0,1,1,1
0.225396583,1,1,0,0,0,0
0.225565917,1,1,0,1,1,1
0.225594958,1,1,0,0,0,0
0.225764292,1,1,0,1,1,1
0.225793333,1,1,0,0,0,0
0.225962667,1,1,0,1,1,1
0.225991708,1,1,0,0,0,0
0.226161083,1,1,0,1,1,1
0.226190125,1,1,0,0,0,0
0.226359458,1,1,0,1,1,1
0.226388542,1,1,0,0,0,0
0.226557875,1,1,0,1,1,1
0.226586958,1,1,0,0,0,0
0.226756292,1,1,0,1,1,1
0.226785333,1,1,0,0,0,0
0.226954667,1,1,0,1,1,1
0.226983708,1,1,0,0,0,0
0.227153042,1,1,0,1,1,1
0.227182083,1,1,0,0,0,0
0.227351417,1,1,0,1,1,1
0.227380500,1,1,0,0,0,0
0.227549833,1,1,0,1,1,1
0.227578875,1,1,0,0,0,0
0.227748167,1,1,0,1,1,1
0.227777250,1,1,0,0,0,0
0.227946542,1,1,0,1,1,1
0.227975625,1,1,0,0,0,0
0.228144917,1,1,0,1,1,1
0.228173958,1,1,0,0,0,0
0.228343292,1,1,0,1,1,1
0.228372375,1,1,0,0,0,0
0.228541708,1,1,0,1,1,1
0.228570750,1,1,0,0,0,0
0.228740083,1,1,0,1,1,1
0.228769125,1,1,0,0,0,0
0.228938458,1,1,0,1,1,1
0.228967542,1,1,0,0,0,0
0.229136875,1,1,0,1,1,1
0.229165917,1,1,0,0,0,0
0.229335250,1,1,0,1,1,1
0.229364333,1,1,0,0,0,0
0.229533667,1,1,0,1,1,1
0.229562750,1,1,0,0,0,0
0.229732083,1,1,0,1,1,1
0.229761167,1,1,0,0,0,0
0.229930500,1,1,0,1,1,1
0.229959583,1,1,0,0,0,0
0.230128875,1,1,0,1,1,1
0.230157958,1,1,0,0,0,0
0.230327292,1,1,0,1,1,1
0.230356333,1,1,0,0,0,0
0.230525667,1,1,0,1,1,1
0.230554750,1,1,0,0,0,0
0.230724083,1,1,0,1,1,1
0.230753125,1,1,0,0,0,0
0.230922458,1,1,0,1,1,1
0.230951500,1,1,0,0,0,0
0.231120875,1,1,0,1,1,1
0.231149917,1,1,0,0,0,0
0.231319250,1,1,0,1,1,1
0.231348333,1,1,0,0,0,0
0.231517708,1,1,0,1,1,1
0.231546750,1,1,0,0,0,0
0.231716125,1,1,0,1,1,1
0.231745208,1,1,0,0,0,0
0.231914500,1,1,0,1,1,1
0.231943583,1,1,0,0,0,0
0.232112917,1,1,0,1,1,1
0.232142000,1,1,0,0,0,0
0.232311292,1,1,0,1,1,1
0.232340375,1,1,0,0,0,0
0.232509667,1,1,0,1,1,1
0.232538750,1,1,0,0,0,0
0.232708042,1,1,0,1,1,1
0.232737083,1,1,0,0,0,0
0.232906417,1,1,0,1,1,1
0.232935458,1,1,0,0,0,0
0.233104792,1,1,0,1,1,1
0.233133833,1,1,0,0,0,0
0.233303167,1,1,0,1,1,1
0.233332208,1,1,0,1,0,0
0.233332250,1,1,0,0,0,0
0.233501542,1,1,0,1,1,1
0.233530625,1,1,0,0,0,0
0.233699958,1,1,0,1,1,1
0.233729000,1,1,0,0,0,0
0.233898333,1,1,0,1,1,1
0.233927417,1,1,0,0,0,0
0.234096750,1,1,0,1,1,1
0.234125792,1,1,0,0,0,0
0.234295125,1,1,0,1,1,1
0.234324208,1,1,0,0,0,0
0.234493542,1,1,0,1,1,1
0.234522625,1,1,0,0,0,0
0.234691917,1,1,0,1,1,1
0.234721000,1,1,0,0,0,0
0.234890292,1,1,0,1,1,1
0.234919333,1,1,0,0,0,0
0.235088667,1,1,0,1,1,1
0.235117708,1,1,0,0,0,0
0.235286958,1,1,0,1,1,1
0.235316042,1,1,0,0,0,0
0.235485292,1,1,0,1,1,1
0.235514333,1,1,0,0,0,0
0.235683583,1,1,0,1,1,1
0.235712625,1,1,0,0,0,0
0.235881917,1,1,0,1,1,1
0.235910958,1,1,0,0,0,0
0.236080292,1,1,0,1,1,1
0.236109333,1,1,0,0,0,0
0.236278625,1,1,0,1,1,1
0.236307667,1,1,0,0,0,0
0.236477000,1,1,0,1,1,1
0.236506042,1,1,0,0,0,0
0.236675333,1,1,0,1,1,1
0.236704417,1,1,0,0,0,0
0.236873750,1,1,0,1,1,1
0.236902792,1,1,0,0,0,0
0.237072125,1,1,0,1,1,1
0.237101167,1,1,0,0,0,0
0.237270458,1,1,0,1,1,1
0.237299500,1,1,0,0,0,0
0.237468750,1,1,0,1,1,1
0.237497792,1,1,0,1,0,0
0.237497833,1,1,0,0,0,0
0.237667083,1,1,0,1,1,1
0.237696125,1,1,0,0,0,0
0.237865417,1,1,0,1,1,1
0.237894458,1,1,0,0,0,0
0.238063750,1,1,0,1,1,1
0.238092792,1,1,0,0,0,0
0.238262083,1,1,0,1,1,1
0.238291125,1,1,0,0,0,0
0.238460417,1,1,0,1,1,1
0.238489500,1,1,0,0,0,0
0.238658750,1,1,0,1,1,1
0.238687792,1,1,0,0,0,0
0.238857083,1,1,0,1,1,1
0.238886125,1,1,0,0,0,0
0.239055375,1,1,0,1,1,1
0.239084417,1,1,0,0,0,0
0.239253667,1,1,0,1,1,1
0.239282750,1,1,0,0,0,0
0.239452000,1,1,0,1,1,1
0.239481042,1,1,0,0,0,0
0.239650333,1,1,0,1,1,1
0.239679417,1,1,0,0,0,0
0.239848667,1,1,0,1,1,1
0.239877708,1,1,0,0,0,0
0.240046917,1,1,0,1,1,1
0.240075958,1,1,0,0,0,0
0.240245208,1,1,0,1,1,1
0.240274250,1,1,0,0,0,0
0.240443542,1,1,0,1,1,1
0.240472583,1,1,0,0,0,0
0.240641875,1,1,0,1,1,1
0.240670917,1,1,0,0,0,0
0.240840167,1,1,0,1,1,1
0.240869208,1,1,0,0,0,0
0.241038500,1,1,0,1,1,1
0.241067542,1,1,0,0,0,0
0.241236833,1,1,0,1,1,1
0.241265875,1,1,0,0,0,0
0.241435125,1,1,0,1,1,1
0.241464208,1,1,0,0,0,0
0.241633500,1,1,0,1,1,1
0.241662583,1,1,0,0,0,0
0.241831917,1,1,0,1,1,1
0.241861000,1,1,0,0,0,0
0.242030292,1,1,0,1,1,1
0.242059333,1,1,0,0,0,0
0.242228625,1,1,0,1,1,1
0.242257708,1,1,0,0,0,0
0.242427000,1,1,0,1,1,1
0.242456042,1,1,0,0,0,0
0.242625292,1,1,0,1,1,1
0.242654333,1,1,0,0,0,0
0.242823583,1,1,0,0,1,1
0.242823625,1,1,0,1,1,1
0.242852667,1,1,0,0,0,0
0.243021917,1,1,0,1,1,1
0.243051000,1,1,0,0,0,0
0.243220250,1,1,0,1,1,1
0.243249292,1,1,0,0,0,0
0.243418583,1,1,0,1,1,1
0.243447625,1,1,0,0,0,0
0.243616917,1,1,0,1,1,1
0.243645958,1,1,0,0,0,0
0.243815208,1,1,0,1,1,1
0.243844250,1,1,0,0,0,0
0.244013542,1,1,0,1,1,1
0.244042583,1,1,0,0,0,0
0.244211917,1,1,0,1,1,1
0.244240958,1,1,0,0,0,0
0.244410292,1,1,0,1,1,1
0.244439333,1,1,0,0,0,0
0.244608625,1,1,0,1,1,1
0.244637667,1,1,0,0,0,0
0.244807000,1,1,0,1,1,1
0.244836042,1,1,0,0,0,0
0.245005375,1,1,0,1,1,1
0.245034417,1,1,0,0,0,0
0.245203750,1,1,0,1,1,1
0.245232792,1,1,0,0,0,0
0.245402083,1,1,0,1,1,1
0.245431125,1,1,0,0,0,0
0.245600417,1,1,0,1,1,1
0.245629500,1,1,0,0,0,0
0.245798792,1,1,0,1,1,1
0.245827833,1,1,0,0,0,0
0.245997167,1,1,0,1,1,1
0.246026208,1,1,0,0,0,0
0.246195500,1,1,0,1,1,1
0.246224542,1,1,0,0,0,0
0.246393833,1,1,0,1,1,1
0.246422917,1,1,0,0,0,0
0.246592167,1,1,0,0,1,1
0.246592208,1,1,0,1,1,1
0.246621250,1,1,0,0,0,0
0.246790458,1,1,0,1,1,1
0.246819500,1,1,0,0,0,0
0.246988792,1,1,0,1,1,1
0.247017833,1,1,0,0,0,0
0.247187125,1,1,0,1,1,1
0.247216167,1,1,0,0,0,0
0.247385417,1,1,0,1,1,1
0.247414458,1,1,0,0,0,0
0.247583708,1,1,0,1,1,1
0.247612750,1,1,0,0,0,0
0.247782000,1,1,0,1,1,1
0.247811042,1,1,0,0,0,0
0.247980292,1,1,0,1,1,1
0.248009333,1,1,0,0,0,0
0.248178583,1,1,0,1,1,1
0.248207625,1,1,0,0,0,0
0.248376917,1,1,0,1,1,1
0.248405958,1,1,0,0,0,0
0.248575167,1,1,0,1,1,1
0.248604208,1,1,0,0,0,0
0.248773458,1,1,0,1,1,1
0.248802542,1,1,0,0,0,0
0.248971792,1,1,0,1,1,1
0.249000833,1,1,0,0,0,0
0.249170125,1,1,0,1,1,1
0.249199167,1,1,0,0,0,0
0.249368417,1,1,0,1,1,1
0.249397500,1,1,0,0,0,0
0.249566750,1,1,0,1,1,1
0.249595792,1,1,0,0,0,0
0.249765000,1,1,0,1,1,1
0.249794083,1,1,0,0,0,0
0.249963333,1,1,0,1,1,1
0.249992375,1,1,0,0,0,0
0.250161667,1,1,0,1,1,1
0.250190708,1,1,0,0,0,0
0.250360000,1,1,0,1,1,1
0.250389083,1,1,0,0,0,0
0.250558375,1,1,0,1,1,1
0.250587417,1,1,0,0,0,0
0.250756708,1,1,0,1,1,1
0.250785792,1,1,0,0,0,0
0.250955125,1,1,0,1,1,1
0.250984167,1,1,0,0,0,0
0.251153458,1,1,0,1,1,1
0.251182542,1,1,0,0,0,0
0.251351833,1,1,0,1,1,1
0.251380875,1,1,0,0,0,0
0.251550208,1,1,0,1,1,1
0.251579292,1,1,0,0,0,0
0.251748583,1,1,0,0,1,1
0.251748625,1,1,0,1,1,1
0.251777667,1,1,0,0,0,0
0.251946917,1,1,0,1,1,1
0.251975958,1,1,0,0,0,0
0.252145208,1,1,0,1,1,1
0.252174250,1,1,0,0,0,0
0.252343458,1,1,0,1,1,1
0.252372500,1,1,0,0,0,0
0.252541708,1,1,0,1,1,1
0.252570750,1,1,0,0,0,0
0.252740042,1,1,0,1,1,1
0.252769083,1,1,0,0,0,0
0.252938333,1,1,0,1,1,1
0.252967375,1,1,0,0,0,0
0.253136625,1,1,0,1,1,1
0.253165667,1,1,0,0,0,0
0.253334917,1,1,0,1,1,1
0.253363958,1,1,0,0,0,0
0.253533208,1,1,0,1,1,1
0.253562250,1,1,0,0,0,0
0.253731458,1,1,0,1,1,1
0.253760500,1,1,0,0,0,0
0.253929708,1,1,0,1,1,1
0.253958750,1,1,0,0,0,0
0.254128000,1,1,0,1,1,1
0.254157042,1,1,0,1,0,0
0.254157083,1,1,0,0,0,0
0.254326333,1,1,0,1,1,1
0.254355375,1,1,0,0,0,0
0.254524625,1,1,0,1,1,1
0.254553667,1,1,0,0,0,0
0.254722917,1,1,0,1,1,1
0.254752000,1,1,0,0,0,0
0.254921250,1,1,0,1,1,1
0.254950292,1,1,0,0,0,0
0.255119542,1,1,0,1,1,1
0.255148583,1,1,0,0,0,0
0.255317875,1,1,0,1,1,1
0.255346917,1,1,0,0,0,0
0.255516125,1,1,0,1,1,1
0.255545167,1,1,0,0,0,0
0.255714417,1,1,0,1,1,1
0.255743458,1,1,0,0,0,0
0.255912708,1,1,0,1,1,1
0.255941750,1,1,0,0,0,0
0.256111000,1,1,0,1,1,1
0.256140042,1,1,0,0,0,0
0.256309333,1,1,0,1,1,1
0.256338375,1,1,0,0,0,0
0.256507667,1,1,0,1,1,1
0.256536708,1,1,0,0,0,0
0.256706042,1,1,0,1,1,1
0.256735083,1,1,0,0,0,0
0.256904375,1,1,0,1,1,1
0.256933417,1,1,0,0,0,0
0.257102708,1,1,0,1,1,1
0.257131792,1,1,0,0,0,0
0.257301042,1,1,0,1,1,1
0.257330083,1,1,0,0,0,0
0.257499375,1,1,0,1,1,1
0.257528417,1,1,0,0,0,0
0.257697667,1,1,0,1,1,1
0.257726750,1,1,0,0,0,0
0.257896042,1,1,0,1,1,1
0.257925083,1,1,0,0,0,0
0.258094417,1,1,0,1,1,1
0.258123458,1,1,0,0,0,0
0.258292750,1,1,0,1,1,1
0.258321792,1,1,0,0,0,0
0.258491083,1,1,0,1,1,1
0.258520125,1,1,0,1,0,1
0.258520167,1,1,0,0,0,0
0.258689417,1,1,0,1,1,1
0.258718458,1,1,0,0,0,0
0.258887708,1,1,0,1,1,1
0.258916792,1,1,0,0,0,0
0.259086083,1,1,0,1,1,1
0.259115125,1,1,0,0,0,0
0.259284417,1,1,0,1,1,1
0.259313458,1,1,0,0,0,0
0.259482750,1,1,0,1,1,1
0.259511792,1,1,0,0,0,0
0.259681125,1,1,0,1,1,1
0.259710167,1,1,0,0,0,0
0.259879458,1,1,0,1,1,1
0.259908542,1,1,0,0,0,0
0.260077833,1,1,0,1,1,1
0.260106917,1,1,0,0,0,0
0.260276208,1,1,0,1,1,1
0.260305250,1,1,0,0,0,0
0.260474542,1,1,0,1,1,1
0.260503583,1,1,0,0,0,0
0.260672875,1,1,0,1,1,1
0.260701917,1,1,0,0,0,0
0.260871167,1,1,0,1,1,1
0.260900208,1,1,0,0,0,0
0.261069458,1,1,0,1,1,1
0.261098500,1,1,0,0,0,0
0.261267792,1,1,0,1,1,1
0.261296833,1,1,0,0,0,0
0.261466083,1,1,0,1,1,1
0.261495125,1,1,0,0,0,0
0.261664458,1,1,0,1,1,1
0.261693500,1,1,0,0,0,0
0.261862750,1,1,0,1,1,1
0.261891833,1,1,0,0,0,0
0.262061083,1,1,0,1,1,1
0.262090167,1,1,0,0,0,0
0.262259458,1,1,0,1,1,1
0.262288500,1,1,0,0,0,0
0.262457833,1,1,0,1,1,1
0.262486875,1,1,0,0,0,0
0.262656167,1,1,0,1,1,1
0.262685208,1,1,0,0,0,0
0.262854500,1,1,0,1,1,1
0.262883542,1,1,0,0,0,0
0.263052792,1,1,0,1,1,1
0.263081875,1,1,0,0,0,0
0.263251208,1,1,0,1,1,1
0.263280250,1,1,0,0,0,0
0.263449583,1,1,0,1,1,1
0.263478625,1,1,0,0,0,0
0.263647958,1,1,0,1,1,1
0.263677000,1,1,0,0,0,0
0.263846292,1,1,0,1,1,1
0.263875333,1,1,0,0,0,0
0.264044625,1,1,0,1,1,1
0.264073667,1,1,0,0,0,0
0.264242958,1,1,0,1,1,1
0.264272000,1,1,0,0,0,0
0.264441250,1,1,0,1,1,1
0.264470292,1,1,0,0,0,0
0.264639583,1,1,0,1,1,1
0.264668625,1,1,0,0,0,0
0.264837917,1,1,0,1,1,1
0.264866958,1,1,0,0,0,0
0.265036208,1,1,0,1,1,1
0.265065250,1,1,0,0,0,0
0.265234542,1,1,0,1,1,1
0.265263583,1,1,0,0,0,0
0.265432833,1,1,0,1,1,1
0.265461875,1,1,0,1,0,0
0.265461917,1,1,0,0,0,0
0.265631167,1,1,0,1,1,1
0.265660208,1,1,0,0,0,0
0.265829500,1,1,0,1,1,1
0.265858583,1,1,0,0,0,0
0.266027833,1,1,0,1,1,1
0.266056917,1,1,0,0,0,0
0.266226208,1,1,0,1,1,1
0.266255292,1,1,0,0,0,0
0.266424542,1,1,0,1,1,1
0.266453583,1,1,0,1,0,0
0.266453625,1,1,0,0,0,0
0.266622917,1,1,0,1,1,1
0.266652000,1,1,0,0,0,0
0.266821292,1,1,0,1,1,1
0.266850375,1,1,0,0,0,0
0.267019708,1,1,0,1,1,1
0.267048750,1,1,0,0,0,0
0.267218083,1,1,0,1,1,1
0.267247125,1,1,0,0,0,0
0.267416375,1,1,0,1,1,1
0.267445417,1,1,0,0,0,0
0.267614708,1,1,0,1,1,1
0.267643750,1,1,0,0,0,0
0.267813083,1,1,0,1,1,1
0.267842125,1,1,0,0,0,0
0.268011417,1,1,0,1,1,1
0.268040458,1,1,0,0,0,0
0.268209792,1,1,0,1,1,1
0.268238833,1,1,0,0,0,0
0.268408125,1,1,0,1,1,1
0.268437167,1,1,0,0,0,0
0.268606500,1,1,0,1,1,1
0.268635583,1,1,0,0,0,0
0.268804917,1,1,0,1,1,1
0.268833958,1,1,0,0,0,0
0.269003292,1,1,0,1,1,1
0.269032333,1,1,0,0,0,0
0.269201667,1,1,0,1,1,1
0.269230708,1,1,0,0,0,0
0.269400042,1,1,0,1,1,1
0.269429083,1,1,0,0,0,0
0.269598417,1,1,0,1,1,1
0.269627500,1,1,0,0,0,0
0.269796792,1,1,0,1,1,1
0.269825833,1,1,0,0,0,0
0.269995208,1,1,0,1,1,1
0.270024250,1,1,0,0,0,0
0.270193583,1,1,0,1,1,1
0.270222625,1,1,0,0,0,0
0.270391917,1,1,0,1,1,1
0.270421000,1,1,0,0,0,0
0.270590333,1,1,0,1,1,1
0.270619417,1,1,0,0,0,0
0.270788792,1,1,0,1,1,1
0.270817833,1,1,0,0,0,0
0.270987167,1,1,0,1,1,1
0.271016208,1,1,0,0,0,0
0.271185583,1,1,0,1,1,1
0.271214625,1,1,0,0,0,0
0.271383958,1,1,0,1,1,1
0.271413042,1,1,0,0,0,0
0.271582333,1,1,0,1,1,1
0.271611417,1,1,0,0,0,0
0.271780708,1,1,0,1,1,1
0.271809792,1,1,0,0,0,0
0.271979125,1,1,0,1,1,1
0.272008167,1,1,0,0,0,0
0.272177458,1,1,0,1,1,1
0.272206500,1,1,0,0,0,0
0.272375792,1,1,0,1,1,1
0.272404875,1,1,0,0,0,0
0.272574167,1,1,0,1,1,1
0.272603208,1,1,0,0,0,0
0.272772500,1,1,0,1,1,1
0.272801583,1,1,0,0,0,0
0.272970875,1,1,0,1,1,1
0.272999958,1,1,0,0,0,0
0.273169292,1,1,0,1,1,1
0.273198333,1,1,0,0,0,0
0.273367667,1,1,0,1,1,1
0.273396708,1,1,0,0,0,0
0.273566042,1,1,0,1,1,1
0.273595083,1,1,0,0,0,0
0.273764375,1,1,0,1,1,1
0.273793417,1,1,0,1,0,0
0.273793458,1,1,0,0,0,0
0.273962708,1,1,0,1,1,1
0.273991750,1,1,0,0,0,0
0.274161000,1,1,0,1,1,1
0.274190083,1,1,0,0,0,0
0.274359333,1,1,0,1,1,1
0.274388417,1,1,0,0,0,0
0.274557708,1,1,0,1,1,1
0.274586750,1,1,0,0,0,0
0.274756042,1,1,0,1,1,1
0.274785083,1,1,0,0,0,0
0.274954375,1,1,0,1,1,1
0.274983417,1,1,0,0,0,0
0.275152708,1,1,0,1,1,1
0.275181750,1,1,0,0,0,0
0.275351042,1,1,0,1,1,1
0.275380083,1,1,0,0,0,0
0.275549375,1,1,0,1,1,1
0.275578417,1,1,0,0,0,0
0.275747708,1,1,0,1,1,1
0.275776750,1,1,0,0,0,0
0.275946042,1,1,0,1,1,1
0.275975083,1,1,0,0,0,0
0.276144333,1,1,0,1,1,1
0.276173417,1,1,0,0,0,0
0.276342667,1,1,0,1,1,1
0.276371750,1,1,0,0,0,0
0.276541042,1,1,0,1,1,1
0.276570083,1,1,0,0,0,0
0.276739375,1,1,0,1,1,1
0.276768458,1,1,0,0,0,0
0.276937708,1,1,0,1,1,1
0.276966750,1,1,0,0,0,0
0.277136000,1,1,0,1,1,1
0.277165042,1,1,0,1,0,0
0.277165083,1,1,0,0,0,0
0.277334333,1,1,0,1,1,1
0.277363417,1,1,0,0,0,0
0.277532750,1,1,0,1,1,1
0.277561792,1,1,0,0,0,0
0.277731167,1,1,0,1,1,1
0.277760208,1,1,0,0,0,0
0.277929542,1,1,0,1,1,1
0.277958583,1,1,0,0,0,0
0.278127917,1,1,0,1,1,1
0.278156958,1,1,0,0,0,0
0.278326292,1,1,0,1,1,1
0.278355333,1,1,0,0,0,0
0.278524667,1,1,0,1,1,1
0.278553708,1,1,0,0,0,0
0.278723000,1,1,0,1,1,1
0.278752083,1,1,0,0,0,0
0.278921417,1,1,0,1,1,1
0.278950500,1,1,0,0,0,0
0.279119833,1,1,0,1,1,1
0.279148917,1,1,0,0,0,0
0.279318250,1,1,0,1,1,1
0.279347333,1,1,0,0,0,0
0.279516667,1,1,0,1,1,1
0.279545750,1,1,0,0,0,0
0.279715125,1,1,0,1,1,1
0.279744208,1,1,0,0,0,0
0.279913542,1,1,0,1,1,1
0.279942625,1,1,0,0,0,0
0.280111917,1,1,0,1,1,1
0.280140958,1,1,0,0,0,0
0.280310292,1,1,0,1,1,1
0.280339333,1,1,0,0,0,0
0.280508625,1,1,0,1,1,1
0.280537708,1,1,0,0,0,0
0.280707000,1,1,0,1,1,1
0.280736083,1,1,0,0,0,0
0.280905375,1,1,0,1,1,1
0.280934417,1,1,0,0,0,0
0.281103708,1,1,0,1,1,1
0.281132792,1,1,0,0,0,0
0.281302042,1,1,0,1,1,1
0.281331125,1,1,0,0,0,0
0.281500375,1,1,0,1,1,1
0.281529458,1,1,0,0,0,0
0.281698708,1,1,0,1,1,1
0.281727792,1,1,0,0,0,0
0.281897042,1,1,0,1,1,1
0.281926083,1,1,0,0,0,0
0.282095375,1,1,0,1,1,1
0.282124417,1,1,0,0,0,0
0.282293708,1,1,0,1,1,1
0.282322750,1,1,0,0,0,0
0.282492042,1,1,0,1,1,1
0.282521083,1,1,0,0,0,0
0.282690417,1,1,0,1,1,1
0.282719458,1,1,0,0,0,0
0.282888708,1,1,0,1,1,1
0.282917792,1,1,0,0,0,0
0.283087042,1,1,0,1,1,1
0.283116083,1,1,0,0,0,0
0.283285375,1,1,0,1,1,1
0.283314458,1,1,0,0,0,0
0.283483792,1,1,0,1,1,1
0.283512833,1,1,0,0,0,0
0.283682125,1,1,0,1,1,1
0.283711167,1,1,0,0,0,0
0.283880458,1,1,0,1,1,1
0.283909500,1,1,0,0,0,0
0.284078792,1,1,0,1,1,1
0.284107833,1,1,0,0,0,0
0.284277083,1,1,0,1,1,1
0.284306125,1,1,0,0,0,0
0.284475417,1,1,0,1,1,1
0.284504458,1,1,0,0,0,0
0.284673750,1,1,0,1,1,1
0.284702792,1,1,0,1,0,1
0.284702833,1,1,0,0,0,0
0.284872167,1,1,0,1,1,1
0.284901208,1,1,0,0,0,0
0.285070542,1,1,0,1,1,1
0.285099625,1,1,0,0,0,0
0.285268958,1,1,0,1,1,1
0.285298000,1,1,0,0,0,0
0.285467333,1,1,0,1,1,1
0.285496375,1,1,0,0,0,0
0.285665708,1,1,0,1,1,1
0.285694750,1,1,0,0,0,0
0.285864083,1,1,0,1,1,1
0.285893125,1,1,0,0,0,0
0.286062458,1,1,0,1,1,1
0.286091542,1,1,0,0,0,0
0.286260875,1,1,0,1,1,1
0.286289917,1,1,0,0,0,0
0.286459250,1,1,0,1,1,1
0.286488333,1,1,0,0,0,0
0.286657625,1,1,0,1,1,1
0.286686667,1,1,0,0,0,0
0.286855958,1,1,0,1,1,1
0.286885000,1,1,0,0,0,0
0.287054292,1,1,0,1,1,1
0.287083333,1,1,0,0,0,0
0.287252583,1,1,0,1,1,1
0.287281625,1,1,0,0,0,0
0.287450917,1,1,0,1,1,1
0.287479958,1,1,0,0,0,0
0.287649208,1,1,0,0,1,0
0.287649250,1,1,0,1,1,1
0.287678292,1,1,0,0,0,0
0.287847542,1,1,0,1,1,1
0.287876583,1,1,0,0,0,0
0.288045875,1,1,0,1,1,1
0.288074917,1,1,0,0,0,0
0.288244208,1,1,0,1,1,1
0.288273292,1,1,0,0,0,0
0.288442667,1,1,0,1,1,1
0.288471708,1,1,0,0,0,0
0.288641042,1,1,0,1,1,1
0.288670125,1,1,0,0,0,0
0.288839500,1,1,0,1,1,1
0.288868542,1,1,0,0,0,0
0.289037875,1,1,0,1,1,1
0.289066958,1,1,0,0,0,0
0.289236250,1,1,0,1,1,1
0.289265333,1,1,0,0,0,0
0.289434708,1,1,0,1,1,1
0.289463750,1,1,0,0,0,0
0.289633083,1,1,0,1,1,1
0.289662125,1,1,0,0,0,0
0.289831458,1,1,0,1,1,1
0.289860500,1,1,0,0,0,0
0.290029833,1,1,0,1,1,1
0.290058875,1,1,0,0,0,0
0.290228125,1,1,0,1,1,1
0.290257208,1,1,0,0,0,0
0.290426458,1,1,0,1,1,1
0.290455500,1,1,0,0,0,0
0.290624792,1,1,0,1,1,1
0.290653833,1,1,0,0,0,0
0.290823125,1,1,0,1,1,1
0.290852167,1,1,0,0,0,0
0.291021458,1,1,0,1,1,1
0.291050500,1,1,0,0,0,0
0.291219833,1,1,0,1,1,1
0.291248875,1,1,0,0,0,0
0.291418167,1,1,0,1,1,1
0.291447208,1,1,0,0,0,0
0.291616500,1,1,0,1,1,1
0.291645542,1,1,0,0,0,0
0.291814875,1,1,0,1,1,1
0.291843917,1,1,0,0,0,0
0.292013208,1,1,0,1,1,1
0.292042292,1,1,0,0,0,0
0.292211583,1,1,0,1,1,1
0.292240625,1,1,0,0,0,0
0.292409917,1,1,0,1,1,1
0.292438958,1,1,0,0,0,0
0.292608250,1,1,0,1,1,1
0.292637292,1,1,0,0,0,0
0.292806583,1,1,0,1,1,1
0.292835667,1,1,0,0,0,0
0.293004917,1,1,0,1,1,1
0.293033958,1,1,0,0,0,0
0.293203292,1,1,0,1,1,1
0.293232333,1,1,0,0,0,0
0.293401667,1,1,0,1,1,1
0.293430708,1,1,0,0,0,0
0.293600000,1,1,0,1,1,1
0.293629083,1,1,0,0,0,0
0.293798375,1,1,0,1,1,1
0.293827417,1,1,0,0,0,0
0.293996708,1,1,0,1,1,1
0.294025750,1,1,0,0,0,0
0.294195042,1,1,0,1,1,1
0.294224083,1,1,0,0,0,0
0.294393333,1,1,0,0,1,1
0.294393375,1,1,0,1,1,1
0.294422417,1,1,0,0,0,0
0.294591667,1,1,0,1,1,1
0.294620750,1,1,0,0,0,0
0.294790000,1,1,0,1,1,1
0.294819042,1,1,0,0,0,0
0.294988333,1,1,0,1,1,1
0.295017417,1,1,0,0,0,0
0.295186708,1,1,0,1,1,1
0.295215750,1,1,0,0,0,0
0.295384958,1,1,0,0,1,1
0.295385000,1,1,0,1,1,1
0.295414042,1,1,0,0,0,0
0.295583250,1,1,0,1,1,1
0.295612292,1,1,0,0,0,0
0.295781500,1,1,0,1,1,1
0.295810542,1,1,0,1,0,1
0.295810583,1,1,0,0,0,0
0.295979792,1,1,0,1,1,1
0.296008833,1,1,0,0,0,0
0.296178042,1,1,0,1,1,1
0.296207083,1,1,0,0,0,0
0.296376333,1,1,0,1,1,1
0.296405375,1,1,0,0,0,0
0.296574583,1,1,0,1,1,1
0.296603625,1,1,0,1,0,0
0.296603667,1,1,0,0,0,0
0.296772875,1,1,0,1,1,1
0.296801917,1,1,0,0,0,0
0.296971167,1,1,0,1,1,1
0.297000208,1,1,0,0,0,0
0.297169417,1,1,0,1,1,1
0.297198458,1,1,0,0,0,0
0.297367708,1,1,0,1,1,1
0.297396750,1,1,0,0,0,0
0.297566000,1,1,0,1,1,1
0.297595042,1,1,0,1,0,0
0.297595083,1,1,0,0,0,0
0.297764333,1,1,0,1,1,1
0.297793375,1,1,0,0,0,0
0.297962625,1,1,0,1,1,1
0.297991667,1,1,0,0,0,0
0.298160875,1,1,0,1,1,1
0.298189917,1,1,0,0,0,0
0.298359167,1,1,0,1,1,1
0.298388208,1,1,0,0,0,0
0.298557500,1,1,0,1,1,1
0.298586542,1,1,0,0,0,0
0.298755833,1,1,0,1,1,1
0.298784875,1,1,0,0,0,0
0.298954167,1,1,0,1,1,1
0.298983208,1,1,0,0,0,0
0.299152458,1,1,0,1,1,1
0.299181500,1,1,0,0,0,0
0.299350792,1,1,0,1,1,1
0.299379833,1,1,0,0,0,0
0.299549042,1,1,0,1,1,1
0.299578083,1,1,0,0,0,0
0.299747417,1,1,0,1,1,1
0.299776458,1,1,0,0,0,0
0.299945750,1,1,0,1,1,1
0.299974792,1,1,0,0,0,0
0.300144083,1,1,0,1,1,1
0.300173167,1,1,0,0,0,0
0.300342458,1,1,0,1,1,1
0.300371500,1,1,0,0,0,0
0.300540792,1,1,0,1,1,1
0.300569875,1,1,0,0,0,0
0.300739167,1,1,0,1,1,1
0.300768208,1,1,0,0,0,0
0.300937500,1,1,0,1,1,1
0.300966583,1,1,0,0,0,0
0.301135917,1,1,0,1,1,1
0.301164958,1,1,0,0,0,0
0.301334292,1,1,0,1,1,1
0.301363333,1,1,0,0,0,0
0.301532667,1,1,0,1,1,1
0.301561708,1,1,0,0,0,0
0.301730958,1,1,0,1,1,1
0.301760000,1,1,0,0,0,0
0.301929292,1,1,0,1,1,1
0.301958333,1,1,0,0,0,0
0.302127625,1,1,0,1,1,1
0.302156667,1,1,0,0,0,0
0.302325917,1,1,0,1,1,1
0.302354958,1,1,0,0,0,0
0.302524208,1,1,0,1,1,1
0.302553250,1,1,0,0,0,0
0.302722542,1,1,0,1,1,1
0.302751583,1,1,0,0,0,0
0.302920792,1,1,0,1,1,1
0.302949833,1,1,0,0,0,0
0.303119083,1,1,0,1,1,1
0.303148125,1,1,0,0,0,0
0.303317375,1,1,0,1,1,1
0.303346417,1,1,0,0,0,0
0.303515667,1,1,0,1,1,1
0.303544750,1,1,0,0,0,0
0.303714000,1,1,0,1,1,1
0.303743042,1,1,0,0,0,0
0.303912250,1,1,0,1,1,1
0.303941292,1,1,0,0,0,0
0.304110542,1,1,0,1,1,1
0.304139583,1,1,0,0,0,0
0.304308792,1,1,0,1,1,1
0.304337833,1,1,0,0,0,0
0.304507042,1,1,0,1,1,1
0.304536083,1,1,0,0,0,0
0.304705292,1,1,0,1,1,1
0.304734333,1,1,0,0,0,0
0.304903583,1,1,0,1,1,1
0.304932625,1,1,0,0,0,0
0.305101833,1,1,0,1,1,1
0.305130875,1,1,0,0,0,0
0.305300167,1,1,0,1,1,1
0.305329208,1,1,0,0,0,0
0.305498500,1,1,0,1,1,1
0.305527542,1,1,0,0,0,0
0.305696792,1,1,0,1,1,1
0.305725875,1,1,0,0,0,0
0.305895167,1,1,0,1,1,1
0.305924208,1,1,0,0,0,0
0.306093500,1,1,0,1,1,1
0.306122583,1,1,0,0,0,0
0.306291833,1,1,0,1,1,1
0.306320875,1,1,0,0,0,0
0.306490125,1,1,0,1,1,1
0.306519167,1,1,0,0,0,0
0.306688417,1,1,0,1,1,1
0.306717458,1,1,0,0,0,0
0.306886750,1,1,0,1,1,1
0.306915792,1,1,0,0,0,0
0.307085042,1,1,0,1,1,1
0.307114083,1,1,0,0,0,0
0.307283417,1,1,0,1,1,1
0.307312458,1,1,0,0,0,0
0.307481708,1,1,0,1,1,1
0.307510750,1,1,0,0,0,0
0.307680000,1,1,0,1,1,1
0.307709042,1,1,0,0,0,0
0.307878333,1,1,0,1,1,1
0.307907375,1,1,0,0,0,0
0.308076667,1,1,0,1,1,1
0.308105708,1,1,0,0,0,0
0.308275000,1,1,0,1,1,1
0.308304042,1,1,0,0,0,0
0.308473375,1,1,0,1,1,1
0.308502417,1,1,0,0,0,0
0.308671708,1,1,0,1,1,1
0.308700750,1,1,0,0,0,0
0.308870042,1,1,0,1,1,1
0.308899083,1,1,0,0,0,0
0.309068375,1,1,0,1,1,1
0.309097458,1,1,0,0,0,0
0.309266750,1,1,0,1,1,1
0.309295792,1,1,0,0,0,0
0.309465042,1,1,0,1,1,1
0.309494083,1,1,0,0,0,0
0.309663292,1,1,0,1,1,1
0.309692333,1,1,0,0,0,0
0.309861583,1,1,0,1,1,1
0.309890625,1,1,0,0,0,0
0.310059875,1,1,0,1,1,1
0.310088958,1,1,0,0,0,0
0.310258208,1,1,0,1,1,1
0.310287250,1,1,0,0,0,0
0.310456500,1,1,0,1,1,1
0.310485542,1,1,0,0,0,0
0.310654792,1,1,0,1,1,1
0.310683833,1,1,0,0,0,0
0.310853083,1,1,0,1,1,1
0.310882125,1,1,0,0,0,0
0.311051458,1,1,0,1,1,1
0.311080500,1,1,0,0,0,0
0.311249792,1,1,0,1,1,1
0.311278833,1,1,0,0,0,0
0.311448083,1,1,0,1,1,1
0.311477125,1,1,0,0,0,0
0.311646417,1,1,0,1,1,1
0.311675458,1,1,0,0,0,0
0.311844792,1,1,0,1,1,1
0.311873833,1,1,0,0,0,0
0.312043167,1,1,0,1,1,1
0.312072208,1,1,0,0,0,0
0.312241542,1,1,0,1,1,1
0.312270583,1,1,0,0,0,0
0.312439875,1,1,0,1,1,1
0.312468958,1,1,0,0,0,0
0.312638250,1,1,0,1,1,1
0.312667292,1,1,0,0,0,0
0.312836542,1,1,0,1,1,1
0.312865583,1,1,0,0,0,0
0.313034875,1,1,0,1,1,1
0.313063917,1,1,0,0,0,0
0.313233208,1,1,0,1,1,1
0.313262250,1,1,0,0,0,0
0.313431542,1,1,0,1,1,1
0.313460583,1,1,0,0,0,0
0.313629875,1,1,0,1,1,1
0.313658917,1,1,0,0,0,0
0.313828167,1,1,0,1,1,1
0.313857208,1,1,0,0,0,0
0.314026500,1,1,0,1,1,1
0.314055583,1,1,0,0,0,0
0.314224875,1,1,0,1,1,1
0.314253917,1,1,0,0,0,0
0.314423167,1,1,0,1,1,1
0.314452208,1,1,0,0,0,0
0.314621458,1,1,0,1,1,1
0.314650500,1,1,0,0,0,0
0.314819750,1,1,0,1,1,1
0.314848792,1,1,0,0,0,0
0.315018000,1,1,0,0,1,1
0.315018042,1,1,0,1,1,1
0.315047042,1,1,0,0,0,0
0.315216292,1,1,0,1,1,1
0.315245292,1,1,0,1,0,0
0.315245333,1,1,0,0,0,0
0.315414542,1,1,0,1,1,1
0.315443583,1,1,0,0,0,0
0.315612833,1,1,0,1,1,1
0.315641875,1,1,0,0,0,0
0.315811167,1,1,0,1,1,1
0.315840208,1,1,0,0,0,0
0.316009458,1,1,0,1,1,1
0.316038500,1,1,0,0,0,0
0.316207750,1,1,0,1,1,1
0.316236792,1,1,0,0,0,0
0.316406083,1,1,0,1,1,1
0.316435125,1,1,0,0,0,0
0.316604417,1,1,0,1,1,1
0.316633458,1,1,0,0,0,0
0.316802750,1,1,0,1,1,1
0.316831792,1,1,0,0,0,0
0.317001042,1,1,0,1,1,1
0.317030083,1,1,0,0,0,0
0.317199333,1,1,0,1,1,1
0.317228375,1,1,0,0,0,0
0.317397667,1,1,0,1,1,1
0.317426708,1,1,0,0,0,0
0.317596000,1,1,0,1,1,1
0.317625042,1,1,0,0,0,0
0.317794292,1,1,0,1,1,1
0.317823333,1,1,0,0,0,0
0.317992625,1,1,0,1,1,1
0.318021667,1,1,0,0,0,0
0.318190958,1,1,0,1,1,1
0.318220000,1,1,0,0,0,0
0.318389333,1,1,0,1,1,1
0.318418375,1,1,0,0,0,0
0.318587625,1,1,0,1,1,1
0.318616667,1,1,0,0,0,0
0.318785958,1,1,0,1,1,1
0.318815000,1,1,0,0,0,0
0.318984208,1,1,0,1,1,1
0.319013250,1,1,0,0,0,0
0.319182500,1,1,0,1,1,1
0.319211542,1,1,0,0,0,0
0.319380750,1,1,0,1,1,1
0.319409792,1,1,0,0,0,0
0.319579042,1,1,0,1,1,1
0.319608042,1,1,0,0,0,0
0.319777292,1,1,0,1,1,1
0.319806333,1,1,0,1,0,0
0.319806375,1,1,0,0,0,0
0.319975583,1,1,0,1,1,1
0.320004625,1,1,0,0,0,0
0.320173875,1,1,0,1,1,1
0.320202917,1,1,0,0,0,0
0.320372167,1,1,0,1,1,1
0.320401208,1,1,0,0,0,0
0.320570458,1,1,0,1,1,1
0.320599500,1,1,0,0,0,0
0.320768750,1,1,0,1,1,1
0.320797792,1,1,0,0,0,0
0.320967042,1,1,0,1,1,1
0.320996083,1,1,0,0,0,0
0.321165333,1,1,0,0,1,1
0.321165375,1,1,0,1,1,1
0.321194417,1,1,0,0,0,0
0.321363708,1,1,0,1,1,1
0.321392750,1,1,0,0,0,0
0.321562000,1,1,0,1,1,1
0.321591042,1,1,0,0,0,0
0.321760292,1,1,0,1,1,1
0.321789333,1,1,0,0,0,0
0.321958583,1,1,0,1,1,1
0.321987625,1,1,0,0,0,0
0.322156917,1,1,0,1,1,1
0.322185958,1,1,0,0,0,0
0.322355250,1,1,0,1,1,1
0.322384333,1,1,0,0,0,0
0.322553625,1,1,0,1,1,1
0.322582667,1,1,0,0,0,0
0.322751958,1,1,0,1,1,1
0.322781042,1,1,0,0,0,0
0.322950292,1,1,0,1,1,1
0.322979333,1,1,0,0,0,0
0.323148625,1,1,0,1,1,1
0.323177667,1,1,0,0,0,0
0.323347000,1,1,0,1,1,1
0.323376042,1,1,0,0,0,0
0.323545375,1,1,0,1,1,1
0.323574417,1,1,0,0,0,0
0.323743708,1,1,0,1,1,1
0.323772792,1,1,0,0,0,0
0.323942083,1,1,0,1,1,1
0.323971167,1,1,0,0,0,0
0.324140458,1,1,0,1,1,1
0.324169542,1,1,0,0,0,0
0.324338875,1,1,0,1,1,1
0.324367917,1,1,0,0,0,0
0.324537208,1,1,0,1,1,1
0.324566292,1,1,0,0,0,0
0.324735542,1,1,0,1,1,1
0.324764583,1,1,0,0,0,0
0.324933917,1,1,0,1,1,1
0.324962958,1,1,0,0,0,0
0.325132250,1,1,0,1,1,1
0.325161292,1,1,0,0,0,0
0.325330583,1,1,0,1,1,1
0.325359625,1,1,0,1,0,0
0.325359667,1,1,0,0,0,0
0.325528958,1,1,0,1,1,1
0.325558000,1,1,0,0,0,0
0.325727292,1,1,0,1,1,1
0.325756333,1,1,0,0,0,0
0.325925625,1,1,0,1,1,1
0.325954708,1,1,0,0,0,0
0.326123958,1,1,0,1,1,1
0.326153042,1,1,0,0,0,0
0.326322333,1,1,0,1,1,1
0.326351375,1,1,0,0,0,0
0.326520708,1,1,0,1,1,1
0.326549750,1,1,0,0,0,0
0.326719083,1,1,0,1,1,1
0.326748167,1,1,0,0,0,0
0.326917500,1,1,0,1,1,1
0.326946542,1,1,0,0,0,0
0.327115833,1,1,0,1,1,1
0.327144917,1,1,0,0,0,0
0.327314208,1,1,0,1,1,1
0.327343250,1,1,0,0,0,0
0.327512542,1,1,0,1,1,1
0.327541583,1,1,0,0,0,0
0.327710833,1,1,0,1,1,1
0.327739875,1,1,0,0,0,0
0.327909167,1,1,0,1,1,1
0.327938208,1,1,0,0,0,0
0.328107500,1,1,0,1,1,1
0.328136542,1,1,0,0,0,0
0.328305792,1,1,0,1,1,1
0.328334833,1,1,0,0,0,0
0.328504083,1,1,0,1,1,1
0.328533125,1,1,0,0,0,0
0.328702417,1,1,0,1,1,1
0.328731500,1,1,0,0,0,0
0.328900792,1,1,0,1,1,1
0.328929833,1,1,0,0,0,0
0.329099167,1,1,0,1,1,1
0.329128208,1,1,0,0,0,0
0.329297500,1,1,0,1,1,1
0.329326542,1,1,0,0,0,0
0.329495875,1,1,0,1,1,1
0.329524917,1,1,0,0,0,0
0.329694250,1,1,0,1,1,1
0.329723333,1,1,0,0,0,0
0.329892625,1,1,0,1,1,1
0.329921667,1,1,0,0,0,0
0.330091000,1,1,0,1,1,1
0.330120042,1,1,0,0,0,0
0.330289333,1,1,0,1,1,1
0.330318375,1,1,0,0,0,0
0.330487708,1,1,0,1,1,1
0.330516750,1,1,0,0,0,0
0.330686042,1,1,0,1,1,1
0.330715083,1,1,0,0,0,0
0.330884375,1,1,0,1,1,1
0.330913417,1,1,0,0,0,0
0.331082667,1,1,0,1,1,1
0.331111708,1,1,0,0,0,0
0.331281000,1,1,0,1,1,1
0.331310042,1,1,0,0,0,0
0.331479292,1,1,0,1,1,1
0.331508333,1,1,0,0,0,0
0.331677583,1,1,0,1,1,1
0.331706667,1,1,0,0,0,0
0.331875958,1,1,0,1,1,1
0.331905000,1,1,0,0,0,0
0.332074292,1,1,0,1,1,1
0.332103333,1,1,0,0,0,0
0.332272583,1,1,0,1,1,1
0.332301625,1,1,0,0,0,0
0.332470875,1,1,0,1,1,1
0.332499917,1,1,0,0,0,0
0.332669208,1,1,0,1,1,1
0.332698250,1,1,0,0,0,0
0.332867542,1,1,0,1,1,1
0.332896583,1,1,0,0,0,0
0.333065833,1,1,0,1,1,1
0.333094875,1,1,0,0,0,0
0.333264167,1,1,0,1,1,1
0.333293250,1,1,0,0,0,0
0.333462542,1,1,0,1,1,1
0.333491625,1,1,0,0,0,0
0.333660875,1,1,0,1,1,1
0.333689917,1,1,0,0,0,0
0.333859208,1,1,0,1,1,1
0.333888208,1,1,0,1,0,1
0.333888250,1,1,0,0,0,0
0.334057458,1,1,0,1,1,1
0.334086500,1,1,0,0,0,0
0.334255792,1,1,0,1,1,1
0.334284833,1,1,0,0,0,0
0.334454083,1,1,0,1,1,1
0.334483125,1,1,0,0,0,0
0.334652375,1,1,0,1,1,1
0.334681417,1,1,0,0,0,0
0.334850708,1,1,0,1,1,1
0.334879750,1,1,0,0,0,0
0.335049042,1,1,0,1,1,1
0.335078125,1,1,0,0,0,0
0.335247458,1,1,0,1,1,1
0.335276542,1,1,0,0,0,0
0.335445875,1,1,0,1,1,1
0.335474917,1,1,0,0,0,0
0.335644250,1,1,0,1,1,1
0.335673333,1,1,0,0,0,0
0.335842625,1,1,0,1,1,1
0.335871667,1,1,0,0,0,0
0.336040958,1,1,0,1,1,1
0.336070042,1,1,0,0,0,0
0.336239333,1,1,0,1,1,1
0.336268375,1,1,0,0,0,0
0.336437625,1,1,0,1,1,1
0.336466667,1,1,0,0,0,0
0.336635917,1,1,0,1,1,1
0.336664958,1,1,0,0,0,0
0.336834208,1,1,0,1,1,1
0.336863250,1,1,0,0,0,0
0.337032542,1,1,0,1,1,1
0.337061625,1,1,0,0,0,0
0.337230875,1,1,0,1,1,1
0.337259917,1,1,0,0,0,0
0.337429208,1,1,0,1,1,1
0.337458250,1,1,0,0,0,0
0.337627542,1,1,0,1,1,1
0.337656583,1,1,0,0,0,0
0.337825833,1,1,0,1,1,1
0.337854875,1,1,0,0,0,0
0.338024125,1,1,0,1,1,1
0.338053167,1,1,0,0,0,0
0.338222458,1,1,0,1,1,1
0.338251500,1,1,0,0,0,0
0.338420792,1,1,0,1,1,1
0.338449833,1,1,0,0,0,0
0.338619083,1,1,0,1,1,1
0.338648167,1,1,0,0,0,0
0.338817458,1,1,0,1,1,1
0.338846500,1,1,0,0,0,0
0.339015792,1,1,0,1,1,1
0.339044875,1,1,0,0,0,0
0.339214167,1,1,0,1,1,1
0.339243208,1,1,0,0,0,0
0.339412458,1,1,0,1,1,1
0.339441500,1,1,0,0,0,0
0.339610750,1,1,0,1,1,1
0.339639792,1,1,0,0,0,0
0.339809000,1,1,0,1,1,1
0.339838042,1,1,0,0,0,0
0.340007333,1,1,0,1,1,1
0.340036375,1,1,0,0,0,0
0.340205667,1,1,0,1,1,1
0.340234708,1,1,0,0,0,0
0.340403917,1,1,0,1,1,1
0.340432958,1,1,0,0,0,0
0.340602208,1,1,0,1,1,1
0.340631250,1,1,0,0,0,0
0.340800500,1,1,0,1,1,1
0.340829542,1,1,0,0,0,0
0.340998792,1,1,0,1,1,1
0.341027875,1,1,0,0,0,0
0.341197167,1,1,0,1,1,1
0.341226208,1,1,0,0,0,0
0.341395542,1,1,0,1,1,1
0.341424583,1,1,0,0,0,0
0.341593917,1,1,0,1,1,1
0.341622958,1,1,0,0,0,0
0.341792250,1,1,0,1,1,1
0.341821292,1,1,0,0,0,0
0.341990583,1,1,0,1,1,1
0.342019625,1,1,0,0,0,0
0.342188917,1,1,0,1,1,1
0.342218000,1,1,0,0,0,0
0.342387292,1,1,0,1,1,1
0.342416333,1,1,0,0,0,0
0.342585667,1,1,0,1,1,1
0.342614708,1,1,0,0,0,0
0.342784000,1,1,0,1,1,1
0.342813042,1,1,0,1,0,0
0.342813083,1,1,0,0,0,0
0.342982375,1,1,0,1,1,1
0.343011417,1,1,0,0,0,0
0.343180708,1,1,0,1,1,1
0.343209750,1,1,0,0,0,0
0.343379000,1,1,0,1,1,1
0.343408042,1,1,0,0,0,0
0.343577333,1,1,0,1,1,1
0.343606375,1,1,0,0,0,0
0.343775667,1,1,0,1,1,1
0.343804708,1,1,0,0,0,0
0.343973958,1,1,0,1,1,1
0.344003000,1,1,0,0,0,0
0.344172292,1,1,0,1,1,1
0.344201375,1,1,0,0,0,0
0.344370625,1,1,0,1,1,1
0.344399708,1,1,0,0,0,0
0.344568958,1,1,0,1,1,1
0.344598000,1,1,0,0,0,0
0.344767333,1,1,0,1,1,1
0.344796375,1,1,0,0,0,0
0.344965667,1,1,0,1,1,1
0.344994708,1,1,0,0,0,0
0.345164042,1,1,0,1,1,1
0.345193083,1,1,0,0,0,0
0.345362375,1,1,0,1,1,1
0.345391417,1,1,0,0,0,0
0.345560708,1,1,0,1,1,1
0.345589750,1,1,0,0,0,0
0.345759000,1,1,0,1,1,1
0.345788042,1,1,0,0,0,0
0.345957292,1,1,0,1,1,1
0.345986333,1,1,0,0,0,0
0.346155583,1,1,0,1,1,1
0.346184625,1,1,0,0,0,0
0.346353833,1,1,0,1,1,1
0.346382875,1,1,0,0,0,0
0.346552125,1,1,0,1,1,1
0.346581167,1,1,0,0,0,0
0.346750417,1,1,0,1,1,1
0.346779458,1,1,0,0,0,0
0.346948750,1,1,0,1,1,1
0.346977833,1,1,0,0,0,0
0.347147125,1,1,0,1,1,1
0.347176167,1,1,0,0,0,0
0.347345417,1,1,0,1,1,1
0.347374500,1,1,0,0,0,0
0.347543750,1,1,0,1,1,1
0.347572792,1,1,0,0,0,0
0.347742042,1,1,0,1,1,1
0.347771083,1,1,0,0,0,0
0.347940333,1,1,0,1,1,1
0.347969375,1,1,0,0,0,0
0.348138583,1,1,0,1,1,1
0.348167625,1,1,0,0,0,0
0.348336833,1,1,0,0,1,1
0.348336875,1,1,0,1,1,1
0.348365917,1,1,0,0,0,0
0.348535125,1,1,0,0,1,1
0.348535167,1,1,0,1,1,1
0.348564208,1,1,0,0,0,0
0.348733417,1,1,0,1,1,1
0.348762458,1,1,0,0,0,0
0.348931708,1,1,0,1,1,1
0.348960750,1,1,0,0,0,0
0.349129958,1,1,0,1,1,1
0.349159000,1,1,0,0,0,0
0.349328208,1,1,0,1,1,1
0.349357250,1,1,0,0,0,0
0.349526417,1,1,0,1,1,1
0.349555458,1,1,0,0,0,0
0.349724667,1,1,0,1,1,1
0.349753708,1,1,0,0,0,0
0.349922917,1,1,0,1,1,1
0.349951958,1,1,0,0,0,0
0.350121208,1,1,0,1,1,1
0.350150250,1,1,0,0,0,0
0.350319542,1,1,0,1,1,1
0.350348583,1,1,0,0,0,0
0.350517833,1,1,0,1,1,1
0.350546875,1,1,0,0,0,0
0.350716125,1,1,0,1,1,1
0.350745167,1,1,0,0,0,0
0.350914458,1,1,0,1,1,1
0.350943500,1,1,0,0,0,0
0.351112750,1,1,0,1,1,1
0.351141792,1,1,0,0,0,0
0.351311000,1,1,0,1,1,1
0.351340042,1,1,0,1,0,1
0.351340083,1,1,0,0,0,0
0.351509292,1,1,0,1,1,1
0.351538333,1,1,0,0,0,0
0.351707583,1,1,0,1,1,1
0.351736625,1,1,0,0,0,0
0.351905875,1,1,0,1,1,1
0.351934917,1,1,0,0,0,0
0.352104125,1,1,0,1,1,1
0.352133167,1,1,0,0,0,0
0.352302417,1,1,0,1,1,1
0.352331458,1,1,0,0,0,0
0.352500750,1,1,0,1,1,1
0.352529833,1,1,0,0,0,0
0.352699083,1,1,0,1,1,1
0.352728125,1,1,0,0,0,0
0.352897375,1,1,0,1,1,1
0.352926417,1,1,0,0,0,0
0.353095625,1,1,0,1,1,1
0.353124667,1,1,0,0,0,0
0.353293875,1,1,0,0,1,0
0.353293917,1,1,0,1,1,1
0.353322958,1,1,0,0,0,0
0.353492167,1,1,0,1,1,1
0.353521208,1,1,0,0,0,0
0.353690458,1,1,0,1,1,1
0.353719500,1,1,0,0,0,0
0.353888750,1,1,0,1,1,1
0.353917792,1,1,0,0,0,0
0.354087000,1,1,0,1,1,1
0.354116042,1,1,0,0,0,0
0.354285250,1,1,0,1,1,1
0.354314292,1,1,0,0,0,0
0.354483500,1,1,0,1,1,1
0.354512542,1,1,0,0,0,0
0.354681792,1,1,0,1,1,1
0.354710833,1,1,0,0,0,0
0.354880042,1,1,0,1,1,1
0.354909083,1,1,0,0,0,0
0.355078333,1,1,0,1,1,1
0.355107375,1,1,0,0,0,0
0.355276625,1,1,0,1,1,1
0.355305667,1,1,0,0,0,0
0.355474917,1,1,0,1,1,1
0.355503958,1,1,0,0,0,0
0.355673250,1,1,0,1,1,1
0.355702292,1,1,0,0,0,0
0.355871583,1,1,0,1,1,1
0.355900625,1,1,0,0,0,0
0.356069958,1,1,0,1,1,1
0.356099000,1,1,0,0,0,0
0.356268250,1,1,0,1,1,1
0.356297292,1,1,0,0,0,0
0.356466542,1,1,0,1,1,1
0.356495583,1,1,0,0,0,0
0.356664792,1,1,0,1,1,1
0.356693833,1,1,0,0,0,0
0.356863042,1,1,0,1,1,1
0.356892083,1,1,0,0,0,0
0.357061292,1,1,0,1,1,1
0.357090333,1,1,0,0,0,0
0.357259625,1,1,0,1,1,1
0.357288667,1,1,0,0,0,0
0.357457958,1,1,0,1,1,1
0.357487000,1,1,0,0,0,0
0.357656208,1,1,0,1,1,1
0.357685250,1,1,0,0,0,0
0.357854458,1,1,0,1,1,1
0.357883542,1,1,0,0,0,0
0.358052792,1,1,0,1,1,1
0.358081833,1,1,0,0,0,0
0.358251042,1,1,0,1,1,1
0.358280083,1,1,0,0,0,0
0.358449292,1,1,0,0,1,0
0.358449333,1,1,0,1,1,1
0.358478333,1,1,0,0,0,0
0.358647583,1,1,0,1,1,1
0.358676625,1,1,0,0,0,0
0.358845875,1,1,0,1,1,1
0.358874917,1,1,0,0,0,0
0.359044125,1,1,0,1,1,1
0.359073167,1,1,0,0,0,0
0.359242333,1,1,0,1,1,1
0.359271375,1,1,0,0,0,0
0.359440583,1,1,0,1,1,1
0.359469667,1,1,0,0,0,0
0.359638917,1,1,0,1,1,1
0.359667958,1,1,0,0,0,0
0.359837208,1,1,0,1,1,1
0.359866250,1,1,0,0,0,0
0.360035542,1,1,0,1,1,1
0.360064583,1,1,0,0,0,0
0.360233833,1,1,0,1,1,1
0.360262875,1,1,0,0,0,0
0.360432125,1,1,0,1,1,1
0.360461167,1,1,0,0,0,0
0.360630417,1,1,0,1,1,1
0.360659458,1,1,0,0,0,0
0.360828708,1,1,0,1,1,1
0.360857750,1,1,0,0,0,0
0.361027000,1,1,0,1,1,1
0.361056042,1,1,0,0,0,0
0.361225292,1,1,0,1,1,1
0.361254333,1,1,0,0,0,0
0.361423583,1,1,0,1,1,1
0.361452625,1,1,0,0,0,0
0.361621833,1,1,0,1,1,1
0.361650875,1,1,0,0,0,0
0.361820083,1,1,0,1,1,1
0.361849125,1,1,0,0,0,0
0.362018375,1,1,0,1,1,1
0.362047417,1,1,0,0,0,0
0.362216625,1,1,0,1,1,1
0.362245667,1,1,0,0,0,0
0.362414875,1,1,0,1,1,1
0.362443917,1,1,0,0,0,0
0.362613125,1,1,0,0,1,1
0.362613167,1,1,0,1,1,1
0.362642167,1,1,0,0,0,0
0.362811375,1,1,0,0,1,1
0.362811417,1,1,0,1,1,1
0.362840417,1,1,0,1,0,0
0.362840458,1,1,0,0,0,0
0.363009708,1,1,0,1,1,1
0.363038750,1,1,0,0,0,0
0.363208000,1,1,0,1,1,1
0.363237042,1,1,0,0,0,0
0.363406292,1,1,0,1,1,1
0.363435333,1,1,0,0,0,0
0.363604583,1,1,0,1,1,1
0.363633625,1,1,0,0,0,0
0.363802875,1,1,0,1,1,1
0.363831958,1,1,0,0,0,0
0.364001167,1,1,0,0,1,1
0.364001208,1,1,0,1,1,1
0.364030250,1,1,0,0,0,0
0.364199458,1,1,0,1,1,1
0.364228500,1,1,0,0,0,0
0.364397792,1,1,0,1,1,1
0.364426833,1,1,0,0,0,0
0.364596083,1,1,0,1,1,1
0.364625125,1,1,0,1,0,1
0.364625167,1,1,0,0,0,0
0.364794375,1,1,0,1,1,1
0.364823417,1,1,0,0,0,0
0.364992667,1,1,0,1,1,1
0.365021708,1,1,0,0,0,0
0.365190958,1,1,0,1,1,1
0.365220000,1,1,0,0,0,0
0.365389250,1,1,0,1,1,1
0.365418292,1,1,0,0,0,0
0.365587542,1,1,0,1,1,1
0.365616583,1,1,0,0,0,0
0.365785792,1,1,0,1,1,1
0.365814833,1,1,0,0,0,0
0.365984125,1,1,0,1,1,1
0.366013167,1,1,0,0,0,0
0.366182458,1,1,0,1,1,1
0.366211500,1,1,0,0,0,0
0.366380792,1,1,0,1,1,1
0.366409833,1,1,0,0,0,0
0.366579167,1,1,0,1,1,1
0.366608208,1,1,0,0,0,0
0.366777500,1,1,0,1,1,1
0.366806542,1,1,0,0,0,0
0.366975833,1,1,0,1,1,1
0.367004875,1,1,0,0,0,0
0.367174083,1,1,0,0,1,1
0.367174125,1,1,0,1,1,1
0.367203167,1,1,0,0,0,0
0.367372417,1,1,0,1,1,1
0.367401500,1,1,0,0,0,0
0.367570792,1,1,0,1,1,1
0.367599833,1,1,0,0,0,0
0.367769125,1,1,0,1,1,1
0.367798167,1,1,0,0,0,0
0.367967417,1,1,0,1,1,1
0.367996500,1,1,0,0,0,0
0.368165750,1,1,0,1,1,1
0.368194792,1,1,0,0,0,0
0.368364042,1,1,0,1,1,1
0.368393083,1,1,0,0,0,0
0.368562292,1,1,0,0,1,1
0.368562333,1,1,0,1,1,1
0.368591333,1,1,0,0,0,0
0.368760583,1,1,0,1,1,1
0.368789625,1,1,0,0,0,0
0.368958875,1,1,0,1,1,1
0.368987958,1,1,0,0,0,0
0.369157208,1,1,0,1,1,1
0.369186292,1,1,0,0,0,0
0.369355583,1,1,0,1,1,1
0.369384625,1,1,0,0,0,0
0.369553958,1,1,0,1,1,1
0.369583000,1,1,0,0,0,0
0.369752292,1,1,0,1,1,1
0.369781333,1,1,0,0,0,0
0.369950625,1,1,0,1,1,1
0.369979667,1,1,0,0,0,0
0.370148917,1,1,0,1,1,1
0.370177958,1,1,0,0,0,0
0.370347292,1,1,0,1,1,1
0.370376333,1,1,0,0,0,0
0.370545625,1,1,0,1,1,1
0.370574708,1,1,0,0,0,0
0.370744042,1,1,0,1,1,1
0.370773083,1,1,0,0,0,0
0.370942375,1,1,0,1,1,1
0.370971458,1,1,0,0,0,0
0.371140750,1,1,0,1,1,1
0.371169792,1,1,0,0,0,0
0.371339083,1,1,0,1,1,1
0.371368125,1,1,0,0,0,0
0.371537417,1,1,0,1,1,1
0.371566500,1,1,0,0,0,0
0.371735792,1,1,0,1,1,1
0.371764833,1,1,0,0,0,0
0.371934083,1,1,0,1,1,1
0.371963125,1,1,0,0,0,0
0.372132375,1,1,0,1,1,1
0.372161458,1,1,0,0,0,0
0.372330708,1,1,0,1,1,1
0.372359750,1,1,0,0,0,0
0.372529000,1,1,0,1,1,1
0.372558000,1,1,0,0,0,0
0.372727250,1,1,0,1,1,1
0.372756292,1,1,0,0,0,0
0.372925542,1,1,0,1,1,1
0.372954583,1,1,0,0,0,0
0.373123875,1,1,0,1,1,1
0.373152917,1,1,0,0,0,0
0.373322167,1,1,0,1,1,1
0.373351208,1,1,0,0,0,0
0.373520458,1,1,0,1,1,1
0.373549500,1,1,0,0,0,0
0.373718708,1,1,0,1,1,1
0.373747750,1,1,0,0,0,0
0.373917000,1,1,0,1,1,1
0.373946083,1,1,0,0,0,0
0.374115333,1,1,0,1,1,1
0.374144417,1,1,0,0,0,0
0.374313667,1,1,0,1,1,1
0.374342708,1,1,0,0,0,0
0.374512000,1,1,0,1,1,1
0.374541042,1,1,0,0,0,0
0.374710292,1,1,0,1,1,1
0.374739375,1,1,0,0,0,0
0.374908625,1,1,0,1,1,1
0.374937667,1,1,0,0,0,0
0.375106917,1,1,0,1,1,1
0.375136000,1,1,0,0,0,0
0.375305208,1,1,0,1,1,1
0.375334250,1,1,0,0,0,0
0.375503542,1,1,0,1,1,1
0.375532583,1,1,0,0,0,0
0.375701875,1,1,0,1,1,1
0.375730917,1,1,0,0,0,0
0.375900125,1,1,0,1,1,1
0.375929167,1,1,0,0,0,0
0.376098417,1,1,0,1,1,1
0.376127458,1,1,0,0,0,0
0.376296708,1,1,0,1,1,1
0.376325750,1,1,0,0,0,0
0.376495000,1,1,0,1,1,1
0.376524042,1,1,0,0,0,0
0.376693292,1,1,0,1,1,1
0.376722333,1,1,0,0,0,0
0.376891583,1,1,0,1,1,1
0.376920667,1,1,0,0,0,0
0.377089958,1,1,0,1,1,1
0.377119000,1,1,0,0,0,0
0.377288333,1,1,0,1,1,1
0.377317375,1,1,0,0,0,0
0.377486667,1,1,0,1,1,1
0.377515708,1,1,0,0,0,0
0.377684958,1,1,0,1,1,1
0.377714000,1,1,0,1,0,0
0.377714042,1,1,0,0,0,0
0.377883333,1,1,0,1,1,1
0.377912417,1,1,0,0,0,0
0.378081667,1,1,0,1,1,1
0.378110750,1,1,0,0,0,0
0.378280042,1,1,0,1,1,1
0.378309083,1,1,0,0,0,0
0.378478375,1,1,0,1,1,1
0.378507458,1,1,0,0,0,0
0.378676750,1,1,0,1,1,1
0.378705792,1,1,0,0,0,0
0.378875083,1,1,0,1,1,1
0.378904167,1,1,0,0,0,0
0.379073458,1,1,0,1,1,1
0.379102500,1,1,0,0,0,0
0.379271750,1,1,0,1,1,1
0.379300792,1,1,0,0,0,0
0.379470083,1,1,0,1,1,1
0.379499125,1,1,0,0,0,0
0.379668375,1,1,0,1,1,1
0.379697417,1,1,0,0,0,0
0.379866708,1,1,0,1,1,1
0.379895750,1,1,0,0,0,0
0.380065000,1,1,0,1,1,1
0.380094083,1,1,0,0,0,0
0.380263375,1,1,0,1,1,1
0.380292417,1,1,0,0,0,0
0.380461708,1,1,0,1,1,1
0.380490750,1,1,0,0,0,0
0.380660042,1,1,0,1,1,1
0.380689083,1,1,0,0,0,0
0.380858375,1,1,0,1,1,1
0.380887458,1,1,0,0,0,0
0.381056667,1,1,0,1,1,1
0.381085750,1,1,0,0,0,0
0.381254958,1,1,0,1,1,1
0.381284000,1,1,0,0,0,0
0.381453208,1,1,0,1,1,1
0.381482250,1,1,0,0,0,0
0.381651458,1,1,0,1,1,1
0.381680500,1,1,0,0,0,0
0.381849708,1,1,0,1,1,1
0.381878750,1,1,0,0,0,0
0.382048042,1,1,0,1,1,1
0.382077083,1,1,0,0,0,0
0.382246375,1,1,0,1,1,1
0.382275417,1,1,0,1,0,0
0.382275458,1,1,0,0,0,0
0.382444750,1,1,0,1,1,1
0.382473792,1,1,0,0,0,0
0.382643083,1,1,0,1,1,1
0.382672125,1,1,0,0,0,0
0.382841417,1,1,0,1,1,1
0.382870458,1,1,0,0,0,0
0.383039792,1,1,0,1,1,1
0.383068833,1,1,0,0,0,0
0.383238167,1,1,0,1,1,1
0.383267250,1,1,0,0,0,0
0.383436542,1,1,0,0,1,1
0.383436583,1,1,0,1,1,1
0.383465625,1,1,0,0,0,0
0.383634917,1,1,0,1,1,1
0.383664000,1,1,0,0,0,0
0.383833292,1,1,0,1,1,1
0.383862375,1,1,0,0,0,0
0.384031708,1,1,0,1,1,1
0.384060750,1,1,0,0,0,0
0.384230042,1,1,0,1,1,1
0.384259083,1,1,0,0,0,0
0.384428375,1,1,0,1,1,1
0.384457417,1,1,0,0,0,0
0.384626667,1,1,0,1,1,1
0.384655708,1,1,0,0,0,0
0.384824958,1,1,0,1,1,1
0.384854000,1,1,0,0,0,0
0.385023250,1,1,0,1,1,1
0.385052333,1,1,0,0,0,0
0.385221583,1,1,0,1,1,1
0.385250625,1,1,0,0,0,0
0.385419833,1,1,0,1,1,1
0.385448875,1,1,0,0,0,0
0.385618083,1,1,0,1,1,1
0.385647125,1,1,0,0,0,0
0.385816375,1,1,0,1,1,1
0.385845417,1,1,0,0,0,0
0.386014750,1,1,0,1,1,1
0.386043792,1,1,0,0,0,0
0.386213083,1,1,0,1,1,1
0.386242167,1,1,0,0,0,0
0.386411458,1,1,0,1,1,1
0.386440500,1,1,0,0,0,0
0.386609792,1,1,0,1,1,1
0.386638875,1,1,0,0,0,0
0.386808208,1,1,0,1,1,1
0.386837250,1,1,0,0,0,0
0.387006583,1,1,0,1,1,1
0.387035625,1,1,0,0,0,0
0.387204958,1,1,0,1,1,1
0.387234000,1,1,0,0,0,0
0.387403292,1,1,0,1,1,1
0.387432333,1,1,0,0,0,0
0.387601625,1,1,0,1,1,1
0.387630667,1,1,0,0,0,0
0.387799958,1,1,0,1,1,1
0.387829042,1,1,0,0,0,0
0.387998333,1,1,0,1,1,1
0.388027375,1,1,0,0,0,0
0.388196667,1,1,0,1,1,1
0.388225708,1,1,0,0,0,0
0.388395000,1,1,0,1,1,1
0.388424042,1,1,0,0,0,0
0.388593292,1,1,0,0,1,1
0.388593333,1,1,0,1,1,1
0.388622375,1,1,0,0,0,0
0.388791667,1,1,0,1,1,1
0.388820708,1,1,0,0,0,0
0.388989958,1,1,0,1,1,1
0.389019000,1,1,0,0,0,0
0.389188292,1,1,0,1,1,1
0.389217333,1,1,0,0,0,0
0.389386625,1,1,0,1,1,1
0.389415667,1,1,0,0,0,0
0.389584958,1,1,0,1,1,1
0.389614000,1,1,0,0,0,0
0.389783292,1,1,0,1,1,1
0.389812333,1,1,0,0,0,0
0.389981667,1,1,0,1,1,1
0.390010708,1,1,0,0,0,0
0.390180083,1,1,0,1,1,1
0.390209125,1,1,0,0,0,0
0.390378458,1,1,0,1,1,1
0.390407542,1,1,0,0,0,0
0.390576833,1,1,0,1,1,1
0.390605875,1,1,0,0,0,0
0.390775125,1,1,0,1,1,1
0.390804167,1,1,0,0,0,0
0.390973458,1,1,0,1,1,1
0.391002542,1,1,0,0,0,0
0.391171792,1,1,0,1,1,1
0.391200833,1,1,0,0,0,0
0.391370125,1,1,0,1,1,1
0.391399167,1,1,0,0,0,0
0.391568417,1,1,0,1,1,1
0.391597500,1,1,0,0,0,0
0.391766792,1,1,0,1,1,1
0.391795833,1,1,0,0,0,0
0.391965125,1,1,0,1,1,1
0.391994208,1,1,0,0,0,0
0.392163500,1,1,0,1,1,1
0.392192542,1,1,0,0,0,0
0.392361875,1,1,0,1,1,1
0.392390917,1,1,0,0,0,0
0.392560250,1,1,0,1,1,1
0.392589292,1,1,0,0,0,0
0.392758583,1,1,0,1,1,1
0.392787667,1,1,0,0,0,0
0.392956958,1,1,0,1,1,1
0.392986042,1,1,0,0,0,0
0.393155375,1,1,0,1,1,1
0.393184417,1,1,0,0,0,0
0.393353750,1,1,0,1,1,1
0.393382833,1,1,0,0,0,0
0.393552167,1,1,0,1,1,1
0.393581208,1,1,0,0,0,0
0.393750542,1,1,0,1,1,1
0.393779625,1,1,0,0,0,0
0.393948958,1,1,0,1,1,1
0.393978000,1,1,0,0,0,0
0.394147333,1,1,0,1,1,1
0.394176375,1,1,0,0,0,0
0.394345708,1,1,0,1,1,1
0.394374792,1,1,0,0,0,0
0.394544125,1,1,0,1,1,1
0.394573167,1,1,0,0,0,0
0.394742500,1,1,0,1,1,1
0.394771542,1,1,0,0,0,0
0.394940875,1,1,0,1,1,1
0.394969958,1,1,0,0,0,0
0.395139208,1,1,0,1,1,1
0.395168250,1,1,0,1,0,0
0.395168292,1,1,0,0,0,0
0.395337500,1,1,0,1,1,1
0.395366542,1,1,0,1,0,1
0.395366583,1,1,0,0,0,0
0.395535833,1,1,0,1,1,1
0.395564875,1,1,0,0,0,0
0.395734125,1,1,0,1,1,1
0.395763208,1,1,0,0,0,0
0.395932500,1,1,0,1,1,1
0.395961542,1,1,0,0,0,0
0.396130792,1,1,0,1,1,1
0.396159833,1,1,0,0,0,0
0.396329083,1,1,0,1,1,1
0.396358125,1,1,0,0,0,0
0.396527375,1,1,0,1,1,1
0.396556417,1,1,0,0,0,0
0.396725708,1,1,0,1,1,1
0.396754750,1,1,0,0,0,0
0.396924000,1,1,0,1,1,1
0.396953042,1,1,0,0,0,0
0.397122333,1,1,0,1,1,1
0.397151375,1,1,0,0,0,0
0.397320583,1,1,0,1,1,1
0.397349625,1,1,0,0,0,0
0.397518875,1,1,0,1,1,1
0.397547917,1,1,0,0,0,0
0.397717250,1,1,0,1,1,1
0.397746292,1,1,0,0,0,0
0.397915625,1,1,0,1,1,1
0.397944708,1,1,0,0,0,0
0.398114042,1,1,0,1,1,1
0.398143083,1,1,0,0,0,0
0.398312375,1,1,0,1,1,1
0.398341417,1,1,0,0,0,0
0.398510625,1,1,0,1,1,1
0.398539667,1,1,0,0,0,0
0.398708958,1,1,0,1,1,1
0.398738000,1,1,0,0,0,0
0.398907250,1,1,0,1,1,1
0.398936292,1,1,0,1,0,1
0.398936333,1,1,0,0,0,0
0.399105583,1,1,0,0,1,1
0.399105625,1,1,0,1,1,1
0.399134667,1,1,0,0,0,0
0.399303917,1,1,0,1,1,1
0.399332958,1,1,0,0,0,0
0.399502208,1,1,0,1,1,1
0.399531250,1,1,0,0,0,0
0.399700458,1,1,0,1,1,1
0.399729500,1,1,0,0,0,0
0.399898792,1,1,0,1,1,1
0.399927833,1,1,0,0,0,0
0.400097042,1,1,0,1,1,1
0.400126083,1,1,0,0,0,0
0.400295292,1,1,0,1,1,1
0.400324333,1,1,0,0,0,0
0.400493583,1,1,0,1,1,1
0.400522625,1,1,0,0,0,0
0.400691833,1,1,0,1,1,1
0.400720875,1,1,0,0,0,0
0.400890083,1,1,0,1,1,1
0.400919125,1,1,0,0,0,0
0.401088375,1,1,0,1,1,1
0.401117417,1,1,0,0,0,0
0.401286708,1,1,0,1,1,1
0.401315750,1,1,0,0,0,0
0.401485000,1,1,0,1,1,1
0.401514042,1,1,0,0,0,0
0.401683333,1,1,0,1,1,1
0.401712375,1,1,0,0,0,0
0.401881667,1,1,0,1,1,1
0.401910708,1,1,0,0,0,0
0.402080000,1,1,0,1,1,1
0.402109042,1,1,0,0,0,0
0.402278333,1,1,0,1,1,1
0.402307375,1,1,0,0,0,0
0.402476708,1,1,0,1,1,1
0.402505792,1,1,0,0,0,0
0.402675042,1,1,0,1,1,1
0.402704083,1,1,0,0,0,0
0.402873375,1,1,0,1,1,1
0.402902417,1,1,0,0,0,0
0.403071708,1,1,0,1,1,1
0.403100750,1,1,0,0,0,0
0.403270042,1,1,0,1,1,1
0.403299083,1,1,0,0,0,0
0.403468375,1,1,0,1,1,1
0.403497417,1,1,0,0,0,0
0.403666708,1,1,0,1,1,1
0.403695750,1,1,0,0,0,0
0.403865042,1,1,0,1,1,1
0.403894083,1,1,0,0,0,0
0.404063333,1,1,0,1,1,1
0.404092375,1,1,0,0,0,0
0.404261667,1,1,0,1,1,1
0.404290708,1,1,0,0,0,0
0.404460000,1,1,0,1,1,1
0.404489083,1,1,0,0,0,0
0.404658375,1,1,0,1,1,1
0.404687417,1,1,0,0,0,0
0.404856750,1,1,0,1,1,1
0.404885833,1,1,0,0,0,0
0.405055125,1,1,0,1,1,1
0.405084208,1,1,0,0,0,0
0.405253500,1,1,0,1,1,1
0.405282542,1,1,0,0,0,0
0.405451833,1,1,0,1,1,1
0.405480875,1,1,0,0,0,0
0.405650125,1,1,0,1,1,1
0.405679167,1,1,0,0,0,0
0.405848417,1,1,0,1,1,1
0.405877458,1,1,0,0,0,0
0.406046708,1,1,0,1,1,1
0.406075750,1,1,0,0,0,0
0.406245000,1,1,0,1,1,1
0.406274042,1,1,0,0,0,0
0.406443250,1,1,0,1,1,1
0.406472333,1,1,0,0,0,0
0.406641542,1,1,0,1,1,1
0.406670583,1,1,0,0,0,0
0.406839792,1,1,0,1,1,1
0.406868833,1,1,0,0,0,0
0.407038083,1,1,0,1,1,1
0.407067125,1,1,0,0,0,0
0.407236375,1,1,0,1,1,1
0.407265417,1,1,0,0,0,0
0.407434625,1,1,0,1,1,1
0.407463667,1,1,0,0,0,0
0.407632917,1,1,0,1,1,1
0.407661958,1,1,0,0,0,0
0.407831208,1,1,0,1,1,1
0.407860250,1,1,0,0,0,0
0.408029500,1,1,0,1,1,1
0.408058542,1,1,0,0,0,0
0.408227792,1,1,0,1,1,1
0.408256833,1,1,0,0,0,0
0.408426083,1,1,0,1,1,1
0.408455125,1,1,0,0,0,0
0.408624375,1,1,0,1,1,1
0.408653417,1,1,0,0,0,0
0.408822667,1,1,0,1,1,1
0.408851750,1,1,0,0,0,0
0.409020958,1,1,0,1,1,1
0.409050000,1,1,0,0,0,0
0.409219250,1,1,0,1,1,1
0.409248292,1,1,0,0,0,0
0.409417542,1,1,0,1,1,1
0.409446583,1,1,0,0,0,0
0.409615833,1,1,0,1,1,1
0.409644875,1,1,0,0,0,0
0.409814125,1,1,0,1,1,1
0.409843167,1,1,0,0,0,0
0.410012458,1,1,0,1,1,1
0.410041500,1,1,0,0,0,0
0.410210750,1,1,0,1,1,1
0.410239792,1,1,0,0,0,0
0.410409042,1,1,0,1,1,1
0.410438083,1,1,0,0,0,0
0.410607417,1,1,0,1,1,1
0.410636458,1,1,0,0,0,0
0.410805792,1,1,0,1,1,1
0.410834833,1,1,0,0,0,0
0.411004125,1,1,0,1,1,1
0.411033167,1,1,0,0,0,0
0.411202458,1,1,0,1,1,1
0.411231500,1,1,0,0,0,0
0.411400750,1,1,0,1,1,1
0.411429792,1,1,0,0,0,0
0.411599000,1,1,0,1,1,1
0.411628042,1,1,0,0,0,0
0.411797250,1,1,0,1,1,1
0.411826292,1,1,0,0,0,0
0.411995458,1,1,0,1,1,1
0.412024500,1,1,0,0,0,0
0.412193708,1,1,0,1,1,1
0.412222750,1,1,0,0,0,0
0.412391958,1,1,0,1,1,1
0.412421000,1,1,0,0,0,0
0.412590167,1,1,0,1,1,1
0.412619208,1,1,0,0,0,0
0.412788458,1,1,0,0,1,0
0.412788500,1,1,0,1,1,1
0.412817500,1,1,0,0,0,0
0.412986750,1,1,0,1,1,1
0.413015792,1,1,0,0,0,0
0.413185042,1,1,0,1,1,1
0.413214083,1,1,0,0,0,0
0.413383333,1,1,0,1,1,1
0.413412375,1,1,0,0,0,0
0.413581625,1,1,0,1,1,1
0.413610667,1,1,0,0,0,0
0.413779917,1,1,0,1,1,1
0.413808958,1,1,0,0,0,0
0.413978250,1,1,0,1,1,1
0.414007292,1,1,0,0,0,0
0.414176583,1,1,0,1,1,1
0.414205625,1,1,0,0,0,0
0.414374917,1,1,0,1,1,1
0.414403958,1,1,0,0,0,0
0.414573208,1,1,0,1,1,1
0.414602250,1,1,0,0,0,0
0.414771542,1,1,0,1,1,1
0.414800583,1,1,0,0,0,0
0.414969833,1,1,0,1,1,1
0.414998875,1,1,0,0,0,0
0.415168167,1,1,0,1,1,1
0.415197250,1,1,0,0,0,0
0.415366500,1,1,0,1,1,1
0.415395583,1,1,0,0,0,0
0.415564833,1,1,0,1,1,1
0.415593875,1,1,0,0,0,0
0.415763125,1,1,0,1,1,1
0.415792167,1,1,0,0,0,0
0.415961458,1,1,0,1,1,1
0.415990500,1,1,0,0,0,0
0.416159792,1,1,0,1,1,1
0.416188833,1,1,0,0,0,0
0.416358167,1,1,0,1,1,1
0.416387208,1,1,0,0,0,0
0.416556500,1,1,0,1,1,1
0.416585542,1,1,0,1,0,1
0.416585583,1,1,0,0,0,0
0.416754833,1,1,0,1,1,1
0.416783875,1,1,0,0,0,0
0.416953125,1,1,0,1,1,1
0.416982208,1,1,0,0,0,0
0.417151500,1,1,0,1,1,1
0.417180542,1,1,0,0,0,0
0.417349792,1,1,0,1,1,1
0.417378833,1,1,0,0,0,0
0.417548083,1,1,0,1,1,1
0.417577125,1,1,0,0,0,0
0.417746417,1,1,0,1,1,1
0.417775458,1,1,0,0,0,0
0.417944708,1,1,0,1,1,1
0.417973750,1,1,0,0,0,0
0.418143042,1,1,0,1,1,1
0.418172125,1,1,0,0,0,0
0.418341375,1,1,0,1,1,1
0.418370458,1,1,0,0,0,0
0.418539708,1,1,0,1,1,1
0.418568750,1,1,0,0,0,0
0.418738042,1,1,0,1,1,1
0.418767083,1,1,0,0,0,0
0.418936417,1,1,0,1,1,1
0.418965458,1,1,0,0,0,0
0.419134750,1,1,0,1,1,1
0.419163833,1,1,0,0,0,0
0.419333125,1,1,0,1,1,1
0.419362167,1,1,0,0,0,0
0.419531458,1,1,0,1,1,1
0.419560500,1,1,0,0,0,0
0.419729750,1,1,0,1,1,1
0.419758792,1,1,0,0,0,0
0.419928042,1,1,0,1,1,1
0.419957083,1,1,0,0,0,0
0.420126333,1,1,0,1,1,1
0.420155417,1,1,0,0,0,0
0.420324708,1,1,0,1,1,1
0.420353750,1,1,0,0,0,0
0.420523125,1,1,0,1,1,1
0.420552167,1,1,0,0,0,0
0.420721542,1,1,0,1,1,1
0.420750583,1,1,0,0,0,0
0.420919917,1,1,0,1,1,1
0.420949000,1,1,0,0,0,0
0.421118333,1,1,0,1,1,1
0.421147417,1,1,0,0,0,0
0.421316750,1,1,0,1,1,1
0.421345792,1,1,0,0,0,0
0.421515167,1,1,0,1,1,1
0.421544250,1,1,0,0,0,0
0.421713542,1,1,0,1,1,1
0.421742583,1,1,0,0,0,0
0.421911875,1,1,0,1,1,1
0.421940958,1,1,0,0,0,0
0.422110250,1,1,0,1,1,1
0.422139292,1,1,0,0,0,0
0.422308583,1,1,0,1,1,1
0.422337625,1,1,0,0,0,0
0.422506917,1,1,0,1,1,1
0.422535958,1,1,0,0,0,0
0.422705250,1,1,0,1,1,1
0.422734292,1,1,0,0,0,0
0.422903583,1,1,0,1,1,1
0.422932667,1,1,0,0,0,0
0.423101917,1,1,0,1,1,1
0.423131000,1,1,0,0,0,0
0.423300250,1,1,0,1,1,1
0.423329292,1,1,0,0,0,0
0.423498542,1,1,0,1,1,1
0.423527583,1,1,0,0,0,0
0.423696833,1,1,0,1,1,1
0.423725917,1,1,0,0,0,0
0.423895167,1,1,0,1,1,1
0.423924208,1,1,0,1,0,0
0.423924250,1,1,0,0,0,0
0.424093500,1,1,0,1,1,1
0.424122542,1,1,0,0,0,0
0.424291833,1,1,0,1,1,1
0.424320875,1,1,0,0,0,0
0.424490167,1,1,0,1,1,1
0.424519208,1,1,0,0,0,0
0.424688458,1,1,0,1,1,1
0.424717542,1,1,0,0,0,0
0.424886792,1,1,0,1,1,1
0.424915833,1,1,0,0,0,0
0.425085125,1,1,0,1,1,1
0.425114208,1,1,0,0,0,0
0.425283458,1,1,0,0,1,0
0.425283500,1,1,0,1,1,1
0.425312542,1,1,0,0,0,0
0.425481833,1,1,0,1,1,1
0.425510875,1,1,0,0,0,0
0.425680167,1,1,0,1,1,1
0.425709250,1,1,0,0,0,0
0.425878500,1,1,0,1,1,1
0.425907542,1,1,0,0,0,0
0.426076792,1,1,0,1,1,1
0.426105833,1,1,0,0,0,0
0.426275083,1,1,0,1,1,1
0.426304125,1,1,0,0,0,0
0.426473417,1,1,0,1,1,1
0.426502458,1,1,0,0,0,0
0.426671708,1,1,0,1,1,1
0.426700750,1,1,0,0,0,0
0.426870000,1,1,0,1,1,1
0.426899042,1,1,0,0,0,0
0.427068333,1,1,0,1,1,1
0.427097417,1,1,0,0,0,0
0.427266708,1,1,0,1,1,1
0.427295792,1,1,0,0,0,0
0.427465083,1,1,0,1,1,1
0.427494125,1,1,0,0,0,0
0.427663458,1,1,0,1,1,1
0.427692500,1,1,0,0,0,0
0.427861833,1,1,0,1,1,1
0.427890875,1,1,0,0,0,0
0.428060167,1,1,0,1,1,1
0.428089208,1,1,0,1,0,0
0.428089250,1,1,0,0,0,0
0.428258542,1,1,0,1,1,1
0.428287583,1,1,0,0,0,0
0.428456875,1,1,0,1,1,1
0.428485917,1,1,0,0,0,0
0.428655208,1,1,0,1,1,1
0.428684250,1,1,0,0,0,0
0.428853500,1,1,0,1,1,1
0.428882542,1,1,0,0,0,0
0.429051833,1,1,0,1,1,1
0.429080875,1,1,0,0,0,0
0.429250125,1,1,0,1,1,1
0.429279167,1,1,0,0,0,0
0.429448458,1,1,0,1,1,1
0.429477500,1,1,0,0,0,0
0.429646792,1,1,0,1,1,1
0.429675833,1,1,0,0,0,0
0.429845125,1,1,0,1,1,1
0.429874167,1,1,0,0,0,0
0.430043458,1,1,0,1,1,1
0.430072500,1,1,0,0,0,0
0.430241792,1,1,0,1,1,1
0.430270833,1,1,0,0,0,0
0.430440125,1,1,0,1,1,1
0.430469167,1,1,0,0,0,0
0.430638417,1,1,0,1,1,1
0.430667500,1,1,0,0,0,0
0.430836750,1,1,0,1,1,1
0.430865792,1,1,0,0,0,0
0.431035083,1,1,0,1,1,1
0.431064125,1,1,0,0,0,0
0.431233417,1,1,0,1,1,1
0.431262458,1,1,0,0,0,0
0.431431750,1,1,0,1,1,1
0.431460792,1,1,0,0,0,0
0.431630042,1,1,0,1,1,1
0.431659083,1,1,0,0,0,0
0.431828417,1,1,0,1,1,1
0.431857500,1,1,0,0,0,0
0.432026792,1,1,0,1,1,1
0.432055875,1,1,0,0,0,0
0.432225208,1,1,0,1,1,1
0.432254250,1,1,0,0,0,0
0.432423583,1,1,0,1,1,1
0.432452667,1,1,0,0,0,0
0.432621958,1,1,0,1,1,1
0.432651042,1,1,0,0,0,0
0.432820333,1,1,0,1,1,1
0.432849417,1,1,0,0,0,0
0.433018750,1,1,0,1,1,1
0.433047833,1,1,0,0,0,0
0.433217125,1,1,0,1,1,1
0.433246208,1,1,0,0,0,0
0.433415500,1,1,0,1,1,1
0.433444542,1,1,0,0,0,0
0.433613833,1,1,0,1,1,1
0.433642917,1,1,0,0,0,0
0.433812208,1,1,0,1,1,1
0.433841250,1,1,0,0,0,0
0.434010583,1,1,0,1,1,1
0.434039625,1,1,0,0,0,0
0.434208958,1,1,0,1,1,1
0.434238000,1,1,0,0,0,0
0.434407333,1,1,0,1,1,1
0.434436417,1,1,0,0,0,0
0.434605750,1,1,0,1,1,1
0.434634792,1,1,0,0,0,0
0.434804125,1,1,0,1,1,1
0.434833167,1,1,0,0,0,0
0.435002500,1,1,0,1,1,1
0.435031542,1,1,0,0,0,0
0.435200833,1,1,0,1,1,1
0.435229875,1,1,0,1,0,0
0.435229917,1,1,0,0,0,0
0.435399250,1,1,0,1,1,1
0.435428292,1,1,0,0,0,0
0.435597542,1,1,0,1,1,1
0.435626583,1,1,0,0,0,0
0.435795875,1,1,0,1,1,1
0.435824917,1,1,0,0,0,0
0.435994208,1,1,0,1,1,1
0.436023250,1,1,0,0,0,0
0.436192542,1,1,0,1,1,1
0.436221583,1,1,0,0,0,0
0.436390833,1,1,0,1,1,1
0.436419875,1,1,0,0,0,0
0.436589167,1,1,0,1,1,1
0.436618208,1,1,0,0,0,0
0.436787500,1,1,0,1,1,1
0.436816542,1,1,0,0,0,0
0.436985792,1,1,0,1,1,1
0.437014875,1,1,0,0,0,0
0.437184125,1,1,0,1,1,1
0.437213167,1,1,0,0,0,0
0.437382417,1,1,0,1,1,1
0.437411500,1,1,0,0,0,0
0.437580750,1,1,0,1,1,1
0.437609792,1,1,0,0,0,0
0.437779083,1,1,0,1,1,1
0.437808125,1,1,0,0,0,0
0.437977458,1,1,0,1,1,1
0.438006500,1,1,0,0,0,0
0.438175792,1,1,0,1,1,1
0.438204833,1,1,0,0,0,0
0.438374125,1,1,0,1,1,1
0.438403167,1,1,0,0,0,0
0.438572458,1,1,0,1,1,1
0.438601500,1,1,0,0,0,0
0.438770792,1,1,0,1,1,1
0.438799875,1,1,0,0,0,0
0.438969167,1,1,0,1,1,1
0.438998208,1,1,0,0,0,0
0.439167458,1,1,0,1,1,1
0.439196500,1,1,0,0,0,0
0.439365792,1,1,0,1,1,1
0.439394833,1,1,0,0,0,0
0.439564125,1,1,0,1,1,1
0.439593167,1,1,0,0,0,0
0.439762417,1,1,0,1,1,1
0.439791458,1,1,0,0,0,0
0.439960708,1,1,0,1,1,1
0.439989750,1,1,0,0,0,0
0.440158958,1,1,0,0,1,1
0.440159000,1,1,0,1,1,1
0.440188042,1,1,0,0,0,0
0.440357333,1,1,0,1,1,1
0.440386375,1,1,0,0,0,0
0.440555708,1,1,0,1,1,1
0.440584750,1,1,0,0,0,0
0.440754042,1,1,0,1,1,1
0.440783083,1,1,0,0,0,0
0.440952375,1,1,0,1,1,1
0.440981417,1,1,0,0,0,0
0.441150667,1,1,0,1,1,1
0.441179708,1,1,0,0,0,0
0.441348917,1,1,0,1,1,1
0.441377958,1,1,0,0,0,0
0.441547208,1,1,0,1,1,1
0.441576250,1,1,0,0,0,0
0.441745542,1,1,0,1,1,1
0.441774583,1,1,0,0,0,0
0.441943792,1,1,0,1,1,1
0.441972875,1,1,0,0,0,0
0.442142125,1,1,0,1,1,1
0.442171208,1,1,0,0,0,0
0.442340500,1,1,0,1,1,1
0.442369583,1,1,0,0,0,0
0.442538875,1,1,0,1,1,1
0.442567917,1,1,0,0,0,0
0.442737208,1,1,0,1,1,1
0.442766250,1,1,0,0,0,0
0.442935542,1,1,0,1,1,1
0.442964583,1,1,0,0,0,0
0.443133833,1,1,0,0,1,1
0.443133875,1,1,0,1,1,1
0.443162917,1,1,0,0,0,0
0.443332167,1,1,0,1,1,1
0.443361250,1,1,0,0,0,0
0.443530542,1,1,0,1,1,1
0.443559583,1,1,0,0,0,0
0.443728875,1,1,0,1,1,1
0.443757917,1,1,0,0,0,0
0.443927208,1,1,0,1,1,1
0.443956250,1,1,0,0,0,0
0.444125542,1,1,0,1,1,1
0.444154583,1,1,0,0,0,0
0.444323792,1,1,0,1,1,1
0.444352833,1,1,0,0,0,0
0.444522083,1,1,0,1,1,1
0.444551125,1,1,0,0,0,0
0.444720375,1,1,0,1,1,1
0.444749417,1,1,0,0,0,0
0.444918667,1,1,0,1,1,1
0.444947750,1,1,0,0,0,0
0.445117083,1,1,0,1,1,1
0.445146125,1,1,0,0,0,0
0.445315417,1,1,0,1,1,1
0.445344458,1,1,0,0,0,0
0.445513792,1,1,0,1,1,1
0.445542833,1,1,0,0,0,0
0.445712125,1,1,0,1,1,1
0.445741208,1,1,0,0,0,0
0.445910500,1,1,0,1,1,1
0.445939542,1,1,0,0,0,0
0.446108833,1,1,0,1,1,1
0.446137917,1,1,0,0,0,0
0.446307208,1,1,0,1,1,1
0.446336250,1,1,0,0,0,0
0.446505542,1,1,0,1,1,1
0.446534583,1,1,0,0,0,0
0.446703917,1,1,0,1,1,1
0.446732958,1,1,0,0,0,0
0.446902250,1,1,0,1,1,1
0.446931292,1,1,0,0,0,0
0.447100500,1,1,0,1,1,1
0.447129542,1,1,0,0,0,0
0.447298792,1,1,0,1,1,1
0.447327833,1,1,0,0,0,0
0.447497083,1,1,0,1,1,1
0.447526125,1,1,0,0,0,0
0.447695417,1,1,0,1,1,1
0.447724458,1,1,0,0,0,0
0.447893792,1,1,0,1,1,1
0.447922833,1,1,0,0,0,0
0.448092125,1,1,0,1,1,1
0.448121167,1,1,0,0,0,0
0.448290458,1,1,0,1,1,1
0.448319542,1,1,0,0,0,0
0.448488833,1,1,0,1,1,1
0.448517875,1,1,0,0,0,0
0.448687167,1,1,0,1,1,1
0.448716208,1,1,0,0,0,0
0.448885500,1,1,0,1,1,1
0.448914542,1,1,0,0,0,0
0.449083875,1,1,0,1,1,1
0.449112917,1,1,0,0,0,0
0.449282292,1,1,0,1,1,1
0.449311333,1,1,0,0,0,0
0.449480667,1,1,0,1,1,1
0.449509708,1,1,0,0,0,0
0.449679000,1,1,0,1,1,1
0.449708042,1,1,0,0,0,0
0.449877375,1,1,0,1,1,1
0.449906417,1,1,0,0,0,0
0.450075750,1,1,0,1,1,1
0.450104833,1,1,0,0,0,0
0.450274125,1,1,0,1,1,1
0.450303208,1,1,0,0,0,0
0.450472500,1,1,0,1,1,1
0.450501583,1,1,0,0,0,0
0.450670875,1,1,0,1,1,1
0.450699958,1,1,0,0,0,0
0.450869250,1,1,0,1,1,1
0.450898292,1,1,0,1,0,0
0.450898333,1,1,0,0,0,0
0.451067625,1,1,0,1,1,1
0.451096667,1,1,0,0,0,0
0.451266000,1,1,0,1,1,1
0.451295042,1,1,0,0,0,0
0.451464375,1,1,0,1,1,1
0.451493417,1,1,0,0,0,0
0.451662750,1,1,0,1,1,1
0.451691792,1,1,0,0,0,0
0.451861083,1,1,0,1,1,1
0.451890125,1,1,0,0,0,0
0.452059375,1,1,0,1,1,1
0.452088417,1,1,0,0,0,0
0.452257708,1,1,0,1,1,1
0.452286750,1,1,0,0,0,0
0.452456042,1,1,0,1,1,1
0.452485083,1,1,0,0,0,0
0.452654417,1,1,0,1,1,1
0.452683458,1,1,0,0,0,0
0.452852708,1,1,0,1,1,1
0.452881750,1,1,0,0,0,0
0.453051042,1,1,0,1,1,1
0.453080083,1,1,0,0,0,0
0.453249375,1,1,0,1,1,1
0.453278417,1,1,0,0,0,0
0.453447667,1,1,0,1,1,1
0.453476708,1,1,0,0,0,0
0.453645958,1,1,0,1,1,1
0.453675000,1,1,0,0,0,0
0.453844292,1,1,0,1,1,1
0.453873333,1,1,0,0,0,0
0.454042583,1,1,0,1,1,1
0.454071625,1,1,0,0,0,0
0.454240833,1,1,0,1,1,1
0.454269875,1,1,0,0,0,0
0.454439125,1,1,0,1,1,1
0.454468208,1,1,0,0,0,0
0.454637458,1,1,0,1,1,1
0.454666500,1,1,0,0,0,0
0.454835750,1,1,0,1,1,1
0.454864792,1,1,0,0,0,0
0.455034042,1,1,0,1,1,1
0.455063083,1,1,0,0,0,0
0.455232292,1,1,0,1,1,1
0.455261333,1,1,0,0,0,0
0.455430583,1,1,0,1,1,1
0.455459625,1,1,0,0,0,0
0.455628875,1,1,0,1,1,1
0.455657917,1,1,0,0,0,0
0.455827125,1,1,0,1,1,1
0.455856167,1,1,0,0,0,0
0.456025417,1,1,0,1,1,1
0.456054458,1,1,0,0,0,0
0.456223667,1,1,0,1,1,1
0.456252708,1,1,0,0,0,0
0.456422000,1,1,0,1,1,1
0.456451042,1,1,0,0,0,0
0.456620333,1,1,0,1,1,1
0.456649375,1,1,0,0,0,0
0.456818667,1,1,0,1,1,1
0.456847708,1,1,0,0,0,0
0.457017000,1,1,0,1,1,1
0.457046042,1,1,0,0,0,0
0.457215292,1,1,0,0,1,1
0.457215333,1,1,0,1,1,1
0.457244375,1,1,0,0,0,0
0.457413625,1,1,0,1,1,1
0.457442667,1,1,0,0,0,0
0.457611958,1,1,0,1,1,1
0.457641000,1,1,0,0,0,0
0.457810250,1,1,0,1,1,1
0.457839292,1,1,0,0,0,0
0.458008500,1,1,0,1,1,1
0.458037542,1,1,0,0,0,0
0.458206833,1,1,0,1,1,1
0.458235875,1,1,0,0,0,0
0.458405125,1,1,0,1,1,1
0.458434167,1,1,0,0,0,0
0.458603458,1,1,0,1,1,1
0.458632500,1,1,0,0,0,0
0.458801792,1,1,0,1,1,1
0.458830833,1,1,0,0,0,0
0.459000125,1,1,0,1,1,1
0.459029167,1,1,0,0,0,0
0.459198500,1,1,0,1,1,1
0.459227542,1,1,0,0,0,0
0.459396833,1,1,0,1,1,1
0.459425917,1,1,0,0,0,0
0.459595250,1,1,0,1,1,1
0.459624292,1,1,0,0,0,0
0.459793625,1,1,0,1,1,1
0.459822667,1,1,0,0,0,0
0.459991958,1,1,0,1,1,1
0.460021042,1,1,0,0,0,0
0.460190333,1,1,0,1,1,1
0.460219375,1,1,0,0,0,0
0.460388708,1,1,0,1,1,1
0.460417750,1,1,0,0,0,0
0.460587042,1,1,0,1,1,1
0.460616125,1,1,0,0,0,0
0.460785417,1,1,0,1,1,1
0.460814458,1,1,0,0,0,0
0.460983750,1,1,0,1,1,1
0.461012792,1,1,0,0,0,0
0.461182125,1,1,0,1,1,1
0.461211167,1,1,0,0,0,0
0.461380458,1,1,0,1,1,1
0.461409542,1,1,0,0,0,0
0.461578833,1,1,0,1,1,1
0.461607875,1,1,0,0,0,0
0.461777125,1,1,0,1,1,1
0.461806167,1,1,0,0,0,0
0.461975417,1,1,0,1,1,1
0.462004458,1,1,0,0,0,0
0.462173792,1,1,0,1,1,1
0.462202875,1,1,0,0,0,0
0.462372125,1,1,0,0,1,1
0.462372167,1,1,0,1,1,1
0.462401208,1,1,0,0,0,0
0.462570500,1,1,0,1,1,1
0.462599542,1,1,0,0,0,0
0.462768875,1,1,0,1,1,1
0.462797917,1,1,0,0,0,0
0.462967250,1,1,0,1,1,1
0.462996292,1,1,0,0,0,0
0.463165583,1,1,0,1,1,1
0.463194667,1,1,0,0,0,0
0.463363917,1,1,0,1,1,1
0.463392958,1,1,0,0,0,0
0.463562250,1,1,0,1,1,1
0.463591292,1,1,0,0,0,0
0.463760542,1,1,0,1,1,1
0.463789583,1,1,0,0,0,0
0.463958875,1,1,0,1,1,1
0.463987917,1,1,0,0,0,0
0.464157167,1,1,0,1,1,1
0.464186208,1,1,0,0,0,0
0.464355500,1,1,0,1,1,1
0.464384542,1,1,0,0,0,0
0.464553792,1,1,0,1,1,1
0.464582875,1,1,0,0,0,0
0.464752125,1,1,0,1,1,1
0.464781167,1,1,0,0,0,0
0.464950458,1,1,0,1,1,1
0.464979500,1,1,0,0,0,0
0.465148750,1,1,0,1,1,1
0.465177792,1,1,0,0,0,0
0.465347042,1,1,0,1,1,1
0.465376083,1,1,0,0,0,0
0.465545292,1,1,0,1,1,1
0.465574333,1,1,0,0,0,0
0.465743500,1,1,0,0,1,1
0.465743542,1,1,0,1,1,1
0.465772542,1,1,0,0,0,0
0.465941792,1,1,0,1,1,1
0.465970833,1,1,0,0,0,0
0.466140083,1,1,0,1,1,1
0.466169125,1,1,0,0,0,0
0.466338333,1,1,0,1,1,1
0.466367375,1,1,0,0,0,0
0.466536625,1,1,0,1,1,1
0.466565667,1,1,0,0,0,0
0.466734917,1,1,0,1,1,1
0.466763958,1,1,0,0,0,0
0.466933167,1,1,0,1,1,1
0.466962208,1,1,0,0,0,0
0.467131417,1,1,0,1,1,1
0.467160458,1,1,0,0,0,0
0.467329708,1,1,0,1,1,1
0.467358750,1,1,0,0,0,0
0.467528000,1,1,0,1,1,1
0.467557042,1,1,0,0,0,0
0.467726250,1,1,0,1,1,1
0.467755292,1,1,0,1,0,0
0.467755333,1,1,0,0,0,0
0.467924542,1,1,0,1,1,1
0.467953583,1,1,0,0,0,0
0.468122792,1,1,0,1,1,1
0.468151833,1,1,0,0,0,0
0.468321042,1,1,0,1,1,1
0.468350083,1,1,0,0,0,0
0.468519333,1,1,0,1,1,1
0.468548375,1,1,0,0,0,0
0.468717583,1,1,0,1,1,1
0.468746625,1,1,0,0,0,0
0.468915875,1,1,0,1,1,1
0.468944917,1,1,0,0,0,0
0.469114167,1,1,0,1,1,1
0.469143208,1,1,0,0,0,0
0.469312458,1,1,0,1,1,1
0.469341542,1,1,0,0,0,0
0.469510750,1,1,0,1,1,1
0.469539792,1,1,0,0,0,0
0.469709042,1,1,0,1,1,1
0.469738083,1,1,0,0,0,0
0.469907333,1,1,0,1,1,1
0.469936375,1,1,0,0,0,0
0.470105583,1,1,0,1,1,1
0.470134625,1,1,0,0,0,0
0.470303875,1,1,0,1,1,1
0.470332917,1,1,0,0,0,0
0.470502208,1,1,0,1,1,1
0.470531250,1,1,0,0,0,0
0.470700542,1,1,0,1,1,1
0.470729583,1,1,0,0,0,0
0.470898875,1,1,0,1,1,1
0.470927917,1,1,0,0,0,0
0.471097208,1,1,0,1,1,1
0.471126250,1,1,0,0,0,0
0.471295542,1,1,0,1,1,1
0.471324583,1,1,0,0,0,0
0.471493875,1,1,0,1,1,1
0.471522917,1,1,0,0,0,0
0.471692208,1,1,0,1,1,1
0.471721250,1,1,0,0,0,0
0.471890542,1,1,0,1,1,1
0.471919583,1,1,0,0,0,0
0.472088833,1,1,0,1,1,1
0.472117917,1,1,0,0,0,0
0.472287167,1,1,0,1,1,1
0.472316208,1,1,0,0,0,0
0.472485500,1,1,0,1,1,1
0.472514583,1,1,0,0,0,0
0.472683833,1,1,0,1,1,1
0.472712917,1,1,0,0,0,0
0.472882208,1,1,0,0,1,1
0.472882250,1,1,0,1,1,1
0.472911292,1,1,0,0,0,0
0.473080583,1,1,0,1,1,1
0.473109625,1,1,0,0,0,0
0.473278875,1,1,0,1,1,1
0.473307958,1,1,0,0,0,0
0.473477250,1,1,0,1,1,1
0.473506292,1,1,0,0,0,0
0.473675542,1,1,0,1,1,1
0.473704583,1,1,0,0,0,0
0.473873875,1,1,0,1,1,1
0.473902917,1,1,0,0,0,0
0.474072167,1,1,0,1,1,1
0.474101208,1,1,0,1,0,0
0.474101250,1,1,0,0,0,0
0.474270458,1,1,0,1,1,1
0.474299500,1,1,0,0,0,0
0.474468708,1,1,0,1,1,1
0.474497750,1,1,0,0,0,0
0.474667000,1,1,0,1,1,1
0.474696042,1,1,0,0,0,0
0.474865250,1,1,0,1,1,1
0.474894250,1,1,0,0,0,0
0.475063458,1,1,0,1,1,1
0.475092500,1,1,0,0,0,0
0.475261708,1,1,0,1,1,1
0.475290750,1,1,0,0,0,0
0.475460000,1,1,0,1,1,1
0.475489042,1,1,0,0,0,0
0.475658250,1,1,0,1,1,1
0.475687292,1,1,0,0,0,0
0.475856500,1,1,0,1,1,1
0.475885542,1,1,0,0,0,0
0.476054750,1,1,0,1,1,1
0.476083792,1,1,0,0,0,0
0.476253042,1,1,0,1,1,1
0.476282083,1,1,0,0,0,0
0.476451333,1,1,0,1,1,1
0.476480375,1,1,0,0,0,0
0.476649625,1,1,0,1,1,1
0.476678667,1,1,0,0,0,0
0.476847875,1,1,0,1,1,1
0.476876917,1,1,0,0,0,0
0.477046167,1,1,0,1,1,1
0.477075208,1,1,0,0,0,0
0.477244458,1,1,0,1,1,1
0.477273500,1,1,0,0,0,0
0.477442750,1,1,0,1,1,1
0.477471792,1,1,0,0,0,0
0.477641083,1,1,0,1,1,1
0.477670125,1,1,0,0,0,0
0.477839375,1,1,0,1,1,1
0.477868417,1,1,0,0,0,0
0.478037667,1,1,0,1,1,1
0.478066708,1,1,0,0,0,0
0.478235958,1,1,0,1,1,1
0.478265000,1,1,0,0,0,0
0.478434292,1,1,0,1,1,1
0.478463333,1,1,0,0,0,0
0.478632625,1,1,0,1,1,1
0.478661667,1,1,0,0,0,0
0.478830917,1,1,0,1,1,1
0.478859958,1,1,0,0,0,0
0.479029208,1,1,0,1,1,1
0.479058250,1,1,0,0,0,0
0.479227500,1,1,0,1,1,1
0.479256542,1,1,0,0,0,0
0.479425792,1,1,0,1,1,1
0.479454833,1,1,0,0,0,0
0.479624083,1,1,0,0,1,1
0.479624125,1,1,0,1,1,1
0.479653167,1,1,0,0,0,0
0.479822375,1,1,0,1,1,1
0.479851417,1,1,0,0,0,0
0.480020667,1,1,0,1,1,1
0.480049708,1,1,0,0,0,0
0.480218917,1,1,0,1,1,1
0.480247958,1,1,0,0,0,0
0.480417167,1,1,0,1,1,1
0.480446208,1,1,0,0,0,0
0.480615458,1,1,0,1,1,1
0.480644500,1,1,0,0,0,0
0.480813750,1,1,0,1,1,1
0.480842792,1,1,0,0,0,0
0.481012042,1,1,0,1,1,1
0.481041083,1,1,0,0,0,0
0.481210333,1,1,0,1,1,1
0.481239375,1,1,0,0,0,0
0.481408667,1,1,0,1,1,1
0.481437708,1,1,0,0,0,0
0.481606958,1,1,0,1,1,1
0.481636000,1,1,0,0,0,0
0.481805250,1,1,0,1,1,1
0.481834292,1,1,0,0,0,0
0.482003583,1,1,0,1,1,1
0.482032625,1,1,0,0,0,0
0.482201875,1,1,0,1,1,1
0.482230917,1,1,0,0,0,0
0.482400167,1,1,0,1,1,1
0.482429208,1,1,0,0,0,0
0.482598417,1,1,0,1,1,1
0.482627500,1,1,0,0,0,0
0.482796708,1,1,0,1,1,1
0.482825750,1,1,0,0,0,0
0.482994958,1,1,0,1,1,1
0.483024000,1,1,0,0,0,0
0.483193208,1,1,0,1,1,1
0.483222250,1,1,0,0,0,0
0.483391500,1,1,0,1,1,1
0.483420542,1,1,0,0,0,0
0.483589792,1,1,0,1,1,1
0.483618833,1,1,0,0,0,0
0.483788083,1,1,0,1,1,1
0.483817125,1,1,0,0,0,0
0.483986417,1,1,0,1,1,1
0.484015500,1,1,0,0,0,0
0.484184792,1,1,0,1,1,1
0.484213833,1,1,0,0,0,0
0.484383125,1,1,0,1,1,1
0.484412167,1,1,0,0,0,0
0.484581458,1,1,0,1,1,1
0.484610500,1,1,0,0,0,0
0.484779792,1,1,0,1,1,1
0.484808833,1,1,0,0,0,0
0.484978083,1,1,0,1,1,1
0.485007167,1,1,0,0,0,0
0.485176417,1,1,0,1,1,1
0.485205500,1,1,0,0,0,0
0.485374750,1,1,0,1,1,1
0.485403792,1,1,0,0,0,0
0.485573083,1,1,0,1,1,1
0.485602125,1,1,0,1,0,1
0.485602167,1,1,0,0,0,0
0.485771417,1,1,0,1,1,1
0.485800458,1,1,0,0,0,0
0.485969750,1,1,0,1,1,1
0.485998792,1,1,0,0,0,0
0.486168083,1,1,0,1,1,1
0.486197125,1,1,0,0,0,0
0.486366417,1,1,0,1,1,1
0.486395458,1,1,0,0,0,0
0.486564708,1,1,0,1,1,1
0.486593750,1,1,0,0,0,0
0.486763000,1,1,0,1,1,1
0.486792042,1,1,0,0,0,0
0.486961250,1,1,0,1,1,1
0.486990292,1,1,0,0,0,0
0.487159500,1,1,0,1,1,1
0.487188583,1,1,0,0,0,0
0.487357833,1,1,0,1,1,1
0.487386875,1,1,0,0,0,0
0.487556167,1,1,0,1,1,1
0.487585208,1,1,0,0,0,0
0.487754500,1,1,0,1,1,1
0.487783542,1,1,0,0,0,0
0.487952750,1,1,0,1,1,1
0.487981833,1,1,0,0,0,0
0.488151083,1,1,0,1,1,1
0.488180125,1,1,0,0,0,0
0.488349375,1,1,0,1,1,1
0.488378417,1,1,0,0,0,0
0.488547667,1,1,0,1,1,1
0.488576708,1,1,0,0,0,0
0.488745917,1,1,0,1,1,1
0.488774958,1,1,0,0,0,0
0.488944167,1,1,0,1,1,1
0.488973208,1,1,0,0,0,0
0.489142417,1,1,0,1,1,1
0.489171458,1,1,0,0,0,0
0.489340708,1,1,0,1,1,1
0.489369750,1,1,0,0,0,0
0.489539042,1,1,0,1,1,1
0.489568083,1,1,0,0,0,0
0.489737375,1,1,0,1,1,1
0.489766458,1,1,0,0,0,0
0.489935750,1,1,0,1,1,1
0.489964792,1,1,0,0,0,0
0.490134083,1,1,0,1,1,1
0.490163125,1,1,0,1,0,0
0.490163167,1,1,0,0,0,0
0.490332417,1,1,0,1,1,1
0.490361500,1,1,0,0,0,0
0.490530750,1,1,0,1,1,1
0.490559792,1,1,0,0,0,0
0.490729042,1,1,0,1,1,1
0.490758083,1,1,0,0,0,0
0.490927333,1,1,0,1,1,1
0.490956375,1,1,0,0,0,0
0.491125625,1,1,0,1,1,1
0.491154667,1,1,0,0,0,0
0.491323875,1,1,0,1,1,1
0.491352917,1,1,0,0,0,0
0.491522125,1,1,0,1,1,1
0.491551167,1,1,0,0,0,0
0.491720417,1,1,0,1,1,1
0.491749458,1,1,0,0,0,0
0.491918708,1,1,0,1,1,1
0.491947750,1,1,0,0,0,0
0.492116958,1,1,0,1,1,1
0.492146042,1,1,0,0,0,0
0.492315250,1,1,0,1,1,1
0.492344292,1,1,0,0,0,0
0.492513583,1,1,0,1,1,1
0.492542625,1,1,0,0,0,0
0.492711917,1,1,0,1,1,1
0.492740958,1,1,0,0,0,0
0.492910250,1,1,0,1,1,1
0.492939292,1,1,0,0,0,0
0.493108625,1,1,0,1,1,1
0.493137667,1,1,0,0,0,0
0.493306958,1,1,0,1,1,1
0.493336042,1,1,0,0,0,0
0.493505333,1,1,0,1,1,1
0.493534375,1,1,0,0,0,0
0.493703625,1,1,0,1,1,1
0.493732667,1,1,0,0,0,0
0.493901917,1,1,0,1,1,1
0.493930958,1,1,0,0,0,0
0.494100208,1,1,0,1,1,1
0.494129208,1,1,0,0,0,0
0.494298458,1,1,0,1,1,1
0.494327500,1,1,0,0,0,0
0.494496792,1,1,0,1,1,1
0.494525833,1,1,0,0,0,0
0.494695125,1,1,0,1,1,1
0.494724167,1,1,0,0,0,0
0.494893458,1,1,0,1,1,1
0.494922500,1,1,0,0,0,0
0.495091792,1,1,0,1,1,1
0.495120833,1,1,0,0,0,0
0.495290125,1,1,0,1,1,1
0.495319167,1,1,0,0,0,0
0.495488458,1,1,0,1,1,1
0.495517542,1,1,0,0,0,0
0.495686792,1,1,0,1,1,1
0.495715833,1,1,0,0,0,0
0.495885125,1,1,0,1,1,1
0.495914167,1,1,0,0,0,0
0.496083458,1,1,0,1,1,1
0.496112500,1,1,0,0,0,0
0.496281792,1,1,0,1,1,1
0.496310833,1,1,0,0,0,0
0.496480042,1,1,0,1,1,1
0.496509083,1,1,0,0,0,0
0.496678333,1,1,0,1,1,1
0.496707375,1,1,0,0,0,0
0.496876625,1,1,0,1,1,1
0.496905667,1,1,0,0,0,0
0.497074917,1,1,0,1,1,1
0.497103958,1,1,0,0,0,0
0.497273208,1,1,0,1,1,1
0.497302208,1,1,0,0,0,0
0.497471458,1,1,0,1,1,1
0.497500500,1,1,0,0,0,0
0.497669750,1,1,0,1,1,1
0.497698792,1,1,0,0,0,0
0.497868000,1,1,0,1,1,1
0.497897042,1,1,0,0,0,0
0.498066292,1,1,0,1,1,1
0.498095333,1,1,0,0,0,0
0.498264542,1,1,0,1,1,1
0.498293583,1,1,0,0,0,0
0.498462792,1,1,0,1,1,1
0.498491833,1,1,0,0,0,0
0.498661042,1,1,0,1,1,1
0.498690083,1,1,0,0,0,0
0.498859292,1,1,0,1,1,1
0.498888333,1,1,0,0,0,0
0.499057542,1,1,0,1,1,1
0.499086583,1,1,0,0,0,0
0.499255833,1,1,0,1,1,1
0.499284875,1,1,0,0,0,0
0.499454125,1,1,0,1,1,1
0.499483167,1,1,0,0,0,0
0.499652375,1,1,0,1,1,1
0.499681417,1,1,0,0,0,0
0.499850667,1,1,0,1,1,1
0.499879708,1,1,0,0,0,0
0.500048958,1,1,0,1,1,1
0.500078000,1,1,0,0,0,0
0.500247250,1,1,0,1,1,1
0.500276292,1,1,0,0,0,0
0.500445542,1,1,0,1,1,1
0.500474583,1,1,0,0,0,0
0.500643833,1,1,0,1,1,1
0.500672875,1,1,0,0,0,0
0.500842167,1,1,0,1,1,1
0.500871208,1,1,0,0,0,0
0.501040458,1,1,0,1,1,1
0.501069500,1,1,0,0,0,0
0.501238750,1,1,0,1,1,1
0.501267792,1,1,0,0,0,0
0.501437000,1,1,0,1,1,1
0.501466042,1,1,0,0,0,0
0.501635333,1,1,0,1,1,1
0.501664375,1,1,0,0,0,0
0.501833667,1,1,0,1,1,1
0.501862708,1,1,0,0,0,0
0.502031917,1,1,0,1,1,1
0.502060958,1,1,0,0,0,0
0.502230250,1,1,0,1,1,1
0.502259292,1,1,0,0,0,0
0.502428542,1,1,0,1,1,1
0.502457583,1,1,0,0,0,0
0.502626833,1,1,0,1,1,1
0.502655875,1,1,0,0,0,0
0.502825125,1,1,0,1,1,1
0.502854167,1,1,0,0,0,0
0.503023458,1,1,0,1,1,1
0.503052500,1,1,0,0,0,0
0.503221792,1,1,0,1,1,1
0.503250833,1,1,0,0,0,0
0.503420125,1,1,0,1,1,1
0.503449167,1,1,0,0,0,0
0.503618417,1,1,0,1,1,1
0.503647458,1,1,0,0,0,0
0.503816750,1,1,0,1,1,1
0.503845792,1,1,0,0,0,0
0.504015083,1,1,0,1,1,1
0.504044125,1,1,0,0,0,0
0.504213375,1,1,0,1,1,1
0.504242417,1,1,0,0,0,0
0.504411667,1,1,0,1,1,1
0.504440750,1,1,0,0,0,0
0.504610042,1,1,0,1,1,1
0.504639083,1,1,0,0,0,0
0.504808375,1,1,0,1,1,1
0.504837417,1,1,0,0,0,0
0.505006667,1,1,0,1,1,1
0.505035750,1,1,0,0,0,0
0.505205042,1,1,0,1,1,1
0.505234083,1,1,0,0,0,0
0.505403333,1,1,0,1,1,1
0.505432417,1,1,0,0,0,0
0.505601667,1,1,0,1,1,1
0.505630708,1,1,0,0,0,0
0.505800000,1,1,0,1,1,1
0.505829042,1,1,0,1,0,0
0.505829083,1,1,0,0,0,0
0.505998375,1,1,0,1,1,1
0.506027417,1,1,0,0,0,0
0.506196708,1,1,0,1,1,1
0.506225750,1,1,0,0,0,0
0.506395042,1,1,0,1,1,1
0.506424083,1,1,0,0,0,0
0.506593375,1,1,0,1,1,1
0.506622417,1,1,0,0,0,0
0.506791667,1,1,0,1,1,1
0.506820708,1,1,0,0,0,0
0.506990000,1,1,0,1,1,1
0.507019042,1,1,0,0,0,0
0.507188333,1,1,0,1,1,1
0.507217375,1,1,0,0,0,0
0.507386667,1,1,0,1,1,1
0.507415708,1,1,0,0,0,0
0.507585000,1,1,0,1,1,1
0.507614042,1,1,0,0,0,0
0.507783292,1,1,0,1,1,1
0.507812333,1,1,0,0,0,0
0.507981625,1,1,0,1,1,1
0.508010667,1,1,0,0,0,0
0.508179917,1,1,0,1,1,1
0.508208958,1,1,0,0,0,0
0.508378250,1,1,0,1,1,1
0.508407292,1,1,0,0,0,0
0.508576542,1,1,0,1,1,1
0.508605583,1,1,0,0,0,0
0.508774875,1,1,0,1,1,1
0.508803917,1,1,0,0,0,0
0.508973167,1,1,0,1,1,1
0.509002208,1,1,0,0,0,0
0.509171458,1,1,0,1,1,1
0.509200500,1,1,0,0,0,0
0.509369750,1,1,0,1,1,1
0.509398792,1,1,0,0,0,0
0.509568000,1,1,0,1,1,1
0.509597042,1,1,0,0,0,0
0.509766292,1,1,0,1,1,1
0.509795333,1,1,0,0,0,0
0.509964583,1,1,0,1,1,1
0.509993625,1,1,0,0,0,0
0.510162875,1,1,0,1,1,1
0.510191917,1,1,0,0,0,0
0.510361167,1,1,0,1,1,1
0.510390208,1,1,0,0,0,0
0.510559417,1,1,0,1,1,1
0.510588458,1,1,0,0,0,0
0.510757750,1,1,0,1,1,1
0.510786792,1,1,0,0,0,0
0.510956083,1,1,0,1,1,1
0.510985125,1,1,0,0,0,0
0.511154458,1,1,0,1,1,1
0.511183500,1,1,0,0,0,0
0.511352833,1,1,0,1,1,1
0.511381875,1,1,0,0,0,0
0.511551167,1,1,0,1,1,1
0.511580208,1,1,0,0,0,0
0.511749500,1,1,0,1,1,1
0.511778542,1,1,0,0,0,0
0.511947833,1,1,0,1,1,1
0.511976875,1,1,0,0,0,0
0.512146125,1,1,0,1,1,1
0.512175167,1,1,0,0,0,0
0.512344458,1,1,0,1,1,1
0.512373500,1,1,0,0,0,0
0.512542792,1,1,0,1,1,1
0.512571833,1,1,0,0,0,0
0.512741083,1,1,0,1,1,1
0.512770125,1,1,0,0,0,0
0.512939375,1,1,0,1,1,1
0.512968417,1,1,0,0,0,0
0.513137708,1,1,0,1,1,1
0.513166750,1,1,0,0,0,0
0.513336042,1,1,0,1,1,1
0.513365083,1,1,0,0,0,0
0.513534333,1,1,0,1,1,1
0.513563417,1,1,0,0,0,0
0.513732667,1,1,0,1,1,1
0.513761708,1,1,0,0,0,0
0.513930917,1,1,0,1,1,1
0.513959958,1,1,0,0,0,0
0.514129250,1,1,0,1,1,1
0.514158292,1,1,0,0,0,0
0.514327542,1,1,0,1,1,1
0.514356583,1,1,0,0,0,0
0.514525875,1,1,0,1,1,1
0.514554917,1,1,0,0,0,0
0.514724167,1,1,0,1,1,1
0.514753208,1,1,0,0,0,0
0.514922500,1,1,0,1,1,1
0.514951542,1,1,0,0,0,0
0.515120750,1,1,0,1,1,1
0.515149792,1,1,0,0,0,0
0.515319000,1,1,0,1,1,1
0.515348042,1,1,0,0,0,0
0.515517250,1,1,0,1,1,1
0.515546292,1,1,0,0,0,0
0.515715500,1,1,0,1,1,1
0.515744542,1,1,0,0,0,0
0.515913750,1,1,0,1,1,1
0.515942792,1,1,0,0,0,0
0.516112042,1,1,0,1,1,1
0.516141083,1,1,0,0,0,0
0.516310333,1,1,0,1,1,1
0.516339375,1,1,0,1,0,0
0.516339417,1,1,0,0,0,0
0.516508667,1,1,0,1,1,1
0.516537708,1,1,0,0,0,0
0.516706917,1,1,0,1,1,1
0.516735958,1,1,0,0,0,0
0.516905208,1,1,0,1,1,1
0.516934250,1,1,0,0,0,0
0.517103500,1,1,0,1,1,1
0.517132542,1,1,0,0,0,0
0.517301708,1,1,0,1,1,1
0.517330750,1,1,0,0,0,0
0.517499958,1,1,0,1,1,1
0.517529000,1,1,0,0,0,0
0.517698167,1,1,0,1,1,1
0.517727208,1,1,0,0,0,0
0.517896458,1,1,0,1,1,1
0.517925500,1,1,0,0,0,0
0.518094750,1,1,0,1,1,1
0.518123792,1,1,0,0,0,0
0.518293042,1,1,0,1,1,1
0.518322083,1,1,0,0,0,0
0.518491375,1,1,0,1,1,1
0.518520417,1,1,0,0,0,0
0.518689625,1,1,0,0,1,1
0.518689667,1,1,0,1,1,1
0.518718667,1,1,0,0,0,0
0.518887958,1,1,0,1,1,1
0.518917000,1,1,0,0,0,0
0.519086250,1,1,0,1,1,1
0.519115292,1,1,0,0,0,0
0.519284500,1,1,0,1,1,1
0.519313542,1,1,0,0,0,0
0.519482792,1,1,0,1,1,1
0.519511875,1,1,0,0,0,0
0.519681083,1,1,0,1,1,1
0.519710125,1,1,0,0,0,0
0.519879417,1,1,0,1,1,1
0.519908458,1,1,0,0,0,0
0.520077750,1,1,0,1,1,1
0.520106792,1,1,0,0,0,0
0.520276083,1,1,0,1,1,1
0.520305125,1,1,0,0,0,0
0.520474375,1,1,0,1,1,1
0.520503417,1,1,0,0,0,0
0.520672667,1,1,0,1,1,1
0.520701708,1,1,0,0,0,0
0.520870958,1,1,0,1,1,1
0.520900000,1,1,0,0,0,0
0.521069208,1,1,0,1,1,1
0.521098250,1,1,0,0,0,0
0.521267458,1,1,0,1,1,1
0.521296500,1,1,0,0,0,0
0.521465708,1,1,0,1,1,1
0.521494708,1,1,0,0,0,0
0.521663917,1,1,0,1,1,1
0.521692958,1,1,0,0,0,0
0.521862167,1,1,0,1,1,1
0.521891208,1,1,0,0,0,0
0.522060375,1,1,0,1,1,1
0.522089417,1,1,0,0,0,0
0.522258625,1,1,0,1,1,1
0.522287667,1,1,0,0,0,0
0.522456875,1,1,0,1,1,1
0.522485917,1,1,0,0,0,0
0.522655167,1,1,0,1,1,1
0.522684208,1,1,0,0,0,0
0.522853500,1,1,0,1,1,1
0.522882542,1,1,0,0,0,0
0.523051792,1,1,0,1,1,1
0.523080833,1,1,0,0,0,0
0.523250083,1,1,0,1,1,1
0.523279125,1,1,0,1,0,0
0.523279167,1,1,0,0,0,0
0.523448417,1,1,0,1,1,1
0.523477458,1,1,0,0,0,0
0.523646750,1,1,0,1,1,1
0.523675792,1,1,0,0,0,0
0.523845083,1,1,0,1,1,1
0.523874125,1,1,0,0,0,0
0.524043417,1,1,0,1,1,1
0.524072458,1,1,0,0,0,0
0.524241708,1,1,0,1,1,1
0.524270792,1,1,0,0,0,0
0.524440083,1,1,0,1,1,1
0.524469125,1,1,0,0,0,0
0.524638458,1,1,0,1,1,1
0.524667500,1,1,0,0,0,0
0.524836792,1,1,0,1,1,1
0.524865833,1,1,0,0,0,0
0.525035167,1,1,0,1,1,1
0.525064208,1,1,0,0,0,0
0.525233500,1,1,0,1,1,1
0.525262583,1,1,0,0,0,0
0.525431833,1,1,0,1,1,1
0.525460917,1,1,0,0,0,0
0.525630167,1,1,0,1,1,1
0.525659250,1,1,0,0,0,0
0.525828542,1,1,0,1,1,1
0.525857583,1,1,0,0,0,0
0.526026875,1,1,0,1,1,1
0.526055958,1,1,0,0,0,0
0.526225250,1,1,0,1,1,1
0.526254292,1,1,0,0,0,0
0.526423542,1,1,0,1,1,1
0.526452583,1,1,0,0,0,0
0.526621875,1,1,0,1,1,1
0.526650917,1,1,0,0,0,0
0.526820208,1,1,0,1,1,1
0.526849250,1,1,0,0,0,0
0.527018500,1,1,0,1,1,1
0.527047542,1,1,0,0,0,0
0.527216792,1,1,0,1,1,1
0.527245833,1,1,0,0,0,0
0.527415083,1,1,0,1,1,1
0.527444125,1,1,0,0,0,0
0.527613375,1,1,0,1,1,1
0.527642417,1,1,0,1,0,0
0.527642458,1,1,0,0,0,0
0.527811708,1,1,0,1,1,1
0.527840750,1,1,0,0,0,0
0.528010000,1,1,0,1,1,1
0.528039042,1,1,0,0,0,0
0.528208333,1,1,0,1,1,1
0.528237375,1,1,0,0,0,0
0.528406667,1,1,0,1,1,1
0.528435708,1,1,0,0,0,0
0.528605000,1,1,0,1,1,1
0.528634042,1,1,0,1,0,0
0.528634083,1,1,0,0,0,0
0.528803333,1,1,0,1,1,1
0.528832375,1,1,0,0,0,0
0.529001667,1,1,0,1,1,1
0.529030708,1,1,0,0,0,0
0.529200000,1,1,0,1,1,1
0.529229042,1,1,0,0,0,0
0.529398292,1,1,0,1,1,1
0.529427333,1,1,0,0,0,0
0.529596500,1,1,0,1,1,1
0.529625542,1,1,0,0,0,0
0.529794750,1,1,0,1,1,1
0.529823792,1,1,0,0,0,0
0.529993042,1,1,0,1,1,1
0.530022083,1,1,0,0,0,0
0.530191333,1,1,0,1,1,1
0.530220375,1,1,0,0,0,0
0.530389583,1,1,0,1,1,1
0.530418625,1,1,0,0,0,0
0.530587875,1,1,0,1,1,1
0.530616917,1,1,0,0,0,0
0.530786125,1,1,0,1,1,1
0.530815167,1,1,0,0,0,0
0.530984375,1,1,0,1,1,1
0.531013417,1,1,0,0,0,0
0.531182667,1,1,0,1,1,1
0.531211708,1,1,0,0,0,0
0.531380917,1,1,0,1,1,1
0.531409958,1,1,0,0,0,0
0.531579208,1,1,0,1,1,1
0.531608250,1,1,0,0,0,0
0.531777500,1,1,0,1,1,1
0.531806542,1,1,0,0,0,0
0.531975792,1,1,0,1,1,1
0.532004833,1,1,0,0,0,0
0.532174083,1,1,0,1,1,1
0.532203083,1,1,0,1,0,0
0.532203125,1,1,0,0,0,0
0.532372333,1,1,0,1,1,1
0.532401375,1,1,0,0,0,0
0.532570583,1,1,0,1,1,1
0.532599625,1,1,0,0,0,0
0.532768917,1,1,0,1,1,1
0.532797958,1,1,0,0,0,0
0.532967167,1,1,0,1,1,1
0.532996208,1,1,0,0,0,0
0.533165458,1,1,0,1,1,1
0.533194500,1,1,0,0,0,0
0.533333333,1,1,0,0,0,0
